Номер рейса,Авиакомпания,Дата прилета,Время прилета,Число пассажиров
S78683,Rossiya,2024-09-11,06:22:57,233
UT9776,Pobeda,2024-04-20,06:11:37,97
DP6410,Red Wings,2025-07-28,18:26:30,140
U63153,Red Wings,2025-01-23,04:59:25,35
SU4311,Ural Airlines,2024-08-07,01:50:57,272
U65936,Red Wings,2024-01-14,19:39:40,68
WZ1255,Rossiya,2024-03-07,01:28:58,300
WZ7214,Utair,2024-08-27,15:22:06,137
U68958,Ural Airlines,2024-02-10,19:47:54,49
SU2127,Utair,2025-07-19,08:26:45,76
SU7098,Aeroflot,2024-02-16,10:14:49,263
UT6384,Nordwind,2024-01-04,01:11:59,184
SU2288,Utair,2025-07-16,16:15:18,140
N41531,Red Wings,2025-12-28,23:06:14,228
UT4604,S7 Airlines,2025-07-13,14:46:13,280
SU6530,S7 Airlines,2024-04-15,08:45:55,281
WZ7014,S7 Airlines,2025-04-03,08:21:18,288
S77511,S7 Airlines,2025-02-15,19:41:42,152
U69324,Pobeda,2025-03-03,23:07:12,58
FV7329,S7 Airlines,2025-04-13,16:24:20,35
DP3639,Rossiya,2024-12-14,06:17:55,87
UT7800,S7 Airlines,2025-06-23,14:03:20,192
DP2768,Nordwind,2025-03-06,09:19:59,221
FV1254,Pobeda,2025-05-03,18:04:50,171
N44001,Rossiya,2025-05-21,14:25:50,111
U68034,Rossiya,2024-04-08,04:04:52,52
SU647,Ural Airlines,2025-12-10,09:51:13,62
FV6739,Rossiya,2025-01-07,07:44:38,56
S71683,Red Wings,2025-11-17,08:32:19,114
DP4752,S7 Airlines,2025-04-22,16:07:10,57
WZ7652,Rossiya,2024-01-21,06:13:33,115
U62848,S7 Airlines,2025-08-28,10:55:23,264
WZ696,Red Wings,2025-07-17,12:41:34,108
SU9470,Aeroflot,2025-02-03,20:11:23,11
FV6405,Aeroflot,2024-03-27,00:15:06,64
WZ3750,Nordwind,2025-12-10,18:23:20,185
FV198,Pobeda,2025-10-22,09:11:41,143
S77328,Nordwind,2025-09-02,19:14:55,226
DP8478,Aeroflot,2025-12-01,09:35:57,72
UT1989,Aeroflot,2024-07-14,10:13:41,70
UT8897,Red Wings,2024-07-28,07:53:05,217
DP9953,Nordwind,2025-08-18,01:26:51,264
UT3662,Aeroflot,2024-04-15,19:23:06,124
WZ6358,Nordwind,2025-04-04,15:08:46,109
S77845,Utair,2025-03-16,05:02:25,257
WZ4914,Utair,2024-06-27,20:44:36,251
S76627,Aeroflot,2025-08-24,11:46:36,33
N43806,S7 Airlines,2024-07-27,23:06:44,106
N49187,Ural Airlines,2025-02-13,12:59:48,252
UT8776,S7 Airlines,2024-11-22,17:35:20,254
N43697,Ural Airlines,2025-04-26,05:02:43,217
U69518,Aeroflot,2024-12-23,11:06:32,96
DP205,Rossiya,2024-01-10,18:11:29,200
WZ9550,Nordwind,2025-10-22,05:57:20,208
WZ8764,Aeroflot,2024-11-28,01:18:01,108
WZ1108,Aeroflot,2025-08-15,06:54:32,118
U62108,Pobeda,2025-10-08,05:18:20,110
WZ7751,S7 Airlines,2025-06-19,15:09:10,20
DP5961,S7 Airlines,2024-12-26,13:51:35,43
UT8561,S7 Airlines,2025-03-19,22:20:51,133
N4935,Red Wings,2024-07-22,20:42:11,77
WZ9133,Aeroflot,2024-02-09,14:30:08,119
N43526,Pobeda,2024-01-17,05:02:54,126
FV3659,Red Wings,2024-12-27,09:32:21,160
S72626,Pobeda,2024-07-12,08:33:54,146
WZ6539,Pobeda,2025-01-23,13:53:08,208
U64223,Red Wings,2024-10-26,16:43:10,30
WZ8352,Rossiya,2024-09-01,02:20:51,213
WZ4986,Pobeda,2025-05-19,10:49:55,24
SU490,Ural Airlines,2025-06-15,12:05:20,3
N45434,Utair,2024-11-13,04:43:06,64
SU7533,Aeroflot,2024-04-23,21:17:10,93
N46605,Red Wings,2024-03-01,20:15:37,211
FV1364,S7 Airlines,2025-10-27,00:18:03,255
DP4040,Utair,2024-11-09,12:33:05,227
N48672,Pobeda,2024-03-18,23:03:58,117
N46937,Aeroflot,2024-11-19,08:52:48,105
UT7557,Nordwind,2025-03-20,07:44:49,288
N45125,Red Wings,2024-01-17,09:06:47,155
UT6893,Nordwind,2025-12-06,16:02:27,5
DP2856,Nordwind,2025-05-08,22:58:32,81
N47025,Pobeda,2024-02-14,13:55:57,100
N45602,S7 Airlines,2024-12-28,17:32:23,17
WZ389,Nordwind,2024-06-05,18:53:39,53
FV1442,Pobeda,2024-06-09,09:21:10,150
DP5423,S7 Airlines,2024-05-09,18:06:50,135
FV4992,Ural Airlines,2024-03-13,08:01:49,250
FV4352,S7 Airlines,2024-12-14,02:06:33,60
FV5864,Aeroflot,2024-03-21,19:49:26,120
S75941,Pobeda,2025-04-03,22:16:50,200
S77585,Red Wings,2025-10-11,23:58:29,161
SU3364,Aeroflot,2025-07-08,06:57:12,13
N41236,Ural Airlines,2024-07-18,04:58:54,27
U63126,S7 Airlines,2025-12-20,00:50:06,251
S74546,Aeroflot,2025-01-23,17:37:45,72
S7612,Utair,2024-04-05,03:15:06,186
SU2665,Utair,2024-01-27,07:24:42,251
S72846,Aeroflot,2024-01-09,07:03:28,215
SU9595,Nordwind,2024-10-06,18:12:32,155
UT6317,Aeroflot,2025-04-12,19:34:23,289
U69345,Rossiya,2024-11-13,20:46:01,209
FV7826,S7 Airlines,2024-04-19,02:25:05,119
UT6630,Rossiya,2025-09-22,23:17:23,272
FV859,Nordwind,2025-01-04,19:43:02,178
N45703,Ural Airlines,2025-04-27,03:14:24,6
SU4141,Nordwind,2024-05-16,17:32:34,147
DP5875,Red Wings,2024-10-23,14:26:48,8
S72456,Nordwind,2024-06-28,20:59:24,63
FV8476,Rossiya,2025-06-16,14:45:36,244
S7998,Utair,2025-04-26,15:56:35,190
SU614,Utair,2025-04-18,13:42:47,132
N47833,S7 Airlines,2025-02-17,19:53:03,292
DP6398,Aeroflot,2025-11-18,16:56:59,69
SU421,Rossiya,2024-09-19,15:20:30,1
UT9306,Nordwind,2024-12-17,16:42:07,185
U6354,Aeroflot,2025-04-02,02:08:06,189
N43289,Red Wings,2025-06-19,13:34:24,57
DP4596,Red Wings,2024-09-18,08:15:31,73
SU6008,Utair,2025-09-16,06:50:27,12
U62925,Utair,2024-02-11,20:20:45,220
N42256,Aeroflot,2025-08-04,08:49:08,127
S76602,S7 Airlines,2024-08-11,11:51:02,180
UT2222,Rossiya,2024-04-07,13:05:15,45
FV6640,Rossiya,2025-02-09,19:30:07,79
N45818,S7 Airlines,2024-08-27,22:26:53,37
WZ1738,Nordwind,2024-12-14,17:45:55,258
S76065,Red Wings,2024-08-28,07:42:24,5
WZ5675,Rossiya,2025-03-11,20:06:11,64
U69980,Rossiya,2025-06-24,21:59:05,160
SU6655,Red Wings,2025-08-08,04:01:42,65
N47881,S7 Airlines,2025-05-14,22:26:52,13
FV6481,Utair,2024-02-05,12:21:56,161
S77759,Nordwind,2024-11-25,20:06:58,139
S74243,Rossiya,2025-02-28,00:56:50,70
UT4496,Nordwind,2025-06-23,00:17:57,203
FV6820,Nordwind,2024-06-16,00:21:18,90
WZ4485,Pobeda,2025-12-21,12:28:55,32
FV3412,Utair,2024-06-10,10:18:29,176
DP882,Nordwind,2025-07-25,07:49:34,97
UT7344,Pobeda,2025-02-08,18:29:40,220
DP4809,Pobeda,2024-01-02,00:39:06,291
UT6536,Ural Airlines,2025-09-05,23:54:19,188
N45624,Aeroflot,2024-05-19,00:01:22,122
WZ8779,Utair,2025-03-27,07:48:08,62
U63810,Ural Airlines,2024-07-07,21:58:49,115
FV3921,S7 Airlines,2024-10-24,20:17:14,52
U62679,Red Wings,2025-08-18,08:15:15,261
S7267,Red Wings,2024-01-14,04:17:19,18
DP3442,Red Wings,2024-04-05,13:38:04,35
SU8835,Ural Airlines,2025-07-22,22:32:12,9
DP4659,Nordwind,2024-03-27,21:23:12,186
U63921,Aeroflot,2025-05-02,08:24:26,131
S79087,Utair,2025-06-11,14:00:45,227
S75552,S7 Airlines,2025-09-07,08:04:43,9
U69168,Nordwind,2024-06-05,10:34:30,221
DP507,Utair,2025-03-08,04:38:56,88
UT8616,Aeroflot,2024-02-06,15:09:13,212
FV1693,S7 Airlines,2025-06-20,08:25:04,137
UT4872,Ural Airlines,2025-02-24,05:48:00,138
SU4389,Ural Airlines,2024-07-04,21:40:01,193
U61471,Red Wings,2024-04-07,19:43:04,262
WZ1669,Pobeda,2024-07-23,09:14:19,149
S74365,S7 Airlines,2025-05-18,16:54:29,260
WZ9676,Ural Airlines,2025-12-04,10:23:54,154
U64859,S7 Airlines,2025-12-21,00:30:21,50
S76385,Pobeda,2024-10-04,12:19:54,220
N46835,Rossiya,2025-11-02,07:23:00,194
U65380,Pobeda,2025-02-17,03:20:46,70
FV1787,Utair,2024-06-09,12:54:44,259
U62723,Utair,2024-05-24,12:06:15,16
WZ200,Nordwind,2025-09-16,17:22:16,204
S7380,Pobeda,2025-06-06,19:03:08,164
WZ9421,Aeroflot,2024-11-08,23:52:53,65
N43005,Red Wings,2025-03-06,04:29:24,287
UT7165,Ural Airlines,2025-05-24,19:51:39,81
WZ2843,Red Wings,2025-01-05,20:59:19,15
S78802,Utair,2024-01-09,00:33:24,283
SU2606,Rossiya,2024-07-04,14:20:31,224
S71533,S7 Airlines,2025-12-20,02:26:32,80
WZ2785,Aeroflot,2024-03-21,21:42:45,259
UT406,Nordwind,2024-06-28,18:55:19,55
FV4061,Aeroflot,2025-05-12,21:22:38,126
WZ924,S7 Airlines,2025-07-15,02:58:14,89
FV3424,Nordwind,2025-03-08,12:53:16,281
WZ2827,Utair,2025-02-24,20:27:38,54
WZ2312,Rossiya,2024-07-07,23:10:55,58
SU6699,Aeroflot,2025-03-28,00:57:56,64
UT7644,Rossiya,2025-11-02,23:26:16,38
WZ2953,Red Wings,2025-06-07,21:53:50,67
FV6671,Red Wings,2024-01-11,02:47:13,134
DP4019,S7 Airlines,2025-05-10,01:28:01,155
FV5819,S7 Airlines,2025-05-22,05:44:33,38
FV6943,Red Wings,2025-09-21,05:43:49,108
N44184,S7 Airlines,2025-06-18,01:47:51,209
S78138,Nordwind,2025-11-12,16:37:06,282
UT3199,Pobeda,2025-12-20,17:37:01,118
SU7339,S7 Airlines,2024-07-04,13:29:12,148
S76092,Aeroflot,2025-02-07,03:20:35,280
WZ7205,Rossiya,2025-06-03,04:59:52,264
UT5501,Ural Airlines,2024-10-01,07:42:23,245
WZ3776,S7 Airlines,2025-11-01,00:58:26,10
SU5780,Pobeda,2024-01-12,18:46:00,232
UT3904,Utair,2025-10-19,04:42:29,272
FV9952,Rossiya,2025-12-25,04:43:33,140
WZ4862,Red Wings,2024-07-16,14:15:26,160
WZ7334,Ural Airlines,2024-03-15,00:24:34,274
DP3328,Rossiya,2024-01-01,10:35:13,79
DP8016,Nordwind,2024-10-05,06:37:48,18
S73501,Red Wings,2025-04-19,17:05:00,259
SU2662,Pobeda,2024-11-20,10:32:55,41
SU5189,Ural Airlines,2025-02-12,21:48:46,212
FV5242,Utair,2024-11-27,19:38:22,174
U67597,Pobeda,2024-06-09,23:37:30,28
SU9933,Red Wings,2025-03-20,03:07:22,184
SU5606,Pobeda,2025-11-16,11:02:56,87
WZ1850,S7 Airlines,2025-01-13,13:20:32,278
S72926,Aeroflot,2024-04-11,12:14:26,297
S73859,Aeroflot,2025-07-16,09:10:28,177
U62989,Pobeda,2025-07-28,03:51:18,144
S79881,S7 Airlines,2025-03-17,06:48:10,221
S73836,Pobeda,2025-07-08,11:38:57,239
FV9172,Nordwind,2025-07-27,20:15:15,287
DP9000,Red Wings,2024-08-25,01:37:00,184
N47981,Pobeda,2025-11-04,12:15:31,247
SU3137,Pobeda,2024-10-16,05:29:33,208
U63957,Rossiya,2025-09-22,01:14:59,39
S77815,Nordwind,2024-07-20,00:49:29,51
UT6497,Aeroflot,2025-10-09,17:04:17,268
SU7714,Aeroflot,2025-01-26,15:28:02,152
SU3714,Ural Airlines,2024-12-07,03:13:59,12
S77578,Utair,2024-10-09,14:46:41,23
FV6666,Nordwind,2024-05-11,20:52:10,213
S75346,Red Wings,2024-01-09,01:21:09,64
DP8851,Pobeda,2024-10-06,05:07:04,11
FV9694,Red Wings,2025-07-22,13:51:46,107
N41261,Red Wings,2024-07-10,13:56:29,92
WZ4348,Red Wings,2024-07-10,06:39:06,159
DP7621,Rossiya,2025-12-03,17:06:37,94
N47353,Rossiya,2025-05-21,10:00:08,173
U61048,Aeroflot,2025-01-21,11:13:14,161
SU2644,Aeroflot,2025-03-19,13:38:45,297
UT1207,S7 Airlines,2025-10-11,07:15:51,265
S73228,Pobeda,2024-05-12,05:52:22,63
WZ8198,Red Wings,2025-04-15,19:26:06,233
FV6032,Ural Airlines,2025-09-03,14:18:29,72
FV8180,Rossiya,2025-03-12,17:51:12,97
WZ1314,S7 Airlines,2024-12-22,01:57:40,44
SU528,S7 Airlines,2025-07-22,00:00:11,226
UT3300,Rossiya,2025-10-16,14:02:28,277
FV9215,Ural Airlines,2024-10-22,07:33:36,89
UT8162,Red Wings,2025-08-26,07:22:42,258
DP5128,Ural Airlines,2025-10-28,15:24:38,110
WZ5681,Ural Airlines,2024-08-25,07:33:10,167
UT6814,S7 Airlines,2025-02-22,11:42:49,85
WZ8381,Red Wings,2025-03-20,16:42:38,210
UT4011,Rossiya,2024-12-24,14:38:59,99
DP7951,Aeroflot,2024-10-02,10:14:13,198
U61512,Aeroflot,2025-04-18,04:49:50,215
FV8195,Aeroflot,2025-07-05,10:35:38,221
WZ4105,Aeroflot,2024-10-07,11:59:24,24
DP9030,Pobeda,2025-09-17,12:29:33,272
WZ3413,Rossiya,2025-04-17,17:53:23,232
S72039,Ural Airlines,2024-06-09,22:18:08,17
FV2572,S7 Airlines,2025-01-01,16:53:30,238
U6185,Aeroflot,2024-12-01,21:59:34,287
S77271,Red Wings,2024-11-07,13:55:32,149
WZ6312,S7 Airlines,2025-02-06,22:48:26,42
WZ3592,Utair,2025-08-18,17:21:37,173
U65538,S7 Airlines,2025-09-02,05:22:16,179
S77450,Aeroflot,2025-01-10,03:23:54,298
S78017,Utair,2025-01-20,11:36:58,268
DP9752,Red Wings,2025-06-09,15:30:36,197
FV3154,Nordwind,2024-11-24,13:11:35,234
UT5361,Red Wings,2025-04-23,00:27:12,274
DP3326,Nordwind,2024-12-07,16:59:18,190
DP3675,Aeroflot,2024-04-10,21:09:20,162
FV5753,Utair,2024-04-12,22:28:35,177
SU8607,S7 Airlines,2025-11-18,18:05:07,208
FV7284,Nordwind,2025-02-03,23:59:17,111
FV3878,Ural Airlines,2025-09-22,03:42:14,251
FV4877,Nordwind,2025-06-16,02:29:46,260
DP4288,Rossiya,2024-02-22,22:23:56,189
N48732,Ural Airlines,2025-09-03,14:30:16,231
U64488,Aeroflot,2024-12-20,15:29:28,216
S77615,Utair,2024-12-13,02:18:45,110
UT8684,Pobeda,2025-06-17,12:29:11,298
S79351,Aeroflot,2024-12-04,23:37:41,216
FV6930,Aeroflot,2024-04-16,01:04:40,245
U67069,S7 Airlines,2024-06-07,06:01:01,40
FV8753,S7 Airlines,2025-08-17,16:07:55,91
UT7803,Nordwind,2025-08-27,06:34:49,241
FV2473,Ural Airlines,2024-05-04,16:56:33,233
N47015,Pobeda,2025-10-08,04:42:17,92
FV6170,Ural Airlines,2024-09-10,11:49:19,17
UT2955,Red Wings,2025-01-27,09:44:35,74
U66923,Ural Airlines,2025-10-16,23:37:15,160
U64599,Ural Airlines,2024-03-02,05:27:47,214
WZ4813,Utair,2025-06-06,14:59:18,86
U68432,S7 Airlines,2025-03-10,08:54:51,286
U63837,Nordwind,2025-06-11,04:24:57,79
UT8866,S7 Airlines,2024-07-16,13:10:54,192
WZ5071,Nordwind,2024-03-24,14:09:03,238
SU3529,S7 Airlines,2024-07-23,23:11:15,177
U61741,Pobeda,2025-08-20,00:36:16,39
WZ8950,Red Wings,2025-11-25,08:17:50,113
N45630,Rossiya,2025-02-05,05:56:48,155
FV9465,Nordwind,2025-01-14,05:19:45,270
N44730,Ural Airlines,2025-03-06,23:27:19,144
WZ9713,Rossiya,2025-11-16,23:48:31,46
SU2054,S7 Airlines,2025-08-25,15:16:19,264
FV7827,Nordwind,2025-11-04,06:06:47,117
UT9585,Red Wings,2025-12-17,14:51:09,42
DP2536,Pobeda,2024-06-05,00:18:58,187
U69694,Ural Airlines,2024-12-02,19:27:01,171
N46400,Pobeda,2025-10-06,02:34:54,122
SU5917,S7 Airlines,2024-04-17,13:54:21,257
N4208,Ural Airlines,2024-05-19,17:52:51,15
U63890,Nordwind,2024-01-28,15:12:42,100
FV7622,Red Wings,2024-06-11,12:04:29,187
S75017,Rossiya,2024-06-14,13:50:07,56
U68956,S7 Airlines,2024-06-16,08:00:39,118
UT2679,Ural Airlines,2025-04-12,11:46:33,24
WZ4093,Ural Airlines,2024-07-13,18:00:50,157
UT5878,Nordwind,2025-04-09,06:13:42,87
U64273,Rossiya,2024-07-02,10:19:39,53
U66371,Aeroflot,2024-05-06,20:10:01,99
N44201,Red Wings,2024-03-19,00:14:27,276
S72416,Utair,2025-09-12,04:37:29,54
DP7709,Red Wings,2024-04-16,06:14:18,116
S71873,Aeroflot,2025-10-21,19:14:11,187
U66841,Red Wings,2025-07-15,01:35:20,269
UT3268,Ural Airlines,2025-01-18,15:48:52,295
S7420,Red Wings,2024-08-07,23:01:45,215
WZ3589,Nordwind,2025-03-24,00:29:15,5
WZ558,Ural Airlines,2024-07-10,10:45:18,129
S75281,Nordwind,2024-04-23,01:37:26,158
N49464,Rossiya,2025-10-18,21:00:13,210
WZ7468,Pobeda,2025-05-10,09:22:29,277
UT6893,Utair,2024-06-15,02:58:29,4
U64458,Utair,2025-09-01,12:58:25,23
S74311,Nordwind,2025-11-25,23:27:11,242
N4711,Utair,2025-11-16,21:20:22,155
DP4981,Rossiya,2025-08-24,09:36:00,190
SU8040,Pobeda,2024-06-13,13:56:47,297
UT2222,Pobeda,2024-01-20,18:10:54,159
SU9544,S7 Airlines,2024-04-07,04:52:45,295
N48724,S7 Airlines,2024-04-21,10:56:38,99
SU1375,Rossiya,2025-12-04,05:38:10,109
FV4307,Pobeda,2025-09-06,10:51:04,85
S79683,Ural Airlines,2025-03-08,11:20:23,288
SU3399,Red Wings,2024-02-23,12:48:31,109
WZ7232,Aeroflot,2025-10-21,18:28:32,129
DP5408,Ural Airlines,2024-02-14,00:44:22,179
SU8863,Rossiya,2024-04-24,18:28:21,180
UT2570,Aeroflot,2024-08-15,17:37:13,55
N45564,Pobeda,2025-11-25,08:22:59,169
DP5832,Utair,2025-01-05,08:42:02,140
DP6327,Aeroflot,2024-06-02,19:42:07,159
DP7827,Ural Airlines,2024-01-01,16:20:12,249
S7960,Nordwind,2024-10-24,17:13:14,20
SU4130,Rossiya,2025-06-27,07:06:37,1
SU9592,Red Wings,2025-08-02,05:56:55,122
UT1483,Pobeda,2024-10-08,01:56:15,96
SU7762,Rossiya,2024-12-11,10:12:02,183
UT4026,Aeroflot,2024-10-28,05:01:16,60
N4613,Aeroflot,2025-11-18,22:21:26,62
SU5642,Ural Airlines,2025-08-08,21:59:57,266
U64876,S7 Airlines,2025-03-01,09:17:26,275
S71850,Ural Airlines,2025-05-10,10:15:42,109
N44478,Nordwind,2025-12-01,09:51:22,186
FV6248,Nordwind,2024-04-11,14:28:38,217
SU7955,Ural Airlines,2025-10-07,23:32:58,32
UT4949,Red Wings,2025-05-01,03:31:51,9
UT4512,Nordwind,2025-09-07,12:39:07,206
N49804,Red Wings,2024-11-13,09:05:43,105
DP4247,Aeroflot,2025-06-16,22:16:24,143
DP2007,Utair,2024-01-25,11:28:09,291
DP3657,Pobeda,2025-04-26,18:02:05,175
FV7838,Nordwind,2024-09-21,01:20:17,297
UT9214,Pobeda,2024-04-20,17:41:25,136
N44217,Pobeda,2025-03-07,15:31:03,60
S74973,Utair,2024-05-24,09:58:26,85
U64852,Aeroflot,2024-07-01,06:43:34,92
UT7721,Aeroflot,2024-02-28,05:52:51,59
U6252,Nordwind,2024-07-18,12:47:33,203
U68827,Ural Airlines,2025-12-19,04:25:10,200
SU3165,S7 Airlines,2024-07-04,05:35:09,54
WZ4162,Utair,2025-04-21,21:39:20,252
DP1458,Rossiya,2025-02-07,06:05:15,129
UT762,Nordwind,2024-07-28,22:30:22,177
UT7943,Utair,2024-12-28,13:51:54,36
S71312,Ural Airlines,2024-07-04,23:55:51,60
SU1362,Red Wings,2025-04-01,20:33:51,44
FV4110,Pobeda,2024-06-22,19:54:48,97
DP2162,Nordwind,2024-06-23,05:18:13,266
UT2153,Nordwind,2025-09-17,03:00:39,293
N44795,Nordwind,2025-07-11,03:00:14,170
UT4721,Nordwind,2025-04-16,22:30:51,80
U61386,S7 Airlines,2024-03-28,12:39:59,204
FV5624,Red Wings,2024-04-16,07:01:39,132
DP7104,Rossiya,2025-12-15,20:03:35,152
S72862,Rossiya,2025-09-19,07:49:43,111
DP9867,S7 Airlines,2024-01-18,01:34:43,224
SU8063,S7 Airlines,2025-10-19,07:06:27,54
WZ3945,Nordwind,2025-03-28,08:35:38,128
FV9555,Ural Airlines,2024-04-06,02:51:55,70
FV7611,Utair,2025-07-23,13:57:35,79
DP3998,Nordwind,2024-06-01,17:14:21,66
U61469,Rossiya,2025-08-14,06:10:38,248
DP9087,Pobeda,2024-10-03,06:31:24,255
DP8048,Ural Airlines,2024-02-03,05:52:13,202
U65572,Pobeda,2025-09-01,21:12:15,48
DP3857,Aeroflot,2024-12-19,00:15:47,80
S72444,Ural Airlines,2025-03-10,03:56:01,13
FV3567,S7 Airlines,2025-05-18,07:51:51,285
N42938,Pobeda,2025-12-21,23:04:08,100
FV5366,Aeroflot,2024-10-09,22:52:05,59
SU5864,Nordwind,2025-12-19,14:24:39,213
S75826,S7 Airlines,2024-05-17,10:24:26,58
DP1036,Ural Airlines,2025-05-28,15:27:56,158
U62725,Utair,2024-03-15,01:15:45,210
FV8298,Ural Airlines,2025-12-23,18:59:57,61
DP8836,Ural Airlines,2024-07-20,18:36:20,214
U61787,Rossiya,2024-12-15,22:47:55,98
SU5449,Ural Airlines,2024-11-12,22:21:02,186
UT3730,Nordwind,2024-08-07,05:46:16,71
U68679,Utair,2025-12-06,14:04:47,16
FV9166,Red Wings,2024-06-25,11:13:21,243
WZ3522,Utair,2024-07-14,12:38:14,119
WZ9756,S7 Airlines,2024-11-21,18:26:56,55
S79803,Red Wings,2024-06-27,06:42:32,143
WZ6657,Ural Airlines,2024-02-13,14:15:53,94
U6987,Utair,2025-02-28,06:00:27,276
S77394,S7 Airlines,2024-03-16,13:41:25,247
FV9539,Red Wings,2025-01-22,00:16:16,76
SU4589,Aeroflot,2024-09-18,11:08:02,122
U61086,Ural Airlines,2025-01-06,10:39:55,121
DP3826,S7 Airlines,2025-12-04,07:21:58,217
UT5263,Red Wings,2025-09-24,01:21:08,118
FV4571,Red Wings,2025-04-18,08:38:49,178
DP1823,Nordwind,2025-11-28,05:37:08,9
N44953,Ural Airlines,2025-08-15,14:47:13,280
FV163,Utair,2025-09-28,00:14:12,14
SU8029,S7 Airlines,2024-07-15,04:57:09,134
DP3224,Ural Airlines,2024-02-15,20:24:47,259
UT5151,Rossiya,2025-11-25,12:32:02,36
FV3256,Nordwind,2024-01-04,05:48:59,277
WZ2900,Rossiya,2024-12-04,12:24:13,67
U64243,Utair,2024-06-01,22:36:09,221
DP7551,S7 Airlines,2025-07-17,12:00:12,57
S76472,Utair,2025-05-16,08:41:24,268
U61207,Utair,2024-09-23,17:19:06,46
SU5341,Red Wings,2024-09-09,16:51:34,222
FV1345,Ural Airlines,2024-04-04,16:29:23,57
WZ7842,Nordwind,2025-04-01,18:20:45,132
FV7062,Pobeda,2025-09-26,11:34:32,277
S73174,S7 Airlines,2025-07-24,13:08:39,2
FV487,Ural Airlines,2025-06-08,08:42:57,117
FV875,Red Wings,2024-05-23,21:26:53,177
DP4770,Rossiya,2024-12-15,12:21:03,163
N49653,S7 Airlines,2025-04-24,04:15:37,235
DP1510,Ural Airlines,2024-06-16,21:42:02,49
SU3000,Rossiya,2024-06-22,06:12:13,143
SU9734,Aeroflot,2025-02-21,20:33:47,188
FV6806,Utair,2024-06-28,03:30:23,227
SU1354,S7 Airlines,2025-10-27,22:10:22,13
UT8702,Aeroflot,2024-08-12,15:02:56,40
N46336,Red Wings,2024-07-05,21:24:03,283
SU507,Aeroflot,2025-10-26,22:34:39,97
WZ6143,Aeroflot,2025-11-02,14:01:53,126
SU4942,Ural Airlines,2024-01-12,16:48:39,201
SU6229,Pobeda,2024-02-20,14:20:02,243
S72608,Utair,2025-04-11,13:42:33,244
N41976,Red Wings,2025-01-23,09:35:53,4
FV3389,Utair,2024-01-26,19:23:25,54
N43645,Utair,2024-08-28,15:45:09,16
N41492,Ural Airlines,2025-11-03,13:25:11,75
N47139,Rossiya,2025-05-23,13:44:38,231
U63710,Red Wings,2024-11-20,02:34:47,208
SU7105,S7 Airlines,2024-12-28,04:48:34,86
FV3051,S7 Airlines,2024-01-14,04:56:55,95
UT8349,Pobeda,2025-01-20,10:10:52,23
U66217,Pobeda,2025-03-17,16:56:26,90
FV3938,Ural Airlines,2025-03-18,08:25:13,263
UT2682,Utair,2025-05-08,01:48:49,84
UT787,Pobeda,2024-01-23,03:24:26,0
DP594,S7 Airlines,2024-04-06,01:56:53,92
FV5693,Utair,2024-09-06,07:16:54,175
FV2883,Nordwind,2025-11-10,17:33:24,228
WZ2408,Pobeda,2024-06-09,01:50:07,228
U68930,Pobeda,2024-12-13,01:16:31,42
WZ3777,Pobeda,2025-08-18,15:48:50,171
SU5922,S7 Airlines,2024-07-20,04:51:59,279
FV4518,Rossiya,2024-03-11,17:51:35,298
DP1522,Rossiya,2024-04-06,05:42:13,181
UT7262,Pobeda,2025-11-28,23:14:59,40
U62817,Red Wings,2025-05-06,11:46:55,6
N41168,Aeroflot,2025-04-01,14:56:20,12
SU6723,Rossiya,2024-01-20,10:33:43,70
S78784,Rossiya,2024-09-19,16:32:52,170
N46812,Nordwind,2025-01-16,17:26:00,163
N41293,Nordwind,2025-08-02,16:42:19,40
WZ6108,Ural Airlines,2024-07-24,03:14:34,50
UT2733,Pobeda,2025-08-27,01:02:04,91
N43724,Red Wings,2025-04-10,12:35:54,99
SU127,Pobeda,2025-08-15,14:19:38,77
N48724,Pobeda,2024-06-04,13:01:45,111
FV7999,Ural Airlines,2025-12-16,19:57:04,93
SU8190,Red Wings,2025-02-26,11:35:46,94
SU4092,Ural Airlines,2024-07-09,08:09:57,2
N41900,S7 Airlines,2024-03-13,08:54:45,186
U65876,Pobeda,2025-07-12,18:46:02,84
SU7121,Rossiya,2025-02-06,21:44:50,30
FV8204,Nordwind,2024-09-18,20:16:14,36
U61641,Rossiya,2025-05-08,15:51:38,282
SU5670,Rossiya,2024-06-13,15:41:21,26
DP2638,Rossiya,2025-12-15,14:53:26,2
WZ4718,Nordwind,2024-06-24,14:15:34,224
WZ3804,Pobeda,2025-02-21,19:32:26,180
N41765,S7 Airlines,2024-03-11,10:49:03,231
WZ1466,Red Wings,2024-02-19,15:49:42,163
S72232,Utair,2024-12-07,05:19:23,132
SU8281,Aeroflot,2025-10-08,18:58:38,194
WZ8281,Aeroflot,2024-05-17,12:47:16,273
FV8550,Red Wings,2025-07-26,08:20:07,233
DP9074,Nordwind,2025-01-24,07:16:00,96
SU5814,Rossiya,2024-11-24,06:24:57,196
UT8291,S7 Airlines,2024-02-25,16:05:44,267
SU8238,Aeroflot,2025-02-26,12:19:33,24
U65264,Ural Airlines,2024-05-14,04:48:54,163
SU1972,Rossiya,2024-07-11,08:55:56,4
S76180,Ural Airlines,2025-10-17,10:29:18,82
UT1851,Ural Airlines,2025-12-23,10:13:42,286
U62690,Aeroflot,2025-06-18,19:15:18,271
N44854,Red Wings,2024-06-23,09:08:20,295
UT8062,Ural Airlines,2024-12-28,19:02:15,231
SU7099,Rossiya,2024-04-24,00:56:17,5
N42323,S7 Airlines,2024-10-12,03:40:38,119
U68636,Pobeda,2025-04-28,12:05:51,274
WZ1768,Ural Airlines,2025-03-04,15:00:50,97
WZ9181,Red Wings,2024-12-26,10:39:43,187
S72396,S7 Airlines,2025-11-04,21:26:18,119
U65657,Utair,2024-02-08,10:00:46,170
N4995,Red Wings,2025-02-19,08:30:51,126
FV7823,Red Wings,2024-10-17,11:23:43,176
U68926,Nordwind,2024-01-20,07:16:18,107
U6303,Aeroflot,2025-01-12,21:40:00,22
DP7905,Rossiya,2025-02-17,01:21:23,49
WZ4359,Pobeda,2025-06-08,12:41:55,192
DP2851,Pobeda,2024-10-09,09:57:45,77
U68754,Utair,2024-01-25,11:15:28,93
U65396,Pobeda,2024-12-07,17:29:37,174
FV4183,Aeroflot,2025-03-24,10:02:07,27
U66611,Red Wings,2025-07-11,20:59:23,98
S72669,S7 Airlines,2025-04-24,19:11:56,160
SU1644,S7 Airlines,2024-09-11,06:05:16,200
DP1275,Nordwind,2024-04-05,02:10:18,221
DP5784,Utair,2024-07-17,19:27:09,52
S7801,Ural Airlines,2024-10-03,17:26:37,125
SU3230,S7 Airlines,2025-07-11,14:40:20,115
UT9060,Red Wings,2024-12-03,11:44:29,91
UT1491,S7 Airlines,2024-03-01,09:07:09,102
FV6178,Aeroflot,2024-05-12,05:32:45,207
WZ4214,Nordwind,2024-10-02,21:23:41,249
DP4971,Pobeda,2024-05-16,23:54:06,46
S77140,Ural Airlines,2024-04-20,18:12:29,293
S74552,Nordwind,2024-10-10,10:16:35,53
SU959,Pobeda,2024-03-23,09:19:37,133
SU5081,Rossiya,2024-02-25,02:20:07,60
FV6088,Pobeda,2025-06-25,21:40:02,153
N45545,Rossiya,2025-04-16,12:45:21,17
N4350,S7 Airlines,2024-03-17,01:59:43,2
FV5969,Pobeda,2024-12-02,02:46:33,64
S73366,S7 Airlines,2025-06-03,05:51:09,294
U62824,Nordwind,2024-12-20,18:34:22,54
FV5655,Ural Airlines,2025-09-24,08:33:19,55
SU7265,Pobeda,2024-05-22,12:50:45,175
UT2369,Nordwind,2024-08-23,12:22:12,117
SU3415,S7 Airlines,2024-03-15,20:38:17,221
DP6098,Red Wings,2025-02-21,05:54:27,235
WZ5005,Red Wings,2024-07-15,01:59:34,132
U6263,Red Wings,2024-05-20,04:39:06,209
FV7421,S7 Airlines,2024-10-05,05:22:16,96
S76466,S7 Airlines,2024-12-03,06:52:38,150
FV8265,Red Wings,2025-05-18,08:10:43,10
WZ6002,Red Wings,2025-07-17,17:46:18,103
UT4880,Nordwind,2024-05-24,01:25:44,265
UT6143,Aeroflot,2024-09-23,14:02:45,241
DP6949,Aeroflot,2024-01-13,17:33:08,87
FV4395,Nordwind,2024-07-13,03:17:14,32
S79047,Nordwind,2025-05-25,18:58:30,68
UT401,S7 Airlines,2024-02-19,06:32:03,254
S71509,S7 Airlines,2024-08-26,20:21:50,63
DP7415,Pobeda,2025-05-12,10:10:20,101
WZ893,Utair,2025-08-17,04:32:52,198
SU6023,Nordwind,2024-12-02,23:28:12,164
FV5266,Pobeda,2025-04-28,20:45:11,160
S79373,Ural Airlines,2024-12-15,19:28:04,290
SU776,S7 Airlines,2024-02-17,11:55:57,160
SU3460,Red Wings,2024-01-16,13:55:32,238
UT191,Utair,2025-04-03,14:12:22,22
U62792,S7 Airlines,2025-05-26,17:06:11,277
FV9769,Nordwind,2025-07-22,15:11:33,295
SU7229,Pobeda,2024-03-09,17:49:21,95
U66238,Nordwind,2025-08-16,02:03:26,62
S71801,Red Wings,2024-02-27,12:54:47,296
SU2487,S7 Airlines,2024-08-08,23:08:15,56
DP6332,Pobeda,2025-12-16,14:01:56,273
SU2347,Red Wings,2025-11-24,16:07:05,34
U63636,Pobeda,2025-06-11,01:06:57,137
DP8045,Ural Airlines,2024-05-22,21:48:29,289
SU8353,Aeroflot,2025-09-23,18:18:18,297
FV1758,Red Wings,2024-10-03,19:21:33,162
DP6218,Utair,2024-12-11,03:05:19,208
S78919,Aeroflot,2025-07-17,18:21:12,242
UT7369,S7 Airlines,2024-07-27,02:40:19,293
S7895,Aeroflot,2024-04-27,05:31:31,38
SU9744,S7 Airlines,2025-06-15,08:48:15,207
SU1713,Ural Airlines,2025-09-22,00:18:25,35
WZ2032,Pobeda,2025-11-12,08:58:23,292
WZ4094,Pobeda,2024-11-13,19:22:32,40
FV2275,Red Wings,2024-06-15,22:45:06,226
WZ4402,Ural Airlines,2025-07-06,22:24:15,268
UT8872,Aeroflot,2025-04-19,01:40:48,7
DP3101,Nordwind,2024-04-20,07:16:57,13
U62998,S7 Airlines,2024-06-07,02:44:22,106
DP7117,Utair,2024-09-22,21:32:55,48
FV3353,Pobeda,2024-06-16,09:29:08,43
U63330,Ural Airlines,2024-09-27,16:47:01,111
DP5091,Red Wings,2024-11-04,20:59:10,107
S78145,Ural Airlines,2024-11-22,20:19:51,53
WZ686,Pobeda,2025-04-04,12:15:56,263
S77670,Rossiya,2024-01-21,09:08:38,250
FV4599,Nordwind,2024-12-28,08:50:34,225
S79965,S7 Airlines,2024-03-20,00:19:44,101
WZ1894,Nordwind,2025-11-05,18:28:18,42
DP9516,Ural Airlines,2024-07-10,04:39:51,251
UT2982,Utair,2025-05-13,14:41:42,159
U68272,Nordwind,2025-07-20,06:55:25,243
U67840,S7 Airlines,2024-12-07,06:03:24,258
U66367,Red Wings,2025-10-28,16:59:23,197
SU7497,Pobeda,2025-08-16,08:26:53,106
S76188,S7 Airlines,2025-02-10,17:25:16,182
DP2884,Rossiya,2024-05-03,03:54:46,196
U68087,Nordwind,2025-02-22,15:29:09,149
DP7620,Nordwind,2025-06-25,23:26:22,50
S76852,Pobeda,2025-06-24,09:37:40,88
DP3929,S7 Airlines,2024-11-11,16:25:34,107
N43929,Pobeda,2024-01-04,02:40:23,222
FV6056,Aeroflot,2025-06-28,11:37:52,160
UT8571,Utair,2024-07-06,01:21:24,247
N42013,Pobeda,2025-08-14,12:39:49,205
N41367,S7 Airlines,2025-12-22,09:33:32,59
FV2550,Rossiya,2024-04-15,16:23:59,60
UT6173,Rossiya,2024-12-19,17:37:23,135
U6327,Rossiya,2025-03-17,13:58:17,118
WZ9810,Red Wings,2025-01-24,09:58:14,75
FV1536,Pobeda,2024-08-07,20:55:05,272
U66644,Aeroflot,2024-07-12,23:16:45,14
WZ3023,Pobeda,2025-10-04,08:29:16,203
FV1254,S7 Airlines,2024-01-09,15:25:00,231
WZ4710,Ural Airlines,2025-02-05,16:49:57,256
SU543,S7 Airlines,2025-11-28,16:22:40,64
FV4835,Pobeda,2024-04-25,07:25:32,263
SU1740,Aeroflot,2025-03-28,00:06:10,96
N42529,Pobeda,2024-07-17,09:00:22,193
U61101,Ural Airlines,2024-04-17,22:33:57,292
N41523,Pobeda,2025-05-16,05:34:36,14
SU9688,Aeroflot,2025-06-06,13:13:03,119
FV1597,Aeroflot,2024-12-04,21:13:38,198
UT4661,Nordwind,2024-03-03,23:28:48,38
S74917,Red Wings,2025-05-09,22:32:54,159
WZ4656,Aeroflot,2024-04-23,07:52:44,215
UT5305,Aeroflot,2025-05-06,11:12:56,96
DP3929,Nordwind,2024-08-20,18:22:43,133
U67565,Pobeda,2025-07-21,21:38:54,269
DP6041,Ural Airlines,2025-02-28,03:22:26,131
UT7932,Ural Airlines,2025-03-06,18:56:13,56
UT6783,Aeroflot,2024-10-07,02:29:24,94
DP4956,Rossiya,2025-08-21,20:00:07,80
SU9570,Ural Airlines,2025-10-15,19:03:50,77
UT1085,Red Wings,2025-05-23,10:20:25,247
DP1459,S7 Airlines,2024-10-09,09:46:52,7
S76827,Aeroflot,2025-07-08,19:51:25,127
UT1030,Utair,2024-07-13,08:36:00,82
S71903,Pobeda,2025-05-09,04:15:47,206
FV9617,Ural Airlines,2024-03-26,19:09:33,217
UT7601,Red Wings,2025-07-01,04:46:03,254
DP600,Nordwind,2025-02-25,02:15:32,90
UT1843,Ural Airlines,2024-08-18,10:07:20,58
UT6229,S7 Airlines,2024-04-06,08:04:16,139
WZ5598,Utair,2025-10-08,06:47:49,70
DP5666,Rossiya,2024-07-10,22:35:23,1
UT8893,Utair,2025-01-16,12:25:37,13
N41418,Aeroflot,2025-05-02,16:23:52,150
S76033,Rossiya,2024-03-25,20:33:42,1
SU5933,Utair,2024-08-01,11:21:49,121
UT2053,Utair,2025-01-01,11:46:28,189
UT1898,Aeroflot,2024-08-18,14:14:43,76
U68455,Ural Airlines,2024-07-07,04:25:56,289
U66724,S7 Airlines,2025-05-23,01:23:46,206
WZ4630,Utair,2025-03-14,00:23:35,10
SU1573,Pobeda,2025-11-15,09:53:34,231
DP5679,Red Wings,2024-06-13,21:09:20,182
WZ8528,Utair,2025-10-19,13:46:06,80
UT8121,Rossiya,2024-12-27,14:41:05,21
UT2153,Rossiya,2025-02-04,03:49:37,58
FV8840,Nordwind,2025-02-27,02:42:20,222
S77518,Aeroflot,2024-04-11,12:55:14,272
S72358,Pobeda,2024-10-15,23:17:55,85
SU5193,Aeroflot,2024-06-06,14:14:59,39
U62214,Ural Airlines,2025-04-12,12:18:59,290
SU5449,Utair,2025-03-04,22:29:45,200
DP1071,Rossiya,2025-05-23,07:55:05,146
DP9028,Pobeda,2024-02-02,07:22:17,119
S75525,Red Wings,2024-09-09,02:56:45,54
SU700,S7 Airlines,2025-06-27,09:42:22,119
N4643,S7 Airlines,2025-03-03,10:40:18,95
SU8405,S7 Airlines,2024-06-06,04:34:35,104
UT2037,Rossiya,2024-10-24,12:59:25,157
UT7076,Aeroflot,2024-02-19,16:34:59,85
FV6965,Rossiya,2024-11-07,13:46:18,47
N47922,S7 Airlines,2024-09-25,08:33:16,289
SU7377,Red Wings,2024-04-03,01:24:12,67
U63202,Red Wings,2024-01-02,17:23:19,167
FV8215,Rossiya,2024-11-01,17:13:58,182
SU6589,Nordwind,2025-04-13,18:58:16,126
WZ8376,Nordwind,2024-04-01,15:55:34,25
S73206,Ural Airlines,2025-06-20,07:27:23,49
SU6502,Rossiya,2025-11-07,18:59:04,27
FV3355,S7 Airlines,2025-12-23,11:54:12,299
S74235,Aeroflot,2024-12-11,12:49:43,71
WZ3145,Nordwind,2025-07-08,15:07:30,263
SU1782,Utair,2024-03-27,10:06:50,36
U65386,Red Wings,2024-06-18,06:29:50,194
U64412,Nordwind,2025-09-18,19:27:26,277
N47247,Rossiya,2025-07-09,02:12:29,270
UT6965,Ural Airlines,2024-12-14,02:34:13,180
WZ2413,Nordwind,2024-03-12,15:34:30,202
WZ1223,S7 Airlines,2025-09-20,23:14:30,136
SU2007,S7 Airlines,2025-01-19,16:19:32,204
WZ3843,Pobeda,2025-04-04,18:27:32,126
FV158,Aeroflot,2025-08-17,01:07:33,20
U6209,Nordwind,2024-05-14,20:56:14,45
WZ6051,Ural Airlines,2024-07-24,04:13:11,173
FV6530,Utair,2025-06-14,17:31:29,201
UT9138,Pobeda,2024-04-21,18:04:49,244
UT4702,Red Wings,2025-10-03,05:21:36,53
N42209,S7 Airlines,2025-01-20,06:12:20,53
FV1631,Pobeda,2024-03-26,02:09:29,293
U64765,Rossiya,2024-12-09,06:12:05,72
DP5292,Utair,2024-01-03,10:11:45,143
UT9974,Utair,2025-04-02,17:56:53,68
UT6683,Aeroflot,2025-06-02,00:37:16,127
S72378,Rossiya,2025-10-26,20:34:55,82
SU6375,S7 Airlines,2025-11-20,16:40:02,107
UT2773,Aeroflot,2024-06-02,00:01:19,134
UT1571,Aeroflot,2024-09-10,21:35:49,208
U66111,S7 Airlines,2024-09-21,21:59:56,156
S74177,Utair,2024-06-22,20:38:55,256
FV4194,Nordwind,2025-06-24,02:14:21,280
WZ6529,Rossiya,2024-04-18,17:30:27,75
SU7636,Nordwind,2024-10-13,21:04:16,45
S78664,Aeroflot,2024-01-05,11:58:41,255
SU2780,Rossiya,2025-11-02,18:52:11,270
DP3421,Red Wings,2025-02-06,06:14:16,139
N49023,Rossiya,2024-11-16,11:59:46,245
WZ7296,Red Wings,2024-04-23,07:20:53,16
UT5657,Ural Airlines,2025-09-17,04:26:44,62
FV5492,Pobeda,2025-05-06,00:08:01,220
UT8259,Pobeda,2024-07-25,02:52:54,45
WZ9184,Rossiya,2024-07-13,07:21:58,262
WZ203,Ural Airlines,2024-01-06,23:19:24,166
UT9460,Utair,2024-05-22,01:55:33,44
WZ2908,Nordwind,2025-11-21,04:21:32,287
FV7689,Rossiya,2024-04-13,04:41:19,39
N46780,Ural Airlines,2024-09-26,23:19:31,14
DP8718,Red Wings,2025-05-09,10:29:53,87
FV4478,Utair,2024-05-18,18:44:05,153
N44194,Rossiya,2024-08-07,16:33:26,97
N46272,Nordwind,2024-10-11,12:13:18,248
FV4319,S7 Airlines,2024-06-22,22:46:36,27
S77188,Nordwind,2024-10-11,09:50:43,132
U65321,Rossiya,2025-08-21,21:57:34,261
DP3513,Nordwind,2024-01-28,16:27:12,266
S75820,Utair,2025-10-06,05:53:49,108
UT6863,Ural Airlines,2024-02-05,11:00:53,29
U63179,Red Wings,2024-09-21,09:50:00,139
SU4126,Nordwind,2024-03-23,12:14:04,284
UT7618,Pobeda,2025-06-06,11:18:33,106
U62174,S7 Airlines,2025-02-20,00:42:25,217
FV418,S7 Airlines,2024-08-05,19:04:12,222
DP3025,Aeroflot,2024-11-10,16:47:29,69
SU3540,Red Wings,2024-01-10,09:49:58,173
WZ1908,Red Wings,2024-07-13,11:25:50,134
DP3462,S7 Airlines,2024-01-15,14:15:26,228
U67048,Red Wings,2025-06-28,20:48:00,93
SU9945,Utair,2025-12-16,06:09:40,110
DP4936,Ural Airlines,2024-11-19,01:45:09,258
N43315,Utair,2025-08-16,12:56:36,206
DP5703,Aeroflot,2024-02-14,17:43:36,198
SU5312,Aeroflot,2025-01-16,15:16:54,224
SU9896,Nordwind,2025-09-19,00:01:03,151
SU4277,Aeroflot,2025-02-14,12:26:44,197
U63484,Ural Airlines,2024-12-24,10:43:14,282
SU1053,Utair,2025-02-10,14:27:59,119
N45977,Aeroflot,2025-11-08,06:10:34,271
U6388,Utair,2024-04-05,08:59:13,79
SU4962,Ural Airlines,2025-05-07,18:14:19,185
S75059,Ural Airlines,2024-07-05,10:05:45,63
S71210,Pobeda,2025-01-13,15:20:33,109
UT519,Red Wings,2025-08-12,13:03:31,226
FV7494,Red Wings,2025-12-18,11:36:07,239
U61668,Utair,2025-02-04,08:07:01,124
DP8727,Aeroflot,2025-09-04,16:02:29,27
S72646,Ural Airlines,2025-06-19,19:08:58,172
FV9874,Red Wings,2024-07-27,00:09:38,161
U6736,Red Wings,2025-02-03,18:55:43,186
WZ5159,Ural Airlines,2024-02-22,22:08:10,268
S71822,Nordwind,2024-12-19,05:10:23,74
WZ1721,Red Wings,2025-06-08,12:33:38,47
N44671,Red Wings,2025-04-10,02:16:33,248
FV4900,Pobeda,2024-02-06,13:11:38,191
FV6989,S7 Airlines,2024-01-24,00:17:46,252
UT1070,S7 Airlines,2024-02-03,15:24:42,127
SU9693,S7 Airlines,2024-05-10,20:39:51,15
N42202,Rossiya,2024-05-23,01:25:01,130
UT7332,Aeroflot,2024-06-14,18:38:34,288
UT3326,Nordwind,2024-04-07,07:43:00,106
WZ839,Utair,2025-01-03,14:24:12,139
UT4998,Rossiya,2024-09-18,18:05:35,26
UT8250,Red Wings,2024-07-09,10:48:26,106
S72910,Utair,2025-11-19,17:33:33,169
S74579,Pobeda,2024-06-04,20:57:31,220
FV4954,Red Wings,2024-12-11,22:35:30,283
U62906,Ural Airlines,2025-12-19,04:32:29,205
WZ1138,S7 Airlines,2024-05-15,06:00:15,200
WZ5196,Nordwind,2025-05-10,15:16:47,19
WZ3748,Ural Airlines,2024-05-02,18:36:41,31
DP1599,S7 Airlines,2025-05-17,06:55:38,85
DP3060,Nordwind,2024-04-28,15:06:27,99
FV2838,S7 Airlines,2025-05-25,00:49:59,183
SU105,Aeroflot,2024-06-07,05:22:18,45
UT1666,Aeroflot,2024-10-11,20:05:13,1
SU7982,Pobeda,2025-02-01,15:35:27,237
WZ4029,S7 Airlines,2024-10-04,21:19:18,161
U64855,Ural Airlines,2025-09-04,03:53:25,124
DP4202,Ural Airlines,2025-07-14,10:01:51,0
UT1377,Utair,2024-08-24,11:17:06,27
FV9448,Red Wings,2025-06-19,01:05:11,186
S7910,Utair,2025-01-08,19:47:07,225
U65753,Rossiya,2025-04-17,08:23:47,133
SU1435,Nordwind,2024-09-13,09:27:00,203
UT1973,Red Wings,2024-07-10,06:16:06,205
U67291,Ural Airlines,2024-03-20,20:17:18,296
U63273,Ural Airlines,2024-08-02,03:15:33,130
U6198,Ural Airlines,2024-03-13,07:55:23,217
S76248,Nordwind,2024-11-05,16:07:50,192
UT8807,Ural Airlines,2024-09-20,07:22:48,183
DP727,Pobeda,2024-06-07,22:23:37,74
FV4712,Red Wings,2024-11-04,01:11:20,102
UT6217,S7 Airlines,2025-06-02,15:47:02,191
WZ2086,Ural Airlines,2025-09-20,09:35:37,193
S7618,Utair,2024-03-03,06:02:19,102
U67268,Nordwind,2025-12-20,03:10:56,257
SU7066,Aeroflot,2025-06-01,17:43:48,268
DP9961,Nordwind,2025-01-06,06:35:14,231
DP3494,Ural Airlines,2024-11-26,03:22:52,179
UT787,Pobeda,2024-04-03,18:44:16,6
U69915,Ural Airlines,2025-09-16,17:09:41,243
UT7118,Ural Airlines,2025-11-04,03:11:39,140
N42893,Nordwind,2025-10-24,20:43:31,208
DP9993,Utair,2024-04-06,16:19:57,73
S77639,Ural Airlines,2024-08-07,16:34:05,258
U65957,Red Wings,2024-02-15,13:12:35,140
WZ4078,Aeroflot,2025-12-06,21:32:47,272
SU3584,Pobeda,2025-01-02,00:15:16,174
DP784,Ural Airlines,2025-09-13,00:40:02,86
UT939,Pobeda,2024-01-06,15:17:49,80
N46893,Ural Airlines,2025-06-17,02:08:13,296
UT8168,Ural Airlines,2025-02-02,14:31:40,27
FV1567,Ural Airlines,2024-05-19,08:26:37,109
N47241,Pobeda,2025-09-27,21:13:25,200
U62650,Rossiya,2025-12-06,16:35:35,258
WZ7845,Ural Airlines,2024-09-18,06:58:17,28
WZ2850,Pobeda,2024-01-01,09:38:54,74
WZ6584,Rossiya,2025-12-09,10:36:51,230
UT9820,Pobeda,2025-01-08,23:31:33,133
UT5114,Red Wings,2025-03-16,20:17:04,116
S77581,Red Wings,2024-11-26,22:58:13,241
N44992,Utair,2025-12-10,10:10:16,242
FV9329,Red Wings,2025-07-16,07:31:48,284
WZ4035,Rossiya,2024-10-28,15:57:09,142
S75671,Aeroflot,2024-06-17,05:52:39,53
SU9152,Rossiya,2024-03-21,19:45:52,151
UT5076,Ural Airlines,2024-07-16,01:18:12,194
N41307,Utair,2024-07-04,22:07:18,99
UT331,Aeroflot,2025-05-26,00:17:28,154
WZ3951,Red Wings,2024-03-11,05:59:42,118
SU6606,Pobeda,2024-06-03,07:23:42,26
UT9423,Utair,2024-07-10,03:41:25,298
SU7002,Rossiya,2025-01-05,18:44:54,233
SU5714,Red Wings,2024-01-27,14:54:46,187
FV7654,Rossiya,2025-03-20,15:23:04,43
DP3676,Aeroflot,2024-05-10,11:49:23,2
UT4222,Nordwind,2024-01-19,07:54:37,60
SU9277,Ural Airlines,2024-01-03,04:34:29,17
WZ2614,Aeroflot,2025-04-07,08:25:33,284
SU5515,Utair,2024-02-23,20:45:37,263
U62456,Red Wings,2025-09-24,04:45:37,146
WZ232,Ural Airlines,2025-03-08,02:25:27,151
UT6174,Rossiya,2024-12-05,08:42:56,178
FV7412,Rossiya,2025-05-15,03:51:42,120
N46707,Nordwind,2025-02-27,19:53:03,138
WZ1468,Rossiya,2024-08-10,10:18:23,156
U63715,Ural Airlines,2025-07-22,18:43:10,5
SU5959,Aeroflot,2025-03-24,08:45:14,117
FV6582,Utair,2025-04-27,05:14:49,7
S74917,Nordwind,2024-09-07,21:57:55,281
SU1833,S7 Airlines,2024-01-11,06:42:54,84
UT3353,Aeroflot,2024-07-02,00:19:17,262
N49194,Pobeda,2024-03-28,05:31:36,228
FV834,Rossiya,2025-03-14,01:10:10,211
WZ8919,Ural Airlines,2024-07-19,13:56:44,154
UT4683,Aeroflot,2025-11-08,16:39:14,99
WZ4697,Ural Airlines,2025-02-08,17:30:27,88
FV230,Nordwind,2024-11-02,18:51:57,124
U67632,S7 Airlines,2024-12-17,18:37:30,245
U67121,Pobeda,2025-09-18,03:10:59,56
S73816,S7 Airlines,2025-03-16,22:04:05,173
UT5393,Ural Airlines,2024-11-01,17:39:38,267
FV7327,Aeroflot,2025-08-20,03:10:06,265
DP5923,Aeroflot,2025-11-01,15:18:37,2
S7543,Pobeda,2025-02-03,18:40:24,32
N41817,Rossiya,2025-03-10,05:12:46,188
U63209,Pobeda,2024-07-14,16:59:21,72
WZ9628,Aeroflot,2024-12-13,11:53:33,73
WZ4732,Utair,2024-08-26,05:38:28,223
N48359,Aeroflot,2024-07-04,05:31:16,11
SU9719,S7 Airlines,2024-11-14,13:47:03,126
S72421,Red Wings,2025-03-06,15:01:54,271
FV9267,S7 Airlines,2024-05-21,00:00:57,25
WZ3412,Pobeda,2024-06-01,10:46:11,173
S71892,Rossiya,2024-08-23,05:59:48,137
DP6389,Rossiya,2025-01-20,12:17:04,161
SU422,S7 Airlines,2025-01-18,15:59:41,108
U67508,Aeroflot,2025-11-16,02:39:59,113
FV6574,Red Wings,2024-02-14,22:35:26,47
DP3192,Aeroflot,2024-04-19,03:20:16,62
N45613,Red Wings,2025-10-06,06:55:40,266
SU9428,Nordwind,2025-05-19,19:17:38,6
DP7427,Rossiya,2025-07-19,00:47:56,123
N48276,S7 Airlines,2025-01-07,00:17:02,67
FV2061,Utair,2025-10-12,22:28:53,7
N49056,Utair,2024-09-20,13:13:19,112
UT8910,Pobeda,2024-11-03,06:16:08,22
SU8836,Utair,2024-09-25,02:37:50,78
U66691,Red Wings,2025-12-11,01:40:52,201
FV7610,Aeroflot,2025-04-24,03:31:58,162
SU5944,Rossiya,2025-09-25,03:49:14,269
WZ9926,S7 Airlines,2025-10-20,19:18:30,151
SU1983,Ural Airlines,2024-07-27,16:35:07,268
DP884,Ural Airlines,2024-06-23,19:23:05,38
S79759,S7 Airlines,2024-03-09,01:42:12,189
S77096,Nordwind,2024-12-06,08:18:09,27
U67078,Ural Airlines,2025-08-02,10:26:35,214
FV5095,S7 Airlines,2025-12-26,06:04:18,10
S71721,Rossiya,2024-06-09,23:14:51,75
U62733,Pobeda,2025-10-12,07:52:45,44
UT5652,Pobeda,2025-07-04,09:48:01,76
DP5661,Utair,2024-09-10,04:36:47,283
SU6426,Aeroflot,2025-12-05,22:43:46,42
N48001,S7 Airlines,2024-04-07,02:54:10,252
FV799,S7 Airlines,2024-08-21,17:57:05,116
WZ1115,Aeroflot,2025-10-15,15:51:34,189
DP6110,Rossiya,2024-05-27,04:38:34,289
UT8541,Rossiya,2024-02-20,07:10:01,219
WZ3414,Red Wings,2024-11-25,09:28:58,129
S79922,Aeroflot,2025-11-24,07:34:33,78
N41194,Aeroflot,2025-04-22,08:30:57,271
DP6083,Aeroflot,2025-09-08,14:11:28,56
U64402,Rossiya,2025-11-16,16:11:18,211
UT8031,Ural Airlines,2024-12-22,13:38:42,279
WZ4036,Aeroflot,2025-04-23,07:24:40,87
WZ4152,S7 Airlines,2024-01-20,19:30:29,134
S73890,S7 Airlines,2024-06-28,03:52:23,66
N45072,Red Wings,2025-04-13,14:06:07,235
FV6626,Pobeda,2025-11-17,00:25:12,210
SU3865,Rossiya,2025-08-01,06:04:03,50
FV559,Ural Airlines,2024-04-16,06:43:03,58
DP5240,S7 Airlines,2025-05-13,14:50:19,189
S77174,S7 Airlines,2024-09-03,17:29:14,45
S77509,Red Wings,2025-01-14,15:58:11,169
DP8628,Rossiya,2025-10-08,17:06:00,44
WZ1906,Aeroflot,2024-09-17,22:37:47,116
UT553,Pobeda,2025-04-20,22:53:00,263
SU1417,Rossiya,2024-02-13,14:14:24,291
DP9307,Nordwind,2025-01-02,03:30:55,82
UT1714,S7 Airlines,2025-01-08,03:18:18,279
SU1007,S7 Airlines,2024-12-25,16:26:25,142
WZ1038,Pobeda,2024-11-20,15:14:01,161
SU1943,Rossiya,2025-08-25,23:18:40,51
WZ1924,Red Wings,2024-09-03,10:49:27,27
SU258,Red Wings,2024-03-13,18:43:02,271
DP9270,Nordwind,2024-09-13,09:05:45,244
UT1086,S7 Airlines,2025-04-19,18:49:13,251
UT3181,Red Wings,2024-02-09,03:32:12,126
N47815,Aeroflot,2025-06-01,17:23:21,288
SU5246,Utair,2025-02-01,12:35:07,250
UT3341,Pobeda,2025-11-14,00:44:21,238
SU4351,Aeroflot,2024-12-12,18:18:32,122
SU8277,S7 Airlines,2025-04-16,00:19:11,13
UT5086,Rossiya,2025-11-27,11:01:23,245
S74185,Pobeda,2025-05-03,23:45:52,15
DP9113,Utair,2024-03-22,23:29:47,197
DP3912,Pobeda,2024-11-07,03:36:40,39
FV7748,Pobeda,2024-02-26,04:04:38,227
WZ3758,Nordwind,2024-11-15,03:54:02,270
S71040,Ural Airlines,2024-06-26,02:13:50,127
N49561,Nordwind,2025-10-22,16:43:26,43
FV9859,Red Wings,2025-06-25,08:41:45,23
FV4902,S7 Airlines,2025-01-07,10:31:19,22
N48106,Red Wings,2025-09-03,19:57:15,260
UT6555,Nordwind,2025-11-19,15:52:36,122
UT7551,Nordwind,2025-06-28,16:07:52,238
DP3898,Red Wings,2025-01-12,22:18:43,111
N49648,Nordwind,2025-04-09,04:54:21,152
WZ6042,Nordwind,2024-06-28,11:40:35,192
U68334,Nordwind,2025-10-02,06:53:15,151
FV9820,Nordwind,2025-10-03,05:05:51,175
SU8841,Aeroflot,2024-10-24,02:09:59,244
N41114,Red Wings,2024-09-17,17:12:02,1
N43551,Aeroflot,2025-10-27,15:42:59,41
S74120,Red Wings,2025-10-01,21:36:34,39
S7333,Ural Airlines,2024-10-15,01:58:27,126
UT3917,S7 Airlines,2024-08-15,09:38:26,193
U61899,Rossiya,2024-01-25,19:38:57,63
UT1534,Rossiya,2024-01-09,04:39:56,38
U65801,Aeroflot,2024-03-22,15:03:05,195
U69977,Rossiya,2024-09-25,03:26:27,116
WZ6240,Pobeda,2025-11-21,22:32:38,11
U64737,S7 Airlines,2024-03-25,14:12:33,175
U67237,Red Wings,2025-05-22,00:28:16,121
N48918,Ural Airlines,2025-05-17,14:19:24,231
SU7030,Pobeda,2025-08-28,10:37:49,116
DP6856,Ural Airlines,2025-06-02,06:27:15,186
S7660,Rossiya,2025-05-12,11:16:26,294
DP5074,Utair,2024-10-03,16:35:22,122
S76190,Red Wings,2025-07-18,08:51:02,57
N42773,Nordwind,2025-09-21,23:23:54,15
UT1535,S7 Airlines,2025-12-19,01:49:18,281
S75525,Utair,2025-09-23,04:35:00,23
U6855,Rossiya,2025-08-22,08:02:15,73
WZ9706,Nordwind,2024-03-06,22:44:39,254
U66909,Nordwind,2024-09-11,16:52:41,247
S78086,Rossiya,2025-07-08,23:22:51,44
SU2089,Ural Airlines,2025-11-16,04:02:56,166
U6506,Pobeda,2025-05-28,14:10:30,2
FV2000,Ural Airlines,2024-04-16,21:30:28,133
U67390,Utair,2025-04-17,05:54:59,185
S7182,Aeroflot,2024-04-19,15:42:29,253
DP6893,Rossiya,2024-09-09,14:21:42,151
FV787,S7 Airlines,2024-02-19,21:22:58,280
WZ6296,S7 Airlines,2024-08-25,21:07:42,130
DP4622,Nordwind,2025-11-08,04:15:20,32
FV8482,Ural Airlines,2025-03-11,09:50:16,195
SU9271,Aeroflot,2024-01-05,14:06:48,94
S73447,Utair,2024-07-09,17:01:17,275
N43116,Utair,2024-10-26,04:54:37,127
SU3816,Nordwind,2024-11-10,08:37:54,65
WZ1460,Ural Airlines,2025-08-25,01:52:20,24
SU7954,Ural Airlines,2024-09-02,19:35:47,43
FV2042,Aeroflot,2024-03-06,05:04:59,246
WZ6285,Aeroflot,2025-12-22,15:46:47,173
DP8315,Utair,2025-05-02,23:00:26,221
S72821,Utair,2024-03-12,04:52:31,263
U61859,Rossiya,2025-06-28,07:30:38,125
UT2233,Red Wings,2024-03-28,02:58:11,103
S73237,S7 Airlines,2024-09-21,15:03:32,55
WZ3144,Pobeda,2024-11-28,14:11:34,194
N47230,Nordwind,2025-04-21,22:35:33,50
WZ6623,Red Wings,2025-11-23,02:03:45,263
SU6412,Nordwind,2024-05-02,15:11:32,238
N44436,Aeroflot,2025-10-13,13:28:02,280
N49927,Rossiya,2025-12-18,12:16:39,237
N45442,Aeroflot,2025-07-16,12:19:55,224
DP9936,Red Wings,2024-03-03,02:17:29,227
DP5684,S7 Airlines,2024-03-06,23:14:09,195
SU7352,S7 Airlines,2024-09-04,21:11:18,68
S77264,Red Wings,2024-04-22,09:23:43,45
U61353,Pobeda,2025-05-12,12:41:52,299
WZ4589,Ural Airlines,2025-10-20,19:15:44,131
SU8626,S7 Airlines,2024-12-17,06:25:11,276
DP7650,Nordwind,2025-11-18,18:46:48,280
UT8922,Rossiya,2024-08-20,12:19:34,141
DP6980,Ural Airlines,2025-06-01,08:31:56,159
N47570,Ural Airlines,2024-02-04,17:54:41,212
FV1447,Aeroflot,2025-01-05,05:13:46,280
UT2817,Ural Airlines,2025-11-08,09:12:12,44
SU830,Pobeda,2025-08-17,17:35:24,20
N42691,Nordwind,2025-01-14,15:31:04,285
WZ5109,Red Wings,2025-12-28,16:27:15,39
SU3836,Pobeda,2024-07-16,07:05:10,283
DP7140,Nordwind,2025-12-16,13:07:49,87
S7140,Nordwind,2024-01-24,23:04:53,215
DP9448,Utair,2025-03-19,13:31:51,6
UT4984,Ural Airlines,2024-01-22,21:19:43,274
FV7529,S7 Airlines,2025-11-05,10:33:52,63
DP670,Red Wings,2024-03-28,10:36:21,19
WZ8548,Pobeda,2024-08-14,18:56:13,254
DP7943,Utair,2025-03-11,02:57:18,160
U65696,S7 Airlines,2025-10-05,01:32:35,101
S77445,Aeroflot,2024-09-16,13:51:50,65
S71491,Nordwind,2025-06-16,03:40:42,53
DP1471,Rossiya,2024-01-12,20:42:13,106
UT4469,Utair,2025-06-11,14:22:57,199
UT8188,Aeroflot,2025-07-23,15:28:02,160
U62526,Utair,2025-09-25,08:02:50,289
WZ2334,Rossiya,2025-01-08,21:38:58,125
DP5839,Aeroflot,2024-11-27,08:44:07,264
DP2464,Aeroflot,2025-10-25,16:11:06,123
S73516,Rossiya,2024-06-20,17:01:00,124
N43436,Ural Airlines,2024-06-03,16:34:14,261
FV6935,Aeroflot,2024-09-14,03:30:12,38
DP3873,Rossiya,2024-09-05,20:04:43,33
DP6337,Aeroflot,2025-04-27,01:11:53,261
S79432,Nordwind,2024-03-18,12:34:28,297
U62354,Aeroflot,2024-08-03,22:49:00,174
S73232,Red Wings,2024-07-17,23:25:09,30
S79743,Ural Airlines,2025-07-02,04:24:32,4
UT6863,Red Wings,2025-09-22,09:32:34,217
DP6066,Nordwind,2024-06-20,04:08:49,115
U68479,Aeroflot,2024-02-19,19:48:25,102
FV9259,Ural Airlines,2024-05-07,19:11:43,253
DP2776,Ural Airlines,2025-10-07,18:53:25,233
WZ1570,Red Wings,2024-11-15,01:27:15,233
FV6022,Ural Airlines,2024-09-20,22:06:27,52
WZ6348,S7 Airlines,2024-12-13,05:18:28,237
FV304,Pobeda,2025-04-11,12:08:30,107
U64752,Nordwind,2024-03-04,04:49:41,66
U63458,Pobeda,2025-07-27,19:18:39,241
FV9833,Red Wings,2024-05-25,07:31:39,161
WZ9121,Nordwind,2024-06-16,06:02:25,180
U62584,S7 Airlines,2025-04-28,10:04:13,80
UT7826,Nordwind,2025-09-16,22:43:51,121
WZ4079,Red Wings,2025-01-14,12:54:15,158
N41309,S7 Airlines,2025-05-16,08:22:01,0
FV780,Nordwind,2024-03-12,18:31:01,2
DP4786,Aeroflot,2025-07-18,08:41:45,249
N41621,Nordwind,2024-05-06,00:48:52,15
FV4897,Utair,2025-03-24,00:03:13,8
UT2554,Nordwind,2025-08-04,03:39:41,163
DP7872,S7 Airlines,2024-02-01,09:17:55,53
FV5144,Aeroflot,2024-03-19,00:10:07,93
SU3749,Pobeda,2024-10-22,08:36:19,77
FV2898,Utair,2025-09-10,07:22:36,10
WZ7312,Nordwind,2025-11-04,11:23:53,287
U61060,Ural Airlines,2025-06-25,07:02:19,270
FV9045,Ural Airlines,2025-03-28,05:21:32,255
SU1669,Rossiya,2025-10-21,22:01:50,61
FV6434,Nordwind,2025-07-22,22:24:31,65
UT672,S7 Airlines,2025-04-12,20:29:40,96
S71614,Utair,2025-12-04,04:58:14,229
S73994,Rossiya,2024-06-04,21:37:26,26
FV5221,Utair,2024-11-27,13:16:50,229
WZ5816,Utair,2024-04-03,07:02:57,83
FV5015,Rossiya,2024-12-19,08:57:42,170
SU1574,Ural Airlines,2025-04-05,17:37:39,158
FV2998,Nordwind,2024-04-08,20:48:20,288
U66604,Pobeda,2025-04-21,08:08:58,63
UT4182,Ural Airlines,2025-12-04,09:40:54,159
FV1217,Rossiya,2024-08-18,03:22:03,173
U67633,Nordwind,2025-01-11,01:23:49,80
S73677,Red Wings,2024-08-21,16:02:24,153
U64060,Nordwind,2025-03-06,13:39:57,95
UT3964,Red Wings,2024-09-14,10:11:53,227
UT9172,Rossiya,2025-09-27,20:38:09,294
FV5506,Rossiya,2024-03-03,04:00:48,61
WZ3714,Pobeda,2025-10-26,19:16:16,254
U61384,Ural Airlines,2024-01-08,00:00:01,95
FV6178,Pobeda,2024-06-21,13:53:01,23
U67889,S7 Airlines,2024-10-15,10:40:56,66
U67496,Utair,2025-08-11,08:30:53,27
WZ981,Rossiya,2024-07-01,21:08:47,51
FV3441,S7 Airlines,2025-08-01,04:37:25,83
UT898,Pobeda,2025-12-15,23:11:09,14
SU7322,Aeroflot,2025-10-13,10:00:26,134
U61293,Red Wings,2025-02-09,10:26:51,60
N46208,Pobeda,2024-08-14,13:15:34,257
U62118,Nordwind,2024-10-12,08:39:27,237
S74142,Ural Airlines,2025-01-05,20:06:27,27
DP5711,Red Wings,2024-04-01,05:09:51,112
N47961,S7 Airlines,2025-11-04,08:02:54,96
U64406,Aeroflot,2024-09-13,21:59:00,89
SU7464,Aeroflot,2024-04-23,03:12:49,133
SU1717,Utair,2024-11-21,01:09:56,216
UT4329,Red Wings,2025-11-21,11:09:10,45
FV9562,S7 Airlines,2025-07-12,13:14:53,256
S72976,Ural Airlines,2024-07-04,13:35:51,88
DP403,Utair,2025-10-09,17:01:45,16
U69437,Utair,2024-07-16,10:42:31,178
WZ9416,Red Wings,2025-06-27,07:17:31,173
FV1660,Rossiya,2024-12-17,09:06:23,237
DP3090,Aeroflot,2025-07-27,19:39:10,51
WZ3056,Aeroflot,2025-12-02,16:50:48,59
UT6701,Pobeda,2025-08-03,07:19:56,215
WZ5754,S7 Airlines,2024-06-01,06:56:57,143
DP303,Aeroflot,2024-12-11,14:21:51,83
FV9798,Pobeda,2025-02-11,08:08:47,174
UT9307,Nordwind,2024-08-22,11:10:43,72
WZ4361,Utair,2025-01-11,18:29:21,215
SU5750,Utair,2025-03-24,18:11:20,100
S77841,Utair,2024-06-13,08:29:35,224
DP7598,Red Wings,2025-06-22,23:02:46,224
U62939,Rossiya,2025-10-19,08:17:51,3
N43696,Red Wings,2025-06-19,10:21:13,97
WZ9304,Utair,2024-08-25,13:39:34,219
U69693,Red Wings,2024-01-01,07:35:24,160
SU9521,Red Wings,2024-10-16,14:10:27,201
N43391,S7 Airlines,2025-03-02,22:26:55,142
FV1696,Utair,2025-03-25,10:05:55,193
UT8781,Red Wings,2024-12-23,04:00:26,269
N41180,Aeroflot,2025-08-03,02:39:17,248
N43468,Utair,2025-11-09,14:33:05,175
WZ3751,Rossiya,2024-02-23,21:45:27,64
S72360,Utair,2025-11-04,15:20:38,240
UT141,Pobeda,2025-01-13,02:50:14,290
FV5570,S7 Airlines,2024-03-07,16:06:34,190
DP3984,Ural Airlines,2025-06-19,14:31:24,78
DP8028,Ural Airlines,2025-11-02,04:10:38,262
N46717,Aeroflot,2024-05-13,22:36:04,198
UT5606,S7 Airlines,2025-03-24,13:03:36,243
FV7745,Red Wings,2024-05-23,01:04:52,107
FV8355,Aeroflot,2024-09-25,07:28:45,176
DP3690,Nordwind,2024-04-27,13:33:13,190
S77977,Ural Airlines,2025-11-03,10:25:48,171
UT9023,Ural Airlines,2024-01-07,19:24:41,107
DP3462,Nordwind,2025-08-17,04:56:06,177
WZ3969,S7 Airlines,2025-07-16,23:35:47,297
UT4504,Rossiya,2024-11-10,16:13:35,67
N41682,Utair,2024-04-04,10:53:39,16
UT3237,Pobeda,2024-08-16,01:52:20,76
U63591,Utair,2025-06-15,09:21:19,173
N49098,Red Wings,2025-12-25,09:10:31,278
WZ7289,Rossiya,2025-05-03,12:24:41,23
DP9229,Nordwind,2024-01-26,01:59:09,248
WZ132,Nordwind,2024-05-01,02:11:21,242
SU2812,Rossiya,2025-04-23,21:17:37,20
U69189,Red Wings,2025-08-15,11:37:45,226
DP9748,Utair,2025-01-05,01:54:34,84
S79708,Ural Airlines,2025-04-04,12:34:57,113
UT5600,Nordwind,2025-08-02,13:54:16,276
UT8967,Nordwind,2025-02-21,06:12:15,201
S72901,Aeroflot,2024-05-25,09:18:07,283
UT4110,Ural Airlines,2025-01-08,02:23:08,259
FV8729,S7 Airlines,2025-03-03,23:06:25,232
WZ3987,Utair,2024-01-03,02:35:08,175
UT3628,Ural Airlines,2025-12-26,01:17:44,106
N46958,Aeroflot,2024-09-18,05:42:42,96
SU529,Red Wings,2025-06-10,21:42:01,142
DP282,Ural Airlines,2024-06-28,02:26:00,243
FV9958,Utair,2025-10-03,23:57:35,268
FV5713,Nordwind,2024-11-03,12:27:14,283
UT160,Pobeda,2025-02-24,15:09:28,258
SU7779,Nordwind,2024-03-20,02:55:46,58
FV7961,Rossiya,2025-01-09,11:35:34,187
S74818,S7 Airlines,2024-09-27,21:21:33,226
S77477,Aeroflot,2024-03-05,14:31:29,42
S72781,Rossiya,2025-10-22,11:26:25,193
U62571,Utair,2024-11-24,02:34:31,220
N42280,Rossiya,2024-02-03,14:15:31,189
FV4334,Red Wings,2024-01-19,12:49:20,93
WZ5652,Ural Airlines,2025-09-07,23:25:29,297
U67521,Nordwind,2024-09-11,10:15:00,219
FV5532,Red Wings,2024-02-16,00:24:49,206
U6215,Nordwind,2024-12-02,22:38:53,177
UT1294,Ural Airlines,2025-04-15,03:13:01,254
UT521,Rossiya,2025-06-12,20:32:48,173
FV4250,Nordwind,2025-09-15,14:10:52,256
DP7204,Aeroflot,2025-02-27,07:46:41,46
DP8650,Nordwind,2025-01-25,20:58:38,153
N42577,Ural Airlines,2024-06-07,15:02:57,27
S78110,S7 Airlines,2024-02-06,10:04:23,143
UT3318,Utair,2025-04-18,01:36:54,225
S71219,Ural Airlines,2024-05-12,22:21:37,192
S73096,Pobeda,2024-04-20,15:58:02,144
FV7863,Pobeda,2024-08-19,11:23:13,139
WZ384,Aeroflot,2024-09-01,00:50:09,90
U67015,Red Wings,2025-03-02,12:07:16,280
U64066,Aeroflot,2025-09-16,18:09:47,129
UT2861,Nordwind,2025-03-26,02:54:33,141
FV2284,Utair,2024-11-26,22:00:08,201
N43994,Pobeda,2024-11-09,00:34:46,29
FV4383,Ural Airlines,2024-12-08,21:40:10,146
SU4625,Aeroflot,2024-07-28,14:12:28,60
S79451,Pobeda,2024-11-26,12:40:05,250
FV6750,Nordwind,2025-06-02,10:33:34,172
N47253,Red Wings,2025-10-01,04:42:57,176
DP8115,Red Wings,2025-11-12,00:54:52,173
S77567,Nordwind,2025-07-14,00:35:52,250
DP5765,Pobeda,2024-02-27,20:22:01,156
WZ9986,Rossiya,2024-02-08,18:48:33,93
N48439,Utair,2025-06-11,08:36:14,152
UT6215,Ural Airlines,2024-03-27,07:18:20,62
N44357,Ural Airlines,2025-02-08,14:17:39,153
UT4210,Ural Airlines,2025-10-21,10:19:45,141
SU5668,Aeroflot,2024-04-17,10:04:28,27
UT2421,Nordwind,2024-03-19,09:55:41,72
S79177,Nordwind,2024-12-01,03:17:58,198
SU1612,S7 Airlines,2024-04-27,09:33:58,207
WZ3617,Nordwind,2024-01-09,01:29:27,7
SU5424,Ural Airlines,2025-01-20,13:32:25,15
SU4206,Ural Airlines,2025-09-17,11:24:23,275
WZ2778,Utair,2024-11-11,03:38:36,141
U69696,S7 Airlines,2025-08-21,02:43:28,267
S73948,Pobeda,2024-12-05,19:24:34,267
S71777,Rossiya,2025-02-25,20:41:56,142
FV2894,Red Wings,2024-10-27,20:55:55,196
U63709,Utair,2024-05-03,03:51:50,266
UT7634,Rossiya,2025-12-28,17:44:34,23
UT5676,Utair,2024-02-01,09:47:29,292
WZ8412,Utair,2025-10-19,17:00:32,207
S75234,Utair,2025-01-13,19:59:05,154
FV1205,Rossiya,2025-10-05,14:09:36,117
FV9523,Rossiya,2024-10-26,23:02:29,79
U67977,Red Wings,2025-06-05,06:40:05,202
WZ2771,Red Wings,2025-04-09,20:13:22,43
FV3596,Pobeda,2024-12-27,05:09:34,79
N43814,Rossiya,2024-08-19,18:21:29,225
U66658,Nordwind,2025-03-07,20:36:50,157
U66403,Ural Airlines,2025-11-25,12:47:45,252
N48300,Aeroflot,2025-09-09,14:35:31,233
S77750,Ural Airlines,2024-06-25,15:39:03,289
N49650,Red Wings,2025-10-23,01:24:24,166
FV3778,Red Wings,2025-02-12,08:19:45,237
N48036,Nordwind,2025-06-05,12:38:09,192
DP6929,Aeroflot,2024-08-04,09:27:41,168
WZ9432,Utair,2024-08-23,20:31:15,109
N41822,S7 Airlines,2024-04-06,04:34:07,57
S74828,S7 Airlines,2025-09-21,02:10:46,276
N45191,Red Wings,2025-10-06,22:02:06,258
S73033,S7 Airlines,2024-08-12,17:10:55,85
N43948,Red Wings,2024-11-28,06:16:30,95
UT9375,S7 Airlines,2024-07-03,07:37:55,89
N49136,S7 Airlines,2024-09-26,07:02:18,34
FV9331,Pobeda,2025-02-03,00:12:07,165
S74111,Nordwind,2024-05-10,22:43:21,236
N44050,S7 Airlines,2025-01-18,00:52:37,274
UT2070,S7 Airlines,2024-09-05,01:16:08,70
WZ5954,Nordwind,2025-07-07,06:43:28,195
S78470,Ural Airlines,2025-11-13,10:25:00,90
WZ4203,Rossiya,2025-01-03,20:58:02,155
WZ4842,Pobeda,2024-11-06,04:02:28,103
S77849,Nordwind,2025-11-14,21:31:53,102
FV7505,Nordwind,2024-10-23,20:59:05,294
UT4640,Rossiya,2025-02-25,00:10:03,164
WZ4318,Red Wings,2024-01-22,05:18:37,89
U63557,Ural Airlines,2025-04-20,18:56:09,137
SU9659,S7 Airlines,2024-12-07,15:08:06,281
N4789,Ural Airlines,2025-01-15,03:36:41,193
S78623,Aeroflot,2024-02-15,00:42:04,24
N45334,Red Wings,2025-03-19,03:02:41,234
SU9748,Nordwind,2024-08-21,22:04:56,225
N44002,Rossiya,2025-06-17,18:40:06,201
U6982,Red Wings,2025-09-06,15:49:52,266
SU8517,S7 Airlines,2025-09-20,18:23:50,262
N43405,Aeroflot,2025-03-24,23:58:28,53
DP1754,Nordwind,2024-06-22,01:36:28,191
FV9462,Pobeda,2025-06-10,09:01:58,212
WZ7512,Rossiya,2025-05-09,06:59:10,107
WZ5745,Pobeda,2024-10-04,08:49:20,160
UT2836,Nordwind,2025-02-19,01:04:50,12
SU7905,Red Wings,2024-01-21,00:25:52,181
UT4917,S7 Airlines,2025-02-10,22:13:45,11
N41156,Aeroflot,2024-02-13,02:48:21,177
S76730,Ural Airlines,2025-10-19,16:37:12,291
N49912,Nordwind,2024-08-04,06:44:03,84
S74826,Pobeda,2025-02-08,10:25:26,91
FV4635,Rossiya,2024-10-27,15:39:22,4
FV8976,Ural Airlines,2025-05-12,07:46:58,282
N49346,Aeroflot,2024-01-18,10:17:30,261
DP791,Nordwind,2025-02-15,02:03:11,103
WZ8415,Pobeda,2024-07-21,07:48:47,156
FV7581,Rossiya,2025-04-25,20:14:32,225
UT3930,Rossiya,2025-01-24,08:26:55,4
WZ2127,S7 Airlines,2024-12-15,18:56:56,164
SU1201,Aeroflot,2025-07-25,00:30:57,18
WZ5207,Aeroflot,2025-09-04,13:46:57,190
N44335,S7 Airlines,2025-05-23,07:36:33,266
FV8814,Nordwind,2025-11-26,05:55:59,91
S72361,Nordwind,2024-08-10,02:21:08,177
SU730,Nordwind,2025-05-05,17:08:19,233
N41356,Red Wings,2025-06-15,16:25:46,283
N47793,Rossiya,2025-06-15,09:15:37,168
U63474,Rossiya,2025-09-27,12:20:14,101
U61058,Nordwind,2025-08-19,15:28:03,264
WZ9321,Rossiya,2024-05-01,05:07:07,99
UT5898,Rossiya,2025-01-13,18:09:51,194
N42056,Pobeda,2024-12-16,16:09:19,91
UT9927,Rossiya,2024-04-24,00:59:33,144
DP4649,S7 Airlines,2025-12-17,23:01:42,225
SU1290,Red Wings,2024-11-10,11:40:07,219
N49883,Ural Airlines,2024-05-11,13:18:09,120
N42542,Rossiya,2024-08-08,02:18:08,59
N46817,Red Wings,2025-01-22,22:16:42,159
U66611,S7 Airlines,2025-07-08,01:53:22,94
DP3442,Pobeda,2025-01-23,21:50:19,61
DP1905,Nordwind,2025-08-28,15:06:39,248
FV5349,Aeroflot,2025-04-01,17:41:51,45
S75386,Rossiya,2025-10-15,21:44:58,125
S78533,Ural Airlines,2024-11-28,12:09:39,133
DP9142,Ural Airlines,2025-11-28,10:27:23,257
SU6478,Pobeda,2024-09-07,00:30:57,264
UT990,Utair,2025-10-16,03:54:34,85
S77519,S7 Airlines,2025-06-22,23:10:49,21
FV8386,Aeroflot,2025-10-04,11:34:38,217
U63548,Ural Airlines,2024-05-21,03:02:17,295
UT5148,Ural Airlines,2024-05-10,01:08:32,258
S77689,Utair,2025-05-25,09:38:49,206
UT7580,Red Wings,2024-02-19,02:07:29,89
U6924,Ural Airlines,2024-07-12,18:55:01,113
S79682,Red Wings,2024-05-21,06:14:09,32
S72127,Aeroflot,2024-01-07,00:00:39,137
WZ3736,Rossiya,2024-02-25,03:03:15,146
WZ4296,Pobeda,2025-05-24,03:00:15,228
WZ8325,Ural Airlines,2025-12-15,23:07:20,127
DP8183,Pobeda,2024-09-01,14:11:19,167
FV3593,Rossiya,2025-10-17,17:26:20,70
U66025,Pobeda,2025-06-27,07:45:52,221
DP9382,Red Wings,2024-04-09,16:38:13,210
N44180,Utair,2025-07-04,21:41:10,292
SU7906,Red Wings,2025-07-22,19:19:07,38
SU1772,S7 Airlines,2024-09-06,04:34:55,144
WZ9458,Nordwind,2025-01-03,23:07:40,13
SU5792,Rossiya,2024-08-25,20:15:57,62
FV2106,Rossiya,2024-01-06,12:45:30,285
DP2232,Ural Airlines,2025-10-04,18:57:05,116
S79062,Nordwind,2024-09-09,20:48:48,107
DP2705,Rossiya,2024-12-24,13:39:39,196
UT8320,S7 Airlines,2025-06-22,10:33:15,157
N45448,Ural Airlines,2025-07-13,14:45:27,162
FV2218,Utair,2024-07-03,05:40:58,142
U68058,Utair,2025-11-13,10:40:47,267
SU3002,Red Wings,2025-02-03,19:14:21,21
WZ203,Aeroflot,2025-11-09,21:19:09,27
S7250,Utair,2024-12-07,09:32:58,278
WZ5058,Red Wings,2024-11-15,08:49:09,138
DP7637,Nordwind,2024-02-01,03:33:21,161
U64394,Nordwind,2024-04-28,13:38:50,86
UT773,Rossiya,2025-08-02,13:31:36,43
DP6486,S7 Airlines,2025-03-20,01:18:54,285
N45596,S7 Airlines,2024-03-14,11:04:27,280
DP1257,Nordwind,2024-02-20,14:34:40,73
DP4816,Pobeda,2025-04-27,03:59:36,135
N43250,Aeroflot,2025-10-16,06:55:09,119
N49563,S7 Airlines,2025-03-08,16:30:35,76
S78460,Aeroflot,2024-10-22,21:25:47,32
UT6775,Pobeda,2025-06-20,05:38:43,29
UT8776,Ural Airlines,2024-05-22,20:40:00,253
S77991,Aeroflot,2024-12-07,06:24:09,11
N46688,Pobeda,2024-11-28,12:04:28,199
S76689,Nordwind,2024-06-17,23:38:44,241
S79936,Utair,2024-04-06,19:38:11,103
FV2622,Rossiya,2025-09-06,11:34:53,22
S73623,Ural Airlines,2025-03-13,11:39:35,277
SU9681,Ural Airlines,2025-05-06,13:46:36,102
FV798,Ural Airlines,2025-12-19,19:24:11,196
N45095,Red Wings,2025-08-17,12:30:57,154
N41551,Nordwind,2024-07-20,09:06:26,130
U61256,Red Wings,2024-08-25,00:56:50,197
FV4771,Utair,2024-07-05,10:03:43,261
N41884,Aeroflot,2025-05-09,12:51:08,240
FV2732,Aeroflot,2024-03-07,05:31:16,112
S79624,Pobeda,2024-01-19,03:42:27,137
WZ5702,Red Wings,2025-11-18,11:54:37,83
N47886,Pobeda,2025-07-02,12:02:23,229
U63947,Ural Airlines,2024-11-05,16:38:39,260
N42114,S7 Airlines,2025-03-05,21:37:49,298
SU8257,Nordwind,2025-04-14,03:38:33,96
N41822,Utair,2025-06-07,01:10:58,277
N47985,S7 Airlines,2025-03-06,16:55:23,248
DP6972,Utair,2024-04-03,07:54:54,116
DP7013,Aeroflot,2024-09-07,14:25:06,138
WZ7980,S7 Airlines,2024-10-07,12:33:07,246
WZ8926,Aeroflot,2025-04-25,10:39:30,101
SU8567,Red Wings,2024-04-07,15:42:50,209
FV6808,S7 Airlines,2025-01-07,05:09:42,240
WZ5395,Utair,2025-08-28,23:37:19,136
SU6656,Rossiya,2025-07-22,04:54:41,197
N4532,Ural Airlines,2025-10-03,07:57:27,215
WZ3040,Nordwind,2025-08-18,07:04:39,141
DP4821,Utair,2025-01-05,17:30:48,199
DP2614,Rossiya,2025-09-27,02:28:56,248
WZ7675,Aeroflot,2025-05-02,21:21:38,274
WZ7366,Utair,2024-11-02,02:35:13,282
UT7497,Red Wings,2025-08-08,06:42:20,279
DP595,Pobeda,2025-01-04,11:51:11,27
U63381,Utair,2025-10-25,04:30:20,41
N49234,Nordwind,2024-04-01,14:47:33,271
WZ474,Red Wings,2025-11-12,18:17:03,61
FV1594,Utair,2024-03-14,18:32:13,209
WZ6782,Red Wings,2024-01-15,14:22:29,287
FV3291,S7 Airlines,2025-03-24,00:22:55,286
SU2329,Red Wings,2025-09-15,08:15:25,278
DP6628,Aeroflot,2024-11-19,01:21:45,114
SU8919,Aeroflot,2024-08-14,01:18:36,96
SU339,Nordwind,2024-05-12,15:06:01,212
U6232,Nordwind,2024-07-14,12:46:12,173
DP6667,Ural Airlines,2024-01-07,05:09:26,42
FV1580,Aeroflot,2024-04-14,11:25:18,199
S79081,S7 Airlines,2025-11-13,01:11:25,234
N44416,Ural Airlines,2024-10-17,11:12:42,113
S78944,S7 Airlines,2024-12-09,11:30:09,40
U62284,Red Wings,2025-09-11,08:46:24,69
DP2722,Utair,2025-12-18,10:43:38,10
DP2258,Rossiya,2025-02-10,11:26:24,189
DP3709,Utair,2025-12-25,06:06:04,90
WZ8699,Rossiya,2024-09-23,12:52:14,1
DP8645,Rossiya,2024-06-03,18:59:21,133
FV5297,Rossiya,2024-07-19,11:31:41,44
DP7745,Utair,2024-12-28,07:34:22,104
S7226,Rossiya,2025-11-12,09:45:11,99
U66705,S7 Airlines,2025-06-19,03:16:09,33
N44129,Aeroflot,2024-01-03,16:13:40,65
U67852,Pobeda,2025-10-24,17:48:11,82
WZ3608,Ural Airlines,2025-04-14,07:38:43,260
WZ1618,S7 Airlines,2024-08-18,09:38:38,73
WZ1980,Ural Airlines,2025-03-13,04:33:19,88
WZ3716,Aeroflot,2025-11-18,15:16:28,221
DP2104,Ural Airlines,2025-09-21,02:03:17,143
UT5323,Ural Airlines,2025-07-04,22:26:46,51
S72899,S7 Airlines,2025-11-16,05:21:08,88
S7583,Red Wings,2025-06-16,21:17:18,157
U6130,Utair,2025-11-15,04:16:12,54
DP7277,S7 Airlines,2025-02-01,18:01:27,65
N43358,Rossiya,2024-03-16,13:45:55,264
WZ7488,Ural Airlines,2024-05-28,14:14:28,27
S74136,Utair,2025-11-22,11:25:38,264
WZ633,Utair,2024-12-02,17:28:28,86
S74283,Nordwind,2025-03-10,16:50:20,21
S76072,Red Wings,2024-12-06,07:02:50,78
DP6982,Ural Airlines,2024-10-23,22:46:59,274
U61780,Pobeda,2025-03-24,21:23:48,241
U61560,Rossiya,2024-09-18,14:18:38,168
U68408,S7 Airlines,2024-02-24,03:24:28,68
DP1810,Red Wings,2025-07-26,11:58:12,2
DP4322,Pobeda,2025-05-12,00:13:40,177
SU4506,Aeroflot,2025-04-09,00:30:41,139
UT4963,Utair,2025-08-12,04:49:22,150
DP1544,Nordwind,2025-01-05,18:23:38,40
FV1052,S7 Airlines,2025-09-17,10:34:00,230
U61935,Utair,2025-06-12,18:55:13,276
U65622,S7 Airlines,2025-11-18,00:26:31,206
UT1315,Pobeda,2025-02-12,08:10:17,150
WZ2537,Nordwind,2024-12-04,09:19:59,1
FV7846,Ural Airlines,2024-07-13,17:28:24,218
UT4499,S7 Airlines,2024-05-17,05:03:37,250
WZ5093,Red Wings,2024-08-01,00:03:25,171
UT5888,Rossiya,2024-06-03,07:39:05,256
U65635,Rossiya,2025-09-05,22:26:16,134
S78614,Red Wings,2025-11-16,09:53:21,8
FV9347,Ural Airlines,2024-04-14,02:12:49,16
DP2364,Utair,2024-05-17,04:48:26,170
UT261,Utair,2025-01-18,06:03:53,265
SU6013,Nordwind,2025-02-15,04:46:59,47
SU579,Rossiya,2024-05-20,22:26:53,108
SU1107,S7 Airlines,2025-05-09,02:54:39,224
SU3328,Rossiya,2025-01-05,08:59:01,139
S75860,Pobeda,2025-02-25,05:48:39,155
FV2819,Utair,2025-12-13,07:17:32,16
WZ4660,Aeroflot,2024-03-20,02:57:53,48
SU9565,Nordwind,2024-10-04,09:49:59,180
S77660,S7 Airlines,2025-05-08,19:13:51,283
SU4912,S7 Airlines,2024-10-04,02:53:17,115
WZ5985,Pobeda,2025-02-27,23:41:32,77
UT9724,Rossiya,2025-01-07,04:39:07,41
DP8293,Nordwind,2025-06-21,06:09:01,200
SU585,Red Wings,2025-08-06,23:44:33,18
WZ7696,Nordwind,2024-11-09,20:11:58,10
UT4591,S7 Airlines,2024-09-19,00:29:31,220
UT3393,Aeroflot,2025-09-17,14:53:11,271
S74135,Red Wings,2025-02-13,05:49:44,15
UT6765,Ural Airlines,2025-07-21,19:16:28,21
UT4710,Utair,2024-07-13,21:41:55,280
S77860,Nordwind,2025-04-25,00:02:07,63
U68076,Ural Airlines,2024-12-13,05:14:55,22
N45968,Rossiya,2024-07-09,21:18:54,282
N42439,Ural Airlines,2025-11-17,09:56:54,78
N44567,Red Wings,2025-09-25,18:58:37,195
WZ2421,Rossiya,2024-12-20,07:13:53,120
WZ6518,Ural Airlines,2024-12-22,07:28:19,84
FV3562,Utair,2025-11-24,04:01:28,147
UT2907,Utair,2025-04-02,00:16:15,148
WZ4024,Rossiya,2024-10-17,13:17:39,186
N47905,Rossiya,2024-02-04,05:34:18,251
UT2508,Rossiya,2024-05-15,12:14:55,258
SU1744,Nordwind,2024-02-27,17:02:30,62
UT8684,Red Wings,2024-12-18,10:25:27,53
N42018,Ural Airlines,2025-02-12,03:43:57,17
S74580,Utair,2024-09-15,05:24:51,227
WZ7133,Red Wings,2025-09-14,20:14:18,64
UT5851,Nordwind,2025-10-19,14:13:13,234
SU2677,Pobeda,2024-11-09,17:45:25,21
UT8776,Aeroflot,2024-05-20,08:00:59,25
UT1510,Utair,2024-03-19,14:21:18,264
U62077,Ural Airlines,2024-12-13,06:02:35,143
U69163,S7 Airlines,2025-01-27,01:12:03,268
WZ9380,Rossiya,2025-12-27,09:05:02,288
SU7388,Rossiya,2024-08-15,08:02:51,282
UT9996,Rossiya,2025-08-21,02:36:20,169
SU6855,Nordwind,2025-02-17,07:10:39,4
N43362,Ural Airlines,2025-04-02,04:28:20,211
WZ2816,S7 Airlines,2024-07-13,00:14:43,59
S79041,Nordwind,2024-06-08,12:13:20,96
SU8555,Ural Airlines,2025-09-25,13:00:27,74
DP6162,Pobeda,2024-10-25,10:33:57,61
SU3295,Pobeda,2024-05-12,15:46:33,247
FV8709,S7 Airlines,2025-06-17,11:26:45,275
DP2565,Nordwind,2024-04-24,18:40:36,232
UT8192,Nordwind,2024-10-17,01:28:04,154
WZ9941,Ural Airlines,2025-08-02,07:12:15,13
DP2081,Red Wings,2024-04-10,02:40:07,177
DP9366,Red Wings,2025-10-12,19:04:32,22
WZ4105,Ural Airlines,2025-06-13,09:50:01,85
FV5121,S7 Airlines,2024-02-15,05:55:32,284
N46011,S7 Airlines,2025-01-23,01:03:58,66
S77441,Rossiya,2024-02-19,01:05:00,56
U64568,Utair,2024-08-23,05:36:02,54
SU586,Rossiya,2025-07-11,14:41:36,291
UT3608,Rossiya,2024-06-23,02:41:47,203
N46033,Utair,2024-11-25,15:48:45,165
FV2129,Utair,2024-11-28,23:26:53,271
UT7558,Utair,2024-08-11,14:14:25,287
WZ6541,Rossiya,2025-10-28,18:50:29,226
FV3350,Ural Airlines,2024-06-14,06:56:29,193
FV9063,Utair,2025-05-10,15:21:29,110
WZ2373,Pobeda,2025-05-05,12:58:52,215
FV2586,Ural Airlines,2025-11-04,02:24:19,67
S77605,Utair,2025-01-01,04:14:23,219
FV1781,Nordwind,2024-08-13,18:10:51,104
S79467,Nordwind,2025-10-15,10:50:10,28
UT8657,Pobeda,2025-05-21,02:42:56,261
WZ2728,S7 Airlines,2025-03-20,23:14:47,149
UT1055,Rossiya,2025-03-25,03:35:23,56
DP1740,Rossiya,2025-04-23,23:28:27,121
DP4051,Aeroflot,2024-03-07,20:36:48,242
UT8578,Red Wings,2024-05-21,18:34:52,237
SU2243,Ural Airlines,2025-03-03,09:55:47,275
FV6120,S7 Airlines,2025-09-05,10:50:50,270
DP8558,Pobeda,2024-10-10,16:43:58,23
N49216,Red Wings,2024-04-01,18:46:43,8
DP7260,Ural Airlines,2024-09-28,20:59:17,126
U69364,Utair,2024-07-27,18:36:29,47
DP3196,S7 Airlines,2024-09-25,02:34:27,221
FV7730,Utair,2025-05-02,09:53:42,242
SU7306,Utair,2025-08-04,14:22:05,33
UT3691,Pobeda,2024-01-01,10:45:08,58
S71966,Aeroflot,2025-12-01,22:53:19,53
FV7972,Ural Airlines,2025-05-18,21:44:45,220
SU6977,Nordwind,2025-04-15,12:27:41,10
U61263,Rossiya,2024-06-21,17:53:32,299
N49752,Aeroflot,2024-08-21,16:51:25,84
DP3994,Red Wings,2025-05-16,07:16:41,82
DP403,Pobeda,2024-01-27,04:28:02,208
DP6612,Pobeda,2024-07-24,23:56:37,195
N45027,Nordwind,2024-05-03,19:36:17,184
WZ956,Ural Airlines,2025-12-15,15:36:24,169
N48076,Aeroflot,2024-09-05,21:08:10,75
DP2962,Aeroflot,2024-06-02,20:28:31,176
FV1824,Nordwind,2024-06-17,13:18:29,267
WZ2852,Nordwind,2025-06-23,21:56:42,42
FV5996,Rossiya,2024-02-22,14:02:16,90
WZ689,Nordwind,2024-06-27,06:13:00,142
U64294,Aeroflot,2024-07-06,17:11:40,78
U62663,Ural Airlines,2024-08-17,22:56:32,225
WZ4882,Red Wings,2025-12-01,13:50:53,124
FV6867,Aeroflot,2025-08-18,19:40:17,225
S74144,S7 Airlines,2025-05-03,09:45:20,149
S76902,Utair,2025-08-09,02:54:27,180
U66769,Pobeda,2024-02-11,11:38:29,156
UT3852,Aeroflot,2025-10-18,20:04:14,46
SU3640,Pobeda,2025-10-26,02:02:02,250
S76133,Ural Airlines,2025-06-17,17:06:57,284
SU8524,Pobeda,2025-07-26,14:03:27,183
N49768,Rossiya,2025-04-24,23:57:30,259
U64607,Red Wings,2025-04-28,18:24:04,144
UT615,Aeroflot,2025-08-04,02:48:26,135
N45041,Ural Airlines,2025-09-28,03:36:09,189
DP6416,S7 Airlines,2024-12-11,01:17:27,56
SU9962,Red Wings,2025-04-14,05:35:09,114
WZ7005,Nordwind,2024-01-09,11:51:41,196
S7498,Pobeda,2024-11-15,01:13:26,94
U6199,S7 Airlines,2025-12-26,03:17:38,277
WZ6217,Rossiya,2024-06-11,14:24:37,66
FV9192,Rossiya,2025-10-03,00:19:57,149
S78174,Aeroflot,2024-11-14,11:42:34,283
UT5162,Rossiya,2024-05-01,20:33:42,213
S75685,Nordwind,2024-10-27,05:31:43,132
U62880,Rossiya,2025-04-24,00:48:58,201
DP5652,S7 Airlines,2025-08-22,04:05:06,38
WZ1236,Rossiya,2024-12-14,03:51:50,77
SU7818,Red Wings,2025-11-28,13:28:56,178
WZ5186,Rossiya,2025-03-09,02:32:45,242
FV3398,Utair,2024-10-09,22:25:25,200
N49694,Nordwind,2025-01-21,19:40:44,145
U65599,Utair,2024-06-09,09:44:10,290
U69273,Aeroflot,2024-09-12,09:10:30,293
SU6142,Ural Airlines,2024-10-28,08:02:10,124
N42458,Rossiya,2024-12-03,21:29:29,197
SU2445,Red Wings,2024-08-19,13:55:17,201
U67474,Utair,2024-12-14,09:24:54,186
UT3240,Utair,2024-06-06,14:05:16,10
N49723,Rossiya,2024-08-18,12:55:52,163
U66492,Utair,2025-02-03,17:42:47,5
FV5494,Utair,2024-11-14,23:52:53,18
UT2688,Ural Airlines,2024-07-17,09:10:30,210
FV5914,Pobeda,2025-03-12,18:35:22,102
U67464,Aeroflot,2025-11-13,18:17:07,116
SU764,Utair,2025-03-28,14:31:24,61
S79238,Red Wings,2024-09-17,13:04:47,215
S76320,Ural Airlines,2024-09-24,03:15:26,156
DP2262,Ural Airlines,2024-02-01,13:44:42,116
DP9152,Ural Airlines,2024-05-04,00:50:28,219
SU1053,Ural Airlines,2024-07-03,02:56:01,163
UT369,Nordwind,2024-10-05,03:28:00,110
N43117,Aeroflot,2024-12-26,20:09:12,188
SU9135,Red Wings,2024-09-21,03:21:53,288
N42188,Nordwind,2024-09-13,20:25:27,271
U65311,Rossiya,2024-01-11,09:30:55,270
N43301,Rossiya,2024-05-16,17:30:56,57
WZ5863,Nordwind,2024-12-06,05:51:04,185
UT1406,Rossiya,2025-11-20,15:59:50,27
S71077,Nordwind,2025-06-22,12:20:50,192
S71048,Utair,2025-03-26,19:59:09,195
FV4655,Utair,2024-11-10,11:47:37,241
SU5284,S7 Airlines,2024-10-26,08:09:33,66
N46338,Aeroflot,2024-08-21,08:39:05,56
SU8630,S7 Airlines,2024-10-22,01:30:06,256
DP1781,Nordwind,2025-08-05,19:56:09,8
U66720,Rossiya,2025-04-27,09:46:18,118
WZ1701,Aeroflot,2024-03-16,11:09:27,74
S73122,Red Wings,2024-12-01,03:35:26,298
U64571,Red Wings,2024-06-28,09:54:45,168
UT3026,Utair,2024-09-18,10:02:19,118
N47701,Utair,2024-09-07,01:34:01,75
SU1193,S7 Airlines,2024-04-01,23:26:36,9
UT3804,Nordwind,2024-10-21,13:15:12,242
UT6516,Pobeda,2024-10-21,22:22:23,16
UT9348,Aeroflot,2024-04-02,09:30:12,231
N46918,Nordwind,2024-03-21,09:43:28,178
SU7292,S7 Airlines,2024-05-03,02:41:08,98
N45928,Pobeda,2024-10-09,09:17:20,222
S73672,Rossiya,2025-06-07,02:58:55,192
SU3831,Rossiya,2024-04-21,22:46:42,191
UT8658,Aeroflot,2024-06-06,16:29:00,13
U67147,Red Wings,2025-02-11,00:30:58,134
U62147,Red Wings,2025-02-21,01:59:44,255
FV213,Rossiya,2024-02-06,16:59:26,214
WZ8361,Red Wings,2025-03-10,08:30:00,80
S7864,Pobeda,2024-04-10,17:09:25,262
WZ3946,Red Wings,2024-09-11,01:28:50,234
FV1997,Ural Airlines,2024-07-02,09:58:41,161
U64854,Aeroflot,2024-02-03,21:10:14,169
N4561,Nordwind,2025-09-06,17:26:38,255
DP9875,Rossiya,2025-04-10,10:46:04,182
FV610,S7 Airlines,2024-06-11,09:55:21,191
FV6727,Ural Airlines,2025-02-15,21:20:21,214
N4660,Rossiya,2025-10-01,05:01:03,134
N43408,Pobeda,2025-09-24,07:54:19,54
DP9407,Aeroflot,2025-03-10,16:32:25,127
FV422,Nordwind,2025-08-08,22:41:18,188
U61106,Aeroflot,2024-11-07,02:13:05,82
S72564,Pobeda,2025-06-27,03:47:17,189
WZ1077,S7 Airlines,2024-02-27,06:28:21,291
U64187,Red Wings,2025-06-25,23:52:05,33
UT4934,Red Wings,2024-06-14,10:50:42,129
SU3666,Utair,2025-10-24,03:42:16,270
WZ5012,Red Wings,2024-06-19,17:04:31,140
WZ3839,Aeroflot,2025-04-07,17:11:27,195
SU8537,Utair,2024-10-21,04:01:07,299
UT5158,Nordwind,2025-09-19,06:35:32,159
N49092,Red Wings,2024-01-03,21:45:24,9
N44673,Aeroflot,2025-04-02,10:37:35,57
FV7536,Utair,2025-10-04,00:21:04,187
WZ2129,Ural Airlines,2024-07-14,02:10:48,101
S78325,S7 Airlines,2025-07-20,18:28:26,38
N44792,Rossiya,2025-06-23,23:41:53,115
DP9828,Aeroflot,2024-08-20,23:57:45,75
U63111,Pobeda,2024-04-08,21:00:52,117
U69323,Nordwind,2025-02-13,12:43:23,173
SU4263,Aeroflot,2024-09-01,00:44:59,115
U67303,Ural Airlines,2024-01-27,07:00:39,204
WZ7791,Pobeda,2024-07-18,08:16:14,31
U69300,Nordwind,2024-12-17,03:49:24,179
N48205,Nordwind,2024-12-28,02:51:44,262
DP5723,Red Wings,2025-07-01,02:48:46,101
SU7339,Aeroflot,2024-10-15,03:17:37,238
DP7583,Nordwind,2025-02-13,20:50:54,79
DP503,Pobeda,2025-10-27,23:12:55,67
N47030,Rossiya,2024-11-07,10:51:54,235
WZ7971,S7 Airlines,2024-11-02,00:51:52,160
N46357,Red Wings,2024-05-02,18:11:39,145
N42088,Aeroflot,2025-04-02,17:36:28,169
S71797,Utair,2024-01-05,16:27:53,257
UT9146,Ural Airlines,2024-05-13,00:07:21,221
S72580,S7 Airlines,2025-10-11,16:24:51,298
WZ6559,Aeroflot,2025-04-11,02:00:19,282
N43803,Red Wings,2024-05-02,17:02:06,96
S71734,Red Wings,2024-06-21,12:01:44,228
N4924,Utair,2025-06-18,08:20:07,236
N47959,Nordwind,2025-10-07,10:10:15,66
UT513,Rossiya,2025-07-10,14:34:48,170
WZ1927,Rossiya,2024-02-24,01:38:57,70
U68781,Rossiya,2024-10-18,18:58:24,165
N44474,S7 Airlines,2025-09-22,03:07:48,52
WZ3035,Pobeda,2025-05-28,06:41:14,251
SU3379,Aeroflot,2025-06-14,13:37:22,123
FV8540,Red Wings,2024-06-02,13:49:22,79
S76090,Red Wings,2024-10-21,19:52:33,233
SU2425,Utair,2024-12-05,23:51:17,53
SU7954,Aeroflot,2024-04-17,05:44:06,81
FV5334,Aeroflot,2024-06-03,03:38:48,153
SU1549,Red Wings,2025-08-15,19:38:40,193
UT339,Ural Airlines,2024-06-21,02:11:54,120
S71686,Ural Airlines,2024-12-17,18:44:55,14
SU1289,S7 Airlines,2024-03-07,05:33:27,5
SU4273,S7 Airlines,2024-03-01,21:22:34,105
N45814,Aeroflot,2025-08-09,13:35:22,299
S74699,Ural Airlines,2024-11-09,10:16:02,245
S76342,Nordwind,2024-02-16,07:10:31,11
WZ7142,Pobeda,2025-03-18,16:38:18,258
S7323,S7 Airlines,2025-07-05,11:44:18,152
FV276,Utair,2024-12-26,18:01:19,263
UT7869,Red Wings,2024-09-19,18:11:48,195
UT6395,Red Wings,2024-11-21,04:15:05,235
S78794,Aeroflot,2025-03-19,13:35:08,124
SU8672,Ural Airlines,2024-07-03,04:20:02,263
U66616,Pobeda,2024-10-13,08:47:28,135
FV9213,Ural Airlines,2025-06-06,22:20:19,197
WZ5315,Aeroflot,2024-11-27,16:09:33,0
S73574,Aeroflot,2024-06-18,13:52:00,185
SU6851,Rossiya,2025-07-10,19:06:39,97
DP2767,S7 Airlines,2024-12-02,06:52:10,141
WZ1302,Red Wings,2025-04-28,19:10:14,123
FV9183,Nordwind,2024-09-23,01:40:24,150
S77544,Utair,2025-11-01,09:58:08,105
DP1164,Ural Airlines,2024-10-12,06:22:56,272
N46008,S7 Airlines,2025-02-06,17:48:39,246
WZ9460,S7 Airlines,2025-04-11,07:55:53,110
UT8814,Utair,2024-10-18,05:17:14,13
UT7683,Rossiya,2024-07-18,19:58:06,299
SU1838,Red Wings,2025-03-17,21:33:32,87
N48848,Rossiya,2024-05-26,18:25:49,13
U67637,S7 Airlines,2024-08-20,16:13:00,121
FV9923,Aeroflot,2024-01-11,05:20:34,170
UT6506,Ural Airlines,2025-01-17,02:29:24,258
FV1138,Rossiya,2024-02-18,00:41:22,232
FV9528,Red Wings,2024-11-10,18:18:07,229
DP6646,Rossiya,2025-06-06,01:22:19,49
N41083,Utair,2024-05-03,12:35:34,30
WZ9655,Rossiya,2025-04-18,07:18:19,231
SU5902,Red Wings,2024-05-20,14:14:04,27
S7725,Aeroflot,2024-09-09,07:14:41,221
SU3945,Aeroflot,2025-02-13,22:57:02,12
U63227,Utair,2024-04-28,05:08:25,32
S73393,Red Wings,2025-12-20,13:40:36,157
FV5991,Red Wings,2024-11-24,08:49:46,211
FV6139,Ural Airlines,2025-02-03,20:40:46,75
SU9984,Aeroflot,2024-10-26,00:54:17,82
UT7032,S7 Airlines,2025-12-09,22:51:53,69
UT5380,Ural Airlines,2024-06-09,16:08:00,180
U68158,Rossiya,2024-10-05,14:43:12,228
U62207,Red Wings,2025-05-08,05:29:10,244
DP1387,Utair,2024-04-19,04:13:42,175
DP3024,Aeroflot,2024-03-12,01:36:14,108
SU5021,Pobeda,2025-12-20,15:17:27,295
U69189,Nordwind,2025-05-02,15:23:31,211
U63825,Pobeda,2024-09-07,10:42:59,232
N41576,Red Wings,2025-11-24,18:04:07,41
UT3975,Red Wings,2024-09-27,07:18:26,266
N48194,Aeroflot,2024-02-08,01:23:48,153
DP9859,Aeroflot,2025-08-10,04:51:00,7
DP286,Pobeda,2025-06-11,13:37:09,84
DP1349,Rossiya,2024-01-14,15:28:57,298
UT3880,Utair,2025-06-01,07:17:11,136
U65913,Pobeda,2025-01-13,22:33:08,258
WZ3459,Nordwind,2024-05-22,17:04:11,61
FV9050,Ural Airlines,2024-11-03,12:17:08,217
SU6386,Pobeda,2025-07-15,08:14:57,172
FV3823,Rossiya,2024-08-03,21:08:03,246
U68234,Red Wings,2024-03-27,07:36:46,160
N45368,Red Wings,2025-09-21,07:34:25,202
N4658,Pobeda,2025-03-11,02:36:28,3
N49391,Pobeda,2025-03-22,11:51:44,25
U69704,Aeroflot,2024-05-15,08:22:53,91
S77413,Red Wings,2024-10-04,07:14:48,299
U66679,Rossiya,2025-03-21,17:21:51,238
SU6571,S7 Airlines,2025-01-20,06:41:21,169
U61562,Ural Airlines,2025-03-25,00:27:34,104
UT3371,Aeroflot,2025-03-08,01:33:43,50
SU4986,Pobeda,2024-06-04,15:57:37,34
N48180,Ural Airlines,2024-09-26,18:51:42,85
UT8866,S7 Airlines,2024-01-12,20:04:38,180
S7760,S7 Airlines,2025-07-04,21:45:32,74
SU5940,Utair,2025-12-17,12:44:44,263
N45337,S7 Airlines,2024-08-10,05:45:47,134
SU7363,Aeroflot,2024-11-10,11:07:23,119
SU1531,Utair,2024-01-25,12:39:15,27
U66938,Rossiya,2024-09-24,01:49:24,20
FV8636,Aeroflot,2024-12-11,08:10:53,77
UT4459,Ural Airlines,2024-09-01,21:00:53,67
S74059,Nordwind,2025-08-04,06:47:18,190
U68004,Rossiya,2025-05-02,00:44:22,213
SU8367,Utair,2025-08-16,05:41:14,19
S78582,Utair,2025-05-05,14:52:26,235
S73925,Red Wings,2025-03-15,02:55:21,105
DP5591,Utair,2025-01-18,23:39:06,259
UT1253,Rossiya,2024-11-15,16:14:09,114
S72240,Red Wings,2024-01-10,04:06:27,158
WZ4416,Utair,2025-03-13,18:40:38,188
N4189,Utair,2024-11-24,22:28:49,16
N46035,Ural Airlines,2024-06-20,23:46:55,198
S78382,Aeroflot,2024-08-22,12:41:43,12
DP2158,S7 Airlines,2025-01-19,05:48:08,200
U61895,Red Wings,2024-07-13,23:27:25,141
U69061,Red Wings,2024-10-27,11:59:47,111
S78810,Ural Airlines,2025-04-13,00:41:12,222
N47360,Ural Airlines,2024-06-23,21:39:09,92
SU2700,Ural Airlines,2024-07-20,19:35:29,40
SU9192,Red Wings,2025-04-26,04:11:58,15
U69432,Ural Airlines,2024-09-05,06:42:35,185
FV4726,Red Wings,2024-06-25,10:41:02,52
S71756,Red Wings,2025-10-11,04:34:13,238
N49963,Ural Airlines,2025-12-03,23:31:16,200
WZ6994,Ural Airlines,2025-06-04,09:49:18,133
FV3158,S7 Airlines,2025-02-11,12:41:21,210
S77859,Nordwind,2024-07-18,14:15:04,207
DP2647,Red Wings,2024-06-25,01:23:37,71
DP199,Pobeda,2025-09-12,07:03:45,256
U66242,Red Wings,2024-10-21,13:58:35,221
U61751,Nordwind,2024-10-05,11:40:59,6
DP2476,Red Wings,2024-09-18,22:10:27,283
UT2426,Aeroflot,2024-08-23,11:03:37,189
FV2455,Rossiya,2024-07-08,12:49:10,110
DP9852,Nordwind,2024-04-06,03:37:54,182
UT8814,Aeroflot,2024-02-01,05:55:47,158
U61631,S7 Airlines,2024-07-20,17:38:06,239
WZ5089,Utair,2025-02-10,15:03:38,15
DP5863,Utair,2025-03-28,10:43:56,184
DP8458,Ural Airlines,2025-11-22,01:24:01,82
FV9006,S7 Airlines,2025-04-18,14:58:30,40
DP6325,S7 Airlines,2024-03-16,20:41:21,96
FV4374,Utair,2024-03-03,15:13:28,264
N46380,Red Wings,2024-07-20,04:53:47,135
N41681,Ural Airlines,2024-06-08,05:24:29,139
SU9835,Aeroflot,2025-01-23,12:18:41,187
UT9716,Aeroflot,2024-02-24,23:58:32,144
WZ4400,Pobeda,2024-10-17,06:44:59,96
S74869,Ural Airlines,2024-08-14,21:43:54,176
DP9111,Nordwind,2025-09-07,08:39:53,17
SU1530,Rossiya,2024-12-14,03:30:51,101
UT8441,Pobeda,2025-07-27,00:54:34,126
FV6221,Pobeda,2024-05-26,15:58:16,212
N48855,Aeroflot,2025-03-28,12:52:03,162
U66059,S7 Airlines,2024-10-23,17:38:13,241
WZ966,Red Wings,2025-04-05,14:20:23,189
WZ7172,S7 Airlines,2025-11-28,18:35:47,17
U69678,Nordwind,2025-07-10,23:12:26,174
UT3251,Pobeda,2025-12-21,21:34:33,103
FV1277,Utair,2024-02-16,06:24:15,246
WZ5677,Pobeda,2025-06-03,06:28:55,33
U6874,Utair,2024-07-22,14:54:23,75
SU5257,Red Wings,2025-05-15,13:14:15,234
DP8418,Rossiya,2025-10-17,05:53:47,220
UT7446,Pobeda,2025-02-26,16:29:39,15
UT7510,Rossiya,2024-08-08,19:21:39,181
U6844,Aeroflot,2024-10-17,10:59:33,93
UT9664,Rossiya,2025-11-28,22:19:17,286
DP4648,Rossiya,2024-01-01,02:47:20,28
N49648,Utair,2025-04-25,18:08:48,182
U68229,Nordwind,2025-08-13,06:15:31,217
UT9583,Red Wings,2025-12-28,20:08:04,192
SU2778,Red Wings,2025-12-15,07:58:37,142
WZ3793,Utair,2024-04-15,12:13:41,47
WZ4860,Aeroflot,2024-05-21,06:56:15,283
U63152,Nordwind,2025-06-19,13:35:07,267
U63459,Pobeda,2024-01-02,23:45:39,127
WZ5357,Utair,2024-10-07,22:50:47,242
SU2029,Pobeda,2024-01-14,11:27:02,91
U63612,Ural Airlines,2025-02-11,17:44:02,199
DP9382,Utair,2024-05-20,04:39:28,66
S73147,S7 Airlines,2025-01-22,10:24:52,59
SU9701,S7 Airlines,2025-08-27,09:41:35,100
FV818,Rossiya,2025-09-22,20:35:01,22
U67805,Rossiya,2025-10-09,00:47:26,234
U67156,Ural Airlines,2024-02-16,17:07:12,245
SU1093,S7 Airlines,2024-07-05,09:12:18,67
UT4026,Red Wings,2024-09-01,00:01:12,33
UT5095,Utair,2024-04-20,02:24:43,8
S79394,S7 Airlines,2024-08-05,23:19:24,284
DP5577,Rossiya,2024-09-19,11:46:21,193
S7787,Aeroflot,2024-09-05,11:16:15,297
FV4706,Pobeda,2025-11-27,21:28:28,273
WZ7717,Ural Airlines,2024-12-02,16:57:38,295
N47068,Ural Airlines,2025-05-07,08:29:03,90
S72492,Nordwind,2025-09-24,08:21:41,87
DP4052,Pobeda,2025-09-09,14:24:49,20
UT7883,Nordwind,2025-01-03,18:59:59,47
N41058,Aeroflot,2024-04-10,06:18:16,7
WZ2038,Red Wings,2024-10-28,04:35:12,2
FV7255,Red Wings,2025-01-17,14:15:35,93
S71146,Pobeda,2024-01-20,16:24:21,271
UT3404,Utair,2025-01-09,22:10:02,177
DP553,S7 Airlines,2025-05-07,21:09:43,229
WZ5009,Pobeda,2024-06-15,04:49:02,224
DP832,Aeroflot,2024-10-26,02:34:14,200
WZ8650,Rossiya,2024-01-28,03:48:01,175
SU8636,Aeroflot,2025-06-12,11:02:13,30
U64248,S7 Airlines,2024-01-03,16:53:22,187
S7444,Utair,2025-02-04,11:56:17,288
N46966,Nordwind,2025-10-02,09:04:33,69
SU4586,Utair,2024-07-27,17:57:26,177
WZ8246,Red Wings,2024-10-15,21:26:56,204
UT470,S7 Airlines,2025-08-05,07:29:31,118
DP6416,Pobeda,2024-04-07,11:29:02,279
UT4839,Rossiya,2025-12-22,20:51:27,17
S74319,Nordwind,2025-11-06,04:33:51,169
FV2812,Pobeda,2025-03-28,04:49:23,286
U61547,Aeroflot,2024-11-04,15:41:22,92
UT524,Utair,2025-08-24,23:52:26,271
U64475,Rossiya,2025-10-18,06:22:49,146
N45583,Red Wings,2025-08-07,04:44:44,171
DP7571,Rossiya,2025-12-25,10:21:10,258
WZ5070,Red Wings,2024-05-08,15:17:53,277
SU2196,Rossiya,2024-02-02,01:35:40,232
FV5359,Red Wings,2025-07-28,00:47:13,208
S79992,Aeroflot,2024-05-19,19:33:06,275
SU9086,Utair,2025-12-07,09:10:40,136
U66666,Rossiya,2025-07-11,18:14:16,286
N4470,Ural Airlines,2024-04-10,10:59:14,269
SU9472,S7 Airlines,2025-11-10,06:59:47,221
N43277,Aeroflot,2025-08-21,06:31:00,243
DP4045,Ural Airlines,2025-04-25,12:43:26,132
S73012,Aeroflot,2024-05-06,21:58:05,273
SU5330,Utair,2025-09-07,12:39:05,14
WZ4961,Aeroflot,2025-09-10,09:49:26,235
S75453,Utair,2024-08-11,12:56:17,118
S79093,Ural Airlines,2025-10-11,22:59:04,245
S78255,Rossiya,2025-09-01,06:55:06,109
UT8064,Nordwind,2025-01-03,07:45:35,39
S78781,Nordwind,2025-02-23,10:14:06,297
WZ4122,Nordwind,2024-03-27,06:04:17,77
SU7266,Rossiya,2025-03-25,04:43:41,280
FV4050,Utair,2024-03-01,03:27:02,148
FV2837,Rossiya,2024-04-27,14:41:55,194
FV6513,Pobeda,2025-09-19,20:25:42,14
UT7710,Utair,2024-04-26,16:42:19,20
SU4956,Ural Airlines,2025-05-01,13:46:28,245
FV3540,S7 Airlines,2024-02-11,07:18:08,254
WZ7277,S7 Airlines,2024-04-03,21:21:14,53
DP7137,S7 Airlines,2024-05-26,15:53:06,74
UT8491,Utair,2024-09-05,12:49:57,295
S78913,Nordwind,2025-02-08,06:16:42,218
WZ3274,Utair,2025-02-20,20:06:35,107
S76836,Utair,2025-06-18,04:13:33,179
FV834,Ural Airlines,2025-02-11,06:09:17,282
SU105,Aeroflot,2025-04-12,00:34:11,234
U65749,Rossiya,2024-05-25,10:35:18,56
WZ1121,Nordwind,2025-09-03,10:51:04,146
DP5240,Nordwind,2024-04-20,20:49:35,220
U66179,S7 Airlines,2025-03-27,09:17:50,94
S76828,Nordwind,2025-04-18,05:43:03,278
S73793,Red Wings,2024-01-01,00:33:17,187
N49414,Aeroflot,2024-09-28,12:36:00,109
FV171,Nordwind,2025-01-06,00:14:49,21
WZ8763,S7 Airlines,2025-12-06,06:41:31,192
SU101,S7 Airlines,2024-09-25,07:49:44,58
N47305,S7 Airlines,2024-10-26,05:16:50,76
SU4614,Pobeda,2025-07-08,06:29:23,243
DP9695,Aeroflot,2025-10-03,12:12:09,60
N41057,Aeroflot,2024-02-08,07:39:15,226
S7821,Red Wings,2025-07-01,14:30:37,240
S73898,Red Wings,2024-07-15,07:01:00,13
SU8024,Rossiya,2024-11-02,22:45:55,36
DP7523,Rossiya,2024-07-07,22:15:08,125
U63747,Aeroflot,2024-12-24,21:09:39,292
S73614,Ural Airlines,2024-09-26,03:33:43,90
FV1781,Nordwind,2025-02-24,02:37:00,116
SU728,Nordwind,2025-12-09,22:32:33,31
N44130,S7 Airlines,2024-09-28,18:32:50,238
FV4916,Nordwind,2024-07-25,09:03:42,146
N48092,Aeroflot,2025-08-25,11:42:41,133
S71819,Rossiya,2025-11-16,01:31:56,229
FV5318,Ural Airlines,2025-09-25,01:03:49,59
UT6626,Utair,2024-11-25,11:12:12,291
U66099,Utair,2025-01-13,11:44:43,103
UT2642,Aeroflot,2024-08-14,14:16:22,216
N45739,Rossiya,2025-10-20,22:43:21,138
N43491,Ural Airlines,2024-04-22,16:41:24,121
WZ526,Aeroflot,2024-07-01,22:40:05,97
FV2761,Rossiya,2024-04-17,12:05:44,245
U66318,Rossiya,2025-12-03,00:26:57,60
N47381,S7 Airlines,2024-08-28,14:04:58,168
FV3787,Aeroflot,2024-07-03,03:21:52,11
FV2461,Rossiya,2024-10-12,11:56:33,226
SU1396,Rossiya,2025-10-24,14:46:14,252
N43404,Rossiya,2025-12-19,00:34:31,274
UT3585,Aeroflot,2024-05-11,09:06:58,85
N48191,Ural Airlines,2024-02-07,08:42:20,46
FV3199,Ural Airlines,2024-08-28,18:09:13,47
DP8014,Aeroflot,2025-08-21,07:01:59,139
N46861,Nordwind,2025-11-21,08:27:07,141
FV1962,Nordwind,2024-07-01,05:33:39,85
N48572,Pobeda,2024-07-23,21:06:23,179
SU6255,Red Wings,2025-03-13,17:43:20,224
U61694,Pobeda,2025-06-06,10:13:06,164
S73672,Pobeda,2024-07-25,03:22:59,254
N46028,S7 Airlines,2024-01-18,09:04:39,54
FV9942,Pobeda,2025-04-18,00:19:48,193
S71736,Aeroflot,2025-10-03,20:37:09,13
DP1817,S7 Airlines,2024-03-07,17:12:21,159
N4774,Rossiya,2025-04-05,10:47:57,215
WZ2899,Nordwind,2025-05-21,07:10:13,154
DP8770,Red Wings,2024-09-23,22:42:43,162
S73355,Aeroflot,2024-05-11,23:27:30,96
U63891,S7 Airlines,2025-03-01,18:53:58,69
FV922,Nordwind,2024-09-03,19:42:26,181
U67975,Aeroflot,2025-09-19,00:46:52,140
SU3537,S7 Airlines,2024-08-12,07:34:14,214
SU629,Red Wings,2024-12-24,10:02:20,158
WZ5857,Pobeda,2025-05-05,20:38:52,291
DP9687,Ural Airlines,2025-03-28,12:10:08,223
U69487,Rossiya,2024-12-25,14:41:27,165
DP3885,Utair,2024-01-20,19:51:19,225
SU7339,Ural Airlines,2025-04-05,00:15:12,56
WZ6655,Utair,2024-08-26,06:57:57,51
N4455,Utair,2025-06-16,06:00:32,252
S76887,Red Wings,2025-08-09,23:24:33,127
S74995,Pobeda,2024-04-24,23:00:01,212
N49293,S7 Airlines,2025-02-25,19:56:32,62
UT9209,Rossiya,2025-07-04,09:19:36,40
FV4098,Aeroflot,2025-05-27,00:27:57,35
UT6346,Nordwind,2024-07-04,03:00:24,20
FV3307,Red Wings,2025-01-02,11:01:25,89
WZ9863,Red Wings,2024-08-02,01:03:52,269
DP4217,S7 Airlines,2025-01-28,07:57:40,221
UT7421,Rossiya,2025-01-24,00:20:07,65
WZ1764,Ural Airlines,2025-12-23,16:53:58,21
DP7403,Nordwind,2025-01-04,18:59:30,238
DP1328,Ural Airlines,2024-02-14,13:04:10,112
SU301,Nordwind,2024-01-24,12:33:33,10
DP6894,Pobeda,2024-07-25,20:31:18,254
DP1895,Ural Airlines,2025-11-28,00:04:20,107
UT6757,Aeroflot,2025-06-07,01:50:23,57
WZ824,Pobeda,2024-01-09,15:20:33,299
SU4263,Rossiya,2024-02-12,17:24:38,136
SU6156,Aeroflot,2025-11-25,11:27:58,263
WZ8515,Nordwind,2025-10-18,10:07:31,68
N47355,Utair,2024-08-17,23:53:54,20
DP4721,Rossiya,2024-05-02,23:59:22,97
S74345,Utair,2025-07-24,15:45:37,113
FV5690,Pobeda,2025-05-07,14:14:03,208
N43682,Red Wings,2025-11-26,18:00:56,0
WZ7212,Utair,2024-10-24,00:45:17,171
DP2017,Red Wings,2025-10-08,02:43:36,102
UT9309,S7 Airlines,2025-10-15,04:25:59,36
UT1124,Pobeda,2024-01-08,07:50:19,210
DP546,Pobeda,2025-09-22,23:00:12,208
SU5169,Rossiya,2024-07-19,19:03:21,292
DP9860,Ural Airlines,2024-09-28,23:13:26,15
DP2957,Rossiya,2024-10-07,11:53:08,140
U68833,Pobeda,2024-10-16,10:19:09,217
DP5990,Aeroflot,2025-08-06,20:15:52,178
S77888,Pobeda,2025-12-09,01:51:52,117
DP9705,Nordwind,2024-10-15,21:19:18,71
N45901,Red Wings,2024-03-20,16:34:24,143
DP2255,Red Wings,2024-10-11,06:16:57,250
N4611,Red Wings,2025-03-10,18:05:00,250
U65236,Utair,2025-12-12,06:23:57,83
WZ5986,Red Wings,2024-02-05,04:55:16,263
FV9583,Rossiya,2025-03-14,14:26:55,239
WZ3377,S7 Airlines,2025-09-04,05:00:07,271
UT7243,Ural Airlines,2024-08-03,20:40:18,214
N47057,Ural Airlines,2024-11-11,03:57:13,116
WZ4445,Rossiya,2024-02-27,05:06:23,208
N41605,S7 Airlines,2025-06-22,17:25:00,174
SU6346,Aeroflot,2024-07-12,19:15:19,252
FV4312,Pobeda,2024-07-06,21:16:29,160
S75220,Utair,2025-08-15,11:20:42,191
FV4831,Utair,2025-02-04,07:43:24,215
N49421,Red Wings,2025-03-15,10:57:43,152
UT3053,Pobeda,2024-11-24,12:59:26,223
N4476,Nordwind,2025-06-21,04:25:38,127
U63768,Aeroflot,2025-10-16,19:38:37,74
S79883,Ural Airlines,2024-02-28,07:06:04,95
SU7780,Rossiya,2024-03-04,02:40:33,185
UT4983,Utair,2025-08-27,01:34:45,86
N43795,Red Wings,2025-06-02,17:08:06,253
SU4623,Utair,2025-09-19,09:08:16,88
U6786,S7 Airlines,2025-12-12,20:17:01,279
FV3622,Ural Airlines,2025-07-21,22:55:04,146
U66348,S7 Airlines,2025-05-02,09:02:08,142
UT5913,Aeroflot,2024-03-13,12:08:44,109
S75725,Pobeda,2025-10-27,16:04:54,283
UT6392,Nordwind,2024-12-22,11:42:32,277
S73981,Ural Airlines,2025-09-22,18:58:24,190
FV2866,Aeroflot,2025-11-08,01:02:59,81
S71869,S7 Airlines,2025-08-04,00:21:19,161
U62714,Pobeda,2024-09-23,03:44:46,300
SU9303,Utair,2025-08-16,03:18:32,289
U6314,S7 Airlines,2024-05-07,14:18:53,200
WZ4801,Red Wings,2025-12-22,03:30:03,114
UT7604,Red Wings,2025-11-22,01:56:43,83
FV916,Rossiya,2024-03-09,02:13:02,173
N4687,Rossiya,2024-05-27,08:34:21,110
UT6983,Utair,2025-06-24,20:41:36,207
SU4550,Ural Airlines,2025-09-11,10:32:18,181
U69124,Rossiya,2024-04-26,00:30:14,239
FV9060,S7 Airlines,2024-02-10,09:04:52,92
S77677,Red Wings,2024-07-01,07:51:08,46
U67115,Ural Airlines,2025-01-18,03:24:20,277
U6276,Ural Airlines,2025-08-26,04:47:08,159
FV4074,Utair,2024-04-11,12:45:13,123
UT2297,Utair,2024-01-02,09:36:58,198
UT1701,Nordwind,2025-12-01,13:35:48,209
U65482,Aeroflot,2025-11-28,02:35:18,252
U63100,S7 Airlines,2024-01-09,02:52:27,103
N4818,S7 Airlines,2025-08-02,06:53:57,206
SU9791,Pobeda,2024-03-24,20:48:04,164
N42767,Aeroflot,2025-09-12,02:27:32,147
WZ3682,Rossiya,2025-05-28,18:45:30,99
U68008,Red Wings,2024-09-04,19:24:26,209
DP9156,Nordwind,2025-01-03,00:26:34,275
UT3123,Ural Airlines,2024-03-01,20:34:08,172
SU4042,Pobeda,2025-03-27,01:48:09,49
N41212,Utair,2025-07-12,01:08:09,227
SU4271,Aeroflot,2025-12-05,20:33:40,134
SU4249,Rossiya,2025-09-08,05:56:54,209
SU7387,Red Wings,2025-08-20,15:37:59,94
DP8828,Nordwind,2025-06-22,02:21:22,227
N44538,Nordwind,2024-07-28,11:33:28,291
S76024,Utair,2024-08-22,09:14:04,232
WZ5719,Nordwind,2024-09-24,19:46:17,229
DP5603,Nordwind,2025-07-28,10:54:08,41
SU127,Nordwind,2025-03-01,17:46:33,277
S7899,Rossiya,2024-01-18,11:04:16,7
S78078,Rossiya,2025-06-18,09:14:47,151
N46004,Utair,2024-04-01,13:33:59,298
SU6775,S7 Airlines,2025-07-15,21:46:59,262
N49106,Utair,2024-03-01,17:42:25,13
WZ3339,Rossiya,2024-03-16,22:18:39,2
DP6752,Utair,2025-06-13,18:05:39,7
DP7770,Pobeda,2025-06-08,03:39:05,189
WZ917,Utair,2025-06-20,21:45:21,203
N43657,S7 Airlines,2024-06-07,22:36:13,42
UT2012,Rossiya,2024-04-11,00:11:02,150
S76327,Red Wings,2024-01-20,05:12:18,246
DP6864,S7 Airlines,2025-11-01,20:40:26,57
FV9197,Pobeda,2025-06-03,00:13:21,78
UT3247,Aeroflot,2024-09-15,22:44:22,199
N48852,Ural Airlines,2025-06-10,22:10:04,50
SU9105,Rossiya,2024-03-06,22:46:40,9
UT6801,Nordwind,2025-06-12,09:32:17,12
FV6047,Pobeda,2024-11-27,14:09:17,11
DP7181,S7 Airlines,2024-01-10,00:57:14,270
SU3343,Ural Airlines,2024-11-07,11:03:48,229
U63315,Utair,2024-08-06,02:42:27,114
S75128,Nordwind,2025-06-25,20:50:31,172
N46015,Ural Airlines,2025-08-16,10:57:44,165
UT2837,Rossiya,2024-01-07,06:31:15,126
WZ7323,Rossiya,2025-08-26,21:15:42,138
N43437,S7 Airlines,2024-09-02,04:58:55,274
SU5683,Ural Airlines,2024-04-16,00:34:58,48
SU4737,Red Wings,2025-07-28,01:03:07,57
SU7246,Pobeda,2024-03-11,03:25:01,53
WZ7601,Ural Airlines,2024-12-02,17:21:52,20
UT1799,Ural Airlines,2024-11-24,23:22:26,119
N45980,Pobeda,2024-01-26,05:10:17,299
UT4977,Nordwind,2025-05-24,14:35:55,203
N49929,S7 Airlines,2025-07-22,19:32:48,37
FV9527,Utair,2024-02-13,12:53:36,53
SU8616,Rossiya,2025-11-17,15:50:39,225
FV9715,Ural Airlines,2025-11-12,05:18:07,175
U66737,Ural Airlines,2024-02-08,14:15:39,63
U64065,Red Wings,2025-10-25,16:42:15,151
DP6614,Aeroflot,2025-04-20,03:56:40,206
WZ769,Utair,2025-10-23,10:08:31,154
UT2203,Pobeda,2024-05-10,10:36:02,8
FV1074,Ural Airlines,2024-11-08,19:17:38,19
UT5607,Aeroflot,2024-07-16,07:48:20,278
U68068,Utair,2024-02-18,03:53:40,98
DP1118,Aeroflot,2025-07-20,10:43:29,204
WZ8413,S7 Airlines,2024-10-04,11:47:02,120
WZ1500,Rossiya,2025-07-06,15:45:13,111
S76871,Utair,2025-02-04,04:06:58,166
FV6763,Ural Airlines,2024-08-10,08:01:30,159
FV9539,Utair,2024-07-23,11:46:28,62
DP537,Aeroflot,2024-07-09,01:16:04,286
U68365,Aeroflot,2025-02-22,06:27:22,157
N46703,Utair,2025-07-01,16:54:35,111
WZ474,Ural Airlines,2024-08-02,04:13:07,249
UT6707,Utair,2024-01-21,00:44:25,125
U66560,Rossiya,2024-02-19,14:32:39,15
S79921,Pobeda,2024-08-02,06:11:40,189
FV4054,Utair,2024-11-28,06:30:45,31
S79384,S7 Airlines,2025-05-12,20:57:04,116
WZ6944,Red Wings,2025-01-24,04:29:29,216
UT5613,Utair,2025-11-09,13:28:54,40
N4739,Nordwind,2025-02-24,08:42:13,239
WZ589,Red Wings,2024-11-12,08:21:14,61
SU2352,Pobeda,2024-05-07,14:55:52,8
WZ2042,Red Wings,2025-01-08,16:24:50,295
N42265,Nordwind,2024-06-08,04:30:12,37
S75495,Rossiya,2025-12-25,22:24:31,293
N44704,Rossiya,2025-03-03,12:25:25,252
DP2397,Aeroflot,2025-04-08,17:02:58,14
S73054,Ural Airlines,2025-09-10,04:11:51,138
N49022,Ural Airlines,2024-06-18,09:32:04,238
WZ3459,Red Wings,2024-06-26,18:02:57,256
N45813,Utair,2025-04-26,11:02:02,137
WZ2073,Rossiya,2024-08-18,23:27:42,142
FV1342,S7 Airlines,2024-01-25,03:24:00,50
SU9845,S7 Airlines,2025-03-23,02:38:12,237
DP7412,Aeroflot,2025-07-13,13:56:26,18
UT2229,Aeroflot,2024-03-27,01:32:17,22
DP2811,Rossiya,2025-11-19,00:40:35,61
U69578,Nordwind,2025-07-02,17:32:05,149
U65017,Pobeda,2024-01-01,04:42:37,279
UT7024,S7 Airlines,2024-11-22,03:29:36,224
UT9395,S7 Airlines,2024-08-09,18:51:59,297
WZ5921,Utair,2025-01-08,08:23:51,17
FV9156,Ural Airlines,2024-08-03,06:02:34,235
FV4481,Pobeda,2024-04-27,10:12:02,129
U66375,Utair,2025-10-04,23:51:13,228
FV9231,Nordwind,2024-09-20,21:42:55,167
U61394,Ural Airlines,2024-01-04,12:38:39,135
FV6821,Ural Airlines,2025-08-08,04:50:08,282
U68343,Aeroflot,2024-11-13,01:31:13,294
N46709,Aeroflot,2025-07-10,16:56:49,0
WZ4200,S7 Airlines,2025-01-26,16:05:32,7
U68487,Rossiya,2025-02-21,12:13:07,39
N43886,Nordwind,2024-08-22,07:13:58,118
N44631,Red Wings,2024-06-01,11:42:27,11
N43270,S7 Airlines,2025-09-23,11:50:05,22
S73652,Utair,2025-04-15,10:42:50,171
N43139,Nordwind,2024-01-28,06:33:59,147
N48633,Red Wings,2025-11-10,14:41:11,3
SU6528,Red Wings,2025-06-20,23:42:04,208
U61467,Nordwind,2025-06-01,17:56:26,172
DP8694,Utair,2024-11-25,17:11:26,107
WZ4188,Pobeda,2025-12-22,23:08:53,66
UT6288,Utair,2024-08-21,03:19:32,197
N47544,S7 Airlines,2025-07-17,08:49:21,218
S79971,Nordwind,2024-09-15,16:05:38,293
U68620,Ural Airlines,2025-10-23,16:53:44,228
UT2908,Utair,2025-11-04,14:18:04,200
N41757,Ural Airlines,2024-03-04,04:03:27,200
U69299,Rossiya,2024-06-15,01:45:54,189
WZ5831,Utair,2024-02-17,22:48:59,267
DP8121,Aeroflot,2025-07-04,03:04:36,8
SU6804,Pobeda,2024-02-25,06:44:40,163
U67808,Pobeda,2025-07-07,12:43:04,76
S77296,Pobeda,2024-02-12,20:19:31,258
WZ5560,Red Wings,2024-08-03,05:21:50,73
WZ339,Ural Airlines,2025-11-15,05:52:32,225
U66900,Pobeda,2024-08-20,00:31:37,28
DP7767,Pobeda,2024-08-02,23:18:07,199
DP2630,Rossiya,2025-06-18,22:06:39,18
SU8906,Nordwind,2025-05-20,16:48:12,220
U62973,Red Wings,2025-03-06,14:50:23,12
WZ3075,Aeroflot,2025-01-18,08:47:38,143
S76980,Utair,2024-05-06,22:39:00,43
WZ102,Pobeda,2024-10-12,03:00:58,66
FV4129,Nordwind,2024-07-25,05:48:53,296
WZ5071,Ural Airlines,2025-12-27,01:01:02,24
WZ8399,Nordwind,2024-01-12,10:15:15,22
U69641,Ural Airlines,2025-08-02,22:20:11,163
S79350,Aeroflot,2025-11-04,21:38:10,287
FV8335,S7 Airlines,2025-10-16,19:08:54,215
UT5956,Red Wings,2025-01-06,22:57:26,188
N48230,Aeroflot,2024-12-04,03:29:19,126
SU3885,Ural Airlines,2024-11-26,11:15:01,33
FV6368,Aeroflot,2025-12-18,21:04:51,172
N4329,Nordwind,2025-01-09,14:56:02,218
U62671,Aeroflot,2025-05-16,00:47:40,69
WZ3539,Pobeda,2025-11-07,03:30:36,300
S71599,Pobeda,2024-07-23,14:15:53,40
WZ745,Nordwind,2025-12-08,19:30:20,279
S75287,Rossiya,2025-12-01,21:23:44,2
FV6093,Pobeda,2024-11-01,16:58:54,282
U63861,Aeroflot,2024-06-13,06:56:06,287
SU8056,Red Wings,2024-05-07,04:55:32,67
SU9884,Nordwind,2025-07-10,17:01:05,4
S71694,Pobeda,2024-05-08,15:12:52,166
FV5701,Pobeda,2025-05-13,22:29:47,41
FV6000,Aeroflot,2025-11-06,17:57:24,291
S73000,Nordwind,2024-11-11,16:34:13,194
DP4904,Rossiya,2025-12-09,09:47:45,79
FV6756,Rossiya,2025-10-12,02:15:22,207
S7439,Pobeda,2025-11-26,10:34:24,226
U6830,Red Wings,2025-10-09,21:03:55,106
N43969,Pobeda,2024-04-26,15:18:36,273
U61563,S7 Airlines,2025-08-14,05:50:55,155
UT5904,Rossiya,2024-07-21,09:18:53,71
S78695,Rossiya,2024-08-08,03:22:17,118
N45571,S7 Airlines,2024-08-13,21:39:34,289
SU9730,Ural Airlines,2025-03-09,11:07:56,148
UT7485,Red Wings,2024-09-09,01:13:32,93
S75353,S7 Airlines,2024-03-10,18:17:37,82
WZ6770,Ural Airlines,2024-02-19,03:00:09,149
UT3619,Utair,2024-05-18,23:34:42,165
WZ9462,Ural Airlines,2024-11-28,15:51:18,126
FV2271,Aeroflot,2025-03-12,00:47:12,69
S7428,Pobeda,2025-12-16,17:22:53,256
S73478,Rossiya,2024-04-14,13:43:06,83
U69065,Red Wings,2024-11-01,18:03:45,281
UT9682,S7 Airlines,2025-03-09,17:56:17,248
S77667,Ural Airlines,2025-10-22,14:08:38,57
UT2016,Pobeda,2025-05-21,23:15:55,145
UT9147,S7 Airlines,2024-08-25,02:19:37,167
FV9855,Nordwind,2024-03-03,18:08:09,49
N41280,Rossiya,2025-11-07,05:01:48,173
N41380,Utair,2024-09-03,03:11:55,165
U63293,S7 Airlines,2024-02-10,23:55:47,38
FV8050,Pobeda,2024-08-13,16:40:12,151
S78352,S7 Airlines,2025-11-20,07:17:46,74
FV633,Rossiya,2024-01-06,07:02:35,255
UT1172,Rossiya,2024-04-14,16:38:12,283
WZ2893,Rossiya,2025-04-08,22:38:19,246
DP5699,Pobeda,2024-11-14,00:41:09,96
FV5020,Utair,2025-02-18,11:03:32,211
U68333,S7 Airlines,2024-04-12,09:17:07,274
N4308,Pobeda,2025-08-20,16:28:45,218
U64311,Pobeda,2025-01-28,03:06:29,229
UT4964,Rossiya,2024-07-20,15:57:22,43
UT8208,Nordwind,2024-02-14,21:21:44,143
WZ9973,Red Wings,2024-05-02,01:23:43,47
S72848,Nordwind,2024-08-27,21:57:43,197
N47265,Red Wings,2024-05-05,20:09:59,110
N4108,Utair,2025-07-16,14:11:06,213
S71843,Ural Airlines,2024-06-05,06:37:57,162
UT1695,Red Wings,2025-02-09,21:31:43,265
SU9929,Pobeda,2024-04-24,05:10:59,71
SU8587,Pobeda,2025-05-26,06:52:38,268
SU9441,Pobeda,2025-11-25,08:21:27,245
WZ7430,Aeroflot,2025-01-08,12:51:19,215
U62194,Ural Airlines,2025-02-04,08:13:29,235
UT4305,S7 Airlines,2025-08-14,08:01:41,293
UT2769,Pobeda,2025-10-23,02:27:16,50
UT9778,Utair,2024-09-28,22:09:46,193
U64708,Red Wings,2024-04-08,03:35:14,259
S7447,Nordwind,2025-06-22,23:37:56,214
DP4545,Red Wings,2024-08-20,07:36:09,270
SU2223,Red Wings,2024-05-07,22:38:44,104
DP2598,Nordwind,2025-06-10,10:21:48,100
WZ497,S7 Airlines,2024-08-18,10:49:40,12
N49707,Pobeda,2024-12-26,02:31:24,91
N49122,Nordwind,2025-04-14,06:16:53,284
UT3629,Nordwind,2024-02-16,00:48:51,116
S75130,Red Wings,2025-06-18,03:21:50,128
SU1843,Aeroflot,2025-06-06,09:56:44,159
U65200,S7 Airlines,2024-10-16,08:36:01,110
S77817,S7 Airlines,2025-02-13,00:34:36,143
UT9090,Nordwind,2024-01-20,08:58:38,185
SU3344,Pobeda,2025-02-15,18:47:52,67
DP2933,Ural Airlines,2024-06-02,22:31:03,126
U66310,Pobeda,2024-10-02,06:34:37,266
U6982,Aeroflot,2024-10-01,17:25:02,121
WZ1559,Rossiya,2025-09-01,14:10:10,273
FV8007,Rossiya,2025-11-11,15:04:46,43
DP5067,Nordwind,2024-02-19,09:09:28,96
WZ1314,Ural Airlines,2024-09-15,21:22:40,240
UT7699,Ural Airlines,2025-05-28,03:28:33,293
FV9647,Utair,2024-08-18,09:59:25,296
FV5941,Aeroflot,2025-12-27,11:16:04,198
WZ2773,Utair,2025-03-11,16:00:13,295
S73887,Aeroflot,2025-05-11,18:21:09,118
U64347,Red Wings,2024-02-01,18:07:52,278
S73318,Utair,2024-10-24,23:38:51,15
SU5948,S7 Airlines,2024-08-24,06:56:34,171
UT7177,Pobeda,2025-07-01,09:18:47,59
UT7195,S7 Airlines,2025-04-09,17:15:49,233
FV1217,Utair,2024-10-27,21:18:33,157
SU4520,Rossiya,2025-09-15,10:14:20,33
U66162,Ural Airlines,2025-02-02,19:49:45,158
N45255,Nordwind,2025-05-02,22:03:17,39
FV6074,Pobeda,2024-09-09,22:35:51,256
U63336,Rossiya,2025-01-10,21:35:29,20
WZ2670,Rossiya,2024-12-10,20:36:27,239
S77857,Rossiya,2025-11-16,06:05:17,103
UT847,Nordwind,2025-03-19,03:16:03,190
S7185,Aeroflot,2024-08-07,00:25:44,144
DP574,Pobeda,2025-05-08,17:56:35,48
S79191,Pobeda,2025-02-20,04:28:38,27
SU2033,Utair,2024-01-14,09:07:56,24
FV8144,Rossiya,2025-02-04,11:23:32,112
U65842,Ural Airlines,2024-07-14,07:54:00,291
N45567,Pobeda,2024-02-07,00:06:44,47
WZ2082,S7 Airlines,2025-08-12,14:09:49,112
N47643,Utair,2024-04-06,14:12:15,64
FV3034,Aeroflot,2025-07-21,20:21:41,234
U61545,S7 Airlines,2025-02-12,10:20:00,191
DP5336,Rossiya,2025-06-12,03:33:14,164
SU8243,Red Wings,2025-02-23,19:56:56,154
U68695,Red Wings,2024-11-01,20:39:34,288
SU1285,S7 Airlines,2024-08-27,22:39:32,272
SU4091,Red Wings,2025-03-11,07:40:30,109
N42258,Aeroflot,2025-12-25,11:32:24,277
N45252,Pobeda,2024-08-19,15:07:21,57
S77708,S7 Airlines,2025-05-15,19:20:30,267
S73962,Aeroflot,2024-05-21,21:05:51,44
SU4080,Red Wings,2025-06-17,12:04:04,148
U6324,Nordwind,2025-09-10,00:57:21,173
FV4595,Aeroflot,2024-08-09,10:27:06,114
S73411,S7 Airlines,2024-10-01,21:51:23,260
S77655,S7 Airlines,2025-04-04,02:33:32,269
SU8829,Red Wings,2024-08-15,15:04:51,1
S78853,Aeroflot,2024-12-18,06:01:19,271
DP343,Pobeda,2024-05-23,06:05:12,290
N45652,Utair,2025-04-01,05:37:09,299
U64785,Ural Airlines,2025-09-01,13:07:34,185
WZ3418,S7 Airlines,2025-03-02,13:19:27,233
WZ3305,Red Wings,2024-09-02,14:35:29,166
UT333,Nordwind,2025-11-17,20:16:02,249
N46171,Aeroflot,2025-06-28,10:04:24,108
DP3141,Ural Airlines,2025-04-17,22:12:10,300
UT1635,Nordwind,2025-09-14,19:01:02,270
S73416,Ural Airlines,2025-12-02,18:25:18,166
S72414,Ural Airlines,2025-12-04,03:28:22,96
N43863,Red Wings,2024-12-16,21:58:17,237
N47502,Pobeda,2024-09-12,14:34:40,188
U69740,Utair,2025-05-06,17:32:17,79
N43095,Pobeda,2025-07-24,00:27:15,294
U66971,Pobeda,2024-03-07,15:12:49,124
N48114,Red Wings,2024-02-14,02:34:44,202
U69033,Nordwind,2024-10-12,01:42:04,122
UT9593,Aeroflot,2024-01-23,01:07:17,36
UT2748,Aeroflot,2024-11-25,22:08:31,211
DP6746,Rossiya,2024-08-26,20:08:19,29
S72566,S7 Airlines,2025-09-28,07:29:53,17
N44860,S7 Airlines,2025-02-15,15:19:36,28
WZ4489,Pobeda,2025-10-22,07:46:24,150
U6692,Nordwind,2024-09-05,14:43:12,144
S74588,S7 Airlines,2024-10-25,07:07:35,228
N45323,Pobeda,2024-03-20,09:28:31,220
N42323,Nordwind,2025-05-13,19:54:28,209
FV360,S7 Airlines,2025-04-23,14:50:02,99
WZ7912,Nordwind,2024-04-10,18:11:47,144
WZ3161,Red Wings,2025-06-14,20:40:28,72
N49511,Rossiya,2025-04-12,21:43:54,106
N4292,Rossiya,2025-08-03,02:02:55,231
S76183,S7 Airlines,2024-08-11,23:43:18,88
UT5144,Nordwind,2025-02-04,18:03:57,159
SU8008,Red Wings,2025-05-21,01:42:56,57
UT2337,Red Wings,2025-09-12,20:03:07,72
UT6825,Aeroflot,2024-07-25,02:03:42,13
SU9790,Utair,2024-09-18,06:02:56,221
DP8032,Utair,2025-10-13,06:50:17,134
SU8714,S7 Airlines,2024-11-19,12:06:18,237
U64911,Utair,2024-02-15,19:10:36,181
UT4184,Nordwind,2024-11-02,22:02:51,63
S77860,Aeroflot,2025-04-15,19:50:56,289
WZ5856,Aeroflot,2024-08-24,17:04:43,132
SU2847,Ural Airlines,2025-10-03,17:31:41,35
SU9481,Pobeda,2024-02-27,03:19:42,191
N44460,S7 Airlines,2025-12-22,03:59:27,236
U69791,Rossiya,2024-09-18,08:11:03,245
UT5172,S7 Airlines,2024-11-02,10:49:21,130
U68984,Red Wings,2025-05-27,11:10:23,185
N43419,Rossiya,2024-05-10,03:49:14,28
FV9846,S7 Airlines,2025-11-17,17:11:24,136
U62495,Red Wings,2025-05-28,17:17:58,194
DP1526,Red Wings,2025-05-20,00:04:50,134
DP7278,Nordwind,2025-12-16,17:05:11,96
WZ2672,Pobeda,2024-04-09,06:21:26,277
WZ1129,Aeroflot,2025-05-23,12:40:17,117
S72661,Rossiya,2024-02-28,07:28:36,168
S79016,Pobeda,2024-09-27,03:50:23,199
S72095,Aeroflot,2024-10-07,15:35:14,283
DP9428,S7 Airlines,2024-11-05,21:54:50,287
WZ6485,Nordwind,2024-01-09,01:10:41,206
U65585,S7 Airlines,2024-05-27,00:01:34,150
UT3315,S7 Airlines,2024-07-10,16:51:55,38
WZ5735,Nordwind,2025-06-09,11:23:20,76
DP8236,Aeroflot,2024-09-28,06:46:52,27
SU6410,Nordwind,2025-01-15,16:20:18,86
DP645,Pobeda,2024-07-03,02:21:21,12
U64270,Ural Airlines,2025-03-19,00:09:51,262
SU5244,Red Wings,2025-07-12,07:37:20,109
WZ6848,Red Wings,2025-03-11,07:46:28,143
UT5637,S7 Airlines,2025-09-28,01:13:07,238
N41650,Red Wings,2025-03-23,03:18:37,138
SU2560,S7 Airlines,2025-01-02,02:25:37,248
S75319,Ural Airlines,2024-02-23,22:21:44,24
DP7876,Pobeda,2025-09-27,19:01:14,104
DP5522,Nordwind,2025-12-04,00:16:04,50
UT7813,Pobeda,2025-06-10,07:44:37,12
DP5472,Utair,2025-08-15,23:25:09,143
DP5030,Rossiya,2024-04-19,05:10:15,299
DP3021,S7 Airlines,2025-06-11,20:38:28,240
S73557,Pobeda,2025-11-24,06:10:15,203
UT2293,Rossiya,2024-03-16,00:11:27,200
WZ2092,Pobeda,2024-10-22,16:31:52,184
WZ6397,S7 Airlines,2024-08-12,15:58:36,263
DP8587,S7 Airlines,2025-02-06,17:29:23,167
WZ4484,Aeroflot,2025-08-13,13:00:21,298
U66281,S7 Airlines,2025-11-21,13:18:57,243
UT8995,S7 Airlines,2025-12-07,06:28:03,142
N42399,Nordwind,2024-05-01,03:33:54,67
WZ2921,S7 Airlines,2025-05-22,21:57:40,135
S71752,Utair,2024-06-03,15:27:44,188
SU6715,Nordwind,2025-05-09,16:05:07,16
FV9745,Red Wings,2025-11-22,23:24:44,120
N44354,Rossiya,2025-07-08,09:37:25,73
UT3023,S7 Airlines,2024-11-02,12:43:48,182
FV1836,Aeroflot,2024-02-23,13:20:18,156
UT507,S7 Airlines,2024-03-20,07:29:51,292
SU2281,S7 Airlines,2024-11-03,08:27:29,171
S75722,Pobeda,2024-10-09,12:28:56,2
DP4079,S7 Airlines,2025-09-25,23:44:57,283
SU3572,S7 Airlines,2025-04-25,11:20:44,261
FV921,Rossiya,2024-02-26,18:31:44,261
N47930,S7 Airlines,2025-03-06,12:53:26,290
WZ1523,Utair,2025-05-01,22:18:39,80
U64360,Ural Airlines,2025-03-17,22:54:45,111
SU5553,Nordwind,2025-06-21,21:16:07,138
DP5663,Rossiya,2025-06-03,11:40:01,235
FV667,Utair,2025-08-21,07:45:33,180
DP1723,Red Wings,2024-02-28,05:35:24,259
DP1375,S7 Airlines,2025-07-10,01:14:26,65
U66153,Utair,2024-12-02,17:03:01,36
S78284,Ural Airlines,2024-06-22,04:31:40,97
U66703,Aeroflot,2024-08-09,04:40:22,152
DP2942,Rossiya,2024-09-11,05:30:22,110
WZ3267,Nordwind,2024-03-27,14:55:08,31
U64188,Rossiya,2024-10-28,05:59:19,224
FV5212,Red Wings,2025-08-26,23:10:49,86
S72011,Red Wings,2025-09-27,18:22:49,89
S72104,Utair,2024-11-10,10:19:11,89
S72192,Ural Airlines,2025-11-01,04:02:03,229
WZ4362,Ural Airlines,2025-12-16,22:35:28,3
N42985,Rossiya,2024-03-16,01:05:40,16
FV2732,Nordwind,2024-08-04,01:41:41,70
FV1182,Utair,2025-12-02,10:07:44,113
DP3243,Aeroflot,2025-06-17,07:50:14,278
SU5197,S7 Airlines,2024-02-02,08:30:57,197
N42067,Aeroflot,2024-07-22,07:56:02,249
FV9034,Utair,2025-02-03,11:47:31,250
S7977,Rossiya,2025-11-09,17:11:13,188
S75565,Ural Airlines,2025-04-15,00:56:33,51
WZ147,Aeroflot,2025-10-01,11:16:20,218
SU7030,Rossiya,2025-05-01,18:36:08,25
FV9680,Rossiya,2024-07-01,11:02:37,235
SU2472,Pobeda,2024-12-11,22:38:59,187
SU191,Nordwind,2024-01-07,16:01:09,280
U61200,Rossiya,2024-02-12,11:43:56,6
SU4641,Aeroflot,2024-05-28,02:26:35,250
SU6354,Rossiya,2024-12-05,10:15:20,181
FV6913,Utair,2025-11-27,01:45:48,278
WZ6397,Ural Airlines,2024-03-06,13:18:58,126
U69550,Nordwind,2025-09-03,22:15:08,262
N48005,Aeroflot,2024-12-06,19:10:40,276
N4155,Nordwind,2025-12-13,17:20:57,72
SU4332,S7 Airlines,2025-11-14,11:50:46,181
WZ4331,S7 Airlines,2024-09-20,08:19:57,275
FV8374,Ural Airlines,2025-11-22,18:43:28,151
DP2563,Nordwind,2024-12-19,01:44:51,173
DP3542,Nordwind,2024-10-08,10:08:29,0
WZ7638,Aeroflot,2025-04-18,21:02:14,186
S71800,Pobeda,2024-04-14,08:12:49,127
SU6014,Utair,2024-11-20,13:09:17,278
DP2699,Pobeda,2025-04-13,11:56:32,134
S75234,Utair,2025-08-11,20:17:22,13
UT3384,Nordwind,2025-05-06,12:39:08,189
SU4633,Nordwind,2024-05-24,17:35:12,73
U6810,Aeroflot,2024-04-10,22:04:17,86
SU4792,Aeroflot,2025-06-16,00:26:49,80
DP911,Utair,2024-04-13,10:10:39,248
WZ6158,Ural Airlines,2024-10-01,08:50:32,293
UT3292,Rossiya,2024-06-28,12:49:45,47
WZ6171,Aeroflot,2024-11-14,05:07:01,28
UT8146,Nordwind,2024-07-23,07:28:46,118
DP8129,S7 Airlines,2024-09-27,00:29:26,34
WZ1113,Aeroflot,2025-05-14,06:28:36,208
UT9149,S7 Airlines,2024-07-20,21:42:09,263
SU6657,S7 Airlines,2024-02-28,04:21:12,168
N45013,Red Wings,2025-11-25,05:13:13,138
U6723,Utair,2025-07-06,15:33:41,180
U62034,S7 Airlines,2024-04-04,01:25:20,120
U61133,Rossiya,2025-08-28,01:34:39,107
S72428,Ural Airlines,2024-05-23,06:05:46,36
UT6725,Pobeda,2025-11-06,10:21:42,189
FV4688,Nordwind,2024-09-18,02:05:52,23
S77062,Pobeda,2025-02-18,16:37:35,251
FV3152,Utair,2025-07-21,23:14:27,220
S71404,Rossiya,2024-06-16,20:59:02,46
FV1472,S7 Airlines,2024-02-12,23:52:33,45
DP2349,Ural Airlines,2024-03-15,13:08:45,140
DP1226,Ural Airlines,2024-02-08,21:51:19,15
SU1412,Aeroflot,2024-01-16,18:10:34,87
WZ5900,Utair,2024-08-23,09:44:10,107
S71687,Aeroflot,2025-05-19,05:00:28,207
UT3522,Ural Airlines,2024-01-17,23:24:53,145
SU5820,S7 Airlines,2025-07-22,08:26:37,136
N42250,Pobeda,2025-05-25,20:24:39,150
FV5959,Pobeda,2024-03-23,10:21:31,225
UT1938,Rossiya,2024-05-09,10:32:52,160
DP264,S7 Airlines,2025-03-26,07:12:10,165
N48574,Ural Airlines,2025-05-07,05:07:02,227
WZ3325,Ural Airlines,2025-11-09,02:47:21,65
FV961,Ural Airlines,2024-03-04,21:41:46,276
SU8063,Aeroflot,2025-06-01,11:34:17,112
FV2417,Aeroflot,2024-02-07,03:54:17,129
UT6224,Rossiya,2024-01-06,04:46:40,127
DP171,Pobeda,2024-09-07,06:27:10,184
DP7091,Aeroflot,2025-09-17,03:06:50,260
DP306,Utair,2024-02-15,23:29:39,68
U64867,Utair,2024-02-21,12:36:10,88
UT9518,Ural Airlines,2024-08-05,02:44:28,2
UT4486,Ural Airlines,2025-03-21,10:42:59,257
DP473,Aeroflot,2024-01-06,04:57:14,170
FV5848,Utair,2024-01-20,12:39:50,218
SU590,S7 Airlines,2025-04-22,04:57:40,219
UT3682,Aeroflot,2025-03-04,04:05:33,160
WZ8307,Red Wings,2024-04-28,08:07:25,224
UT3297,S7 Airlines,2024-12-07,04:01:50,73
DP8920,Utair,2025-11-05,06:46:03,14
DP778,Aeroflot,2025-01-16,21:26:15,165
FV6053,Ural Airlines,2024-03-11,14:04:19,74
N48542,Pobeda,2025-04-14,04:42:40,237
N45687,Aeroflot,2025-05-14,06:49:52,3
N47782,Ural Airlines,2024-07-04,05:15:35,252
S72690,Ural Airlines,2025-02-02,03:40:07,87
U62359,Pobeda,2025-07-28,04:07:00,241
WZ3888,S7 Airlines,2025-09-09,17:54:56,131
WZ8860,Rossiya,2024-03-04,21:21:36,264
S78559,Red Wings,2024-07-18,08:17:59,136
FV5453,S7 Airlines,2024-06-23,03:17:06,45
WZ9135,Red Wings,2025-11-22,09:36:54,214
N41413,Rossiya,2025-05-10,11:35:30,227
S79116,Aeroflot,2024-02-24,11:03:24,101
N42157,Ural Airlines,2024-04-10,21:35:17,148
S71284,Rossiya,2024-01-24,03:38:17,183
WZ787,Red Wings,2024-03-22,04:40:07,136
FV656,Aeroflot,2024-07-10,05:24:04,118
FV6278,Nordwind,2024-10-07,15:53:52,83
S79405,Aeroflot,2024-06-21,06:34:14,207
FV8693,Red Wings,2025-09-09,21:09:21,112
FV3944,S7 Airlines,2024-06-01,18:56:53,49
UT5858,Utair,2025-03-24,19:32:29,45
U68101,Ural Airlines,2025-02-08,04:21:36,290
U62888,Ural Airlines,2024-04-12,16:15:26,217
U65294,Utair,2025-01-12,10:49:37,157
U63085,S7 Airlines,2025-09-28,16:28:05,273
SU6937,Utair,2024-01-04,08:12:23,107
UT9240,Aeroflot,2024-02-11,08:17:14,245
N4430,Ural Airlines,2025-07-24,01:18:54,34
U69312,Ural Airlines,2025-08-27,19:01:17,28
DP4818,Utair,2025-05-01,23:30:21,103
FV612,Utair,2024-09-19,00:51:47,145
SU2806,S7 Airlines,2025-09-10,14:59:15,126
UT7388,Nordwind,2024-04-09,18:27:35,166
FV3286,Utair,2025-01-26,18:50:07,242
WZ9089,Red Wings,2024-08-15,21:14:16,271
WZ7748,Pobeda,2025-02-15,01:18:30,153
S78755,Red Wings,2024-06-04,02:07:43,164
SU5812,Aeroflot,2024-11-27,14:36:14,52
WZ7077,S7 Airlines,2025-10-09,06:05:35,84
U62238,Ural Airlines,2025-07-26,06:45:58,61
S77136,Aeroflot,2024-12-16,16:41:07,22
UT3642,Pobeda,2024-03-26,13:33:50,208
U66869,Nordwind,2024-01-17,07:00:04,4
UT2238,Aeroflot,2024-01-13,07:56:20,174
S71952,S7 Airlines,2025-03-16,07:45:51,290
U62303,S7 Airlines,2024-12-05,14:11:25,176
DP2898,Pobeda,2025-05-26,22:23:59,124
N42859,S7 Airlines,2025-10-09,15:57:59,32
N46393,Pobeda,2025-02-13,11:12:42,77
S73285,Red Wings,2025-07-13,14:31:53,103
SU208,Ural Airlines,2024-09-08,20:46:59,256
S77828,Utair,2025-09-08,02:01:45,181
U63038,Rossiya,2025-12-23,02:48:26,227
UT2626,Utair,2025-01-18,06:41:24,262
N43638,Ural Airlines,2025-09-04,22:29:05,97
N47833,Aeroflot,2024-09-10,01:43:12,129
FV1620,S7 Airlines,2024-05-15,21:17:27,227
DP7420,Nordwind,2025-01-25,08:37:13,179
N46275,Red Wings,2025-02-04,20:35:44,174
UT4853,Rossiya,2024-06-19,02:32:23,269
SU8868,Rossiya,2025-11-02,05:09:35,228
DP736,Ural Airlines,2024-05-22,12:01:35,114
U64003,Pobeda,2025-12-03,18:56:54,148
UT6139,Utair,2024-08-23,03:46:21,140
U6685,Utair,2024-05-24,00:08:51,154
U69943,Utair,2025-02-10,05:35:00,146
UT9280,Pobeda,2025-04-04,20:08:08,27
N43283,Ural Airlines,2024-02-23,06:59:29,53
SU2678,S7 Airlines,2024-12-18,23:36:10,59
SU8961,Utair,2025-01-16,23:51:06,9
WZ2886,Red Wings,2024-08-20,13:29:22,24
SU6512,Aeroflot,2024-05-03,22:09:47,225
SU8265,S7 Airlines,2025-07-23,19:25:09,185
S71123,Nordwind,2025-05-04,02:17:25,250
DP3863,Pobeda,2025-05-27,12:40:38,142
SU8724,Aeroflot,2024-09-01,14:59:31,19
SU5445,S7 Airlines,2024-09-26,17:53:38,202
S78721,Pobeda,2024-01-25,02:43:55,262
DP8859,Pobeda,2024-03-14,08:47:51,242
DP6875,Utair,2025-06-14,05:42:07,158
N4505,S7 Airlines,2024-10-15,12:56:36,178
DP159,Utair,2025-08-19,21:12:42,170
U6408,Utair,2024-01-18,02:01:47,218
N48007,Aeroflot,2024-11-28,02:01:58,256
S77440,Pobeda,2024-04-03,05:46:36,73
U6963,Aeroflot,2024-03-07,11:13:03,162
WZ3471,Utair,2024-03-25,20:00:41,157
DP2258,Red Wings,2024-08-18,16:36:53,25
FV7486,Utair,2024-05-10,22:46:03,187
U67765,Aeroflot,2025-02-12,10:03:17,205
WZ3223,Aeroflot,2024-05-01,15:29:48,216
S76657,Utair,2025-08-20,11:25:31,300
DP5451,Ural Airlines,2025-04-10,18:39:22,180
DP645,Aeroflot,2024-05-07,08:52:22,50
U68518,Ural Airlines,2024-04-16,13:40:49,248
S74529,Utair,2025-10-26,09:14:42,195
S75540,Utair,2025-04-08,02:25:55,298
DP2311,Aeroflot,2025-03-16,12:03:08,138
SU8430,Aeroflot,2025-08-18,00:19:40,107
FV841,Red Wings,2025-12-19,13:02:50,199
N41515,Nordwind,2025-02-07,11:32:45,260
DP8101,Aeroflot,2024-02-26,22:22:25,2
DP9419,Utair,2024-04-23,00:35:27,64
WZ1064,Ural Airlines,2024-11-06,04:04:43,187
WZ4607,Pobeda,2025-02-22,20:44:31,275
S79989,Nordwind,2025-06-27,02:43:42,195
N45600,Aeroflot,2024-02-17,06:45:43,82
DP9922,S7 Airlines,2024-10-15,20:52:41,114
UT4783,Red Wings,2025-11-18,16:23:01,299
U63843,Aeroflot,2024-03-16,20:25:06,127
WZ987,Ural Airlines,2025-01-04,10:55:42,265
WZ9338,Ural Airlines,2024-06-26,23:58:15,246
S72729,Nordwind,2024-08-07,15:05:13,161
N43210,Rossiya,2024-11-03,19:30:00,253
U65917,Ural Airlines,2025-07-18,14:36:12,184
UT5569,Pobeda,2025-01-13,00:17:57,214
S72737,Pobeda,2024-11-21,07:13:54,160
WZ4507,Pobeda,2025-09-26,08:11:25,12
SU3312,Red Wings,2024-02-06,12:38:03,192
SU8051,Nordwind,2025-01-14,13:56:49,114
FV5112,Aeroflot,2025-04-15,19:41:30,266
FV3213,S7 Airlines,2025-07-08,06:42:42,61
SU1157,S7 Airlines,2025-09-27,06:24:16,30
FV6204,S7 Airlines,2025-09-25,18:24:48,11
FV9610,Rossiya,2025-10-18,20:02:46,94
FV5735,Red Wings,2024-04-14,02:36:24,109
UT5750,Rossiya,2025-11-18,16:59:10,107
SU3984,Red Wings,2024-10-28,21:11:52,93
U6835,S7 Airlines,2024-01-05,21:09:06,233
N44840,Pobeda,2024-10-02,03:02:37,207
S75090,Aeroflot,2024-07-08,13:14:32,78
S74918,Aeroflot,2024-11-18,08:28:18,46
FV6801,Rossiya,2025-10-01,17:09:54,146
SU1436,Nordwind,2025-06-15,20:21:32,124
S76742,Ural Airlines,2025-06-25,19:46:52,110
U63274,S7 Airlines,2025-01-20,18:37:26,241
WZ1558,S7 Airlines,2024-04-18,16:09:26,214
S74521,Rossiya,2025-02-18,11:23:12,202
S74760,Pobeda,2024-12-24,20:25:35,152
UT2675,Utair,2025-08-07,13:42:42,134
DP618,S7 Airlines,2024-01-18,13:42:24,53
S75576,Aeroflot,2025-07-10,08:57:33,221
SU8274,Nordwind,2024-04-14,02:48:07,218
WZ2387,Aeroflot,2024-01-05,16:03:28,252
FV2398,Aeroflot,2025-01-18,16:50:30,68
WZ9305,Red Wings,2024-09-28,11:45:34,182
S76357,S7 Airlines,2025-05-02,14:24:45,281
WZ5106,Ural Airlines,2024-08-17,08:19:34,208
SU1440,S7 Airlines,2024-07-05,17:48:24,71
N47060,Red Wings,2024-12-03,13:21:53,3
SU701,Utair,2025-02-26,02:18:08,44
S78952,Utair,2024-04-05,04:19:45,255
UT7848,Aeroflot,2025-02-17,13:39:46,213
U62979,Red Wings,2024-03-04,03:32:06,130
UT153,Ural Airlines,2025-04-23,12:55:56,123
WZ1188,S7 Airlines,2025-11-21,10:19:22,252
FV148,Aeroflot,2025-11-14,11:00:57,56
FV7116,Aeroflot,2024-02-12,07:05:34,37
N45835,Aeroflot,2025-10-17,06:35:22,18
DP4794,Red Wings,2025-03-21,01:47:49,108
SU9828,Red Wings,2024-08-20,14:40:16,72
DP2894,Pobeda,2025-09-20,08:32:58,176
SU3648,Ural Airlines,2024-02-04,13:07:23,129
S75171,S7 Airlines,2024-06-14,22:49:32,128
FV588,S7 Airlines,2024-07-15,11:00:53,229
S71952,Ural Airlines,2024-07-02,16:10:47,149
U61468,Ural Airlines,2024-10-22,10:44:37,256
N45536,Red Wings,2024-11-21,01:19:13,64
SU889,Rossiya,2025-01-14,13:33:06,37
SU7293,S7 Airlines,2024-01-08,22:57:10,102
S72200,Ural Airlines,2024-09-25,06:50:43,210
WZ2423,S7 Airlines,2025-10-09,15:06:37,173
DP7081,Ural Airlines,2024-10-01,08:42:30,70
FV4221,S7 Airlines,2025-02-16,23:20:30,189
UT1980,Rossiya,2024-07-04,18:26:38,212
SU434,Aeroflot,2024-01-07,01:52:53,245
U6419,Aeroflot,2024-01-13,23:11:09,283
DP4004,Red Wings,2025-12-20,01:54:32,105
FV1833,S7 Airlines,2025-08-23,04:09:50,206
FV7687,S7 Airlines,2024-02-04,16:27:25,262
N48357,Nordwind,2025-04-03,20:45:04,43
FV7992,Aeroflot,2024-11-17,03:17:53,147
U62108,Nordwind,2024-11-05,11:58:54,79
UT9547,Red Wings,2025-09-01,06:55:38,206
WZ3838,Aeroflot,2024-05-27,14:03:00,38
WZ548,Utair,2025-11-14,14:55:31,270
UT8765,Pobeda,2025-03-02,12:58:25,286
WZ4222,Aeroflot,2025-10-01,10:53:33,259
UT1753,S7 Airlines,2025-06-22,00:07:03,155
S74274,Ural Airlines,2024-04-16,12:33:58,125
S71422,Red Wings,2025-09-05,13:33:16,149
SU3326,Ural Airlines,2025-04-10,06:50:18,30
N43306,Red Wings,2024-07-23,22:57:14,155
UT6428,S7 Airlines,2024-09-21,17:59:03,150
FV8111,Aeroflot,2025-09-12,09:24:04,45
WZ2296,Red Wings,2024-07-15,02:50:37,150
FV7995,Red Wings,2024-02-02,09:48:43,225
N43990,Aeroflot,2024-10-14,04:03:38,192
WZ438,Pobeda,2025-02-05,17:28:44,71
UT8818,S7 Airlines,2024-03-20,00:40:09,57
S77069,Utair,2024-09-02,11:46:32,56
N48098,Aeroflot,2025-09-16,04:14:52,277
DP4335,Utair,2024-11-11,14:43:23,201
S74947,S7 Airlines,2025-03-28,02:59:56,139
S73089,Red Wings,2024-09-01,09:44:37,289
WZ2537,Nordwind,2024-06-18,17:40:37,68
DP3286,Pobeda,2025-10-09,22:46:33,92
DP1870,Pobeda,2024-07-14,17:42:29,119
S74909,Ural Airlines,2024-07-14,15:48:29,243
FV5389,Red Wings,2025-08-11,21:30:04,44
UT5795,Utair,2024-04-01,07:27:58,215
SU2664,Ural Airlines,2025-06-09,03:41:16,276
N4357,Pobeda,2024-06-16,20:37:23,0
DP4035,Aeroflot,2024-07-19,04:13:42,274
U64188,Nordwind,2024-08-07,08:31:58,5
UT5536,Ural Airlines,2024-01-20,07:18:27,106
N48586,Aeroflot,2025-11-24,22:41:06,50
DP2100,S7 Airlines,2025-10-21,14:23:08,78
SU2478,Utair,2025-07-08,21:47:45,167
DP7342,Pobeda,2024-09-16,13:51:34,216
DP1553,Red Wings,2024-12-16,08:09:15,228
DP2439,Pobeda,2025-10-26,19:16:55,268
SU4679,Nordwind,2024-05-24,12:05:28,168
SU4003,Red Wings,2024-12-22,18:39:40,237
N48189,Rossiya,2025-01-23,20:44:45,49
S7764,S7 Airlines,2025-02-24,10:53:00,18
DP7496,Red Wings,2024-06-17,13:31:06,279
DP8478,Rossiya,2024-12-10,02:08:45,30
SU1175,Utair,2024-03-07,20:56:12,121
U66090,S7 Airlines,2024-12-16,20:31:57,187
SU9566,Ural Airlines,2025-06-28,03:36:06,20
WZ3062,Rossiya,2024-10-08,19:12:26,271
N46631,Red Wings,2025-02-07,11:40:45,170
DP4879,S7 Airlines,2025-11-01,08:27:30,230
UT4074,S7 Airlines,2025-10-01,18:40:10,194
FV4638,Aeroflot,2025-10-23,12:54:49,78
UT893,Nordwind,2024-01-02,23:42:21,170
SU9334,Aeroflot,2025-03-06,08:00:29,154
SU871,Red Wings,2024-12-06,19:37:22,209
UT9276,Utair,2024-12-23,22:44:08,125
FV8825,Pobeda,2024-11-22,20:08:47,48
WZ7783,Rossiya,2024-08-12,01:43:55,65
DP4277,Ural Airlines,2025-08-07,18:00:14,106
UT9337,Ural Airlines,2025-08-18,19:59:40,38
S73559,Pobeda,2025-12-19,01:06:09,259
SU9788,Rossiya,2024-02-18,18:12:55,251
SU2182,Pobeda,2024-06-10,14:34:23,0
S79258,Rossiya,2024-05-14,11:43:37,179
UT339,Utair,2025-06-07,04:24:53,232
FV3721,Rossiya,2025-08-28,17:56:18,83
DP9205,S7 Airlines,2024-07-09,15:55:01,188
SU2078,Pobeda,2025-12-18,12:50:28,120
DP8373,Red Wings,2025-11-16,12:58:18,78
SU4604,S7 Airlines,2024-12-21,02:24:41,231
U67716,Ural Airlines,2025-07-04,01:13:17,125
N47291,Red Wings,2025-07-26,21:56:12,179
WZ3002,Aeroflot,2024-05-20,17:19:06,32
SU8979,Pobeda,2024-03-14,19:41:53,276
WZ1310,Rossiya,2024-08-12,05:54:56,109
U65668,S7 Airlines,2025-06-08,02:36:13,294
N4124,Rossiya,2025-05-14,02:13:26,183
N49085,Aeroflot,2024-07-09,06:43:35,246
DP6906,Utair,2025-08-18,14:16:11,237
FV2836,Aeroflot,2025-12-16,08:42:51,216
DP4462,Red Wings,2025-12-16,02:56:02,173
S7526,Aeroflot,2025-06-11,23:10:59,172
UT4142,Pobeda,2025-07-14,11:34:28,102
N44316,Ural Airlines,2024-09-16,17:45:46,209
DP7040,S7 Airlines,2025-01-19,18:55:45,254
UT5180,Pobeda,2024-07-06,19:35:01,135
WZ7539,Ural Airlines,2024-07-25,04:24:55,53
DP3864,Rossiya,2025-01-11,08:47:02,193
UT9584,Ural Airlines,2024-11-11,20:46:18,278
N49002,Red Wings,2024-09-25,02:01:07,42
FV8268,Pobeda,2024-05-26,18:20:55,263
SU6653,Aeroflot,2024-01-13,21:15:04,3
SU3139,Pobeda,2024-10-18,10:47:05,285
DP390,Aeroflot,2025-02-26,10:14:35,39
UT3640,Rossiya,2025-05-02,19:17:06,205
N42856,Nordwind,2024-11-12,18:50:49,220
WZ4986,Utair,2025-02-07,03:28:00,233
DP1282,Ural Airlines,2025-12-22,21:38:20,46
N42145,Red Wings,2025-11-04,13:27:15,152
WZ2699,Utair,2025-08-19,01:32:08,28
DP7283,Red Wings,2024-03-19,07:56:17,213
DP4917,Red Wings,2025-08-08,06:31:15,112
DP4223,Red Wings,2025-12-15,01:20:52,131
U66362,Red Wings,2025-07-19,22:45:10,273
SU7994,Ural Airlines,2024-05-23,01:54:55,261
SU559,Red Wings,2025-11-19,08:17:44,112
WZ5447,Pobeda,2025-09-14,12:17:26,8
SU5860,Rossiya,2024-08-17,19:36:51,223
SU1091,Pobeda,2025-03-20,01:26:54,220
SU2891,Aeroflot,2025-11-05,09:03:05,70
S74795,Rossiya,2024-11-28,19:58:52,133
S77546,S7 Airlines,2025-03-22,06:44:44,272
SU465,Aeroflot,2024-10-01,21:55:24,171
SU761,Aeroflot,2024-02-06,10:40:21,197
SU4980,Red Wings,2024-05-13,00:14:27,296
S79029,S7 Airlines,2024-12-25,00:17:40,90
S78146,Pobeda,2025-07-08,19:32:27,59
WZ7619,Rossiya,2025-05-16,23:21:30,82
SU7674,Pobeda,2025-07-14,10:51:03,131
U67999,Nordwind,2025-11-24,11:38:54,2
SU4658,Red Wings,2025-05-04,07:01:22,90
S77183,Nordwind,2024-02-07,20:01:23,151
DP9158,Pobeda,2025-12-19,10:42:53,82
DP5113,S7 Airlines,2024-10-20,15:00:24,71
WZ7787,Utair,2025-12-16,21:24:52,291
UT5232,Pobeda,2024-08-17,04:25:41,276
WZ3366,Rossiya,2025-01-06,03:14:31,12
N44955,Pobeda,2025-05-08,10:35:39,163
SU7763,Red Wings,2024-06-12,04:22:09,140
U69255,Rossiya,2025-10-20,20:14:59,121
N49291,Rossiya,2025-05-04,22:16:33,188
N4933,Ural Airlines,2025-04-11,05:27:40,233
FV7260,Aeroflot,2025-03-10,16:12:34,123
DP4950,Nordwind,2025-06-13,05:41:36,194
FV1580,Rossiya,2025-01-01,08:03:01,93
UT2537,Utair,2025-04-20,13:02:36,152
FV5460,Red Wings,2024-06-10,15:35:15,138
WZ9503,Utair,2024-09-25,11:18:54,203
N47932,Red Wings,2025-03-02,12:17:05,199
N44380,S7 Airlines,2024-12-10,14:30:48,181
WZ5074,Nordwind,2024-09-13,23:01:09,256
U69775,Aeroflot,2024-11-04,10:51:54,169
DP4910,Red Wings,2025-11-08,09:01:45,187
FV2700,Rossiya,2024-05-22,10:27:52,181
N43604,Aeroflot,2025-03-01,22:29:05,251
FV6846,Nordwind,2024-04-08,21:21:43,215
N48967,Aeroflot,2024-01-25,21:38:05,160
WZ445,Rossiya,2024-09-05,21:26:23,241
N44343,Utair,2025-06-17,01:57:29,42
WZ584,Ural Airlines,2025-07-20,16:36:02,64
UT9020,Rossiya,2024-02-05,02:19:45,259
UT6983,Rossiya,2025-11-10,08:02:20,185
N41823,Rossiya,2024-01-12,00:54:02,210
DP2495,Red Wings,2024-06-25,02:48:45,63
DP6357,Red Wings,2024-04-27,02:15:37,208
N45074,Ural Airlines,2025-09-05,00:51:21,62
N48695,Aeroflot,2025-11-02,12:06:42,107
U61279,Nordwind,2025-12-16,11:22:45,38
U69349,Aeroflot,2025-03-19,14:59:15,78
WZ9776,Red Wings,2024-01-07,12:03:59,7
WZ1984,Aeroflot,2025-06-12,11:46:24,51
UT8759,Red Wings,2025-09-16,02:31:48,132
WZ1233,Ural Airlines,2025-03-15,13:13:30,146
UT6078,Nordwind,2025-08-27,15:29:10,13
FV3584,Nordwind,2024-10-13,16:07:48,256
DP4114,Rossiya,2024-03-01,10:43:03,140
DP6588,Pobeda,2024-05-18,17:34:45,107
WZ3469,Ural Airlines,2025-04-22,18:32:07,280
SU5838,Rossiya,2024-05-15,02:44:00,209
FV6847,Red Wings,2025-02-08,06:15:05,125
WZ6905,S7 Airlines,2024-08-18,23:44:00,41
WZ8807,Pobeda,2025-01-22,21:05:11,257
SU1116,S7 Airlines,2025-07-20,02:28:12,12
WZ8119,Utair,2024-06-17,15:29:32,29
U62850,Pobeda,2024-09-19,15:25:19,198
DP4856,Red Wings,2025-06-26,19:01:43,247
DP717,S7 Airlines,2025-08-11,22:55:27,185
WZ3070,Red Wings,2024-04-03,01:18:24,148
FV1892,Ural Airlines,2024-10-03,15:11:36,38
WZ7181,Nordwind,2024-04-17,21:50:47,299
UT9613,Utair,2024-06-14,10:06:45,179
DP5676,Rossiya,2024-04-04,02:47:47,4
FV641,Rossiya,2025-04-24,02:03:13,10
S76728,Pobeda,2025-01-13,06:29:33,41
N43994,Rossiya,2024-05-05,22:03:46,115
WZ1362,Pobeda,2025-08-26,07:08:11,101
DP1872,Ural Airlines,2024-07-19,06:23:50,145
SU3382,Pobeda,2025-11-18,13:55:23,24
SU1999,Utair,2024-11-02,18:32:51,23
SU3901,Rossiya,2024-01-04,03:58:44,25
FV2414,Utair,2024-12-19,12:03:59,293
S77923,Aeroflot,2024-03-24,12:28:28,143
U61593,Utair,2025-09-09,03:28:20,38
FV140,Pobeda,2024-08-10,20:04:11,260
SU6060,Aeroflot,2025-01-04,23:39:02,65
N44680,Nordwind,2025-01-09,03:16:38,146
UT6053,Rossiya,2025-02-18,16:18:34,268
FV2033,Utair,2025-12-16,11:27:51,63
N42007,S7 Airlines,2025-04-27,01:07:59,25
U67044,Nordwind,2024-10-04,23:08:26,183
N4581,Red Wings,2025-04-01,18:21:55,280
WZ1079,Ural Airlines,2025-03-07,13:06:51,30
SU1141,Utair,2025-10-28,08:26:47,212
U67080,Ural Airlines,2024-09-03,14:44:05,179
U62204,Utair,2025-08-06,11:39:15,227
N46536,Red Wings,2024-07-10,10:38:49,265
S73065,Utair,2024-01-26,13:09:43,293
S7647,Ural Airlines,2024-04-09,07:45:53,181
SU2765,Nordwind,2025-11-14,11:24:18,245
SU481,Utair,2025-01-27,03:35:28,168
UT5980,Rossiya,2024-06-06,18:16:16,24
U69450,Rossiya,2024-04-07,15:50:02,213
N48136,Aeroflot,2025-07-23,17:42:28,231
N44416,Ural Airlines,2024-05-06,15:55:32,12
FV5543,Red Wings,2024-03-12,22:33:11,93
S78616,Rossiya,2024-05-09,11:07:42,192
N49140,Rossiya,2025-11-25,13:34:24,62
U65901,S7 Airlines,2024-06-25,10:34:54,276
DP6678,Pobeda,2024-01-12,16:02:33,207
DP5098,Utair,2024-07-26,05:34:15,181
SU4130,Aeroflot,2024-09-03,01:15:10,275
UT3327,Pobeda,2025-10-20,06:17:27,238
UT9669,Pobeda,2024-05-03,10:52:13,59
WZ5082,Rossiya,2025-04-11,15:48:35,67
UT1713,Utair,2024-02-06,23:59:52,75
S7109,S7 Airlines,2024-05-02,15:32:18,97
U69683,Utair,2025-01-20,08:44:33,226
U67509,S7 Airlines,2025-12-08,03:24:53,70
SU3624,Utair,2025-09-23,13:02:30,145
U64372,Nordwind,2025-08-14,11:21:48,291
UT8499,Rossiya,2025-04-22,16:32:01,269
FV4466,Nordwind,2025-02-12,20:13:44,155
SU7172,Nordwind,2024-04-17,15:51:33,262
U69335,Red Wings,2024-02-06,17:26:12,260
WZ325,Utair,2025-12-09,06:12:23,272
N41930,Pobeda,2025-06-14,13:28:03,182
U66243,Rossiya,2025-09-01,03:13:54,37
SU3609,Pobeda,2025-09-22,10:09:32,222
WZ4922,Aeroflot,2024-12-27,21:13:45,184
DP5548,Utair,2024-01-14,16:33:29,238
N44648,Red Wings,2024-12-17,09:16:51,147
S71909,Pobeda,2024-03-10,06:30:11,47
S74744,S7 Airlines,2024-10-06,08:22:16,176
N48730,Rossiya,2024-04-14,09:54:41,254
U65914,Ural Airlines,2024-02-02,11:09:02,274
UT2301,S7 Airlines,2024-08-01,23:58:51,297
UT2425,Utair,2025-08-04,22:22:16,156
S78354,S7 Airlines,2024-01-28,11:14:02,152
DP1944,Pobeda,2024-09-11,18:33:40,166
N44952,Ural Airlines,2025-02-08,02:47:00,94
U63884,Rossiya,2024-01-11,07:46:19,89
SU6524,Nordwind,2025-10-21,09:06:31,166
DP1035,Nordwind,2025-08-22,03:34:45,288
S74755,Nordwind,2025-06-18,23:46:03,84
SU6207,Ural Airlines,2025-05-07,04:17:22,47
FV801,Pobeda,2025-02-17,00:03:32,198
S71790,Ural Airlines,2024-02-16,22:11:12,228
FV4897,S7 Airlines,2025-07-12,07:08:25,81
SU9750,Pobeda,2024-02-08,13:31:24,235
N49508,Rossiya,2025-05-17,01:14:16,268
WZ2609,Ural Airlines,2025-03-27,01:29:01,9
S79504,S7 Airlines,2025-03-22,11:07:10,159
S72363,Red Wings,2024-12-21,15:40:49,61
WZ5711,Pobeda,2024-03-07,23:54:18,58
U64301,Utair,2024-05-22,22:37:26,184
DP6746,Aeroflot,2025-03-14,09:47:33,61
FV9904,Pobeda,2024-07-23,02:47:55,45
S7520,Nordwind,2025-12-14,20:12:40,164
UT6118,Pobeda,2024-07-23,00:54:55,129
FV2506,Rossiya,2024-10-18,18:06:18,129
UT1722,S7 Airlines,2024-06-08,13:49:59,153
SU6530,S7 Airlines,2025-02-28,06:06:46,74
UT5749,S7 Airlines,2025-11-12,02:04:43,262
U61012,S7 Airlines,2025-04-18,22:31:21,42
FV5629,Red Wings,2024-05-02,07:17:54,225
DP9442,Red Wings,2024-03-26,04:25:12,289
DP5475,Red Wings,2025-09-05,00:25:16,188
N49414,Rossiya,2025-06-11,11:23:58,134
DP7446,Utair,2024-07-16,14:15:18,200
DP7986,Aeroflot,2025-03-07,16:55:23,227
S73701,Pobeda,2025-07-21,07:04:46,2
UT7063,Nordwind,2024-03-17,19:24:03,204
SU850,Rossiya,2024-01-11,01:58:31,23
U64821,S7 Airlines,2025-07-06,07:17:26,69
UT7055,Aeroflot,2024-10-02,15:16:23,253
WZ8880,Red Wings,2025-08-07,03:18:34,69
SU5222,Utair,2025-12-20,13:31:08,64
U66561,Ural Airlines,2024-07-14,19:37:56,29
UT2921,Red Wings,2024-12-11,22:49:53,226
FV757,Rossiya,2024-11-02,20:30:13,207
U62873,Aeroflot,2024-12-09,16:43:27,132
DP4761,S7 Airlines,2025-01-11,01:00:10,63
SU9622,Pobeda,2025-10-26,14:46:22,292
N42161,Aeroflot,2024-12-06,07:47:44,175
DP6618,Rossiya,2025-04-14,02:49:43,207
FV6667,Aeroflot,2024-09-20,10:44:02,257
FV1329,Nordwind,2025-05-23,04:35:50,181
S74550,Rossiya,2024-05-08,15:23:40,259
U69959,Pobeda,2025-09-02,11:03:40,19
N47119,Pobeda,2025-01-26,06:30:33,92
WZ7374,Pobeda,2024-05-16,08:45:33,278
SU9556,Red Wings,2025-11-12,09:19:49,7
WZ4272,Utair,2025-04-13,04:58:31,69
UT7826,Ural Airlines,2025-06-05,06:03:27,289
U65330,Rossiya,2024-03-13,07:04:22,63
N4139,Rossiya,2025-11-12,14:29:14,243
N45623,Aeroflot,2025-07-16,04:25:47,254
UT5613,Red Wings,2025-10-14,03:18:11,44
U61110,Aeroflot,2024-10-23,14:57:12,128
FV8998,Rossiya,2025-08-25,17:29:05,150
U67596,Red Wings,2025-09-12,16:10:41,268
DP8231,Rossiya,2025-12-13,06:37:36,266
S75779,Pobeda,2024-10-27,20:46:03,120
U64396,Rossiya,2025-04-10,08:03:19,49
FV7640,S7 Airlines,2025-06-27,04:47:59,274
FV3183,Nordwind,2024-11-17,22:23:08,53
SU2281,Pobeda,2025-07-12,22:57:44,262
S73717,Aeroflot,2024-11-02,18:40:24,136
WZ556,S7 Airlines,2025-04-20,00:56:37,111
U64212,Nordwind,2024-11-27,20:17:01,279
U64869,Pobeda,2024-06-19,21:32:45,154
SU6014,S7 Airlines,2024-12-18,04:35:55,36
U64575,Rossiya,2025-02-14,00:14:43,297
SU9093,Utair,2024-11-07,04:14:08,75
U63302,Nordwind,2024-01-13,04:54:04,141
WZ2467,Rossiya,2024-10-01,21:40:06,272
DP6647,Pobeda,2025-03-26,12:26:54,109
WZ1535,Nordwind,2025-10-13,19:16:12,211
N4938,Red Wings,2024-11-26,16:06:46,86
DP7273,S7 Airlines,2025-08-02,07:31:43,185
DP2744,Rossiya,2024-12-04,03:42:15,91
WZ3994,Pobeda,2024-10-01,11:05:46,165
UT4441,Ural Airlines,2024-08-04,01:39:01,284
UT7926,Rossiya,2024-02-19,02:14:46,224
U67016,Aeroflot,2024-02-01,19:25:12,237
WZ2547,Ural Airlines,2025-08-13,13:00:47,73
UT5259,Utair,2025-07-07,02:00:44,243
DP4904,Nordwind,2025-12-15,09:31:49,201
SU6448,Ural Airlines,2025-09-26,04:36:09,139
DP2325,Ural Airlines,2024-10-18,00:10:37,203
S71737,Rossiya,2025-08-03,18:19:13,101
N44583,Ural Airlines,2025-10-12,23:00:19,257
N42072,Utair,2025-10-22,06:20:26,263
SU8896,Aeroflot,2025-10-05,06:53:21,177
S72444,Rossiya,2024-06-17,19:33:37,215
SU7457,S7 Airlines,2024-04-12,21:29:10,126
S7800,Red Wings,2024-02-24,20:28:11,213
DP3860,Pobeda,2025-01-25,06:59:49,119
WZ8778,Ural Airlines,2024-03-22,05:25:24,66
DP7934,Red Wings,2024-02-21,20:52:31,120
U68728,Rossiya,2025-09-22,10:45:56,191
FV2100,Ural Airlines,2025-02-01,23:18:48,157
FV5070,Nordwind,2025-09-25,02:32:46,218
DP6654,S7 Airlines,2025-05-18,02:01:06,54
UT6595,Pobeda,2024-02-05,19:40:12,143
SU4230,Nordwind,2025-12-21,20:00:04,262
N48990,Aeroflot,2025-07-20,02:28:21,18
U64756,Red Wings,2025-10-20,05:57:09,124
SU5586,Nordwind,2025-05-01,05:22:17,279
N47243,Red Wings,2024-05-14,07:39:50,9
FV3548,Nordwind,2024-03-16,03:12:33,81
U69875,Nordwind,2024-05-02,22:00:41,95
N43007,Rossiya,2025-03-11,13:55:37,255
N43203,Utair,2025-06-27,04:11:22,123
U62567,Rossiya,2025-06-15,19:58:11,33
UT8960,Pobeda,2025-01-17,16:43:36,203
FV2746,Red Wings,2025-01-20,05:43:44,287
FV5285,Red Wings,2025-10-05,05:55:46,216
U66774,Ural Airlines,2024-08-21,05:18:24,84
FV9453,Rossiya,2024-11-08,12:10:12,190
SU4089,Pobeda,2025-06-22,17:27:41,107
U6268,Utair,2025-07-28,11:38:24,282
WZ4146,Aeroflot,2025-03-14,07:04:42,82
DP7789,Utair,2025-08-10,15:20:50,116
U65033,Red Wings,2025-12-04,01:15:37,264
WZ6703,Nordwind,2024-09-03,15:06:31,8
WZ6097,Ural Airlines,2024-01-22,16:44:08,42
DP9738,Pobeda,2024-01-03,12:02:10,100
U64926,S7 Airlines,2025-07-28,19:04:29,62
DP6706,Utair,2024-03-27,23:45:56,53
S75554,S7 Airlines,2025-11-25,07:55:52,69
UT2627,Pobeda,2024-03-09,10:08:46,67
UT5739,Red Wings,2024-03-13,15:40:24,26
S76478,Utair,2024-12-23,01:27:21,209
UT2545,Aeroflot,2024-03-17,05:33:54,169
N45699,Red Wings,2024-04-25,19:12:36,185
S73597,Pobeda,2025-02-03,05:04:22,215
U62156,Utair,2025-03-21,07:23:43,109
UT2114,Nordwind,2025-06-22,08:24:48,203
FV8744,Rossiya,2024-01-20,00:29:55,67
UT5221,Red Wings,2025-12-17,19:44:38,247
FV7866,Aeroflot,2025-11-01,18:29:35,38
UT2346,Nordwind,2024-08-25,10:55:25,249
SU5934,Nordwind,2025-04-22,10:47:41,58
FV5191,Red Wings,2025-09-24,17:35:35,236
WZ1085,Pobeda,2024-06-26,18:35:01,284
N48771,Nordwind,2024-08-09,13:33:48,97
FV9136,Utair,2025-08-25,18:05:36,140
FV7283,Pobeda,2025-04-02,18:30:34,36
FV4691,Ural Airlines,2025-09-24,08:54:46,2
U64039,Aeroflot,2025-05-28,20:30:12,291
WZ1368,Rossiya,2025-06-19,12:08:40,76
WZ1250,Rossiya,2024-03-23,16:07:51,82
N41766,Ural Airlines,2024-02-06,16:27:10,26
UT3552,S7 Airlines,2024-07-19,17:30:06,157
DP5863,Pobeda,2025-09-04,07:34:01,120
U66387,Red Wings,2025-03-13,02:49:57,11
WZ6412,Pobeda,2024-09-09,04:59:12,192
U68089,Rossiya,2025-01-20,06:06:34,15
DP8409,Ural Airlines,2024-05-14,07:17:16,229
S77027,Nordwind,2025-12-20,22:31:53,236
SU1866,Ural Airlines,2024-09-16,15:24:47,213
S79917,Rossiya,2025-05-04,09:07:23,225
S73477,Aeroflot,2024-11-11,00:32:23,2
S74720,Aeroflot,2024-10-08,04:44:05,178
FV5866,Aeroflot,2025-12-13,06:11:04,101
S71718,Utair,2025-11-16,19:18:56,92
S71358,Ural Airlines,2025-05-06,01:42:07,263
S79320,Pobeda,2025-10-24,12:16:55,81
UT154,Nordwind,2025-06-19,09:32:08,151
WZ2263,Aeroflot,2025-09-08,17:11:38,156
N48178,S7 Airlines,2024-07-23,03:34:44,79
SU5273,Nordwind,2025-12-28,01:33:52,28
S71821,Rossiya,2024-05-21,07:59:45,241
FV3572,Ural Airlines,2024-01-22,15:34:25,230
S75309,Rossiya,2025-01-12,15:18:47,153
U62904,Nordwind,2025-02-25,05:46:20,140
WZ8374,S7 Airlines,2025-08-23,13:00:02,81
FV4804,Utair,2025-01-25,08:00:36,118
UT7030,Ural Airlines,2025-02-17,04:59:49,192
FV8601,Rossiya,2025-10-13,05:22:47,118
N41922,Aeroflot,2025-05-01,12:13:42,32
SU8864,Red Wings,2024-03-23,21:47:19,80
UT9850,Aeroflot,2024-04-11,05:32:10,93
U69567,Rossiya,2025-09-10,21:04:39,191
U67566,Red Wings,2024-10-11,07:34:23,173
U67764,Nordwind,2025-06-27,11:56:56,121
SU5845,Utair,2024-12-25,00:32:11,23
DP2577,Rossiya,2025-08-06,06:43:11,183
UT9816,Pobeda,2025-01-06,21:37:03,163
N41397,Nordwind,2025-07-22,07:21:09,289
WZ8454,Utair,2025-04-10,15:52:01,32
DP7561,Red Wings,2024-08-06,12:26:22,74
SU9074,Utair,2024-01-18,17:57:25,127
SU9580,Red Wings,2024-06-07,19:20:52,285
SU1581,Red Wings,2025-07-16,15:32:47,218
WZ2770,Aeroflot,2025-03-26,15:43:44,260
UT9764,Aeroflot,2024-08-11,03:47:38,102
SU134,Nordwind,2024-06-15,11:28:58,58
U68367,Rossiya,2024-07-07,23:20:13,54
U67215,S7 Airlines,2025-09-10,07:11:33,176
SU5727,S7 Airlines,2024-10-25,12:20:19,114
N44867,S7 Airlines,2024-04-28,19:09:31,101
S76923,Pobeda,2025-04-17,19:19:29,297
WZ4593,Pobeda,2024-04-07,09:27:44,79
N48194,Red Wings,2024-04-16,12:37:11,274
U62874,Aeroflot,2025-09-12,01:27:12,297
U66848,Aeroflot,2025-07-03,11:24:17,239
WZ2581,Aeroflot,2024-02-28,09:34:59,270
U66856,Ural Airlines,2025-09-19,20:37:12,194
DP1474,Ural Airlines,2024-03-14,10:43:06,266
S76650,Nordwind,2025-11-24,00:16:38,37
WZ345,Ural Airlines,2025-02-13,21:39:01,212
WZ4644,Pobeda,2025-12-07,22:55:34,87
U64174,Red Wings,2024-05-22,07:56:19,151
S73099,Utair,2024-07-13,14:33:42,49
WZ9788,Red Wings,2024-02-08,05:02:41,200
DP4248,Utair,2024-07-17,20:55:18,36
N42437,Utair,2025-07-21,19:26:53,294
SU6826,S7 Airlines,2025-06-15,03:18:23,227
SU7376,Pobeda,2024-05-01,01:38:22,62
SU5586,Red Wings,2025-02-02,13:39:41,11
S72752,S7 Airlines,2024-06-16,13:26:59,274
WZ7686,Ural Airlines,2024-02-27,15:01:14,208
UT8619,Aeroflot,2024-12-27,21:30:12,11
S79539,Rossiya,2024-08-22,16:37:03,204
S78319,Nordwind,2024-05-16,06:43:26,121
SU6653,Red Wings,2025-05-16,14:03:54,206
S78748,S7 Airlines,2025-12-09,19:33:05,17
WZ8342,Ural Airlines,2024-07-17,18:21:48,296
N48993,Red Wings,2024-11-10,13:51:12,160
N49886,Rossiya,2025-06-09,09:58:31,1
U69068,Aeroflot,2025-10-17,19:45:35,188
FV6577,Red Wings,2025-02-16,00:48:10,242
S79127,Aeroflot,2024-04-03,16:23:45,192
N47514,Red Wings,2025-05-07,14:52:56,240
UT427,Ural Airlines,2025-08-25,09:18:22,0
U61995,Red Wings,2024-03-24,23:58:59,233
FV6153,Aeroflot,2025-03-13,14:49:11,166
U6749,Red Wings,2024-10-19,14:59:39,212
SU4340,S7 Airlines,2025-06-23,13:17:24,143
FV8689,Red Wings,2025-05-24,14:50:14,0
WZ786,Ural Airlines,2025-04-21,18:40:31,285
UT6548,Aeroflot,2024-08-25,00:08:21,138
N49199,Utair,2025-03-26,06:08:11,85
WZ9223,Utair,2025-07-09,16:01:22,184
DP7484,S7 Airlines,2025-03-03,08:40:44,286
U67062,Red Wings,2025-08-10,08:59:19,64
S76196,Nordwind,2025-04-23,03:53:58,205
SU9898,Utair,2025-11-25,16:38:00,152
U65177,S7 Airlines,2024-12-22,06:36:00,8
FV6310,Aeroflot,2025-02-13,11:15:53,279
U61974,Pobeda,2024-11-22,05:21:57,30
S72146,Rossiya,2025-03-07,01:32:47,148
SU428,Rossiya,2024-12-23,23:17:16,39
U69359,Ural Airlines,2025-12-10,22:06:33,183
SU2261,Nordwind,2025-10-26,14:46:49,72
DP1745,Ural Airlines,2025-04-13,09:26:04,85
UT8360,S7 Airlines,2024-07-03,11:12:48,239
S7282,Ural Airlines,2024-02-18,04:19:50,37
DP9177,Ural Airlines,2025-04-24,20:48:08,62
U63406,Utair,2025-09-28,14:14:44,251
SU6526,Utair,2024-09-07,23:26:41,234
WZ5415,Aeroflot,2025-01-26,20:05:41,74
N41433,Rossiya,2024-01-21,20:02:24,82
UT8336,Utair,2025-12-16,14:37:41,95
WZ7577,Aeroflot,2025-05-11,09:31:48,249
UT9877,Pobeda,2024-01-02,18:27:24,260
WZ8754,Red Wings,2024-03-06,03:57:26,239
S74410,Aeroflot,2025-04-08,19:15:39,260
S7685,Rossiya,2025-05-06,08:46:15,126
SU7279,Red Wings,2025-06-04,05:11:29,5
DP152,Nordwind,2024-01-16,21:21:10,231
FV4632,Aeroflot,2024-10-18,05:28:43,66
SU2083,Utair,2024-04-23,07:33:37,291
DP4108,Pobeda,2024-06-27,02:03:08,30
S78411,Red Wings,2024-11-22,05:52:32,149
UT8735,Utair,2025-04-19,19:38:23,106
UT7126,Ural Airlines,2025-11-01,17:23:44,265
U63390,Aeroflot,2024-06-10,21:40:22,96
N49989,Pobeda,2024-07-27,12:30:24,283
N48459,Ural Airlines,2025-04-20,00:32:37,115
WZ5613,S7 Airlines,2024-08-12,07:54:02,177
DP7760,Ural Airlines,2025-02-10,19:25:32,162
WZ9488,Nordwind,2025-02-18,04:57:55,60
S72248,Red Wings,2025-06-02,05:12:19,36
DP125,Nordwind,2024-01-22,01:14:02,64
S72828,Pobeda,2024-02-13,07:03:26,154
UT4815,Red Wings,2025-09-18,19:14:22,27
U67870,Aeroflot,2025-01-18,14:05:00,29
N44469,Aeroflot,2025-08-20,18:53:40,149
U63541,Ural Airlines,2024-09-18,11:01:38,94
SU3748,Pobeda,2025-07-04,05:39:47,133
DP3236,Utair,2024-01-22,04:32:59,109
S77509,Aeroflot,2024-06-03,02:22:52,214
SU1759,Rossiya,2025-06-20,09:32:49,282
WZ8326,Utair,2025-05-15,04:31:23,4
DP5949,Aeroflot,2025-12-01,13:18:44,249
FV1441,S7 Airlines,2025-07-17,18:46:01,96
UT1609,Aeroflot,2024-07-10,12:30:16,18
FV5737,Rossiya,2024-07-04,09:54:33,103
N43952,Nordwind,2024-03-03,01:36:00,296
DP8581,Utair,2025-07-17,05:00:55,229
DP8100,Red Wings,2025-01-20,05:05:14,35
N49879,Pobeda,2024-05-07,02:19:04,136
DP6947,Pobeda,2025-08-08,21:27:06,53
DP2145,Nordwind,2025-12-28,01:21:29,21
UT5520,Rossiya,2024-07-21,04:33:40,235
DP3442,Nordwind,2025-08-05,03:41:10,131
DP7403,Rossiya,2025-11-08,05:45:24,114
FV6461,Nordwind,2025-02-12,11:02:19,60
N48148,Red Wings,2024-07-18,19:39:27,112
S76939,Pobeda,2025-07-25,14:09:48,109
SU1966,Rossiya,2024-01-21,12:13:32,90
U62389,Nordwind,2024-08-10,07:09:53,7
SU2209,Utair,2024-04-11,13:20:41,75
U62691,Nordwind,2025-03-06,06:17:30,233
S75508,S7 Airlines,2024-02-06,00:11:28,150
FV7782,Utair,2025-09-19,12:29:02,167
DP8759,Aeroflot,2024-06-05,14:05:12,142
U67679,Nordwind,2025-12-05,04:41:00,103
U65704,Rossiya,2024-04-04,21:04:53,94
N43235,Nordwind,2025-12-28,19:48:13,261
S74162,Red Wings,2025-12-23,18:29:46,37
DP8104,Aeroflot,2025-08-06,00:46:12,99
S73158,Red Wings,2025-05-07,22:36:02,267
FV2495,Ural Airlines,2025-12-13,14:57:43,193
FV7317,Ural Airlines,2024-04-15,23:14:12,182
N42263,S7 Airlines,2024-05-20,16:01:19,171
SU5960,Nordwind,2024-07-27,04:06:54,107
UT6961,Nordwind,2025-03-11,02:59:44,114
SU450,Ural Airlines,2025-08-16,16:14:34,290
S77568,Pobeda,2025-12-02,07:23:01,252
UT8817,Nordwind,2024-04-22,05:41:38,251
DP2840,Utair,2024-12-16,09:05:25,204
N44648,Rossiya,2024-10-07,21:56:19,231
WZ1687,Aeroflot,2024-10-10,05:55:19,297
DP8044,Ural Airlines,2024-09-27,15:28:51,25
WZ5132,Red Wings,2025-02-02,14:04:07,228
WZ4213,S7 Airlines,2025-11-28,19:35:28,46
SU9878,Red Wings,2024-12-28,22:05:39,29
SU428,S7 Airlines,2025-05-19,22:41:53,137
SU650,Pobeda,2024-02-07,07:05:21,134
S77606,Ural Airlines,2025-01-26,00:52:06,10
U62730,Red Wings,2025-03-14,01:50:57,184
FV6016,Aeroflot,2025-06-23,01:41:19,212
UT242,Utair,2024-01-22,03:41:37,163
UT719,Utair,2025-05-22,01:26:28,108
SU834,Aeroflot,2024-05-24,05:11:48,86
UT3708,S7 Airlines,2025-04-09,06:11:16,122
S75884,Utair,2024-02-27,19:42:54,168
U68015,Pobeda,2025-04-25,20:08:42,218
N41309,Aeroflot,2024-03-21,18:09:20,273
UT107,Rossiya,2024-08-16,06:49:51,3
UT4946,Pobeda,2025-12-26,04:17:54,158
DP5428,Aeroflot,2024-07-14,04:04:44,71
N4358,Aeroflot,2024-02-02,22:18:51,32
SU2698,Aeroflot,2024-10-18,05:22:32,201
U6507,Aeroflot,2024-07-27,17:59:18,298
FV1701,Nordwind,2024-08-27,07:40:50,45
N47043,Utair,2024-01-21,10:44:18,150
WZ4310,Ural Airlines,2025-08-21,02:19:07,215
WZ7518,Nordwind,2025-05-08,08:13:01,238
N48736,Aeroflot,2025-02-02,01:37:52,285
UT7836,Rossiya,2024-06-17,01:11:44,121
UT4115,Red Wings,2024-04-19,03:38:16,295
UT3140,Utair,2024-09-20,11:17:48,174
N45559,Nordwind,2024-11-22,08:42:11,281
S74192,Nordwind,2024-10-08,11:42:54,202
S72256,Ural Airlines,2025-12-06,18:53:10,178
FV6285,Utair,2025-08-16,16:34:29,172
FV1018,Red Wings,2025-04-03,04:07:56,5
WZ4820,S7 Airlines,2024-11-11,03:16:17,33
N47352,Pobeda,2024-11-23,09:09:50,174
S72572,Pobeda,2025-02-14,21:09:37,69
S79172,S7 Airlines,2025-06-28,15:56:51,119
FV6098,Red Wings,2025-11-11,13:24:49,122
FV5368,Aeroflot,2024-03-21,17:35:18,188
UT5912,Utair,2024-10-11,03:48:08,274
UT7906,Aeroflot,2024-11-08,03:58:20,88
DP5969,Aeroflot,2025-10-16,17:44:40,228
U68425,Nordwind,2025-03-28,05:31:02,195
FV3722,Pobeda,2025-10-16,14:02:23,262
DP1696,Nordwind,2024-01-10,22:10:16,39
WZ988,Nordwind,2025-07-03,05:07:21,137
SU3310,Utair,2024-10-07,03:30:15,46
N42226,Red Wings,2025-01-02,03:15:07,268
N43420,Pobeda,2025-05-03,22:40:01,10
UT6345,Aeroflot,2025-08-15,14:24:55,83
U62120,Utair,2024-07-22,11:48:35,1
UT3650,Ural Airlines,2025-08-20,08:23:11,291
N43531,Pobeda,2024-12-21,21:17:24,113
N46752,Aeroflot,2025-10-13,13:21:11,285
WZ5095,Aeroflot,2025-03-25,20:31:48,293
U67357,Pobeda,2024-05-15,17:17:56,126
UT6949,S7 Airlines,2024-03-19,09:46:38,256
DP2193,Ural Airlines,2024-12-12,16:11:25,85
U69597,Pobeda,2024-10-25,23:39:12,157
N44863,Nordwind,2024-02-18,22:55:17,223
S74811,Rossiya,2025-02-15,01:25:14,207
FV9040,Red Wings,2024-05-20,19:56:22,85
N47873,Red Wings,2025-05-15,16:52:16,104
S76259,Nordwind,2024-03-16,22:19:46,98
FV5444,Ural Airlines,2024-05-10,18:46:49,279
WZ8645,Utair,2025-02-16,01:46:00,79
WZ1759,S7 Airlines,2025-09-10,02:56:26,237
SU3871,Aeroflot,2024-08-26,03:44:22,281
SU1269,Red Wings,2024-06-12,22:36:17,31
S76674,Pobeda,2024-07-09,21:31:42,210
FV3537,Rossiya,2024-05-26,00:42:49,57
DP6410,S7 Airlines,2024-02-19,15:01:33,289
SU4340,Nordwind,2024-04-11,18:31:56,88
SU1308,Red Wings,2025-05-20,00:04:25,81
U6534,Utair,2024-02-11,05:36:35,272
WZ2840,S7 Airlines,2024-04-25,14:00:15,189
FV7249,Ural Airlines,2024-12-26,07:59:31,73
WZ1605,S7 Airlines,2024-04-11,04:52:11,201
UT7776,Utair,2024-12-17,15:21:07,164
SU6894,Ural Airlines,2024-08-11,11:45:34,99
UT4453,Red Wings,2024-12-24,19:37:08,66
WZ7703,Rossiya,2025-12-26,23:40:30,81
DP8797,Ural Airlines,2025-10-09,04:52:39,128
DP5486,S7 Airlines,2025-02-12,01:40:33,19
U65945,Nordwind,2025-03-23,10:35:39,139
SU5414,Ural Airlines,2025-06-28,01:18:54,238
S7348,S7 Airlines,2024-02-03,09:52:27,35
DP7716,Ural Airlines,2024-07-05,08:07:32,174
UT2644,Nordwind,2025-07-08,00:09:14,50
UT4348,Utair,2024-10-05,21:47:45,168
UT5042,Pobeda,2024-04-03,05:57:40,209
U63491,Rossiya,2025-10-24,12:39:53,222
FV1414,Rossiya,2025-10-14,21:45:13,250
S78256,Rossiya,2024-10-14,12:48:07,13
SU6533,Aeroflot,2024-05-28,21:09:12,298
FV2620,Aeroflot,2024-04-18,22:30:38,25
WZ3871,S7 Airlines,2025-12-14,07:51:54,121
U61528,Ural Airlines,2024-06-01,10:14:14,185
DP9261,S7 Airlines,2025-09-18,00:06:32,94
U65684,Ural Airlines,2025-07-19,02:49:40,37
SU8800,S7 Airlines,2025-02-14,08:02:17,240
U64250,Pobeda,2024-11-23,01:02:29,144
FV182,S7 Airlines,2025-07-23,08:44:41,45
DP651,Ural Airlines,2025-12-06,04:31:17,115
N42342,Utair,2024-11-04,20:36:12,183
UT357,Ural Airlines,2025-04-24,07:47:37,201
U62236,S7 Airlines,2024-08-12,10:42:27,16
SU7144,Red Wings,2025-05-17,19:42:02,205
SU3414,Ural Airlines,2025-02-25,21:27:59,64
WZ7210,Rossiya,2025-02-19,20:12:14,59
FV5876,Utair,2024-02-22,11:13:48,55
SU6200,Nordwind,2025-05-20,17:23:32,209
U61514,Rossiya,2025-02-21,01:15:03,124
U67655,Utair,2024-12-01,21:13:39,199
UT3581,S7 Airlines,2024-04-04,21:01:09,133
DP1759,Red Wings,2025-03-21,16:39:21,95
DP3577,S7 Airlines,2024-03-28,15:36:44,36
FV9931,Utair,2024-01-07,23:42:58,83
SU9015,Rossiya,2024-09-07,22:34:03,15
WZ7621,Aeroflot,2024-04-06,03:18:13,167
SU7497,Rossiya,2025-10-26,01:42:29,243
S75128,Nordwind,2024-08-14,05:35:37,106
SU7282,Aeroflot,2025-03-09,12:31:14,44
N48228,Aeroflot,2025-10-10,06:23:09,299
DP5683,Rossiya,2025-05-11,05:10:24,2
DP3274,S7 Airlines,2025-01-13,23:38:43,272
U67483,Aeroflot,2025-05-25,21:21:32,134
FV7274,S7 Airlines,2025-05-13,21:07:30,203
SU6050,S7 Airlines,2024-05-22,13:57:19,98
U65455,Ural Airlines,2024-06-22,10:28:34,38
WZ5041,Aeroflot,2024-12-17,23:06:00,205
FV7083,Rossiya,2025-09-26,01:26:35,197
S72540,Red Wings,2025-11-25,03:24:04,207
DP4021,Nordwind,2024-12-20,01:26:58,129
SU9057,Red Wings,2024-05-08,07:50:42,147
N4562,Utair,2024-10-19,03:12:56,7
S74995,Pobeda,2024-03-17,17:35:20,297
S78290,S7 Airlines,2024-11-27,11:51:15,114
N47880,Aeroflot,2025-09-23,06:30:39,267
UT8064,S7 Airlines,2025-11-11,18:39:42,11
WZ5420,Red Wings,2024-06-12,17:46:07,73
N41435,Red Wings,2025-05-25,16:04:16,171
S7431,Aeroflot,2024-08-04,22:57:52,198
FV8601,Ural Airlines,2024-02-25,17:51:23,30
U64680,S7 Airlines,2024-04-18,02:36:54,81
FV6986,Utair,2024-07-16,02:40:40,119
WZ7733,Red Wings,2025-03-01,09:11:18,151
SU7070,S7 Airlines,2025-10-02,20:50:14,228
U63577,Pobeda,2025-07-25,08:16:05,6
UT8264,Rossiya,2025-08-28,02:06:22,101
U64973,Rossiya,2024-08-15,14:04:21,152
FV3482,Red Wings,2024-04-18,13:30:33,19
SU5479,Rossiya,2025-06-05,10:27:34,176
N48722,Pobeda,2024-10-09,10:01:18,165
U69218,Rossiya,2024-11-08,04:45:38,214
FV8880,Nordwind,2024-03-02,13:15:59,37
FV5482,Ural Airlines,2024-10-19,14:03:07,120
UT4766,Rossiya,2025-09-06,16:08:36,108
WZ4907,Nordwind,2025-07-12,11:31:11,134
SU6239,Red Wings,2024-08-19,21:18:25,66
UT7579,Ural Airlines,2025-11-27,19:12:55,139
FV7585,S7 Airlines,2025-11-18,01:23:24,115
UT6578,Aeroflot,2024-04-25,12:02:16,48
UT5664,Ural Airlines,2024-11-13,18:19:17,295
FV5532,Red Wings,2025-04-17,02:09:50,292
N48369,Ural Airlines,2024-03-21,05:03:29,245
S75190,Nordwind,2024-02-20,06:57:35,288
U69192,Nordwind,2024-07-27,08:57:06,43
SU3162,Red Wings,2025-04-18,18:08:07,56
SU7402,Pobeda,2024-09-04,12:54:58,188
UT2529,Aeroflot,2025-10-07,21:16:19,230
UT5484,Pobeda,2024-06-14,02:35:02,246
SU5369,S7 Airlines,2024-01-25,10:26:47,217
S77680,S7 Airlines,2025-09-16,01:14:41,139
SU7447,Red Wings,2024-01-11,10:55:53,132
WZ8108,Rossiya,2025-01-12,08:41:57,82
UT6081,Ural Airlines,2024-05-06,13:54:28,113
U63453,Utair,2025-11-18,21:39:33,225
DP7251,Aeroflot,2025-05-03,16:42:40,255
U69693,Ural Airlines,2025-06-04,10:51:00,260
U69701,Rossiya,2025-10-02,22:49:11,161
SU898,Nordwind,2024-04-22,11:35:52,253
U68064,Pobeda,2024-10-23,16:11:18,215
SU6612,Utair,2024-07-02,06:53:24,121
FV7705,Rossiya,2025-02-07,06:59:53,296
N49298,Aeroflot,2024-11-15,19:59:04,214
DP1239,Aeroflot,2025-01-26,17:32:23,9
SU2422,S7 Airlines,2024-12-25,14:55:30,114
N47997,Utair,2024-03-09,22:27:26,295
S76257,Aeroflot,2024-09-01,12:02:41,114
U62729,Nordwind,2024-04-24,04:47:31,289
N4968,Nordwind,2025-07-05,13:51:48,134
U61427,S7 Airlines,2025-07-16,11:49:35,291
U64934,Pobeda,2025-09-01,01:25:43,230
DP3442,Ural Airlines,2024-03-25,16:47:58,163
WZ7054,Rossiya,2024-12-08,17:00:03,190
WZ5226,Ural Airlines,2025-07-10,01:34:11,144
S77334,Aeroflot,2025-04-23,18:09:43,114
FV6329,Aeroflot,2024-02-09,00:41:36,136
DP7401,S7 Airlines,2024-07-06,15:09:13,250
FV5828,S7 Airlines,2024-07-27,10:24:53,48
UT4935,Red Wings,2024-05-28,08:08:19,74
SU6202,S7 Airlines,2024-05-19,10:23:55,77
UT9954,Nordwind,2025-08-28,09:28:19,175
N46771,Utair,2024-09-21,01:27:18,25
SU7155,Rossiya,2024-09-07,00:25:22,20
WZ6354,Aeroflot,2024-08-07,12:06:37,229
UT7672,Utair,2025-08-20,15:24:15,25
DP2413,Aeroflot,2024-03-02,07:34:47,243
WZ9696,Pobeda,2025-09-18,01:21:00,244
U63244,Ural Airlines,2025-11-16,17:48:34,89
UT2824,Ural Airlines,2025-06-16,16:49:45,101
WZ9951,Nordwind,2025-12-25,17:18:24,248
DP6305,Pobeda,2025-11-25,15:03:15,117
FV3016,Ural Airlines,2024-03-03,10:18:03,36
DP3531,Rossiya,2025-11-14,13:40:42,97
S72471,Ural Airlines,2024-08-20,22:52:14,157
WZ5031,Utair,2025-09-07,03:00:31,166
DP5227,Pobeda,2025-11-18,19:55:24,195
N41859,Red Wings,2024-08-01,20:26:04,72
DP4925,Pobeda,2024-10-15,00:24:17,265
N4566,S7 Airlines,2025-07-03,05:31:38,17
UT1302,Red Wings,2025-09-17,03:44:27,63
DP154,Utair,2024-12-13,06:55:26,141
N42744,Utair,2025-04-15,15:02:07,169
SU4774,Aeroflot,2025-02-25,13:22:35,293
SU8347,Pobeda,2024-10-25,22:30:51,253
U65788,Nordwind,2024-09-06,19:29:23,88
WZ5521,Nordwind,2025-01-11,10:58:21,151
FV8322,Red Wings,2025-02-21,20:53:06,84
WZ8739,S7 Airlines,2024-11-09,10:29:25,102
N49039,Nordwind,2024-12-13,10:36:01,125
N49297,S7 Airlines,2025-04-28,11:08:24,102
UT4714,S7 Airlines,2024-11-13,07:06:21,143
DP5180,Nordwind,2025-08-21,10:11:49,55
SU825,Utair,2024-02-15,00:10:32,142
FV3036,Nordwind,2024-06-10,08:48:02,18
WZ5739,Nordwind,2024-07-06,07:44:08,254
S74583,Aeroflot,2024-11-01,00:47:26,71
FV6211,Rossiya,2025-08-02,08:00:20,108
SU4850,Rossiya,2024-05-25,06:47:01,64
N49887,Rossiya,2025-01-07,17:17:17,114
FV133,Ural Airlines,2024-11-25,12:46:42,87
U67587,Red Wings,2024-12-03,13:19:32,208
S79388,Utair,2025-05-09,03:36:37,256
DP9540,Rossiya,2025-05-28,21:31:42,205
S77382,S7 Airlines,2025-10-28,00:54:01,95
S79173,Aeroflot,2024-09-23,00:22:35,217
U68889,Utair,2024-10-04,15:32:28,121
SU2988,Utair,2024-12-27,13:56:56,193
FV836,S7 Airlines,2024-08-27,17:39:04,100
FV6040,S7 Airlines,2025-12-04,21:46:15,24
S77838,Ural Airlines,2025-08-27,11:01:05,285
DP3789,Utair,2025-09-02,09:58:09,96
FV6617,Nordwind,2025-12-25,21:50:21,189
DP4199,S7 Airlines,2024-08-01,16:42:13,247
FV6084,Nordwind,2024-03-26,12:40:50,51
N44998,Nordwind,2025-12-14,16:33:10,216
FV4832,Aeroflot,2025-12-15,02:44:57,92
U6811,S7 Airlines,2024-06-28,08:47:55,224
N46734,Aeroflot,2024-08-13,05:16:09,154
U65507,S7 Airlines,2025-04-09,23:48:15,273
SU457,Red Wings,2024-02-05,06:02:04,258
FV1710,Nordwind,2024-05-22,14:16:09,93
N44592,Red Wings,2024-01-12,16:08:45,215
FV8850,Red Wings,2025-01-03,10:48:10,192
DP1586,Pobeda,2024-07-04,06:47:59,44
S77403,Pobeda,2025-10-21,19:43:21,83
S72699,Red Wings,2025-08-06,07:46:39,199
DP8086,Utair,2025-11-26,06:58:58,66
U67957,Utair,2025-08-10,11:35:14,52
N49080,Nordwind,2024-06-16,09:21:01,65
DP403,Nordwind,2025-07-04,14:46:59,185
U62150,Nordwind,2024-01-27,03:24:18,76
S75860,Utair,2025-01-20,22:45:35,156
WZ9936,Red Wings,2024-02-05,05:43:56,27
N46874,Pobeda,2025-09-14,20:25:17,180
FV636,Nordwind,2025-11-22,10:02:29,284
DP7303,Red Wings,2024-05-10,10:27:29,212
U63067,Ural Airlines,2025-08-10,10:35:20,58
FV7469,Ural Airlines,2024-10-05,14:00:09,203
S72871,Aeroflot,2024-11-26,08:50:24,112
DP4788,Aeroflot,2025-05-05,00:14:12,45
S79659,S7 Airlines,2024-08-07,07:25:39,168
SU3444,S7 Airlines,2025-06-23,17:18:47,270
WZ3195,Pobeda,2025-12-27,04:07:44,141
SU452,Pobeda,2025-08-22,15:39:04,67
S71949,Aeroflot,2024-09-05,01:46:15,217
S71394,Pobeda,2024-03-09,02:44:13,111
FV864,Nordwind,2024-09-21,14:17:07,38
WZ1897,Red Wings,2025-01-14,07:38:38,68
N47080,S7 Airlines,2025-06-26,11:39:35,168
N41424,Pobeda,2024-12-18,15:38:31,86
WZ7456,Ural Airlines,2024-07-19,13:35:44,282
UT5461,S7 Airlines,2025-11-20,05:01:00,163
S74173,Rossiya,2025-09-19,12:55:52,154
FV7241,Pobeda,2025-06-12,00:44:42,275
N47845,Ural Airlines,2024-03-10,06:51:31,128
FV8257,Utair,2024-04-06,03:42:49,290
S77158,S7 Airlines,2024-03-07,11:36:05,183
WZ9905,Nordwind,2024-04-25,06:36:08,100
FV3077,Rossiya,2024-11-26,13:56:29,262
SU9118,Red Wings,2024-10-08,05:51:26,180
SU6686,Pobeda,2025-07-25,04:44:22,111
DP2918,Rossiya,2024-03-08,21:46:35,179
U62280,Utair,2025-02-13,23:23:49,26
N41887,S7 Airlines,2024-08-06,09:53:09,152
DP8731,Rossiya,2025-01-10,03:48:39,96
SU266,S7 Airlines,2025-02-26,02:06:08,11
N45190,Ural Airlines,2025-11-09,09:06:05,31
N44877,Red Wings,2024-10-15,03:31:33,14
FV9118,Red Wings,2025-11-12,23:52:50,143
UT4862,Aeroflot,2024-01-12,12:22:50,125
WZ4939,Pobeda,2025-07-24,09:22:05,171
S72478,Utair,2025-10-28,00:49:03,79
FV4260,Red Wings,2025-06-01,15:34:53,242
SU5702,Rossiya,2025-02-26,09:38:07,290
UT9763,Pobeda,2024-04-11,01:54:32,72
S75921,Nordwind,2025-10-28,05:48:56,268
FV490,Utair,2025-02-15,20:36:44,89
N49350,Aeroflot,2025-05-14,00:26:52,103
DP2684,Pobeda,2024-07-25,20:34:23,94
DP4868,Pobeda,2024-07-13,07:53:16,150
FV7127,Red Wings,2024-07-13,15:40:50,268
WZ7133,Ural Airlines,2025-03-27,06:40:24,40
N49529,Rossiya,2024-09-13,07:57:26,294
N42018,Ural Airlines,2025-10-16,17:21:34,42
S76267,Utair,2025-07-17,18:50:43,183
N41718,Nordwind,2024-06-07,08:18:38,59
UT2396,Red Wings,2024-08-19,12:09:35,282
UT7223,Ural Airlines,2024-12-06,03:11:22,230
U69429,Ural Airlines,2024-09-08,08:51:01,119
SU9713,Ural Airlines,2024-08-15,20:40:02,21
FV965,Red Wings,2025-01-15,04:02:13,186
DP459,Aeroflot,2025-12-20,05:32:25,289
N42265,Aeroflot,2025-09-08,00:14:46,10
FV5686,Nordwind,2024-02-16,22:57:52,115
S74657,Ural Airlines,2025-03-14,11:22:20,187
UT9581,Rossiya,2024-09-27,21:02:41,230
DP1125,Pobeda,2024-03-01,05:39:28,92
FV6388,Red Wings,2025-07-11,02:23:38,128
DP705,Utair,2025-07-27,02:50:52,20
N42188,Pobeda,2025-04-14,13:21:32,143
S78601,Rossiya,2024-04-17,17:31:53,30
S74708,Aeroflot,2024-12-02,18:54:53,229
UT4819,Rossiya,2025-09-23,21:15:39,54
FV1036,Rossiya,2024-05-24,16:13:25,210
FV651,Red Wings,2024-07-24,08:40:01,300
FV486,Nordwind,2025-05-18,01:03:34,214
WZ5824,S7 Airlines,2025-06-01,22:17:45,188
UT9393,Utair,2025-06-23,17:13:16,33
DP1286,Ural Airlines,2025-02-19,08:47:38,274
N48031,Ural Airlines,2025-03-23,05:02:13,167
S79224,Aeroflot,2025-04-22,08:19:39,70
FV1984,Rossiya,2024-03-11,07:28:15,219
DP3746,Pobeda,2024-02-08,17:58:31,73
U66700,Nordwind,2024-08-14,15:44:28,238
S73689,Utair,2024-07-22,06:31:10,87
DP2879,Pobeda,2024-02-21,09:43:13,35
FV6563,Rossiya,2024-08-14,06:10:03,228
S74461,Red Wings,2025-07-25,16:08:29,54
FV9810,Nordwind,2025-06-12,22:01:36,254
FV6899,Aeroflot,2025-07-10,08:52:24,229
DP9123,Red Wings,2024-08-18,14:07:38,132
N48275,Nordwind,2024-04-09,03:23:47,23
SU3763,Nordwind,2024-05-05,11:03:34,293
SU8078,Red Wings,2024-10-17,09:06:50,89
N42854,S7 Airlines,2024-11-21,11:01:18,286
FV4395,Aeroflot,2024-09-26,21:55:23,242
DP8840,Pobeda,2025-12-20,19:08:49,165
WZ5862,Utair,2025-04-26,23:53:54,299
WZ5504,Utair,2024-12-04,22:52:48,221
SU409,Rossiya,2024-11-13,17:33:25,160
DP7874,Ural Airlines,2024-05-16,09:53:49,295
N44498,Aeroflot,2025-11-01,19:47:04,178
DP6420,Pobeda,2025-10-22,21:50:34,240
DP5380,Rossiya,2025-11-13,02:05:26,84
N47627,Ural Airlines,2025-06-12,08:40:30,260
N47078,Pobeda,2024-07-19,11:28:41,265
S7883,Pobeda,2024-09-14,00:12:34,77
UT1890,S7 Airlines,2024-11-24,19:49:12,45
UT5401,Ural Airlines,2025-01-20,07:32:46,228
FV6745,Aeroflot,2025-05-14,22:50:57,183
FV5605,Utair,2025-04-07,11:54:32,253
N4161,Utair,2025-12-08,00:01:07,208
SU3142,Rossiya,2025-05-19,22:49:42,166
S71452,Aeroflot,2024-01-10,17:20:58,3
FV7287,S7 Airlines,2025-11-15,12:52:49,264
N47854,Ural Airlines,2024-11-26,05:54:29,87
DP2104,Rossiya,2025-07-13,07:02:19,63
N49568,Red Wings,2025-02-06,12:45:09,176
WZ9320,Nordwind,2024-01-11,16:56:57,62
UT5954,Aeroflot,2024-01-23,07:44:55,58
U62138,Aeroflot,2025-09-17,21:07:10,237
N41148,Utair,2024-09-13,22:03:16,34
SU4609,Nordwind,2025-03-08,04:09:16,110
S71239,Ural Airlines,2025-04-26,13:09:09,34
FV770,Red Wings,2024-10-05,21:23:13,168
S72586,Ural Airlines,2025-07-14,02:43:52,100
FV4592,Rossiya,2024-05-20,07:02:52,288
DP5302,Ural Airlines,2024-07-26,07:44:41,40
SU3814,Rossiya,2024-08-14,18:20:03,98
WZ734,Red Wings,2024-06-22,09:17:13,273
WZ6975,Ural Airlines,2025-06-05,10:34:08,257
S72413,S7 Airlines,2025-12-08,17:08:11,107
UT332,Aeroflot,2024-06-08,01:22:57,54
UT9879,Pobeda,2025-04-18,05:57:01,215
FV3585,Ural Airlines,2025-04-27,23:24:14,288
WZ6434,Nordwind,2025-01-10,16:15:38,131
U66250,Utair,2025-02-08,06:17:13,148
WZ7532,Ural Airlines,2025-11-26,19:30:33,91
N42259,Rossiya,2024-06-18,03:27:18,66
DP643,Utair,2025-05-23,19:38:25,279
U64822,S7 Airlines,2024-11-26,04:25:19,112
S72470,Red Wings,2025-03-22,21:29:56,214
S78986,Utair,2024-02-03,04:28:34,266
U64068,Nordwind,2025-07-26,08:36:57,37
SU8688,Aeroflot,2024-10-03,11:44:59,286
U64281,Rossiya,2024-02-27,01:53:07,143
UT6132,Nordwind,2025-09-02,05:01:34,143
N41950,Red Wings,2025-11-03,17:27:21,298
SU2653,Aeroflot,2025-05-24,23:33:44,270
FV4879,S7 Airlines,2025-11-19,15:12:44,247
DP2003,Ural Airlines,2024-03-01,10:28:19,16
WZ2299,Ural Airlines,2025-02-17,08:26:36,174
FV1013,Red Wings,2025-12-23,04:08:25,94
U66175,S7 Airlines,2025-12-28,07:58:11,259
UT2959,S7 Airlines,2024-06-23,14:04:33,178
DP708,S7 Airlines,2024-08-25,18:25:42,273
U63052,Nordwind,2024-10-02,22:41:11,86
UT2016,Rossiya,2025-12-08,04:32:57,101
N46210,Nordwind,2025-11-10,16:56:14,77
UT5532,Red Wings,2024-10-10,01:43:58,91
U68160,Rossiya,2024-01-28,02:00:25,78
DP9145,Pobeda,2024-10-12,16:21:20,156
WZ9621,Red Wings,2024-08-07,06:48:04,280
FV4489,Nordwind,2025-05-06,20:55:53,80
N43454,Red Wings,2025-04-11,10:48:03,219
S77998,Aeroflot,2025-12-21,03:37:24,30
WZ6574,Red Wings,2024-12-20,19:50:57,34
S71374,Pobeda,2024-03-04,20:00:58,68
FV4147,Ural Airlines,2024-05-27,17:26:59,296
N49702,Ural Airlines,2024-07-17,03:59:39,238
FV3198,Utair,2025-09-20,18:36:38,149
FV9751,Red Wings,2024-07-08,01:15:55,36
U68818,Ural Airlines,2024-03-04,15:33:14,224
UT8902,Ural Airlines,2025-05-12,11:56:26,275
UT6194,Aeroflot,2025-04-11,02:28:16,188
DP6984,Ural Airlines,2025-09-27,22:56:08,201
S77683,Nordwind,2024-10-04,20:06:33,242
U68285,Aeroflot,2025-09-16,15:55:05,6
SU2690,Aeroflot,2025-06-16,07:32:35,98
N46552,Pobeda,2024-05-24,03:19:56,158
U61416,S7 Airlines,2025-12-22,10:37:33,261
S72706,Red Wings,2024-06-18,15:51:53,113
N46792,Red Wings,2025-11-11,06:37:19,48
U65264,Aeroflot,2024-07-16,13:07:29,226
FV6450,Utair,2024-03-27,08:58:39,180
S77361,Utair,2024-03-26,11:02:24,210
S75208,Aeroflot,2025-08-20,17:29:44,99
WZ1079,Rossiya,2025-09-15,20:50:53,249
FV4368,Rossiya,2024-09-13,19:05:02,273
FV4492,Rossiya,2024-08-16,08:07:40,152
FV8101,Aeroflot,2024-02-15,03:23:27,3
SU7927,Ural Airlines,2024-02-16,13:32:37,43
WZ5781,Utair,2024-10-16,04:26:29,175
U68194,Utair,2025-12-14,17:50:18,247
FV5845,Ural Airlines,2025-12-21,10:06:55,120
FV7947,Ural Airlines,2025-05-27,05:20:19,71
S71970,Rossiya,2025-05-08,01:01:30,13
FV5283,Nordwind,2025-06-05,05:14:54,90
S76713,Nordwind,2025-12-13,03:38:33,223
DP2755,Aeroflot,2025-07-26,06:43:17,64
WZ3380,Rossiya,2025-02-18,16:26:52,220
DP7700,Utair,2024-12-12,08:25:02,187
SU5897,Aeroflot,2024-01-03,10:36:24,227
DP4185,Red Wings,2024-06-15,04:35:21,285
SU7087,Pobeda,2025-08-23,14:05:12,171
SU2938,Aeroflot,2024-11-13,22:06:23,180
U64779,Utair,2024-05-01,22:02:43,28
DP4226,Pobeda,2024-10-21,23:55:57,101
DP9269,S7 Airlines,2024-01-09,22:53:37,287
DP2476,Nordwind,2024-05-18,03:10:48,29
N46425,Ural Airlines,2025-08-25,17:37:17,110
U62810,Red Wings,2025-10-13,00:22:24,144
DP7163,Red Wings,2024-08-19,22:23:33,235
WZ4648,S7 Airlines,2024-06-04,10:40:00,224
FV2292,Nordwind,2025-01-22,18:59:01,42
FV660,S7 Airlines,2025-12-16,06:41:19,234
SU1790,Utair,2024-12-19,10:13:05,4
N47085,Rossiya,2024-04-05,07:54:35,78
UT9356,Nordwind,2025-03-17,06:31:28,287
U67989,Rossiya,2024-11-08,14:43:23,227
DP9410,S7 Airlines,2025-08-14,07:35:47,70
DP274,Nordwind,2024-02-09,18:05:28,159
S7936,Rossiya,2025-08-23,13:30:08,146
WZ8731,Rossiya,2025-10-23,04:39:07,62
N41084,Pobeda,2024-11-09,12:28:09,224
FV6927,Rossiya,2024-01-05,19:05:51,100
SU7415,Aeroflot,2024-11-10,07:36:21,57
UT7896,Utair,2025-02-07,10:57:38,22
FV3361,Red Wings,2025-09-14,19:44:16,287
N44841,Utair,2025-08-27,08:36:52,190
FV2739,Utair,2024-03-25,01:00:01,279
DP5659,Rossiya,2024-03-07,17:39:18,98
FV6684,Red Wings,2024-02-05,06:38:46,96
SU4044,Utair,2025-03-22,07:40:02,164
FV1344,Aeroflot,2025-02-15,21:27:03,167
SU2134,Ural Airlines,2024-12-20,04:41:58,70
SU2190,S7 Airlines,2025-05-08,10:37:11,137
UT4650,S7 Airlines,2024-12-22,22:17:16,261
WZ2905,Rossiya,2025-05-06,13:55:18,242
U66258,S7 Airlines,2025-08-19,08:43:35,7
SU1861,Rossiya,2024-04-01,15:30:14,165
SU5959,Rossiya,2025-03-11,07:53:28,165
SU661,Ural Airlines,2024-11-07,17:10:56,48
U61453,Red Wings,2024-09-13,15:35:25,113
U64904,Nordwind,2024-05-04,02:22:32,115
N4538,Nordwind,2024-04-16,14:14:55,149
DP5189,Pobeda,2024-11-08,18:39:53,45
S78797,Nordwind,2025-12-19,01:46:24,48
U65197,Aeroflot,2025-06-22,00:39:53,260
FV4903,Utair,2024-07-21,06:28:09,177
S71698,Utair,2024-03-21,21:11:30,6
N46784,Ural Airlines,2025-10-24,23:48:06,201
S73459,S7 Airlines,2025-07-23,07:00:43,276
FV4512,Rossiya,2024-07-27,22:13:03,168
FV9751,S7 Airlines,2025-01-14,10:49:02,175
N46252,Nordwind,2024-08-09,23:52:03,120
S7165,Aeroflot,2024-12-23,07:45:21,20
UT1639,Red Wings,2024-02-15,07:34:22,73
UT6599,S7 Airlines,2025-02-12,09:16:42,152
N41476,Nordwind,2024-06-26,14:15:25,282
UT4876,Rossiya,2024-09-20,05:27:31,225
S75744,Utair,2025-05-17,02:57:51,169
S74629,Nordwind,2025-06-15,14:37:26,117
DP9852,Aeroflot,2024-05-27,15:59:55,60
N47816,Nordwind,2025-05-11,02:23:42,23
SU1933,Utair,2024-12-16,03:44:51,287
SU3084,Utair,2024-01-04,10:34:44,142
FV8185,Aeroflot,2024-05-16,15:18:53,253
UT5396,Aeroflot,2025-08-01,17:04:40,112
N46096,Rossiya,2024-08-28,11:37:32,202
UT2586,Ural Airlines,2024-03-26,18:20:30,57
SU3212,Utair,2024-01-16,10:31:01,13
U67037,Rossiya,2024-10-23,04:35:15,205
U66004,Utair,2024-04-28,18:50:58,152
UT1701,Aeroflot,2024-06-11,06:01:12,197
FV8199,Utair,2025-10-08,18:45:04,41
DP205,Ural Airlines,2024-04-25,06:11:35,2
DP5344,Rossiya,2025-02-24,21:14:36,23
U66677,Pobeda,2025-07-16,22:51:24,145
FV450,Ural Airlines,2024-01-12,20:50:39,156
N46032,Utair,2025-11-01,18:04:20,113
UT5696,Utair,2024-09-24,06:02:51,215
WZ7966,Pobeda,2024-09-21,02:20:39,133
DP2391,Nordwind,2024-05-13,19:53:29,285
S76003,Nordwind,2024-02-03,21:54:55,91
S73996,Nordwind,2024-06-07,02:23:11,32
UT9530,Red Wings,2024-11-15,05:25:45,72
S78160,Aeroflot,2025-06-02,10:09:39,98
FV9975,Aeroflot,2025-02-07,06:18:16,5
FV5064,Utair,2025-07-09,14:15:55,138
UT4541,Ural Airlines,2025-10-01,07:36:00,139
DP6207,Rossiya,2024-06-22,16:49:26,275
S73473,Utair,2024-04-27,21:16:08,117
SU3867,S7 Airlines,2024-01-03,23:27:05,14
U62366,Ural Airlines,2024-12-06,08:36:27,197
SU3652,Red Wings,2025-11-16,17:02:08,174
SU5949,Rossiya,2024-05-09,05:43:28,136
SU3501,Utair,2024-02-23,01:12:11,182
N45478,Nordwind,2025-01-23,05:48:19,17
FV2549,Ural Airlines,2025-06-05,03:43:55,259
WZ3210,Red Wings,2024-02-26,14:07:25,40
S76731,Nordwind,2025-10-06,16:18:07,176
S71439,Red Wings,2025-04-28,21:18:24,13
FV1507,Ural Airlines,2024-07-12,11:50:45,240
DP6461,Utair,2025-06-18,05:01:22,62
UT6078,Ural Airlines,2025-11-18,01:51:11,95
UT9331,Aeroflot,2025-01-23,22:55:26,202
S74325,Utair,2024-09-03,13:47:38,264
FV2721,Rossiya,2024-05-01,23:40:05,73
N46222,Nordwind,2025-03-26,04:03:46,156
U64046,Aeroflot,2025-06-04,06:11:16,39
DP7133,Nordwind,2024-09-11,06:25:30,188
UT7003,Rossiya,2025-12-24,22:50:22,15
N46331,Utair,2025-08-26,11:57:23,149
UT5965,Red Wings,2025-08-03,05:42:49,28
SU9272,Ural Airlines,2025-07-16,17:37:12,154
WZ9889,Nordwind,2024-03-05,05:27:02,138
UT5376,Aeroflot,2024-11-27,16:29:55,97
U69833,Aeroflot,2024-01-07,23:51:24,213
N49200,Pobeda,2024-01-13,04:21:15,245
DP8359,Ural Airlines,2025-09-19,05:00:20,42
S72540,Aeroflot,2025-03-14,07:07:14,149
FV5378,Rossiya,2025-09-13,16:53:30,4
U69265,Aeroflot,2024-02-15,19:16:35,119
SU6178,Aeroflot,2024-10-04,14:48:39,290
SU4039,Nordwind,2025-06-05,13:59:53,25
S72818,Aeroflot,2025-07-05,17:30:42,175
SU5627,Pobeda,2024-03-17,15:06:03,4
N49684,Pobeda,2025-01-17,13:56:58,237
UT1319,S7 Airlines,2025-12-08,23:49:49,188
WZ428,Rossiya,2024-08-21,04:10:51,258
U62717,Aeroflot,2024-01-01,04:49:24,111
UT7482,Nordwind,2025-06-19,05:04:21,160
N45406,Nordwind,2025-09-09,20:38:39,192
S75764,Pobeda,2024-02-12,07:21:07,141
FV3486,S7 Airlines,2024-02-12,21:00:18,182
S75029,Pobeda,2025-03-01,04:59:12,58
U63027,Nordwind,2024-06-04,11:57:48,246
FV4922,Utair,2024-03-18,22:02:11,153
S77419,Aeroflot,2024-02-19,19:23:15,169
FV5390,Ural Airlines,2024-05-06,17:44:33,52
U66923,S7 Airlines,2025-05-07,17:59:51,145
N4950,Red Wings,2024-06-03,16:17:01,142
FV276,Nordwind,2024-09-04,12:50:26,153
FV3483,Ural Airlines,2024-03-18,03:25:02,256
N43444,Nordwind,2025-10-24,23:08:35,197
DP9640,Rossiya,2025-11-17,02:40:28,207
SU9386,Utair,2025-09-11,10:57:43,220
N48806,Rossiya,2024-01-17,05:13:57,251
WZ1336,Pobeda,2025-12-10,09:46:54,53
N42691,Ural Airlines,2024-01-07,22:15:53,256
WZ4279,Rossiya,2025-05-24,12:36:52,83
UT9919,Pobeda,2025-07-13,12:42:00,216
U66863,Pobeda,2025-05-22,19:55:50,54
DP6492,Aeroflot,2025-10-10,08:41:26,136
SU2798,Utair,2024-10-28,23:07:42,26
WZ5040,Red Wings,2025-05-07,07:06:02,1
U66463,Utair,2024-03-01,03:47:37,66
U69852,Pobeda,2024-10-02,14:09:58,223
N49345,Ural Airlines,2024-12-21,22:36:02,52
WZ258,Pobeda,2024-06-16,03:29:24,144
DP5177,Aeroflot,2025-04-08,03:29:28,87
SU7763,Rossiya,2025-05-05,21:16:20,32
FV216,Aeroflot,2025-10-19,09:45:39,284
N43550,Pobeda,2024-04-14,00:17:24,113
N49185,Nordwind,2024-05-27,04:58:10,19
DP9691,Aeroflot,2024-06-13,23:05:14,217
N49006,Utair,2025-06-28,22:57:03,264
FV4013,S7 Airlines,2024-05-03,03:07:44,100
U63067,Ural Airlines,2025-01-13,01:50:08,237
N45241,Utair,2025-04-02,14:55:09,263
WZ477,Ural Airlines,2025-03-01,12:39:19,264
S7434,Red Wings,2024-04-02,10:45:01,259
FV8566,Nordwind,2024-11-27,07:14:08,248
U66574,Pobeda,2025-04-27,12:55:34,64
U6244,Aeroflot,2024-06-05,06:04:42,154
SU3964,Nordwind,2025-09-26,08:27:44,41
SU4418,Ural Airlines,2024-10-05,14:10:23,256
FV6252,Utair,2024-11-10,06:47:12,222
SU8625,Ural Airlines,2025-09-20,03:02:34,130
DP736,Nordwind,2024-05-15,23:53:14,230
N42081,Utair,2025-11-08,10:36:44,166
DP1552,Ural Airlines,2025-10-11,05:11:41,127
N45883,Utair,2024-04-05,00:57:10,214
SU4061,Ural Airlines,2024-06-14,13:28:16,171
N49500,Rossiya,2025-02-20,21:14:05,172
S79231,Ural Airlines,2025-11-02,02:12:57,13
N48177,Pobeda,2024-02-02,04:14:04,248
WZ8868,Nordwind,2024-01-08,08:24:23,22
UT2289,Red Wings,2025-07-04,12:39:44,117
S72980,Utair,2025-07-22,13:15:27,198
SU1019,Utair,2024-02-28,17:45:31,52
S7924,Ural Airlines,2025-11-18,02:28:01,156
U64926,Red Wings,2024-01-15,19:52:43,182
N45003,S7 Airlines,2024-07-13,16:45:32,234
S76340,Ural Airlines,2025-09-02,03:27:36,49
DP9591,Utair,2024-09-21,13:50:13,224
WZ6175,S7 Airlines,2024-10-16,04:57:00,98
WZ8724,Nordwind,2024-02-14,05:59:32,77
S75686,Ural Airlines,2025-08-06,12:15:22,42
SU1470,Rossiya,2025-12-15,05:29:02,189
WZ2176,S7 Airlines,2025-05-01,05:11:44,201
S73672,Nordwind,2025-12-26,14:54:53,186
UT7874,Red Wings,2025-06-27,00:33:48,172
UT8150,Utair,2025-06-21,04:32:26,215
WZ177,Aeroflot,2025-10-08,11:07:40,8
N42182,Aeroflot,2024-03-02,20:54:43,296
WZ2334,Nordwind,2025-10-21,21:04:53,217
DP4284,Ural Airlines,2025-05-04,18:59:04,46
DP5532,Ural Airlines,2024-10-23,22:00:53,293
DP3623,S7 Airlines,2025-03-13,19:39:17,113
S78693,Rossiya,2024-10-23,20:31:20,178
U65263,Utair,2024-10-18,19:04:11,246
U65606,Utair,2024-04-19,04:55:55,30
S77750,Aeroflot,2025-08-05,07:49:04,181
S77861,Red Wings,2025-07-26,01:55:25,225
S71007,Utair,2025-12-16,03:48:28,78
SU8548,Red Wings,2025-05-09,23:46:25,80
SU6164,Rossiya,2024-06-26,02:27:21,293
FV7467,Nordwind,2025-01-25,22:38:34,149
WZ618,Aeroflot,2024-03-22,19:44:48,267
U69642,Rossiya,2024-05-04,09:13:48,150
U64063,Rossiya,2025-04-06,07:29:35,134
UT9825,Rossiya,2025-05-16,00:51:20,99
SU6017,Nordwind,2024-03-19,20:08:52,298
U68631,Pobeda,2024-05-19,00:43:54,185
S79937,Pobeda,2025-07-19,12:31:36,209
S75325,S7 Airlines,2024-09-05,22:41:05,159
WZ1128,Ural Airlines,2025-11-09,20:33:20,202
UT4886,Utair,2024-10-05,07:06:40,131
UT1719,Ural Airlines,2024-01-04,03:33:48,154
SU2892,Nordwind,2025-03-03,18:20:14,93
FV4361,Utair,2025-06-07,02:22:15,121
WZ8888,Pobeda,2024-09-01,23:38:03,234
FV7646,Aeroflot,2024-12-25,00:55:02,36
DP8463,Aeroflot,2024-09-27,12:22:35,214
WZ6175,Rossiya,2024-02-01,18:48:07,284
U61427,Red Wings,2025-05-19,20:15:45,72
FV9536,Pobeda,2025-10-11,05:28:17,67
DP9241,Red Wings,2024-05-08,00:45:42,102
U64679,Aeroflot,2025-05-16,03:54:11,161
DP4162,Utair,2024-12-22,12:38:34,221
WZ7290,Rossiya,2025-11-04,01:25:43,168
S73372,Nordwind,2024-08-22,05:02:55,242
SU1102,Rossiya,2025-09-19,06:01:17,34
DP5649,Ural Airlines,2024-01-26,13:22:24,93
UT4390,Rossiya,2025-02-12,12:01:54,70
SU9740,Pobeda,2024-02-19,06:57:43,216
DP7912,Rossiya,2024-06-14,06:39:11,67
S75428,Aeroflot,2025-12-22,16:48:01,185
N48123,Red Wings,2024-02-15,04:42:19,1
S78275,Ural Airlines,2024-11-07,21:40:00,78
UT5955,S7 Airlines,2025-03-07,17:54:20,224
U63716,Nordwind,2025-06-18,02:25:38,299
FV2755,Rossiya,2025-03-05,15:47:08,81
U61369,Pobeda,2025-02-10,02:06:59,194
S73291,Utair,2024-10-21,08:14:57,238
S76111,Ural Airlines,2024-04-27,12:13:42,48
N43398,Aeroflot,2024-04-22,18:15:18,250
DP5701,Red Wings,2024-01-07,10:58:13,258
DP7434,Aeroflot,2025-08-13,09:53:19,262
S73889,Rossiya,2025-01-05,20:47:58,267
DP2495,Utair,2025-07-05,13:55:55,239
SU8570,Red Wings,2024-12-24,13:51:39,232
SU3058,S7 Airlines,2025-08-18,07:38:44,109
FV9877,Ural Airlines,2025-11-24,17:40:32,189
UT4881,S7 Airlines,2024-02-15,03:57:08,56
SU2526,S7 Airlines,2025-11-27,14:36:01,115
DP5883,Red Wings,2024-07-14,08:22:28,89
U66562,Red Wings,2025-05-11,00:47:30,149
FV2247,Pobeda,2024-04-27,17:37:50,58
UT3732,S7 Airlines,2025-11-13,20:07:20,39
U6584,Nordwind,2025-01-19,08:53:19,203
WZ2561,Red Wings,2024-02-26,06:19:44,258
DP2983,Ural Airlines,2025-06-09,16:07:19,172
N48134,Aeroflot,2024-02-28,10:37:18,284
N46835,Utair,2024-01-14,15:53:54,162
FV6757,Utair,2024-12-18,06:34:11,259
UT4390,Ural Airlines,2025-10-01,18:11:31,235
DP2081,Rossiya,2025-07-20,21:14:18,221
SU7022,Pobeda,2025-09-16,01:25:56,283
UT7471,Utair,2024-12-25,03:51:04,258
S73885,Nordwind,2024-02-03,05:26:44,107
FV5767,Aeroflot,2025-06-17,03:54:27,64
U66254,Nordwind,2025-09-22,18:08:39,54
N49352,Red Wings,2024-11-18,02:09:14,4
N48636,Aeroflot,2024-03-06,17:36:58,40
UT6444,Utair,2024-03-12,00:28:02,126
N45333,Nordwind,2024-01-02,00:30:36,172
U62921,Rossiya,2024-03-27,12:36:06,112
DP627,Rossiya,2024-11-14,19:49:03,62
SU7236,Nordwind,2025-08-18,18:28:26,153
UT5529,Rossiya,2024-08-01,02:34:33,61
S71331,Red Wings,2024-11-07,00:02:47,174
DP1905,Rossiya,2025-10-09,06:52:51,76
DP4394,Ural Airlines,2024-01-24,06:34:39,113
WZ4913,Pobeda,2024-05-14,04:21:17,293
UT6816,Rossiya,2025-06-23,19:50:39,280
DP6027,Aeroflot,2025-10-19,01:06:24,81
U68430,Pobeda,2025-11-26,03:10:40,56
N46718,Aeroflot,2025-07-28,13:13:43,257
SU9290,Ural Airlines,2025-10-19,07:56:33,82
UT9796,Aeroflot,2025-07-16,19:21:07,42
DP2708,Rossiya,2024-10-15,06:26:43,166
WZ8319,Utair,2024-02-09,14:10:17,224
U64908,S7 Airlines,2024-04-10,19:26:54,97
WZ1432,Pobeda,2024-02-10,05:36:38,290
FV2779,Pobeda,2024-01-27,09:11:07,142
N44182,Aeroflot,2025-06-25,14:21:29,50
DP5216,Pobeda,2025-12-17,12:48:22,42
UT1915,Pobeda,2025-08-19,14:10:57,92
S76026,Nordwind,2025-05-04,05:11:04,86
N4868,Utair,2024-02-08,16:23:54,76
S77897,Rossiya,2025-06-15,00:18:11,34
S75132,S7 Airlines,2024-08-16,08:37:23,257
SU2666,Ural Airlines,2025-09-22,17:07:55,272
N46764,Aeroflot,2025-04-18,05:12:48,204
UT6573,Aeroflot,2024-08-27,10:06:21,87
WZ6731,Aeroflot,2025-09-10,19:09:56,27
U69600,S7 Airlines,2025-10-25,16:32:29,7
DP3693,Pobeda,2025-11-07,13:07:41,155
DP6708,Nordwind,2024-06-26,02:55:45,264
WZ5286,Ural Airlines,2025-02-12,08:33:50,226
N42675,Ural Airlines,2024-01-19,16:01:06,230
WZ7209,Rossiya,2024-05-24,14:35:21,34
N42703,Utair,2024-09-21,20:16:04,114
WZ9151,S7 Airlines,2025-07-04,19:52:08,102
U67855,Utair,2025-08-20,06:52:24,104
S73242,Red Wings,2025-10-10,08:32:47,35
SU6733,Nordwind,2024-05-09,07:27:29,189
FV8592,Aeroflot,2024-07-19,01:18:01,265
N4439,S7 Airlines,2024-09-15,20:29:53,257
UT5297,Red Wings,2024-08-20,15:03:13,12
DP7623,Nordwind,2024-04-06,12:34:04,269
SU3249,Pobeda,2024-07-06,19:43:37,160
WZ5579,Rossiya,2024-10-18,02:31:32,182
S74659,Aeroflot,2025-05-09,22:13:37,219
N42432,Utair,2024-07-25,19:42:31,298
UT1837,Pobeda,2025-10-12,03:59:14,175
WZ947,Rossiya,2024-07-15,08:46:02,233
WZ9787,Utair,2025-02-28,12:15:51,17
SU3536,Utair,2024-10-05,17:13:17,53
N43579,Pobeda,2024-10-03,05:56:10,209
U62702,Rossiya,2024-03-19,05:10:07,27
N48492,Utair,2025-09-23,02:08:33,33
S7348,Utair,2024-08-01,10:27:14,286
DP6765,Red Wings,2024-03-25,16:35:58,196
DP3809,Aeroflot,2025-11-06,20:38:06,142
FV3764,Red Wings,2025-07-22,22:04:47,67
U67107,Ural Airlines,2024-12-14,21:44:17,297
DP4377,S7 Airlines,2024-11-07,10:12:57,250
DP2278,Red Wings,2025-05-08,18:05:06,287
FV9371,Red Wings,2024-11-25,09:17:32,132
U67323,S7 Airlines,2024-10-08,17:39:43,212
UT6618,Utair,2024-11-22,20:26:14,229
UT2189,Utair,2024-06-13,22:51:56,169
N43622,Pobeda,2024-09-09,11:51:08,61
U67520,Aeroflot,2025-08-16,22:44:42,190
SU4320,Red Wings,2025-03-15,08:16:33,180
SU4414,Aeroflot,2024-04-02,13:22:47,69
U65826,Aeroflot,2025-11-26,11:20:48,282
WZ9105,Aeroflot,2024-02-06,16:51:27,23
SU5178,Utair,2024-03-27,17:08:57,196
S7175,Utair,2025-05-06,10:44:13,27
WZ1260,Nordwind,2024-02-19,17:31:51,158
S78531,Pobeda,2024-12-23,07:06:10,274
SU3985,Utair,2025-11-10,10:56:45,53
WZ1621,Ural Airlines,2025-08-21,15:54:32,69
S77690,Aeroflot,2025-02-01,15:35:21,14
S79869,Red Wings,2025-01-10,23:58:00,215
N49863,Ural Airlines,2024-06-05,15:53:49,143
UT8885,Ural Airlines,2025-09-09,11:12:57,136
SU772,Nordwind,2024-02-16,22:50:37,185
U68654,Aeroflot,2025-07-03,10:19:21,4
N47783,S7 Airlines,2024-07-21,15:42:35,183
UT1246,Pobeda,2024-09-16,08:10:23,61
FV771,Nordwind,2024-12-26,22:31:52,61
UT5550,Aeroflot,2024-04-20,13:25:53,130
U6686,Nordwind,2024-06-28,08:37:57,249
DP1319,Red Wings,2024-03-10,08:04:08,223
UT9808,Pobeda,2024-09-27,23:22:51,235
S75420,S7 Airlines,2024-06-13,22:31:54,281
WZ2516,Pobeda,2024-10-20,11:10:00,119
SU5135,Aeroflot,2025-09-06,01:30:20,261
DP5128,Nordwind,2025-11-26,00:30:54,216
FV1752,Nordwind,2025-07-03,13:48:42,137
WZ6140,Red Wings,2024-06-11,04:14:42,5
N44203,Red Wings,2024-09-19,08:15:53,234
FV6992,S7 Airlines,2025-01-25,03:52:53,274
DP3758,Rossiya,2025-09-17,07:59:35,54
U67644,Rossiya,2025-08-12,01:02:43,213
U68274,Red Wings,2025-07-16,08:31:55,140
DP9542,S7 Airlines,2025-10-16,09:41:06,172
WZ8602,Nordwind,2025-06-27,14:16:25,60
SU1261,Ural Airlines,2025-08-15,12:25:59,215
SU2854,Utair,2024-06-18,15:38:21,212
U6247,Aeroflot,2025-04-24,22:32:14,41
WZ7112,Rossiya,2025-06-28,16:02:41,111
WZ731,Pobeda,2025-11-07,22:11:16,131
N43980,Aeroflot,2024-09-01,03:58:28,81
SU8447,Red Wings,2025-02-09,01:04:59,14
N4615,Nordwind,2024-04-04,21:04:43,22
SU4971,Nordwind,2024-12-18,21:53:17,17
WZ1612,Pobeda,2024-01-14,10:10:57,229
UT4794,Pobeda,2025-07-14,16:30:35,163
N44129,Rossiya,2025-06-04,01:42:47,62
DP983,Ural Airlines,2024-05-25,13:41:02,289
U61390,Pobeda,2024-10-27,11:59:30,202
WZ6978,Ural Airlines,2025-09-01,09:40:04,75
DP6482,S7 Airlines,2024-08-16,13:06:06,56
SU9829,Ural Airlines,2024-06-03,13:06:13,102
S74591,Ural Airlines,2024-09-02,16:43:25,212
WZ5897,Aeroflot,2024-03-09,05:54:20,176
FV6627,Nordwind,2024-05-07,17:24:29,42
DP7238,S7 Airlines,2025-11-19,05:56:31,264
DP7646,Pobeda,2024-08-03,05:15:18,99
WZ2374,Ural Airlines,2024-12-12,19:34:32,43
SU8966,Aeroflot,2024-03-28,17:57:36,217
FV7882,S7 Airlines,2025-08-03,11:30:16,46
DP7651,Ural Airlines,2024-01-02,10:31:57,154
N44711,S7 Airlines,2024-05-07,03:52:44,270
DP7617,S7 Airlines,2025-01-06,03:43:12,177
SU7285,Aeroflot,2025-05-11,16:36:13,53
S73520,S7 Airlines,2025-11-04,11:40:52,125
WZ9451,Rossiya,2025-03-13,20:31:39,203
WZ5760,Pobeda,2025-07-12,09:30:01,50
WZ1364,Utair,2025-08-18,02:19:31,281
SU971,Rossiya,2025-06-25,22:52:46,13
SU383,Nordwind,2025-05-16,13:19:18,25
SU975,Red Wings,2024-02-24,00:19:51,151
DP345,Pobeda,2024-10-23,23:28:09,55
SU3845,Nordwind,2024-05-04,12:35:48,135
U66511,Rossiya,2025-01-27,10:15:12,253
U61603,Aeroflot,2025-05-10,19:39:45,171
SU6448,S7 Airlines,2024-08-03,13:17:51,205
UT1355,Utair,2025-03-06,09:33:58,32
SU2284,Pobeda,2024-08-03,00:56:16,153
DP7361,S7 Airlines,2025-09-18,08:06:40,166
U65590,Pobeda,2024-03-05,23:36:41,122
WZ3311,Aeroflot,2024-10-10,07:47:03,223
WZ2493,Red Wings,2025-03-22,14:02:27,149
SU4211,Pobeda,2025-02-21,04:51:55,136
WZ9250,Red Wings,2025-01-15,19:42:07,133
FV8816,Nordwind,2024-04-13,13:43:33,122
SU6066,Rossiya,2024-02-27,03:51:45,181
DP8876,Red Wings,2024-09-27,04:36:04,102
S75354,Aeroflot,2025-12-17,01:32:19,229
DP2760,Aeroflot,2024-12-11,22:05:33,150
N48383,Pobeda,2025-02-26,14:29:54,220
U6346,Red Wings,2024-04-17,03:20:08,239
WZ9094,Rossiya,2024-10-18,10:08:07,27
SU5700,Aeroflot,2025-02-17,08:39:38,140
DP6654,Pobeda,2025-10-04,02:33:23,92
N45942,Pobeda,2024-12-19,19:17:23,172
N47009,Ural Airlines,2024-06-26,01:48:29,0
WZ7579,Red Wings,2024-03-10,11:26:43,43
DP4166,Pobeda,2024-09-20,22:36:05,201
UT9803,Rossiya,2025-08-18,20:42:34,14
SU7528,Ural Airlines,2025-05-11,12:19:33,141
WZ3739,Nordwind,2025-06-11,09:27:03,14
FV4999,Nordwind,2025-04-06,21:58:54,156
DP9390,Red Wings,2025-12-09,21:14:40,41
S75905,Utair,2024-02-04,21:09:23,272
WZ7637,Nordwind,2024-01-03,03:48:47,33
WZ1778,Ural Airlines,2024-06-09,04:10:41,136
DP3847,Nordwind,2025-08-02,04:13:39,54
UT8796,Aeroflot,2024-06-12,20:18:51,277
SU7191,S7 Airlines,2025-03-11,01:23:32,214
FV7624,Rossiya,2024-09-14,06:55:43,72
FV4165,Red Wings,2024-11-04,20:37:01,42
SU3250,Ural Airlines,2025-01-21,09:59:09,40
SU8694,Ural Airlines,2025-03-17,01:05:06,224
UT579,Red Wings,2025-09-23,21:27:52,205
U67281,Utair,2024-04-13,01:11:13,74
WZ3490,Red Wings,2024-07-15,10:40:37,79
S78758,Rossiya,2025-07-12,09:11:11,297
DP8143,Aeroflot,2024-03-20,00:09:46,229
N47211,S7 Airlines,2024-08-20,00:12:10,111
S78026,Utair,2025-03-28,12:03:10,229
DP3559,Rossiya,2025-12-20,13:32:50,83
U64918,Pobeda,2025-04-17,20:20:07,140
U61295,Ural Airlines,2024-08-20,12:24:05,102
N44331,Rossiya,2025-07-07,11:27:53,70
FV7803,Red Wings,2025-03-20,16:12:33,148
N46531,Pobeda,2025-01-12,13:55:11,232
S7845,Red Wings,2024-05-25,13:32:34,85
WZ4437,Aeroflot,2024-12-28,14:48:54,208
SU5600,Red Wings,2025-11-19,10:22:51,295
S71426,Aeroflot,2024-10-14,19:06:53,182
N41777,Pobeda,2025-03-05,13:42:01,62
FV5731,S7 Airlines,2025-05-27,01:31:17,57
FV8384,Utair,2024-09-03,18:19:33,266
DP1577,Nordwind,2024-05-05,15:51:54,155
UT6855,S7 Airlines,2024-05-18,09:02:35,34
FV1095,Ural Airlines,2025-04-20,06:33:42,263
DP9211,Aeroflot,2025-04-03,21:15:50,95
SU1395,Rossiya,2025-02-21,18:06:52,59
UT7777,Red Wings,2025-07-08,14:34:15,137
S76762,S7 Airlines,2024-07-15,23:21:52,249
S72078,Pobeda,2024-01-26,13:58:44,174
U66605,Aeroflot,2025-05-23,17:45:49,195
WZ4670,Nordwind,2024-09-22,12:26:08,79
FV284,Utair,2024-03-06,05:01:58,186
N43147,Utair,2025-04-21,08:55:59,124
UT3440,Ural Airlines,2025-02-27,12:36:25,199
S76907,Red Wings,2025-06-07,01:38:22,96
SU2036,Rossiya,2024-05-28,18:57:10,126
U61194,S7 Airlines,2024-03-19,17:20:08,239
U63334,Nordwind,2025-06-13,15:00:17,262
S7151,S7 Airlines,2025-05-27,20:15:15,24
N4461,Utair,2024-04-08,11:01:56,153
FV9367,S7 Airlines,2025-09-10,02:04:36,155
WZ5903,Ural Airlines,2024-12-10,09:28:05,95
N49377,S7 Airlines,2025-09-06,23:29:00,115
WZ7494,Nordwind,2024-04-03,18:58:34,202
U63621,Rossiya,2024-10-27,02:55:58,229
N46142,Red Wings,2025-05-19,10:24:14,2
WZ8664,Aeroflot,2024-08-04,22:47:57,238
UT694,Nordwind,2025-11-23,17:08:11,10
FV5689,Red Wings,2024-10-27,03:19:29,77
SU4803,Pobeda,2025-06-10,06:38:37,204
S74145,Red Wings,2025-04-05,07:12:02,222
S74213,Utair,2025-03-10,06:42:39,238
FV9297,Pobeda,2024-11-17,15:19:30,106
DP9243,Nordwind,2025-06-22,02:04:51,150
UT8051,S7 Airlines,2024-08-27,15:35:04,48
WZ9060,S7 Airlines,2024-05-14,04:46:17,285
WZ405,S7 Airlines,2024-01-12,01:32:01,94
DP4883,Rossiya,2025-10-08,13:37:26,51
FV3456,Pobeda,2024-02-11,20:11:30,190
FV1423,Utair,2025-10-14,06:37:20,0
WZ376,Nordwind,2024-01-03,01:34:16,104
WZ5617,Rossiya,2025-03-20,01:56:04,140
DP506,Ural Airlines,2025-03-17,12:18:39,84
WZ485,Utair,2025-09-15,09:30:49,214
S75306,S7 Airlines,2024-05-19,07:57:57,0
N42184,Red Wings,2025-01-13,17:58:40,73
WZ7342,Utair,2025-07-10,07:46:59,182
N44775,Rossiya,2025-07-19,10:26:56,68
N42457,Utair,2024-12-20,06:36:36,284
FV6531,Ural Airlines,2025-06-25,00:44:47,145
SU9472,S7 Airlines,2025-04-16,09:04:39,32
SU1525,Pobeda,2025-04-23,18:51:10,190
WZ4330,Ural Airlines,2025-09-21,06:40:45,198
U62138,Pobeda,2025-01-05,15:43:10,185
UT1461,Rossiya,2025-05-03,02:30:45,62
DP9659,Pobeda,2025-03-05,08:43:37,237
WZ1598,Red Wings,2024-09-16,21:37:32,138
UT9518,Ural Airlines,2024-03-03,16:38:37,126
U67793,Rossiya,2025-03-08,05:22:32,113
DP6737,S7 Airlines,2024-11-02,03:20:51,128
U63595,Utair,2024-05-09,15:38:42,201
FV9563,Pobeda,2025-01-17,19:37:00,135
S76742,Ural Airlines,2024-03-11,01:23:41,179
UT1704,Rossiya,2025-05-06,01:41:37,294
DP7492,Pobeda,2025-08-23,07:04:21,155
WZ1544,Utair,2025-10-27,18:43:20,173
FV2761,Pobeda,2025-11-01,13:06:10,222
DP368,Nordwind,2024-06-23,07:11:08,173
N45683,Pobeda,2025-10-15,07:34:38,220
SU1207,Pobeda,2025-04-18,08:09:18,280
U65959,Nordwind,2025-06-18,07:14:30,50
S79138,Nordwind,2025-05-11,20:10:45,200
DP3197,Aeroflot,2025-10-25,04:49:31,137
S7658,S7 Airlines,2024-11-12,04:15:13,246
UT4175,Ural Airlines,2025-06-18,15:15:04,115
WZ9127,Utair,2025-01-23,00:39:30,150
U63244,Ural Airlines,2025-03-27,18:44:18,287
SU8341,Red Wings,2024-08-19,07:04:48,45
FV4064,S7 Airlines,2025-06-04,15:55:36,3
U67971,Ural Airlines,2025-02-17,18:51:36,288
FV6232,Utair,2025-11-19,17:13:52,187
UT5368,Nordwind,2024-12-07,06:33:47,155
S71400,Red Wings,2024-08-17,02:36:42,148
UT5794,Rossiya,2025-04-25,18:43:54,271
UT5141,Ural Airlines,2024-09-01,05:09:16,205
N44450,Utair,2025-07-08,18:04:00,171
S75302,Nordwind,2025-03-27,23:52:28,149
SU6161,Ural Airlines,2024-06-11,15:01:55,112
UT2622,S7 Airlines,2024-02-10,23:27:20,168
U68507,Pobeda,2024-10-21,11:36:38,254
FV5214,Ural Airlines,2025-04-17,19:42:15,259
FV826,Red Wings,2025-01-05,06:24:42,148
U64791,Red Wings,2025-02-27,18:41:56,140
FV9774,Ural Airlines,2025-09-01,08:49:21,29
DP6641,Utair,2025-10-16,11:51:50,96
S75240,S7 Airlines,2024-06-13,07:31:40,46
S79594,Pobeda,2024-09-22,20:05:20,298
DP8933,S7 Airlines,2025-06-19,03:54:31,195
WZ7726,Nordwind,2025-05-07,11:25:16,211
U61926,Nordwind,2025-11-12,05:46:32,24
WZ110,Utair,2024-07-27,02:25:27,256
U64528,Ural Airlines,2024-09-03,04:34:05,66
N48447,Red Wings,2024-05-08,20:37:59,118
UT689,Red Wings,2024-03-21,18:39:36,293
SU5290,Nordwind,2025-07-13,10:23:50,213
S75738,Aeroflot,2024-12-27,19:56:02,104
N47728,Aeroflot,2024-10-12,20:43:26,41
UT9921,Pobeda,2025-05-24,05:52:52,131
SU9124,Aeroflot,2025-03-14,07:44:41,191
WZ5524,Ural Airlines,2024-09-21,11:32:04,212
N49536,Nordwind,2024-06-25,01:34:19,173
SU1438,Utair,2025-09-16,07:08:58,289
S72320,Utair,2025-08-27,17:23:27,74
DP2124,Red Wings,2025-03-12,07:23:55,219
N43186,Nordwind,2025-04-07,11:28:27,234
SU3278,Nordwind,2024-01-01,16:01:09,173
WZ7349,Nordwind,2024-03-18,18:14:47,271
DP8082,Nordwind,2024-11-05,02:17:31,188
N47166,Red Wings,2024-09-28,03:54:37,156
UT8925,Nordwind,2025-07-12,18:39:23,162
N48898,Aeroflot,2025-09-03,16:46:11,227
S73673,Red Wings,2025-09-21,17:36:48,282
DP9937,Aeroflot,2024-03-10,04:52:03,135
WZ9778,S7 Airlines,2025-05-15,21:56:12,144
WZ3252,Utair,2025-10-19,11:52:09,124
UT1329,S7 Airlines,2025-07-16,05:12:05,275
S72142,Pobeda,2025-05-07,18:10:20,87
N43113,Pobeda,2024-05-13,18:08:21,296
N46184,Rossiya,2024-09-02,22:44:52,232
S73470,Rossiya,2024-06-05,19:50:24,64
WZ1844,Ural Airlines,2025-01-09,23:31:36,213
N48652,Nordwind,2024-01-24,12:00:30,275
WZ2858,Ural Airlines,2025-11-06,20:30:45,56
N48385,Pobeda,2024-12-12,16:26:50,146
WZ7408,Rossiya,2024-12-07,17:52:21,292
N48138,Nordwind,2024-11-18,19:28:55,66
WZ3878,Red Wings,2025-09-11,21:27:48,258
DP3027,Utair,2024-08-01,23:07:34,70
SU2978,Red Wings,2024-12-02,00:19:57,109
UT5997,Utair,2024-08-21,08:05:56,217
S71916,Red Wings,2024-08-22,17:57:39,188
FV2509,Nordwind,2025-04-20,19:46:01,194
S79665,Rossiya,2024-04-17,22:02:10,77
DP7696,Red Wings,2025-09-08,12:15:04,43
N41849,Rossiya,2025-07-12,00:57:24,37
DP4170,Pobeda,2025-07-24,10:30:21,147
SU4487,Pobeda,2024-05-10,02:05:58,74
DP2721,Pobeda,2024-05-17,16:22:18,240
N48647,Aeroflot,2024-07-09,18:02:16,299
S75068,Rossiya,2025-02-25,19:23:09,289
U63234,Nordwind,2024-05-17,14:48:47,189
UT7438,Ural Airlines,2025-06-20,12:22:44,126
UT8368,S7 Airlines,2025-05-07,07:21:20,244
WZ8074,Ural Airlines,2024-12-20,05:54:58,93
N4696,Aeroflot,2024-04-22,07:56:37,247
SU8668,Nordwind,2025-01-13,23:02:39,199
WZ4256,Rossiya,2024-04-20,17:05:26,231
SU850,Pobeda,2025-07-12,20:26:25,123
WZ8976,Ural Airlines,2025-11-18,20:12:38,148
DP8088,Aeroflot,2025-06-17,01:44:14,206
S75854,Aeroflot,2024-06-04,08:16:53,189
U63231,S7 Airlines,2024-02-04,00:56:51,59
FV9136,S7 Airlines,2024-11-27,00:42:49,292
UT9166,Red Wings,2024-12-28,17:57:52,276
U69477,Utair,2024-05-21,21:48:21,169
SU6977,Red Wings,2024-10-17,21:28:12,3
N49758,Red Wings,2025-10-21,04:51:16,60
N44505,Pobeda,2024-08-12,07:16:22,204
U68666,Nordwind,2024-07-06,01:59:52,126
SU4009,Red Wings,2025-04-05,20:18:58,269
S7540,Rossiya,2024-07-11,03:54:10,103
S72569,Pobeda,2025-07-24,15:34:40,137
WZ3440,Pobeda,2024-04-25,22:29:59,208
UT7639,S7 Airlines,2025-08-20,21:16:22,222
WZ3207,Pobeda,2025-08-28,00:13:32,99
N42361,Ural Airlines,2024-08-05,00:04:46,69
UT2117,S7 Airlines,2025-05-09,11:23:12,256
U67201,Utair,2025-01-21,20:00:30,227
UT2992,S7 Airlines,2025-09-08,16:43:52,232
U68184,Ural Airlines,2025-02-19,00:52:05,286
FV2197,Red Wings,2025-06-21,06:28:35,212
S77489,Nordwind,2025-03-13,13:46:04,265
FV9927,Rossiya,2025-03-20,12:24:33,6
FV1364,Utair,2025-11-28,03:58:21,242
DP4625,Nordwind,2024-07-26,12:51:53,204
WZ9016,Utair,2024-10-08,00:38:36,220
DP3193,Ural Airlines,2024-10-27,21:18:26,14
FV6205,Aeroflot,2024-09-19,01:48:55,242
SU6484,S7 Airlines,2025-09-01,13:23:24,45
WZ1586,Utair,2024-01-09,04:06:42,169
DP9393,Utair,2025-08-15,03:15:54,147
UT1404,Utair,2025-03-22,10:15:26,162
U64611,Utair,2024-09-05,22:54:59,270
WZ1113,Aeroflot,2025-11-14,06:02:06,192
UT780,Red Wings,2025-05-14,06:53:41,51
SU1527,Nordwind,2024-01-25,23:04:02,115
UT5926,S7 Airlines,2025-04-12,13:00:43,163
DP9501,Aeroflot,2025-02-05,07:22:25,41
FV1449,Red Wings,2024-03-21,23:20:23,91
DP3453,Rossiya,2024-08-10,03:02:11,289
SU3160,Nordwind,2024-12-24,02:45:05,1
FV4491,S7 Airlines,2024-06-28,05:39:29,85
N46881,S7 Airlines,2024-06-27,00:11:19,19
WZ5755,Aeroflot,2025-04-16,14:07:53,67
DP3714,Pobeda,2025-08-19,15:21:50,255
U69584,Nordwind,2024-07-01,14:12:06,101
N44403,Nordwind,2024-12-14,02:06:01,294
S75215,Aeroflot,2025-07-28,19:25:21,275
UT858,Ural Airlines,2025-04-24,13:58:00,152
DP2031,Utair,2024-12-22,22:34:39,171
N44534,Aeroflot,2025-01-26,06:08:20,180
N47072,Nordwind,2025-02-06,22:25:51,138
DP7509,Nordwind,2024-12-04,02:11:16,166
S72616,Aeroflot,2025-05-18,13:37:31,42
WZ936,Pobeda,2025-10-13,03:50:05,199
N42536,Red Wings,2024-10-19,21:33:47,1
U62208,Pobeda,2024-07-10,04:47:06,169
SU5236,Nordwind,2025-04-28,09:16:16,141
S77579,Nordwind,2024-12-19,13:12:44,294
SU1098,Utair,2024-09-24,20:54:11,244
DP9698,Aeroflot,2025-08-11,05:03:57,105
SU2565,Pobeda,2024-07-09,17:58:04,17
S73309,S7 Airlines,2025-04-21,13:35:46,120
N43184,Rossiya,2024-08-21,11:31:40,297
DP8060,Utair,2025-08-21,20:50:12,160
FV5222,Red Wings,2025-07-17,16:13:03,80
SU4243,Utair,2025-12-23,21:49:42,169
N42831,Pobeda,2024-09-18,02:44:39,127
DP4340,S7 Airlines,2024-01-25,05:15:50,177
WZ2489,Aeroflot,2025-05-12,14:43:18,14
FV9597,Ural Airlines,2024-02-06,12:12:18,262
SU700,Nordwind,2025-07-25,21:46:33,297
DP4867,Ural Airlines,2025-09-08,17:28:26,112
FV5548,Red Wings,2025-05-08,11:08:49,132
S75355,Aeroflot,2025-09-03,20:05:38,214
U61116,Rossiya,2025-05-20,01:47:15,121
SU4647,Ural Airlines,2024-04-05,06:34:33,23
DP7097,S7 Airlines,2025-01-25,21:10:39,288
N44162,Rossiya,2025-12-16,02:32:16,273
FV3987,Rossiya,2025-04-13,23:28:17,188
UT7162,S7 Airlines,2025-01-20,03:33:47,177
FV1984,Aeroflot,2025-05-11,11:18:16,98
UT9077,Utair,2025-06-24,15:21:23,284
SU3853,Aeroflot,2025-05-15,20:05:24,170
U62698,S7 Airlines,2024-11-13,23:12:30,65
SU1747,Pobeda,2024-09-13,04:11:07,140
SU4556,Utair,2025-09-23,06:02:41,217
S77486,Red Wings,2025-07-17,18:25:35,42
SU7090,Rossiya,2025-08-27,16:35:26,201
DP4532,Ural Airlines,2025-09-12,17:24:28,139
S77336,Red Wings,2025-02-10,01:30:48,38
SU6100,Rossiya,2024-02-16,16:56:37,234
WZ3741,Aeroflot,2025-05-16,02:51:23,133
N44418,Nordwind,2024-04-11,08:07:35,223
S76895,Ural Airlines,2025-07-21,17:40:18,124
SU8838,Pobeda,2024-02-02,14:56:14,173
S79285,Pobeda,2025-09-21,08:33:26,21
SU5176,Utair,2024-03-04,07:38:54,234
DP5227,Rossiya,2025-12-01,21:15:16,23
DP4873,Aeroflot,2024-03-27,20:09:31,106
WZ5638,Nordwind,2024-11-09,22:57:01,84
N46871,Ural Airlines,2024-01-14,16:45:04,152
FV2745,Aeroflot,2025-09-09,12:01:00,285
DP3672,Red Wings,2024-07-15,11:36:52,159
S75673,Red Wings,2024-04-06,23:20:41,174
SU6868,Nordwind,2024-06-13,08:32:21,169
N48179,Nordwind,2025-12-08,10:38:18,127
S71127,Pobeda,2024-08-11,03:06:57,137
UT289,S7 Airlines,2025-08-07,05:52:58,191
U62784,Rossiya,2025-04-05,02:36:38,252
N44657,Red Wings,2024-06-02,10:30:21,87
N41980,Utair,2024-05-24,11:52:48,180
S78929,Aeroflot,2024-07-05,17:11:48,127
U64840,Nordwind,2025-12-09,10:56:26,84
FV7459,Aeroflot,2024-04-09,04:26:09,149
WZ1264,Red Wings,2024-12-19,17:01:51,90
DP4759,S7 Airlines,2024-02-01,18:00:36,186
N45530,Rossiya,2025-07-03,18:26:22,177
SU8024,Aeroflot,2025-01-12,10:21:17,30
FV1802,Aeroflot,2025-09-24,18:00:28,148
DP2720,Aeroflot,2025-06-19,15:37:45,112
FV2294,S7 Airlines,2024-06-27,09:29:01,108
SU8562,Utair,2025-09-22,14:42:20,220
WZ9944,Red Wings,2024-07-21,16:52:01,93
SU8091,Rossiya,2024-11-04,00:09:49,57
UT5228,Rossiya,2024-03-09,13:42:10,234
UT3097,Pobeda,2024-07-02,13:53:45,138
S75656,Aeroflot,2025-05-14,18:52:11,210
S72993,Aeroflot,2025-08-12,06:03:15,35
UT4598,Aeroflot,2025-01-01,17:22:39,247
S72618,Nordwind,2024-02-05,07:50:39,50
WZ7176,Ural Airlines,2025-05-06,12:32:10,106
FV6473,Rossiya,2024-05-17,07:05:35,38
UT3274,Aeroflot,2025-07-03,09:21:46,209
WZ5102,Ural Airlines,2025-08-20,04:24:35,9
S78103,Red Wings,2025-09-19,11:56:03,188
SU8945,Red Wings,2025-02-06,06:22:08,263
FV6072,Aeroflot,2025-07-04,23:27:05,160
FV8869,Ural Airlines,2025-06-27,22:21:58,209
WZ9700,Utair,2025-05-22,22:51:54,91
FV3327,Ural Airlines,2025-12-09,20:30:31,159
UT1867,Pobeda,2025-02-12,13:50:57,228
FV9210,S7 Airlines,2025-12-13,05:03:56,186
UT5246,Pobeda,2024-08-09,18:50:43,47
SU4741,S7 Airlines,2024-12-03,04:08:45,237
WZ9788,S7 Airlines,2025-02-04,14:15:56,246
DP296,Utair,2025-08-07,22:10:48,44
DP1932,Utair,2024-09-23,07:29:27,74
U63603,Rossiya,2024-03-08,19:27:26,228
SU3706,Rossiya,2025-05-19,12:58:44,45
DP2385,Nordwind,2024-11-08,11:31:08,168
N47990,Utair,2025-12-05,18:59:29,232
DP1673,Rossiya,2025-04-17,11:03:55,279
WZ9089,Utair,2025-10-12,04:26:50,244
SU4624,Rossiya,2024-07-04,14:16:33,78
U66268,Utair,2025-07-19,00:33:48,186
U67747,Aeroflot,2024-08-21,14:08:22,10
S76371,Ural Airlines,2025-07-06,04:36:06,11
WZ7123,Pobeda,2024-08-08,10:48:37,296
U66670,S7 Airlines,2024-10-14,23:43:59,39
SU2878,Nordwind,2025-06-24,03:55:19,54
S77356,Rossiya,2024-11-06,09:22:05,13
N41697,Nordwind,2025-01-27,19:32:01,287
UT2585,Pobeda,2025-12-17,17:36:13,169
WZ6750,Red Wings,2024-03-05,12:46:17,194
S74557,Red Wings,2024-08-10,22:54:47,252
U69051,Nordwind,2024-07-07,04:39:49,22
SU8023,Red Wings,2025-05-23,20:00:35,89
S75752,Ural Airlines,2024-11-25,11:29:59,279
SU1667,S7 Airlines,2025-02-03,06:05:54,257
N46353,Rossiya,2025-10-04,20:58:05,96
S71419,Nordwind,2024-10-16,10:23:47,237
S78758,Rossiya,2024-01-28,03:25:53,139
DP1473,Ural Airlines,2024-05-14,03:13:00,138
DP442,Nordwind,2025-10-27,07:33:13,170
DP2076,Red Wings,2024-12-05,23:18:27,147
UT8916,Red Wings,2024-04-12,05:25:32,187
UT1094,Utair,2025-06-03,12:41:23,193
U6959,Ural Airlines,2024-04-20,18:20:46,31
UT6709,S7 Airlines,2024-03-17,02:18:37,272
SU5571,Rossiya,2025-02-02,02:39:16,159
DP290,Red Wings,2024-02-08,16:49:13,17
U63337,Pobeda,2025-08-13,20:29:04,46
N43788,Aeroflot,2024-12-02,00:38:12,160
UT7997,Pobeda,2025-11-25,14:57:42,166
SU3576,Pobeda,2024-03-04,19:19:20,253
UT1833,S7 Airlines,2025-01-25,18:38:28,223
DP4430,Nordwind,2024-04-06,16:28:26,74
SU8228,S7 Airlines,2025-06-24,17:24:07,51
SU9561,S7 Airlines,2024-04-22,12:34:04,185
UT1263,Utair,2024-05-20,17:35:43,12
S73904,Rossiya,2024-07-04,10:45:45,68
U66812,Ural Airlines,2024-07-16,00:53:19,65
FV3175,S7 Airlines,2024-04-02,13:21:44,172
N47642,Utair,2025-04-19,21:55:52,210
WZ2479,Ural Airlines,2025-10-05,08:02:28,242
SU7060,Ural Airlines,2025-05-02,12:11:21,140
DP1783,S7 Airlines,2025-10-25,13:31:15,67
S79948,Aeroflot,2024-09-06,15:38:03,150
U63459,Rossiya,2024-11-12,10:27:19,166
FV7694,Utair,2024-03-11,09:43:12,182
DP6369,Aeroflot,2024-10-10,04:14:04,105
SU246,Pobeda,2025-09-25,19:08:34,23
FV7170,Nordwind,2025-08-28,07:48:29,31
DP9269,Rossiya,2025-10-27,13:32:47,271
FV8835,Red Wings,2025-04-10,11:02:54,67
FV911,Aeroflot,2024-01-18,06:25:12,101
SU8685,Utair,2024-10-18,11:35:07,110
SU3803,Ural Airlines,2024-04-21,02:54:22,32
N46287,S7 Airlines,2024-09-21,16:57:08,163
UT3781,Aeroflot,2025-11-20,23:52:00,139
S77650,Ural Airlines,2024-07-21,12:53:04,73
U62801,Utair,2025-04-05,13:28:36,196
U61529,Ural Airlines,2025-12-18,08:41:27,241
UT1184,S7 Airlines,2025-07-05,21:36:29,152
N48389,Red Wings,2024-05-05,11:31:07,209
UT667,Rossiya,2025-12-11,09:33:57,42
S78531,Red Wings,2024-04-01,03:01:37,99
N47431,Ural Airlines,2024-11-07,15:51:05,281
S76896,Ural Airlines,2024-10-03,19:13:10,228
U67530,Red Wings,2025-07-08,05:11:47,15
UT331,Rossiya,2025-11-23,13:25:53,168
FV381,Red Wings,2024-01-23,10:10:22,216
N41095,Utair,2025-10-03,07:01:40,6
U63803,S7 Airlines,2024-12-24,12:31:24,156
WZ5454,Ural Airlines,2025-09-15,01:32:28,266
UT4404,Utair,2025-12-12,05:41:43,242
U67938,Rossiya,2024-06-27,17:01:20,162
UT1578,S7 Airlines,2025-07-19,03:37:51,24
SU5087,Aeroflot,2024-06-03,04:57:34,41
FV7079,Red Wings,2024-07-01,16:13:36,103
WZ8715,Red Wings,2025-02-13,13:16:14,244
U61050,Utair,2025-04-03,02:13:40,236
S74127,Utair,2025-10-28,13:31:27,191
DP4567,Nordwind,2025-04-20,15:53:35,211
S77830,S7 Airlines,2025-11-17,02:29:01,134
N42109,Aeroflot,2024-02-28,07:47:18,209
U67683,Ural Airlines,2025-01-02,04:35:01,259
S7167,Utair,2024-07-12,00:56:59,170
FV5544,Aeroflot,2024-07-15,19:28:08,150
WZ3450,Ural Airlines,2025-02-24,20:12:38,217
SU1836,Rossiya,2025-12-05,03:22:46,170
DP5318,Utair,2024-06-21,20:43:49,212
UT4915,Rossiya,2025-05-06,05:09:13,93
DP4847,Pobeda,2024-02-11,02:13:35,131
SU642,Pobeda,2025-02-10,03:17:45,0
UT7754,Red Wings,2024-03-21,18:42:35,133
S73878,Utair,2024-09-21,16:45:14,183
S77830,Ural Airlines,2024-10-10,19:00:41,290
DP1509,Rossiya,2025-12-08,22:35:19,12
S74597,Pobeda,2025-12-15,05:16:03,254
WZ1664,Aeroflot,2024-01-24,17:35:41,153
WZ4327,Red Wings,2025-09-08,12:42:59,85
SU4775,Nordwind,2024-09-15,13:48:59,256
N44723,Ural Airlines,2025-08-09,18:14:09,204
N47851,Red Wings,2025-03-26,05:30:54,262
U68183,Ural Airlines,2025-12-23,08:21:43,192
U68708,Rossiya,2025-01-15,10:05:16,163
DP9100,Red Wings,2025-11-13,12:45:10,244
WZ2434,Pobeda,2024-05-15,01:26:37,224
WZ4302,Aeroflot,2024-08-05,07:46:21,252
UT9968,Pobeda,2024-05-03,13:03:06,79
N47677,Nordwind,2025-01-07,20:35:57,213
SU6173,Ural Airlines,2025-07-11,13:54:40,169
WZ8448,Nordwind,2024-10-14,06:47:38,22
DP9961,S7 Airlines,2025-08-17,05:13:53,16
U67939,Rossiya,2025-04-26,04:55:13,61
WZ3077,Nordwind,2024-08-26,12:08:44,260
DP2585,Ural Airlines,2024-04-10,15:08:02,220
N46591,Red Wings,2024-04-10,09:02:00,33
DP2348,Nordwind,2025-02-23,02:53:27,130
WZ9455,Rossiya,2025-09-03,05:52:27,176
UT8875,Utair,2024-03-02,17:56:26,40
S7489,Rossiya,2024-01-24,19:12:11,240
FV9108,Aeroflot,2025-07-23,12:33:40,297
S79254,S7 Airlines,2024-03-27,04:15:14,10
FV4547,Pobeda,2024-06-06,02:54:58,255
U61355,Utair,2025-12-13,13:09:45,71
DP3692,Pobeda,2025-04-25,02:33:57,3
DP4721,Utair,2024-03-25,12:45:06,85
N44927,Ural Airlines,2024-10-24,16:22:21,277
DP1912,Rossiya,2024-02-10,00:55:12,256
SU3667,Pobeda,2024-05-08,08:02:12,29
U62612,Nordwind,2025-04-12,21:34:02,255
WZ6800,Pobeda,2024-05-18,22:10:04,32
DP904,Nordwind,2024-05-19,19:18:05,106
N45382,S7 Airlines,2025-01-16,09:33:44,33
N46603,Rossiya,2024-06-28,12:15:01,156
SU3253,Nordwind,2024-11-21,14:33:58,163
S72480,Utair,2025-10-02,03:54:31,56
DP8985,Red Wings,2024-10-05,10:34:32,103
FV322,Rossiya,2024-12-28,13:23:59,11
DP3116,Red Wings,2024-08-17,00:42:44,163
DP9578,Rossiya,2024-11-22,22:48:44,172
S71334,Pobeda,2024-07-03,04:29:27,221
DP2162,Nordwind,2025-05-19,07:29:00,217
WZ1189,Rossiya,2025-08-20,13:55:22,252
S75398,Ural Airlines,2025-09-21,03:52:18,210
SU3340,Red Wings,2025-10-17,03:31:26,157
SU1681,Rossiya,2024-12-04,22:22:53,235
S75064,Red Wings,2024-02-09,03:09:04,85
FV3485,Pobeda,2024-04-02,09:58:21,235
N49204,Red Wings,2025-02-23,10:00:37,24
DP8649,Ural Airlines,2024-04-16,07:12:52,82
U62740,Ural Airlines,2024-09-20,16:31:14,139
UT3621,S7 Airlines,2025-02-06,20:40:24,97
DP2694,Red Wings,2024-02-19,00:27:39,260
FV9866,Pobeda,2024-06-02,02:18:32,204
S79793,Ural Airlines,2024-04-06,22:30:37,237
S74390,Pobeda,2025-03-15,18:27:56,280
S73226,Red Wings,2025-10-25,04:12:14,121
U62985,Utair,2025-02-13,08:23:07,296
U64052,Utair,2024-03-16,07:08:24,268
DP1500,Ural Airlines,2024-11-17,20:07:26,231
N44331,Pobeda,2024-02-22,03:27:48,165
WZ6829,Red Wings,2024-06-27,05:44:32,96
UT6054,Nordwind,2025-07-02,14:50:29,146
FV4760,S7 Airlines,2024-11-07,06:44:32,167
DP7965,Ural Airlines,2025-02-14,20:57:06,297
WZ8847,Ural Airlines,2024-04-19,16:34:25,80
UT3429,Red Wings,2025-05-23,12:41:36,142
FV2272,Utair,2024-03-08,05:12:00,240
DP6607,Utair,2024-12-13,17:48:43,110
S77363,Rossiya,2024-11-25,22:06:27,237
FV2213,Red Wings,2025-02-17,11:14:40,280
WZ2637,Nordwind,2024-02-08,15:44:34,166
U69440,Aeroflot,2025-03-05,11:42:31,116
FV4872,Red Wings,2025-02-15,13:31:15,185
WZ9883,Nordwind,2025-02-02,05:45:36,135
FV3481,Aeroflot,2024-06-15,11:42:43,291
UT7948,Utair,2024-07-09,18:22:29,154
WZ4466,Aeroflot,2024-02-17,21:54:51,112
DP8934,Utair,2025-02-10,07:10:11,254
FV4753,S7 Airlines,2025-01-23,20:14:44,141
DP9985,Red Wings,2025-06-16,15:49:10,41
SU8714,Aeroflot,2024-01-15,08:34:09,111
FV3858,S7 Airlines,2024-02-25,06:00:44,285
UT3201,Ural Airlines,2025-06-19,12:29:43,4
S75318,Aeroflot,2024-12-13,19:11:32,4
WZ6490,Red Wings,2025-08-17,17:56:35,139
U67079,Ural Airlines,2025-07-15,03:27:06,145
WZ368,Ural Airlines,2024-08-21,12:11:09,100
S72797,S7 Airlines,2025-03-09,22:28:23,231
S76191,Pobeda,2024-08-11,04:49:51,97
FV305,Red Wings,2024-12-25,13:47:09,262
WZ7429,S7 Airlines,2025-10-15,08:27:40,26
UT5141,Ural Airlines,2025-04-12,02:41:44,211
FV2533,S7 Airlines,2024-05-16,00:45:57,156
WZ3738,Pobeda,2024-08-27,15:50:50,216
UT6672,Utair,2025-08-03,09:39:54,79
DP749,Pobeda,2025-08-24,00:26:40,13
UT6307,Red Wings,2024-12-22,18:05:36,109
N47460,Rossiya,2024-10-08,03:14:36,183
FV3038,Red Wings,2024-04-20,08:47:09,239
U61351,Rossiya,2024-03-25,04:15:55,263
U6219,S7 Airlines,2025-02-18,16:13:15,230
N44523,Red Wings,2024-12-25,12:42:10,157
WZ4744,Rossiya,2025-02-21,00:14:31,192
U67791,Red Wings,2025-07-26,00:17:22,125
SU1727,Aeroflot,2025-12-07,23:08:58,253
N47330,S7 Airlines,2024-02-20,11:11:19,177
S77184,Utair,2025-01-10,02:02:02,177
U68294,Pobeda,2025-04-23,10:36:32,43
UT6784,Ural Airlines,2024-10-23,15:20:46,87
S79979,Nordwind,2024-03-17,07:59:12,174
S78720,Aeroflot,2025-11-21,17:34:18,189
N43199,Utair,2024-11-05,14:32:30,38
WZ7017,Red Wings,2024-08-12,04:07:05,218
WZ4776,S7 Airlines,2025-08-10,07:57:27,154
U64572,Ural Airlines,2025-02-11,21:41:44,213
N42759,Ural Airlines,2024-12-04,15:35:58,153
SU8730,Rossiya,2024-05-11,21:09:21,86
N41201,Red Wings,2024-07-22,06:42:09,193
WZ3091,Ural Airlines,2025-02-27,12:05:24,64
