Номер рейса,Авиакомпания,Дата прилета,Время прилета,Число пассажиров
WZ9400,Rossiya,2025-03-28,03:46:39,84
WZ1085,Utair,2024-11-15,09:45:59,297
DP6525,Nordwind,2024-08-17,19:49:12,180
N46129,Red Wings,2024-03-14,15:53:02,190
UT4708,Red Wings,2024-04-16,11:17:33,4
N44030,S7 Airlines,2024-06-12,03:01:34,83
U63680,Utair,2024-09-22,08:00:01,198
FV3452,Utair,2024-09-08,14:24:18,230
WZ8061,Ural Airlines,2025-12-03,16:09:16,73
FV8537,Rossiya,2024-11-07,23:14:38,156
S72297,Aeroflot,2024-04-06,15:03:23,208
FV5674,Utair,2024-06-11,10:05:09,233
U68143,S7 Airlines,2025-10-02,22:07:40,297
DP3578,Utair,2025-06-25,12:04:01,254
N46746,Aeroflot,2024-08-02,05:23:08,102
SU3891,Nordwind,2025-03-22,18:20:16,41
U62575,S7 Airlines,2024-05-18,12:11:41,139
DP8363,Aeroflot,2025-07-21,02:47:49,209
WZ1540,Ural Airlines,2025-04-21,05:04:57,33
UT4743,Nordwind,2025-06-26,17:32:21,42
WZ7812,Ural Airlines,2025-11-09,14:35:48,209
SU5295,Rossiya,2025-12-08,09:27:29,44
FV7107,Pobeda,2024-06-05,03:20:07,199
DP9051,Ural Airlines,2024-11-23,18:52:31,149
SU8550,Aeroflot,2025-02-27,09:29:07,113
U6543,Ural Airlines,2025-12-22,20:12:03,276
DP437,Utair,2024-11-25,06:59:31,105
S7287,Aeroflot,2025-06-25,11:17:39,91
WZ2180,Utair,2024-04-25,18:34:52,127
S75899,Pobeda,2024-11-25,17:22:42,218
S77303,Utair,2024-08-19,04:23:50,267
FV4407,S7 Airlines,2025-01-03,07:19:23,246
SU6717,Nordwind,2025-04-01,15:14:14,194
DP6763,S7 Airlines,2024-09-08,20:11:01,85
UT9235,Nordwind,2024-01-07,20:27:24,252
DP928,Nordwind,2024-10-06,17:25:11,16
DP9011,Rossiya,2024-12-09,08:21:37,231
UT3643,S7 Airlines,2025-08-27,08:35:21,156
U66343,Red Wings,2025-01-27,11:05:06,293
SU9223,Pobeda,2024-12-20,22:43:21,160
U63109,Aeroflot,2024-03-10,20:09:42,214
WZ6189,Ural Airlines,2024-04-10,11:19:07,299
WZ5925,S7 Airlines,2025-02-10,09:45:58,174
U61480,Nordwind,2025-10-09,23:00:09,87
SU9563,Red Wings,2024-09-11,22:28:53,110
U64996,Rossiya,2025-03-03,14:29:37,272
U67179,Ural Airlines,2024-10-09,16:56:22,7
UT1163,Red Wings,2025-12-17,20:28:40,201
WZ7404,S7 Airlines,2024-01-08,20:04:42,66
UT3394,S7 Airlines,2025-04-25,17:00:56,188
WZ5392,Nordwind,2024-04-25,22:28:48,18
N45813,Utair,2024-03-24,04:48:37,32
S73668,S7 Airlines,2025-12-12,15:34:05,265
SU6026,Red Wings,2024-06-05,14:25:08,132
FV7962,Utair,2024-11-01,13:07:46,240
N42245,Utair,2024-06-13,00:25:44,299
S7505,Pobeda,2024-05-02,10:01:44,155
WZ1299,Utair,2024-12-24,09:31:42,168
N42475,Nordwind,2024-05-25,12:00:36,149
FV895,Pobeda,2025-11-23,21:44:58,113
DP8441,Nordwind,2024-02-05,17:09:11,85
FV9377,Ural Airlines,2024-04-20,07:01:35,270
WZ7547,Rossiya,2025-09-19,23:12:00,138
S7172,Aeroflot,2025-10-11,19:22:55,281
WZ6830,Aeroflot,2024-11-21,02:55:50,57
WZ5985,Red Wings,2025-06-12,22:39:03,160
U67250,Nordwind,2024-07-16,10:38:00,275
UT4806,Pobeda,2024-12-19,15:54:21,200
S78397,Pobeda,2024-02-23,07:36:21,132
DP2822,Pobeda,2024-02-13,10:47:23,244
FV2022,Nordwind,2025-09-14,19:57:44,48
SU6739,Aeroflot,2024-12-11,09:13:12,300
S76832,Utair,2025-11-18,18:14:49,129
UT5339,Rossiya,2024-11-23,02:23:05,34
WZ1727,Pobeda,2025-04-14,02:51:45,169
FV6674,Utair,2025-12-02,09:38:23,156
UT5838,Pobeda,2024-05-22,08:34:43,86
N41974,Aeroflot,2025-08-06,04:39:17,164
SU3739,Ural Airlines,2024-04-15,11:36:16,203
SU6086,S7 Airlines,2025-05-08,19:03:17,26
SU6222,Rossiya,2025-01-19,04:50:01,288
N41006,Aeroflot,2025-08-04,04:25:37,224
SU6400,Nordwind,2024-04-23,02:14:13,192
SU5952,Rossiya,2025-02-12,00:13:49,182
WZ288,Utair,2025-10-10,00:41:21,76
N46671,Ural Airlines,2025-05-03,04:52:51,177
WZ5703,S7 Airlines,2024-10-18,14:45:53,229
DP7655,S7 Airlines,2024-05-15,01:25:04,77
U66954,Red Wings,2025-08-16,15:31:08,60
U62113,S7 Airlines,2024-03-25,22:22:47,94
DP8837,Ural Airlines,2024-06-11,04:28:18,289
SU8460,Red Wings,2024-08-18,09:02:16,113
UT945,Pobeda,2024-05-07,00:59:22,22
DP5204,Red Wings,2024-08-20,08:18:16,201
U65667,Rossiya,2025-03-14,10:17:57,157
DP5292,Utair,2024-10-24,08:51:07,250
DP8224,Pobeda,2025-09-24,20:41:48,19
S7233,Utair,2025-10-20,21:36:02,216
SU3604,Rossiya,2025-09-22,07:47:53,67
DP5974,Pobeda,2024-02-13,07:13:29,186
DP7219,Ural Airlines,2024-10-28,10:09:20,10
S76500,Ural Airlines,2024-11-25,04:17:20,268
S71806,Aeroflot,2025-10-01,09:56:35,242
FV2866,Ural Airlines,2025-02-13,12:16:46,50
SU1082,Pobeda,2025-04-15,07:22:39,51
WZ2067,Ural Airlines,2024-11-16,12:57:01,101
SU6256,Rossiya,2024-05-08,23:56:07,165
FV322,Pobeda,2025-03-23,16:46:30,119
WZ9030,Nordwind,2024-12-12,20:15:58,232
S7225,Nordwind,2025-12-04,02:27:08,82
SU9074,Aeroflot,2024-06-19,22:18:27,150
U61820,Ural Airlines,2024-01-13,15:17:16,0
DP6424,S7 Airlines,2025-04-14,06:40:20,261
SU4375,Aeroflot,2024-04-24,03:44:55,184
UT3462,Nordwind,2024-09-01,11:21:49,48
WZ8705,Rossiya,2024-11-04,09:24:28,72
S75857,Nordwind,2025-11-14,07:42:18,22
WZ1320,Pobeda,2025-10-21,15:56:42,38
DP7791,Aeroflot,2025-03-08,01:08:12,235
SU3204,Nordwind,2025-03-25,01:27:52,254
SU9387,Ural Airlines,2024-07-11,13:31:30,57
N41090,Nordwind,2025-04-05,17:35:49,18
N49314,Nordwind,2024-11-04,06:41:16,163
S77543,Red Wings,2024-03-24,11:57:40,2
U62685,Utair,2024-03-20,16:41:52,1
DP179,Utair,2024-05-12,10:08:29,8
DP2315,Red Wings,2024-08-04,04:34:05,36
WZ5879,Nordwind,2025-04-02,09:54:04,5
U64565,Red Wings,2025-12-24,07:17:14,15
N49564,Aeroflot,2025-01-09,02:21:17,150
SU8723,Ural Airlines,2024-09-11,10:26:36,150
UT3999,Utair,2024-03-24,10:39:29,34
SU6388,Nordwind,2024-02-28,06:49:20,108
SU7200,Pobeda,2024-06-14,13:38:39,264
UT484,Rossiya,2024-10-04,07:55:05,0
S79076,Aeroflot,2024-10-25,21:24:40,243
WZ5087,Red Wings,2025-02-14,01:37:16,258
WZ9489,Rossiya,2024-10-13,22:53:25,128
N44469,Nordwind,2024-03-26,16:44:58,257
U66485,Utair,2024-01-06,16:14:29,258
WZ6015,S7 Airlines,2025-10-18,21:20:27,208
WZ108,Ural Airlines,2024-07-14,02:31:28,79
SU8460,Utair,2025-01-25,20:17:52,104
N44991,S7 Airlines,2025-02-13,22:29:29,25
N48835,Red Wings,2024-03-24,17:06:24,178
SU1310,Utair,2025-06-27,12:09:13,165
U6952,Red Wings,2024-11-17,02:47:14,6
WZ8139,Rossiya,2025-06-16,23:02:06,163
SU5639,Aeroflot,2024-07-15,12:44:21,279
WZ3808,Rossiya,2024-02-27,22:45:44,89
N45602,Aeroflot,2025-11-10,17:53:09,0
SU6423,Rossiya,2024-08-27,21:53:15,33
FV6728,Red Wings,2024-01-21,20:41:34,213
WZ5835,Red Wings,2025-05-06,05:03:09,234
U64729,Pobeda,2024-08-06,08:52:10,241
N4521,Pobeda,2025-10-21,23:25:24,63
UT4512,Ural Airlines,2024-05-06,08:54:25,181
U68018,Utair,2024-11-23,10:18:12,13
SU5694,Aeroflot,2025-05-20,23:36:35,48
U6654,Red Wings,2025-12-24,14:16:15,80
SU9193,Pobeda,2024-01-17,18:32:48,58
SU1692,Utair,2025-07-01,17:57:05,129
S75805,Utair,2024-06-27,02:34:35,289
S71208,Ural Airlines,2024-10-16,18:49:07,232
UT6412,Aeroflot,2025-12-11,22:40:20,42
SU6209,Pobeda,2024-02-17,14:34:59,81
S72007,Aeroflot,2024-11-03,09:09:32,218
U63167,Pobeda,2025-02-09,08:49:36,219
N49103,Aeroflot,2024-07-06,03:44:56,116
SU6906,Rossiya,2024-11-11,02:51:51,3
FV4851,Pobeda,2024-12-03,14:05:12,100
N48276,Nordwind,2024-08-17,07:44:18,124
WZ9059,Nordwind,2025-03-22,17:27:42,90
UT1416,Rossiya,2025-05-06,03:43:54,141
N43109,Ural Airlines,2024-12-03,01:54:56,23
UT9864,Aeroflot,2024-04-11,12:59:18,26
U67813,Nordwind,2025-12-05,11:08:44,59
S77419,Pobeda,2025-02-21,06:57:52,218
SU1838,Aeroflot,2024-03-22,14:37:03,129
S73973,Utair,2024-05-19,08:23:02,289
DP5079,Nordwind,2024-09-25,15:04:31,40
WZ143,Ural Airlines,2025-05-04,09:13:47,15
U67977,Aeroflot,2024-05-25,15:05:53,193
UT1742,Aeroflot,2024-06-03,14:23:07,93
U68647,Aeroflot,2025-11-04,01:59:51,289
UT2897,Nordwind,2024-11-02,12:23:15,276
SU3659,Rossiya,2024-07-24,04:45:01,147
UT7471,Red Wings,2024-07-21,04:04:47,116
SU4832,Pobeda,2025-02-09,10:01:57,101
FV6278,Nordwind,2024-05-08,07:00:05,136
N47771,Rossiya,2025-07-01,02:08:37,235
DP7503,Nordwind,2024-03-17,14:37:54,194
UT7206,S7 Airlines,2025-07-24,21:16:42,196
WZ9975,S7 Airlines,2024-06-16,08:27:45,213
SU8726,S7 Airlines,2024-12-14,19:06:11,142
U68941,Ural Airlines,2025-02-03,08:17:46,244
U67974,S7 Airlines,2025-01-17,20:44:59,46
U67124,Rossiya,2024-04-13,13:28:57,148
S75553,Red Wings,2024-01-04,23:46:18,167
FV1191,Utair,2024-11-26,00:43:44,44
SU2214,Ural Airlines,2024-04-02,09:15:24,99
N47277,Ural Airlines,2025-02-06,21:11:50,85
S75765,Aeroflot,2024-04-05,19:14:16,120
DP6827,Nordwind,2025-08-28,03:43:14,137
U68246,Pobeda,2024-09-19,00:42:57,89
SU8648,Nordwind,2024-05-02,11:44:29,294
DP9641,Ural Airlines,2024-02-09,07:30:35,299
U65087,Red Wings,2025-02-04,05:02:35,94
U68617,Ural Airlines,2025-03-09,05:05:19,153
SU3331,Utair,2025-12-26,08:49:13,242
UT6002,Pobeda,2025-11-05,13:20:56,118
S78395,Rossiya,2025-05-11,07:45:48,77
N44408,Red Wings,2025-12-11,08:35:57,298
DP8955,Red Wings,2025-06-22,09:28:04,167
SU8881,Red Wings,2025-01-19,08:16:38,77
N48344,Pobeda,2025-10-02,06:50:19,87
FV6248,Aeroflot,2025-10-01,01:14:44,0
N42796,Red Wings,2025-01-13,18:21:46,279
UT5191,Ural Airlines,2025-09-01,18:57:43,210
SU8970,S7 Airlines,2024-07-08,21:59:13,189
UT6927,Nordwind,2024-11-24,13:56:27,93
U61061,S7 Airlines,2025-05-06,07:59:08,205
UT8770,Rossiya,2025-02-17,12:10:57,78
UT4950,Utair,2024-05-06,03:39:59,205
DP7812,Pobeda,2025-04-23,13:02:02,80
SU3395,Utair,2024-09-23,03:40:18,178
UT5483,Utair,2025-05-20,19:50:57,114
SU8198,Pobeda,2025-06-27,14:23:25,287
UT803,Rossiya,2025-07-22,03:47:41,287
U6980,Ural Airlines,2025-04-12,16:00:17,76
U6789,Ural Airlines,2024-05-15,20:23:49,298
FV2467,Pobeda,2024-02-23,08:37:11,210
DP917,Red Wings,2025-08-24,07:39:56,184
S71591,Aeroflot,2025-06-14,02:13:08,46
U61813,S7 Airlines,2025-11-04,11:25:49,135
N43238,Ural Airlines,2024-12-21,05:50:35,275
S72972,Red Wings,2024-01-22,20:46:12,8
U67444,S7 Airlines,2024-08-25,08:43:21,216
FV9438,Aeroflot,2025-08-19,14:59:27,263
N43816,S7 Airlines,2024-04-10,14:06:38,151
WZ841,Aeroflot,2024-11-19,03:45:36,251
WZ8654,Red Wings,2024-02-17,21:52:38,268
DP3770,Utair,2024-01-11,14:48:31,77
SU2403,Red Wings,2025-07-21,01:04:58,128
U69316,S7 Airlines,2024-01-28,22:10:23,256
S72230,Aeroflot,2025-01-24,17:12:49,18
S71954,Nordwind,2024-04-24,16:53:21,2
DP4988,Utair,2025-08-11,16:48:00,115
WZ8848,S7 Airlines,2025-02-09,15:51:50,250
U63750,Utair,2024-03-12,09:25:02,14
U64299,Ural Airlines,2025-06-28,16:36:30,8
UT5712,S7 Airlines,2025-02-06,20:42:01,49
N42303,Pobeda,2025-10-14,09:29:16,199
WZ5633,Aeroflot,2024-03-24,20:33:51,22
SU8424,Utair,2025-10-11,07:21:12,59
DP6375,Ural Airlines,2025-04-23,22:46:22,169
U6387,Nordwind,2025-11-08,04:22:43,223
DP6781,Rossiya,2024-04-27,21:58:36,45
SU9840,Red Wings,2025-11-03,04:38:31,138
FV9553,Aeroflot,2025-03-04,02:53:11,8
N46981,Nordwind,2024-11-22,14:59:54,157
UT9167,Pobeda,2025-02-19,05:42:58,47
UT7877,S7 Airlines,2024-03-01,10:15:14,170
S74288,Rossiya,2025-11-20,10:41:59,262
FV3977,Aeroflot,2025-11-14,14:27:46,128
N44902,Ural Airlines,2025-06-07,21:24:51,266
FV9241,Ural Airlines,2024-02-21,04:40:46,188
U6974,Red Wings,2025-09-07,17:22:39,289
U68843,Ural Airlines,2025-09-14,22:36:07,277
N41623,Red Wings,2024-10-07,08:30:02,192
WZ2372,Red Wings,2024-03-14,18:33:35,204
WZ3740,Aeroflot,2025-10-09,00:24:01,32
U67444,Nordwind,2025-12-10,03:27:54,118
U69676,Utair,2024-05-04,17:25:20,127
FV3276,Nordwind,2024-03-02,15:08:53,131
SU7102,Ural Airlines,2024-05-02,23:02:19,16
WZ1091,Aeroflot,2024-11-09,12:02:26,36
SU1205,Utair,2025-12-25,22:06:17,111
DP6313,Red Wings,2025-10-13,07:32:24,222
N48269,Red Wings,2025-02-08,21:25:25,198
N48716,Utair,2025-02-26,12:25:05,12
UT1783,Nordwind,2024-06-28,06:57:05,24
U65997,Red Wings,2025-02-16,00:51:12,78
FV744,Aeroflot,2025-08-02,04:08:36,144
WZ777,S7 Airlines,2025-09-21,12:35:21,142
U65203,Red Wings,2024-02-01,14:19:21,31
FV3905,Pobeda,2025-06-02,22:15:05,221
FV4955,Utair,2024-04-25,20:08:33,110
U6198,Pobeda,2025-09-09,09:20:42,131
UT148,Nordwind,2024-09-22,08:51:50,95
S71369,Ural Airlines,2025-07-24,16:39:16,114
WZ9702,Nordwind,2025-07-15,02:32:23,85
U67415,Nordwind,2025-02-24,04:35:24,77
FV1381,Pobeda,2025-05-16,03:49:29,108
N49807,Utair,2024-03-03,14:44:27,205
UT6444,Red Wings,2025-12-04,07:26:01,99
S71644,S7 Airlines,2024-09-22,19:26:54,49
N4657,Utair,2025-04-05,20:32:29,183
S78293,Utair,2024-07-05,09:12:20,253
FV6697,Utair,2024-03-14,00:15:49,149
WZ9020,Rossiya,2025-12-14,00:36:23,68
S71479,Pobeda,2024-06-25,05:46:04,189
U65071,Nordwind,2024-08-26,07:57:23,121
U67620,Aeroflot,2025-08-08,17:31:45,1
WZ3975,Pobeda,2024-05-02,02:07:35,175
FV8419,Aeroflot,2024-05-06,22:19:24,196
UT954,Aeroflot,2025-11-16,23:08:59,211
N42779,Pobeda,2024-09-12,01:25:54,22
DP4697,Rossiya,2024-12-20,09:04:21,173
UT8309,Red Wings,2024-06-23,11:53:35,95
UT6554,Pobeda,2025-12-08,10:54:53,4
S71691,Aeroflot,2025-09-05,20:22:05,83
S74183,S7 Airlines,2024-01-04,09:19:20,259
SU1030,S7 Airlines,2025-10-01,06:15:40,159
S79837,Nordwind,2024-09-14,12:43:33,212
UT8781,S7 Airlines,2025-05-21,08:59:23,187
U6855,Utair,2025-11-05,04:21:31,74
DP9851,Pobeda,2025-08-08,09:10:56,138
N4693,S7 Airlines,2024-10-13,22:49:13,181
N41159,Aeroflot,2025-03-23,00:48:10,60
UT4021,Aeroflot,2024-08-25,16:56:54,194
UT7806,Pobeda,2025-06-27,05:42:12,236
DP2930,Rossiya,2025-12-05,17:12:37,255
N42608,Aeroflot,2025-01-05,14:22:02,73
SU7395,Pobeda,2025-02-18,02:00:06,271
N47071,Nordwind,2025-10-26,21:29:44,299
UT7607,Rossiya,2024-04-24,23:12:50,109
DP7942,Ural Airlines,2025-12-26,21:27:00,247
DP8744,Red Wings,2025-07-13,17:14:02,286
UT8576,Aeroflot,2024-03-12,21:41:08,269
U62779,S7 Airlines,2024-09-14,02:00:12,261
U64676,Rossiya,2024-12-14,23:05:56,66
DP9195,Aeroflot,2024-12-24,18:24:51,121
DP1630,Ural Airlines,2025-07-07,19:11:24,40
UT4352,Red Wings,2025-12-20,01:04:04,66
SU2971,S7 Airlines,2025-04-13,22:03:39,296
U63336,Pobeda,2025-07-20,11:04:53,175
S74734,Nordwind,2025-11-08,15:45:57,295
S71187,Nordwind,2024-08-03,05:55:02,169
S7593,Aeroflot,2025-12-16,11:21:22,60
DP7966,Nordwind,2025-02-16,01:50:25,195
UT7730,Red Wings,2025-08-06,10:29:35,3
DP1794,Aeroflot,2025-04-02,12:16:37,221
U65402,S7 Airlines,2024-12-08,10:44:14,277
FV2557,Rossiya,2025-01-23,10:52:35,264
U68056,Aeroflot,2025-02-05,18:06:04,153
U6311,Rossiya,2025-05-08,03:46:06,297
U61186,Ural Airlines,2025-02-13,10:02:18,9
S78646,Utair,2025-06-20,20:24:14,109
UT1468,Aeroflot,2024-08-15,21:31:15,47
DP5444,S7 Airlines,2024-02-20,09:45:41,241
S72650,Aeroflot,2025-10-04,20:54:52,193
S73784,S7 Airlines,2025-01-12,12:22:25,41
DP6763,S7 Airlines,2025-05-06,08:34:18,10
U61604,Aeroflot,2025-01-13,15:33:57,150
SU536,Rossiya,2025-03-22,16:05:52,265
N49545,Rossiya,2024-09-08,23:49:41,18
WZ6591,Pobeda,2025-10-01,20:55:20,122
FV2217,Utair,2025-02-19,09:28:35,195
N47275,Red Wings,2024-05-13,14:58:29,143
U69414,Nordwind,2024-05-15,00:54:10,16
DP3109,Rossiya,2025-07-14,21:48:41,62
WZ5624,Nordwind,2025-10-07,16:59:14,51
SU1382,Aeroflot,2025-01-08,19:15:31,275
SU2597,Rossiya,2024-03-28,19:07:05,210
SU8316,Pobeda,2025-03-15,03:57:19,278
DP3001,Nordwind,2025-11-25,09:49:52,20
S74259,Utair,2025-12-19,18:18:51,117
U64451,Red Wings,2025-05-19,21:06:14,238
FV819,Red Wings,2024-06-19,07:18:36,110
N49477,Pobeda,2024-10-16,04:12:54,296
SU2590,Red Wings,2025-09-05,09:25:36,18
SU6985,Rossiya,2024-07-06,23:22:45,69
N4613,Rossiya,2024-08-28,18:37:36,257
DP8791,Nordwind,2024-04-13,02:20:36,50
S77659,Utair,2024-07-08,11:38:36,93
SU2662,Ural Airlines,2025-07-07,07:49:21,250
UT1591,Pobeda,2025-06-20,07:32:49,118
N43993,Pobeda,2025-06-11,12:38:32,43
S73314,Utair,2025-01-10,04:32:03,75
U67499,Pobeda,2024-09-04,04:10:00,132
N4179,Red Wings,2024-10-10,17:32:21,100
N4702,S7 Airlines,2024-07-16,21:46:38,177
DP8856,Rossiya,2025-03-03,05:24:49,123
U62753,Ural Airlines,2024-12-05,04:57:40,52
UT6081,Pobeda,2024-12-12,16:00:10,73
N42538,S7 Airlines,2024-08-05,14:24:42,85
FV4095,Red Wings,2025-03-04,17:28:30,231
UT3856,Rossiya,2024-12-03,19:49:35,8
UT7555,Red Wings,2025-09-02,21:01:20,278
FV9078,S7 Airlines,2025-01-28,20:07:55,120
N42192,Rossiya,2025-10-27,15:29:53,277
S79579,S7 Airlines,2025-06-12,15:50:36,19
FV9930,Pobeda,2025-10-26,06:18:53,161
SU3924,Nordwind,2024-09-03,19:44:29,43
SU5183,Ural Airlines,2024-10-23,04:31:14,112
FV7117,Ural Airlines,2025-07-10,18:45:50,262
SU5027,S7 Airlines,2025-07-10,14:51:53,38
U65570,S7 Airlines,2024-03-25,07:27:24,39
FV9476,Red Wings,2025-01-26,03:24:54,181
FV604,Red Wings,2025-04-10,14:06:34,290
SU2560,Aeroflot,2024-04-23,02:41:33,111
WZ3510,Aeroflot,2024-02-09,22:22:38,207
SU9015,Ural Airlines,2025-06-15,06:17:19,255
FV4226,Red Wings,2024-04-16,17:32:01,226
DP6825,S7 Airlines,2025-06-28,00:08:49,145
SU177,Nordwind,2024-06-20,15:27:25,169
DP7486,Rossiya,2025-03-05,01:53:06,20
S77011,Utair,2025-04-19,00:30:01,11
UT7872,Ural Airlines,2024-09-15,09:07:41,232
DP5462,Red Wings,2024-06-02,04:53:17,204
N43179,Aeroflot,2024-05-11,13:38:38,146
SU3426,Pobeda,2025-10-13,22:22:00,181
DP9720,Pobeda,2025-08-23,22:12:53,98
DP8352,Pobeda,2025-10-14,21:01:18,170
N49457,S7 Airlines,2025-12-25,13:11:05,128
SU6425,Pobeda,2024-10-01,01:38:32,271
SU973,Rossiya,2024-09-05,14:57:45,214
FV3342,S7 Airlines,2024-10-06,11:39:15,280
WZ7437,Aeroflot,2025-06-09,03:15:38,266
N42850,Utair,2025-09-10,05:22:04,197
UT5460,Utair,2024-12-02,15:51:04,273
UT9412,Rossiya,2025-05-21,12:38:56,82
SU2633,Rossiya,2024-11-22,11:29:27,0
DP7790,Rossiya,2025-08-15,05:06:33,262
U64956,Pobeda,2025-03-01,05:37:36,61
S71375,Pobeda,2025-03-19,07:38:52,124
WZ607,Red Wings,2024-04-08,09:41:07,149
U68936,Aeroflot,2025-08-01,10:41:03,294
U65212,Nordwind,2025-02-01,16:59:21,27
DP352,Ural Airlines,2024-04-06,14:23:23,41
S75998,Utair,2024-04-26,19:50:55,164
SU6858,S7 Airlines,2024-07-07,02:32:30,259
N48705,Pobeda,2025-05-12,12:56:02,45
U67309,Pobeda,2024-03-04,21:00:01,255
N43457,Aeroflot,2025-12-23,23:27:52,6
WZ509,Red Wings,2025-08-05,07:58:57,121
WZ9289,Nordwind,2024-01-17,10:30:36,69
DP2747,Pobeda,2024-12-19,12:27:34,139
UT855,S7 Airlines,2024-05-23,08:17:21,181
SU3005,Utair,2025-07-23,11:37:49,295
DP4337,Ural Airlines,2024-02-05,11:22:01,65
N43123,Pobeda,2025-02-08,10:00:51,252
S75305,Pobeda,2024-10-13,22:33:09,217
UT7340,Pobeda,2025-09-18,18:18:14,164
WZ6313,S7 Airlines,2025-09-07,12:18:18,142
N45480,S7 Airlines,2024-11-02,15:29:02,132
DP4080,Red Wings,2024-01-23,11:18:33,263
FV3064,Ural Airlines,2024-09-11,01:06:54,196
U67895,Ural Airlines,2024-06-18,00:28:09,37
SU5045,S7 Airlines,2024-12-07,00:47:11,223
N4676,Red Wings,2025-03-28,07:21:17,167
FV8944,Aeroflot,2025-03-01,20:14:55,298
UT6262,S7 Airlines,2025-10-16,18:24:48,99
FV3172,Aeroflot,2024-03-13,21:22:36,286
DP6859,Rossiya,2025-03-04,21:24:50,203
SU385,S7 Airlines,2024-04-09,20:17:22,111
SU3177,Utair,2024-05-23,13:41:58,247
UT2477,Red Wings,2025-04-21,07:38:01,223
WZ4552,S7 Airlines,2024-07-28,03:24:19,236
S75765,Nordwind,2024-06-02,22:49:15,74
FV2291,Utair,2025-03-09,04:19:21,49
UT1417,Ural Airlines,2024-11-28,05:30:14,206
N4325,Utair,2025-08-13,00:40:46,63
WZ4588,Rossiya,2025-07-23,15:32:15,85
S74640,Utair,2024-12-05,14:46:46,167
U62158,Ural Airlines,2024-05-01,10:22:22,249
SU5842,Pobeda,2025-01-27,01:03:58,99
N44194,Aeroflot,2025-05-07,02:43:12,300
WZ4489,Ural Airlines,2025-04-19,03:57:25,237
FV4757,Ural Airlines,2025-04-27,05:26:15,6
DP5087,Nordwind,2024-02-23,21:10:34,154
N4487,Rossiya,2024-08-26,10:50:10,137
N43703,Utair,2025-04-02,17:33:37,132
FV6686,Rossiya,2025-12-03,18:20:26,33
SU3166,Nordwind,2025-03-03,15:06:11,111
UT7987,Nordwind,2024-07-07,18:02:41,229
SU500,Rossiya,2025-12-04,03:50:07,159
S79693,Rossiya,2024-07-04,17:36:10,219
SU2735,Utair,2025-08-28,13:04:02,293
S76132,Rossiya,2025-11-04,23:41:14,144
DP5345,Aeroflot,2025-09-09,11:53:03,106
UT4138,Rossiya,2025-10-02,16:15:18,159
S73690,Utair,2024-12-04,15:44:30,169
WZ1983,Nordwind,2025-01-03,17:54:33,137
FV1349,Aeroflot,2024-03-12,01:08:25,6
WZ3753,Pobeda,2025-02-21,04:40:00,122
N42066,Rossiya,2024-02-03,16:05:26,298
DP1477,Red Wings,2025-05-27,05:44:03,182
N45383,Red Wings,2025-05-25,09:27:28,155
DP4819,Utair,2024-01-02,01:35:17,140
S73126,Nordwind,2024-11-13,11:09:27,10
S76580,Red Wings,2025-02-15,00:09:20,47
SU8960,Red Wings,2024-04-20,15:10:49,148
S7633,Aeroflot,2025-12-04,08:16:25,13
U65966,Nordwind,2024-12-11,17:44:52,187
SU8341,Ural Airlines,2024-05-11,06:00:30,71
DP8645,Ural Airlines,2025-06-26,06:07:52,252
UT8719,Utair,2024-09-13,05:34:59,153
DP7194,Red Wings,2025-07-13,21:25:58,207
U68735,Ural Airlines,2025-06-16,22:08:46,227
WZ4899,S7 Airlines,2024-09-14,03:14:07,106
S72790,Nordwind,2025-07-08,20:25:51,114
N48803,Pobeda,2024-12-17,09:33:30,117
UT2902,Red Wings,2025-05-27,16:56:07,34
N48338,Aeroflot,2024-11-22,18:19:07,234
U69841,Nordwind,2024-05-21,05:52:37,87
U64293,S7 Airlines,2025-01-14,17:22:15,123
N42902,Ural Airlines,2024-01-21,12:09:57,162
FV2716,Aeroflot,2025-11-05,00:10:58,23
DP1096,Utair,2024-10-21,06:18:17,59
UT6141,S7 Airlines,2024-09-07,20:22:00,244
FV6231,S7 Airlines,2024-10-15,12:46:25,209
U6309,Nordwind,2024-06-13,18:32:20,133
U65269,Red Wings,2024-10-09,07:47:56,203
S73118,Rossiya,2025-10-13,14:55:31,282
SU761,Ural Airlines,2024-03-03,14:44:33,274
DP8429,Utair,2025-04-17,13:41:47,128
WZ9992,Rossiya,2025-08-15,04:33:47,49
S77720,Aeroflot,2025-03-26,19:51:08,253
U61935,S7 Airlines,2025-08-16,08:32:08,85
S73893,Utair,2024-05-17,00:37:53,72
SU1302,Red Wings,2025-05-06,12:48:28,256
UT2859,Pobeda,2024-03-22,05:58:35,231
UT1520,Aeroflot,2024-02-22,12:19:39,266
SU7920,Nordwind,2025-12-05,01:58:22,125
S75889,S7 Airlines,2025-02-19,21:08:42,192
S7887,Utair,2025-11-25,05:01:12,69
SU3850,Rossiya,2024-03-16,20:49:51,200
DP9542,Utair,2024-05-06,23:54:08,79
U66057,Red Wings,2025-05-22,14:48:29,299
WZ8199,Pobeda,2025-04-18,19:35:42,247
SU8210,Nordwind,2024-12-06,03:26:39,58
U69888,Aeroflot,2024-12-17,11:08:49,61
WZ5392,Utair,2025-09-16,06:35:11,99
N48056,Pobeda,2024-04-13,13:05:35,163
WZ545,Ural Airlines,2024-02-02,23:55:38,166
S73643,Pobeda,2025-08-19,09:55:26,257
S73769,Nordwind,2025-09-28,13:18:26,33
DP1906,Ural Airlines,2025-03-09,06:57:45,231
UT3844,Aeroflot,2025-03-08,08:17:54,20
SU5179,Ural Airlines,2025-03-21,10:34:24,237
S74385,Ural Airlines,2024-06-03,16:51:55,298
S75097,Red Wings,2025-10-02,12:57:43,10
N45039,Ural Airlines,2025-03-27,14:11:29,192
UT3028,Pobeda,2025-12-11,10:14:39,69
DP8630,S7 Airlines,2024-02-22,00:12:12,250
SU1086,Ural Airlines,2025-08-14,03:17:39,156
U65311,Rossiya,2025-07-20,12:23:41,197
U68340,Nordwind,2025-09-27,01:58:21,171
UT9186,Pobeda,2025-07-16,10:01:53,90
UT7551,Ural Airlines,2024-01-07,20:09:06,284
U67137,S7 Airlines,2024-03-18,13:11:07,227
FV5439,S7 Airlines,2024-10-02,03:26:39,221
S74443,Rossiya,2025-02-10,23:01:45,223
WZ8541,Aeroflot,2024-09-10,16:17:49,198
S78999,Rossiya,2024-06-10,16:57:52,166
SU6193,Utair,2025-05-23,21:32:50,205
N48593,Nordwind,2025-12-08,07:21:05,252
S79257,Red Wings,2024-01-24,19:30:36,125
UT7819,Aeroflot,2025-12-20,18:19:24,124
N48748,Nordwind,2024-02-11,05:58:56,164
FV1392,Pobeda,2024-05-24,12:27:27,219
FV114,S7 Airlines,2025-10-06,22:56:44,278
DP3975,Red Wings,2024-01-21,23:28:27,257
U66904,Nordwind,2025-02-05,23:49:52,223
N44216,Rossiya,2024-03-01,19:22:31,229
UT5256,Pobeda,2024-06-09,18:38:54,3
N4478,Nordwind,2024-04-23,11:29:05,220
U63980,Red Wings,2025-01-05,10:25:51,146
UT6219,S7 Airlines,2025-03-12,11:41:57,135
SU6097,Pobeda,2024-09-19,16:55:30,218
FV2933,S7 Airlines,2025-08-16,04:05:52,202
DP3797,Red Wings,2024-04-01,03:06:39,221
SU9417,Utair,2025-06-19,12:49:41,132
WZ7607,S7 Airlines,2024-03-09,02:55:36,271
S76386,Red Wings,2024-01-15,20:19:12,125
S74605,Ural Airlines,2024-12-16,14:50:04,170
DP6931,S7 Airlines,2024-11-08,02:33:33,160
U64841,Aeroflot,2025-12-20,03:35:34,121
U62084,Rossiya,2025-05-24,19:01:56,239
DP1206,Rossiya,2025-03-21,21:01:32,52
SU3205,Ural Airlines,2025-02-25,20:07:25,39
SU3883,Nordwind,2025-04-10,20:15:37,137
N42213,Ural Airlines,2025-10-16,09:52:53,5
FV9192,Red Wings,2025-12-10,01:23:15,242
U62587,Rossiya,2025-04-05,04:03:21,300
U64183,Nordwind,2025-08-07,20:51:25,5
WZ115,Aeroflot,2024-02-13,05:16:24,216
DP5179,Rossiya,2025-06-09,10:16:29,151
SU3365,S7 Airlines,2024-12-24,10:58:34,3
DP4362,S7 Airlines,2025-11-28,19:58:40,132
N4917,Ural Airlines,2024-02-18,15:36:28,268
U6352,Nordwind,2025-11-05,06:08:25,243
U62272,Red Wings,2025-06-24,02:42:49,134
U69024,S7 Airlines,2024-08-28,07:49:28,28
N41462,Aeroflot,2025-04-26,01:51:37,151
N47868,Pobeda,2025-10-21,14:33:14,176
DP741,Utair,2025-09-14,22:26:18,173
DP9342,Ural Airlines,2024-11-22,04:33:41,289
N46599,Red Wings,2025-05-21,02:16:39,23
FV479,Ural Airlines,2024-11-06,23:42:55,275
S76413,Utair,2025-09-12,09:52:51,289
SU634,Ural Airlines,2024-09-17,18:09:29,208
S7932,Ural Airlines,2025-04-11,08:01:27,70
N44848,S7 Airlines,2024-02-28,21:19:50,33
S71638,Aeroflot,2024-05-26,13:20:48,293
SU8779,Red Wings,2024-12-24,09:31:34,188
S73154,Rossiya,2025-10-15,21:08:13,279
S73353,Rossiya,2025-07-14,04:24:10,132
SU6996,Aeroflot,2024-08-05,17:19:52,108
UT6628,Utair,2024-01-15,07:24:53,131
FV2487,Red Wings,2024-07-14,22:05:49,137
N43829,Aeroflot,2024-08-07,23:47:31,269
FV9771,Pobeda,2024-02-18,12:05:20,233
DP6360,S7 Airlines,2025-08-16,02:52:50,9
SU397,Ural Airlines,2025-10-22,21:35:09,93
FV217,S7 Airlines,2024-02-27,06:48:46,59
FV2258,Rossiya,2025-09-05,06:53:19,210
U64060,Red Wings,2025-07-18,00:39:18,276
DP2607,S7 Airlines,2025-06-09,14:37:37,37
S72584,Red Wings,2024-04-04,03:48:56,222
DP3278,S7 Airlines,2024-01-24,12:29:03,121
N41210,Red Wings,2024-07-28,08:58:46,178
N49801,S7 Airlines,2025-05-01,08:44:42,296
UT6020,S7 Airlines,2025-08-27,06:41:01,220
UT4803,Pobeda,2025-10-10,03:12:55,246
FV3756,Rossiya,2024-01-11,15:37:31,32
DP4832,Aeroflot,2025-05-02,19:48:04,231
WZ9982,Rossiya,2024-12-09,00:16:23,24
UT7631,Red Wings,2024-10-26,16:40:38,61
WZ8766,Pobeda,2024-11-04,12:39:43,6
FV4578,Pobeda,2024-02-28,02:11:35,232
WZ6187,Red Wings,2024-10-01,18:47:20,215
UT9120,Nordwind,2025-11-01,01:11:23,290
S78453,Ural Airlines,2024-07-02,21:44:03,224
S77951,Ural Airlines,2024-01-09,10:07:09,239
U63356,Red Wings,2025-10-27,18:54:46,122
U62304,Pobeda,2024-04-04,04:39:34,271
WZ8433,Aeroflot,2024-09-12,14:42:02,280
WZ1062,Nordwind,2025-01-05,12:40:23,223
FV6572,Ural Airlines,2024-08-21,20:54:58,10
U68775,Aeroflot,2024-10-03,07:11:48,268
DP9012,Rossiya,2025-01-02,00:37:40,289
UT2382,Aeroflot,2025-02-04,15:49:07,151
DP6543,Utair,2025-05-07,20:44:27,8
SU7699,Ural Airlines,2025-03-20,07:17:38,29
FV2770,Ural Airlines,2024-08-05,23:12:09,96
SU565,Aeroflot,2024-11-09,16:17:44,188
N4165,S7 Airlines,2024-02-17,20:20:40,42
WZ2515,S7 Airlines,2024-11-01,07:07:21,204
U64663,Rossiya,2025-02-09,14:21:48,79
S74950,Aeroflot,2025-12-03,16:12:24,299
U68924,S7 Airlines,2025-02-11,07:26:01,146
DP102,Pobeda,2024-11-18,13:51:07,158
DP9183,Pobeda,2025-10-05,01:06:33,28
S78232,Pobeda,2024-06-03,00:34:34,184
N41784,Utair,2025-01-14,11:35:16,113
FV9412,Ural Airlines,2024-07-08,02:37:28,19
DP6858,Pobeda,2025-08-25,06:48:20,36
DP5481,Pobeda,2025-07-07,07:59:22,92
FV8625,Pobeda,2025-12-24,05:47:57,129
N4399,Nordwind,2025-07-27,11:55:48,231
FV754,Red Wings,2025-04-16,09:35:22,226
WZ6166,Pobeda,2024-01-28,14:50:25,173
UT2962,Nordwind,2024-12-19,12:21:47,7
DP3706,Ural Airlines,2025-03-18,12:20:24,186
N46152,Utair,2025-09-21,19:38:40,124
WZ4767,Rossiya,2025-04-06,00:23:23,158
DP6017,Ural Airlines,2024-06-13,05:01:04,230
UT5477,Rossiya,2025-05-08,20:55:50,246
S7627,Red Wings,2025-04-20,04:33:14,261
S79770,Aeroflot,2024-07-25,21:09:43,19
U64660,Rossiya,2024-02-12,11:09:01,229
S75192,Aeroflot,2025-09-03,08:05:30,50
S73983,Ural Airlines,2025-02-06,20:55:46,43
UT2821,Ural Airlines,2024-08-24,22:57:52,264
DP5460,Pobeda,2025-08-07,10:50:55,171
SU8021,Pobeda,2025-09-18,11:02:56,290
N42152,Ural Airlines,2025-12-17,07:41:22,18
UT2729,S7 Airlines,2025-12-13,22:17:22,134
U65020,Ural Airlines,2025-04-02,12:19:58,220
N41014,Red Wings,2025-04-11,15:26:03,199
N41115,Ural Airlines,2025-06-16,15:27:26,93
FV9542,S7 Airlines,2024-11-02,18:56:00,177
FV4663,Nordwind,2024-12-01,02:21:59,169
N47306,Nordwind,2024-10-20,21:34:04,241
WZ3993,Aeroflot,2024-10-20,05:34:31,93
N41986,Rossiya,2025-11-24,02:15:40,272
SU7813,Rossiya,2025-02-21,01:56:31,133
WZ9097,Ural Airlines,2024-04-11,06:28:06,107
SU5764,Pobeda,2024-02-05,06:21:30,296
N47189,S7 Airlines,2025-08-24,23:40:55,33
N49283,Utair,2025-09-10,23:01:47,266
S72801,Ural Airlines,2024-05-18,07:07:48,282
WZ8185,Pobeda,2025-03-08,08:29:37,55
S74909,Aeroflot,2025-03-11,14:22:24,289
SU8885,Red Wings,2024-04-14,22:00:44,173
U65098,S7 Airlines,2025-09-21,03:12:57,190
S77214,Ural Airlines,2025-09-13,11:02:21,194
U65753,Red Wings,2025-08-01,23:37:13,7
FV8737,Nordwind,2024-04-14,10:18:51,76
S77003,Pobeda,2025-11-02,04:53:55,175
DP5519,Nordwind,2024-07-12,19:28:13,294
WZ1503,Red Wings,2024-03-02,14:52:02,237
N48557,Red Wings,2024-04-02,15:03:52,246
SU7049,Pobeda,2024-05-27,12:55:39,253
WZ3604,Aeroflot,2025-06-09,01:31:51,231
SU2776,Red Wings,2024-10-14,06:59:01,273
DP5248,Red Wings,2024-01-26,00:05:43,242
UT9421,Nordwind,2025-10-07,11:33:49,248
UT4522,Ural Airlines,2024-01-16,13:33:30,136
UT5110,Ural Airlines,2025-05-09,08:55:53,206
DP411,Ural Airlines,2025-12-17,18:49:04,202
N48743,S7 Airlines,2025-02-13,20:03:19,87
SU4109,Red Wings,2024-11-21,15:34:55,187
WZ2182,Pobeda,2025-05-25,00:08:45,245
UT622,Rossiya,2025-04-15,01:24:08,112
S75508,Ural Airlines,2024-04-09,10:36:37,170
UT8076,Nordwind,2025-09-19,13:32:15,267
WZ6962,Red Wings,2025-03-14,15:10:25,168
WZ2115,Rossiya,2025-08-04,14:07:27,72
N49922,Utair,2025-04-06,09:39:37,107
SU6753,Pobeda,2025-07-13,09:21:38,79
FV8838,Ural Airlines,2025-02-04,23:22:24,111
DP6494,Utair,2024-09-25,07:36:14,270
DP6036,Aeroflot,2024-05-18,03:08:30,282
UT2496,Aeroflot,2025-10-13,07:04:15,299
N47522,Pobeda,2024-11-22,22:16:35,119
S71965,Pobeda,2024-06-03,10:46:59,244
N44186,Utair,2025-07-20,12:00:54,117
S74898,Utair,2025-01-27,22:39:53,117
U68119,Ural Airlines,2024-05-16,17:01:59,198
FV8476,Pobeda,2024-12-04,21:31:33,295
WZ6247,Pobeda,2025-07-22,21:37:24,212
U64906,Red Wings,2025-12-14,03:12:28,88
UT715,Rossiya,2024-09-26,11:33:31,260
WZ3568,Aeroflot,2025-09-08,14:54:34,196
FV8577,Ural Airlines,2024-04-14,03:58:32,39
UT3127,Utair,2025-02-05,09:24:56,29
FV364,Red Wings,2024-08-18,11:37:57,49
WZ4996,Red Wings,2025-08-04,16:30:39,211
SU6141,Ural Airlines,2025-11-11,00:14:57,58
WZ3282,Aeroflot,2024-01-11,17:06:01,44
FV5882,Nordwind,2025-11-25,17:41:13,263
WZ4843,Ural Airlines,2024-07-06,11:22:33,122
WZ4989,Ural Airlines,2025-08-15,07:15:48,151
DP4135,Aeroflot,2024-12-28,07:46:36,213
WZ4629,Red Wings,2024-10-03,16:45:36,260
WZ5426,Red Wings,2025-01-12,09:27:11,244
SU4292,Utair,2025-08-20,05:41:42,22
SU1778,Rossiya,2025-02-16,22:25:36,25
N42694,S7 Airlines,2025-12-16,14:11:49,226
WZ281,S7 Airlines,2025-12-19,18:37:38,225
DP7920,Aeroflot,2025-07-06,07:04:00,225
DP5768,Nordwind,2025-04-04,05:52:18,51
S77943,Utair,2024-04-23,07:19:25,246
DP9827,Rossiya,2024-05-25,15:16:08,7
DP655,Ural Airlines,2024-03-14,05:40:21,124
U66330,Pobeda,2024-11-18,02:29:16,181
U65365,Red Wings,2025-05-25,03:50:05,134
DP7647,Ural Airlines,2024-11-01,11:59:39,50
SU7818,Utair,2025-12-27,20:28:36,222
UT687,Utair,2024-06-05,05:42:00,123
DP2360,Aeroflot,2024-12-14,07:32:11,211
WZ5376,Rossiya,2025-04-24,20:41:44,181
S75410,Red Wings,2024-12-09,17:34:12,28
U68312,Rossiya,2025-11-16,10:38:50,11
SU3495,S7 Airlines,2024-01-19,21:46:30,135
UT2371,Utair,2024-12-23,14:54:24,71
UT1623,Nordwind,2024-09-04,09:58:42,231
WZ6382,Red Wings,2025-05-22,17:27:01,240
WZ1839,Pobeda,2025-08-03,22:56:55,36
DP1499,Red Wings,2025-02-01,09:43:11,75
S78460,Nordwind,2025-02-17,17:00:27,284
WZ4780,Utair,2025-09-17,22:19:07,33
UT7503,Rossiya,2024-12-26,20:37:56,55
WZ9980,S7 Airlines,2025-01-14,02:30:41,219
U67775,Pobeda,2025-01-15,01:42:37,90
UT1305,Aeroflot,2025-05-05,02:34:57,263
S74854,Nordwind,2025-08-04,03:52:01,98
SU3585,Red Wings,2024-07-20,21:04:04,206
U62955,S7 Airlines,2024-04-14,10:13:58,8
N44562,S7 Airlines,2024-08-06,03:50:26,123
S72582,Ural Airlines,2024-03-04,21:26:53,204
UT8016,Aeroflot,2024-06-09,12:58:33,128
WZ9880,S7 Airlines,2025-08-11,10:11:23,56
SU3447,Rossiya,2025-09-21,22:31:14,213
U68698,Rossiya,2025-02-19,15:18:32,93
WZ8013,Aeroflot,2025-10-12,02:03:35,190
N43040,Utair,2024-05-22,07:10:19,180
FV7225,S7 Airlines,2025-02-02,01:58:13,227
FV8047,Ural Airlines,2024-07-19,03:53:49,276
N46357,S7 Airlines,2024-02-27,01:04:28,136
S76841,S7 Airlines,2024-04-26,22:15:23,190
FV8583,Ural Airlines,2025-11-18,19:50:58,291
UT2410,Pobeda,2024-07-14,17:06:15,234
SU1669,S7 Airlines,2024-11-10,12:35:25,102
SU6106,Pobeda,2025-06-27,17:45:20,140
N41504,Aeroflot,2025-08-21,19:05:33,211
N49304,Utair,2024-11-08,16:34:02,120
N41348,S7 Airlines,2025-03-10,01:52:55,192
U6841,Aeroflot,2025-06-07,20:57:18,119
S78949,Nordwind,2024-12-01,10:56:17,142
SU6940,Utair,2025-02-11,12:48:20,136
WZ3815,S7 Airlines,2024-08-10,18:38:43,190
SU6235,Utair,2024-08-06,11:24:06,166
WZ1347,Pobeda,2024-05-17,17:06:42,76
UT1055,Aeroflot,2025-06-26,01:44:19,296
WZ947,Pobeda,2025-02-22,16:20:44,124
FV5454,Ural Airlines,2025-11-11,11:37:03,246
S72370,Ural Airlines,2025-11-20,07:20:27,198
SU5296,Rossiya,2024-07-24,08:05:28,82
SU3629,S7 Airlines,2025-11-15,04:29:20,237
UT4856,Red Wings,2025-10-27,20:46:17,77
WZ2148,Rossiya,2025-09-01,02:21:57,211
N41912,Rossiya,2025-07-01,06:38:28,151
FV9251,Rossiya,2024-04-26,05:19:01,184
WZ5826,S7 Airlines,2025-01-08,10:27:36,200
UT3595,Utair,2024-03-10,06:00:11,78
UT340,Utair,2025-02-04,11:34:25,107
N47135,Rossiya,2025-12-12,16:06:22,186
SU7294,Utair,2025-10-01,11:48:58,178
WZ4380,Pobeda,2024-01-08,10:45:06,287
WZ5561,Rossiya,2024-10-25,02:25:59,126
N44959,Rossiya,2025-06-28,14:18:48,15
N41029,S7 Airlines,2025-12-03,02:32:19,154
SU5072,Ural Airlines,2024-02-23,13:48:39,49
UT4276,Pobeda,2024-03-13,02:54:55,34
SU3129,Utair,2024-04-07,13:49:09,172
SU5774,Ural Airlines,2024-06-19,10:24:05,19
WZ3404,Nordwind,2025-02-26,05:06:45,243
FV547,S7 Airlines,2024-11-06,07:46:39,61
FV289,Aeroflot,2025-09-06,14:32:39,260
N46231,Utair,2025-11-18,15:34:10,41
DP3745,Red Wings,2024-08-27,23:36:25,183
S78026,Utair,2025-11-26,23:22:02,108
FV3814,S7 Airlines,2024-06-27,22:56:01,25
N43942,Nordwind,2024-01-02,03:56:49,44
SU5675,S7 Airlines,2025-10-13,06:56:05,43
FV2348,S7 Airlines,2024-08-17,00:18:32,20
WZ7454,Rossiya,2025-11-22,14:20:48,283
SU8339,Aeroflot,2024-12-20,18:59:16,295
WZ9038,Pobeda,2025-08-21,21:09:44,65
DP9742,Pobeda,2024-01-05,02:22:45,52
S77450,Aeroflot,2024-03-22,23:10:08,115
N48492,Pobeda,2025-04-21,03:11:34,85
FV3144,Ural Airlines,2025-03-01,21:12:42,291
UT7272,Utair,2024-04-21,23:05:44,297
N43659,Utair,2025-02-26,08:13:49,22
U6246,Aeroflot,2025-07-26,23:56:38,37
U68808,Aeroflot,2025-05-13,03:49:24,138
U64003,Red Wings,2025-07-11,03:23:35,54
N44989,Ural Airlines,2024-09-06,20:17:16,183
WZ9352,Pobeda,2025-05-15,03:33:28,23
S75458,Ural Airlines,2024-05-11,15:33:17,266
UT4404,Pobeda,2025-12-19,20:25:37,259
DP6556,Red Wings,2024-07-18,18:05:39,271
SU2014,Utair,2024-03-27,03:01:41,129
WZ482,Pobeda,2025-10-14,07:46:25,22
DP4728,S7 Airlines,2025-06-07,00:22:57,19
S71783,Nordwind,2024-06-15,04:02:52,191
S78724,Nordwind,2025-05-19,06:00:49,3
S78836,Nordwind,2025-06-04,14:13:28,200
UT1044,Rossiya,2025-04-28,16:31:00,48
SU2215,Utair,2025-04-02,19:24:54,104
SU2854,Nordwind,2024-01-09,07:46:57,23
FV5175,Pobeda,2024-06-06,09:30:30,131
FV9421,Utair,2025-06-10,07:24:06,135
U69053,Ural Airlines,2024-08-21,20:40:30,204
UT4909,Utair,2025-10-17,00:38:53,153
DP8125,Ural Airlines,2025-01-17,04:49:13,234
S71994,Nordwind,2024-06-12,03:36:47,265
DP4571,Red Wings,2024-01-03,21:24:41,58
UT6842,Red Wings,2025-12-16,20:36:09,201
U61372,Nordwind,2025-05-01,13:23:00,37
DP4220,Utair,2025-04-22,15:56:37,260
S79276,Pobeda,2025-07-28,21:00:45,14
FV7032,Aeroflot,2025-05-01,19:55:05,38
WZ297,Pobeda,2024-02-17,03:52:57,124
FV8550,Ural Airlines,2024-09-20,21:54:22,210
FV4352,Red Wings,2025-08-06,12:54:03,95
S76598,Pobeda,2025-11-01,12:40:51,235
N49470,Pobeda,2024-07-19,03:19:00,216
N49495,Pobeda,2024-05-25,09:39:10,100
FV7305,Utair,2024-08-21,15:03:18,96
FV4307,Utair,2025-02-22,18:01:05,126
UT8555,Utair,2024-06-08,16:46:35,123
U61620,Aeroflot,2024-01-27,22:03:22,267
WZ5342,Utair,2025-03-23,04:21:51,93
N43199,Rossiya,2024-01-10,20:52:01,77
WZ391,Aeroflot,2024-09-12,12:38:28,220
SU159,Aeroflot,2024-06-27,04:38:00,47
N45278,S7 Airlines,2025-07-24,11:04:25,199
FV6514,Aeroflot,2024-08-09,17:04:27,102
WZ9024,Aeroflot,2025-01-22,07:47:44,68
S71596,Utair,2025-04-11,19:26:19,30
N47601,Nordwind,2024-03-20,10:34:04,23
WZ8977,Red Wings,2025-04-07,02:15:43,298
WZ8768,Utair,2024-09-01,10:59:28,106
S78804,Red Wings,2024-12-26,16:56:45,51
FV1990,Pobeda,2024-06-10,03:42:50,28
FV1950,S7 Airlines,2024-01-02,16:24:41,156
N43403,Ural Airlines,2024-04-06,10:36:45,121
DP6067,S7 Airlines,2025-02-24,04:42:07,18
FV3009,Ural Airlines,2024-06-08,00:09:30,257
FV9539,Pobeda,2025-02-17,22:03:12,69
DP3394,Red Wings,2025-03-01,19:26:42,221
FV3448,Nordwind,2025-02-13,17:29:58,78
DP3096,Utair,2024-05-01,18:33:58,9
U6158,Red Wings,2025-10-06,11:46:50,99
DP7897,Nordwind,2025-08-28,14:13:09,232
U63314,Rossiya,2024-01-19,09:49:24,261
DP5611,Ural Airlines,2024-03-22,22:00:05,174
FV235,Red Wings,2024-06-28,17:23:33,151
DP4179,Rossiya,2024-07-14,23:23:57,277
S72309,Pobeda,2025-03-08,15:58:59,265
WZ6720,S7 Airlines,2025-04-02,20:43:26,212
WZ7018,Red Wings,2024-07-20,16:08:26,300
N4430,Aeroflot,2024-09-19,00:53:30,113
UT980,Red Wings,2025-01-28,02:27:59,23
WZ3218,Red Wings,2024-01-26,11:23:16,159
WZ3535,Rossiya,2025-06-07,22:02:47,273
N47023,Pobeda,2025-12-20,09:38:57,130
FV4054,Nordwind,2024-04-21,04:22:14,95
SU3997,Red Wings,2025-02-23,17:42:52,1
WZ7716,S7 Airlines,2024-09-26,09:21:33,137
U68782,Pobeda,2025-06-15,08:56:14,203
FV5069,Red Wings,2024-02-26,10:09:06,292
U68948,S7 Airlines,2025-09-11,18:11:38,201
UT7348,Pobeda,2024-01-04,03:18:28,197
S71046,Pobeda,2024-03-22,16:49:22,73
S79630,Red Wings,2025-01-01,08:05:52,8
FV7171,Pobeda,2024-02-23,14:54:22,243
SU1832,Red Wings,2024-10-05,20:31:13,81
SU1248,Ural Airlines,2024-07-06,14:27:59,215
N45832,Red Wings,2024-12-13,03:08:03,185
S75294,Nordwind,2024-12-03,23:27:38,182
DP6683,Ural Airlines,2024-03-22,22:15:20,167
SU5158,Ural Airlines,2024-12-21,15:43:47,129
FV2536,Utair,2025-02-02,03:54:52,147
WZ2681,Nordwind,2025-06-14,02:37:05,181
UT4864,Pobeda,2024-12-02,01:11:45,17
WZ7397,Pobeda,2024-09-17,08:59:48,7
SU3775,Rossiya,2025-07-12,13:25:49,27
UT2386,Pobeda,2025-11-14,13:16:19,223
FV7906,Aeroflot,2024-01-14,19:20:15,171
FV6271,Rossiya,2024-10-08,23:33:06,262
N47884,Pobeda,2024-08-11,08:08:25,181
DP4755,Ural Airlines,2024-04-14,06:46:38,144
N41847,Rossiya,2024-12-01,13:29:48,156
FV8055,Pobeda,2025-07-25,03:32:33,124
DP8463,Nordwind,2024-07-19,22:33:25,62
FV6022,Aeroflot,2024-01-19,20:07:21,191
SU5170,Pobeda,2025-07-26,20:14:57,34
WZ8589,Red Wings,2024-07-13,09:50:01,280
UT4611,Nordwind,2024-03-22,08:01:54,270
N4483,S7 Airlines,2025-02-17,19:47:32,41
S72236,Ural Airlines,2024-03-12,10:26:35,296
DP3904,Nordwind,2025-10-01,01:11:10,98
UT2342,Pobeda,2024-01-07,07:31:49,148
N41534,Utair,2025-08-19,03:13:58,253
U63848,Aeroflot,2025-01-04,19:20:55,257
SU1871,Ural Airlines,2024-11-17,21:24:56,92
FV2629,Pobeda,2024-07-21,16:34:39,47
FV7282,Ural Airlines,2024-09-07,23:33:46,213
S73376,Rossiya,2024-07-16,22:32:03,59
N44409,S7 Airlines,2025-08-12,04:13:11,112
U64296,Nordwind,2025-08-04,23:35:50,84
S77968,S7 Airlines,2024-04-21,00:37:53,37
S71509,Pobeda,2025-02-28,02:07:47,142
N45003,Pobeda,2024-05-14,15:14:12,98
SU1825,Ural Airlines,2024-01-05,07:01:07,129
FV6336,Utair,2025-04-16,17:27:05,209
S75377,Aeroflot,2024-11-02,05:12:23,202
DP3872,S7 Airlines,2025-09-20,01:25:35,244
WZ1325,Utair,2024-06-05,09:20:32,105
U69287,Red Wings,2025-08-13,05:52:45,21
SU5903,Utair,2025-03-23,23:24:13,158
FV2355,Aeroflot,2024-02-06,23:37:26,146
N47817,S7 Airlines,2024-09-23,02:20:07,49
S72786,Utair,2024-09-20,10:54:21,41
SU3243,Utair,2024-06-03,18:19:21,191
N48638,Red Wings,2025-06-06,11:04:37,67
FV834,Nordwind,2025-10-25,08:28:11,192
N44584,Nordwind,2025-11-24,16:44:10,4
UT1331,Utair,2025-01-07,18:41:47,207
U6547,Utair,2024-09-22,07:10:19,25
WZ6913,Ural Airlines,2025-09-28,06:54:20,186
SU2266,Ural Airlines,2025-10-27,06:11:31,111
S74938,Aeroflot,2025-01-22,01:26:10,93
WZ2359,Aeroflot,2025-12-13,00:40:40,115
S7920,Pobeda,2025-08-26,02:30:16,273
UT2467,Ural Airlines,2025-07-20,04:45:51,52
S77730,Utair,2025-10-26,17:45:00,265
N42800,Ural Airlines,2024-01-01,05:50:38,138
S77738,Rossiya,2025-03-10,10:02:07,51
WZ1460,Rossiya,2025-07-03,03:46:36,81
U65375,S7 Airlines,2024-04-04,04:23:05,129
UT3265,Rossiya,2024-06-05,11:00:32,290
U66347,Nordwind,2024-05-25,04:27:40,189
FV7788,Nordwind,2024-09-14,10:32:45,277
FV9597,Ural Airlines,2024-01-14,09:37:52,178
SU8777,Nordwind,2025-08-01,08:48:03,124
SU126,Nordwind,2024-11-03,17:14:26,189
SU7894,Nordwind,2025-09-16,07:15:33,101
DP774,Aeroflot,2025-04-13,07:51:03,48
WZ1509,Nordwind,2025-08-21,11:55:25,135
N49957,Rossiya,2025-08-13,01:09:31,279
SU5876,Pobeda,2024-02-11,09:58:08,246
DP5907,Pobeda,2024-08-04,04:41:39,48
FV2387,Aeroflot,2025-03-08,01:38:04,168
S75180,Rossiya,2025-12-04,00:22:21,65
SU1685,Pobeda,2024-12-02,02:03:35,106
UT1852,S7 Airlines,2025-11-25,15:50:58,177
DP643,S7 Airlines,2024-03-18,22:01:49,179
N49408,Ural Airlines,2025-04-14,01:52:09,22
DP4774,Utair,2024-01-27,18:51:27,43
S7620,Rossiya,2025-01-25,01:04:28,82
N45455,Ural Airlines,2025-02-09,21:47:36,127
N48555,Pobeda,2024-01-28,07:41:53,212
SU7739,Utair,2025-11-09,22:29:44,39
WZ7752,Ural Airlines,2024-05-25,02:51:32,279
UT5808,Nordwind,2025-04-09,19:11:56,77
FV5434,Ural Airlines,2024-03-10,23:23:11,93
DP5381,Red Wings,2025-08-15,06:01:30,60
U67310,Pobeda,2024-09-19,01:17:37,128
S76265,Pobeda,2024-12-18,06:03:35,105
N48494,Pobeda,2024-04-16,16:49:45,145
SU4908,Utair,2025-05-19,22:23:38,168
U6580,Utair,2024-07-04,02:54:33,114
UT9651,Aeroflot,2024-09-08,19:02:06,119
UT8212,Rossiya,2024-04-20,15:10:23,167
S72239,Utair,2025-08-11,22:26:20,279
U61114,S7 Airlines,2025-09-09,09:25:12,195
WZ7538,Red Wings,2024-03-08,13:01:49,225
UT6818,Ural Airlines,2024-08-15,10:49:10,81
SU9945,S7 Airlines,2024-08-05,23:10:20,71
DP1047,S7 Airlines,2024-02-12,04:30:21,210
SU5939,Ural Airlines,2025-12-03,19:34:22,237
UT8694,Aeroflot,2024-02-01,20:34:44,36
SU5557,Nordwind,2024-03-01,23:16:54,252
DP893,Aeroflot,2024-02-17,15:16:23,29
DP8294,S7 Airlines,2024-06-12,09:05:08,107
UT4625,Nordwind,2025-09-20,12:44:10,212
FV8440,Ural Airlines,2025-09-09,19:52:20,143
N45935,Aeroflot,2024-02-27,12:58:56,142
DP7655,Red Wings,2024-05-22,21:04:38,142
DP9673,Red Wings,2025-07-23,05:08:52,55
U62613,Red Wings,2025-09-16,08:50:38,194
U61461,Ural Airlines,2025-09-20,15:59:31,72
DP560,Red Wings,2024-04-02,10:27:11,52
S73619,Pobeda,2025-04-22,07:24:50,20
UT9625,Nordwind,2025-08-15,17:02:22,70
FV2992,Ural Airlines,2024-06-03,20:03:30,89
FV5602,Red Wings,2024-08-28,16:01:26,19
N48964,Utair,2024-06-07,21:07:00,179
FV2640,Utair,2024-04-21,21:19:48,20
S77386,Red Wings,2024-05-20,16:27:13,244
N42248,Ural Airlines,2025-03-11,07:34:56,28
DP4978,Ural Airlines,2025-06-08,20:04:08,23
WZ6337,S7 Airlines,2024-04-10,07:11:01,233
U64625,Pobeda,2024-06-19,00:56:10,176
SU3678,Nordwind,2024-07-13,22:08:51,185
DP5105,Utair,2024-02-05,11:24:21,196
N42940,Pobeda,2024-04-06,10:51:49,233
SU6019,Rossiya,2024-09-25,07:50:51,291
S76335,Aeroflot,2025-06-21,09:02:06,10
UT9341,Pobeda,2024-06-17,00:29:21,269
N48388,Utair,2025-02-28,05:14:36,225
FV853,Ural Airlines,2024-04-19,13:21:38,64
UT2245,Nordwind,2025-02-21,11:16:11,135
N49766,Utair,2025-12-01,22:30:30,8
S74520,Pobeda,2024-11-22,22:18:01,204
WZ5143,Pobeda,2025-05-27,09:22:04,182
FV1665,Utair,2025-11-18,06:41:50,66
U65134,Ural Airlines,2024-09-24,03:00:09,237
N4143,S7 Airlines,2025-05-26,00:22:14,62
FV3690,Pobeda,2025-06-28,17:04:14,194
S72060,Pobeda,2025-07-05,05:34:29,209
SU5941,Aeroflot,2025-05-14,17:42:15,258
SU8146,Pobeda,2024-05-23,21:41:23,176
DP3899,Red Wings,2024-07-03,22:56:00,274
U64900,Aeroflot,2024-07-10,04:53:08,139
N42255,Ural Airlines,2024-06-02,00:40:38,58
UT9188,Pobeda,2024-06-24,09:16:02,249
DP5115,Red Wings,2024-08-09,12:05:39,76
SU7806,Aeroflot,2025-11-20,09:06:02,178
N46379,Utair,2024-02-05,21:07:43,119
N45069,Ural Airlines,2024-06-06,14:02:38,200
U62796,S7 Airlines,2024-09-08,05:44:59,166
UT1751,S7 Airlines,2024-12-23,21:09:45,41
N43370,S7 Airlines,2025-09-25,03:52:11,58
SU6792,Nordwind,2025-06-24,11:17:05,117
N47470,Nordwind,2024-03-03,10:04:58,30
WZ449,Ural Airlines,2025-03-15,09:11:37,27
N45658,Red Wings,2024-03-26,11:31:06,208
UT9067,Utair,2025-05-03,22:44:40,160
SU2137,Pobeda,2025-04-04,04:31:47,81
SU9858,Rossiya,2024-03-24,20:21:23,152
N42100,Utair,2025-02-09,12:22:23,4
UT5796,Red Wings,2025-10-18,13:07:06,55
N47926,S7 Airlines,2025-09-27,21:33:44,104
SU2208,Rossiya,2024-08-02,22:56:31,287
SU7542,Ural Airlines,2025-07-04,19:09:12,278
N4375,S7 Airlines,2025-11-24,05:15:14,132
U65699,Red Wings,2025-10-01,06:09:13,276
FV7020,Pobeda,2025-09-01,21:30:43,297
FV3296,Nordwind,2025-07-12,21:09:38,168
UT8911,Pobeda,2024-10-15,05:13:16,48
FV9213,Rossiya,2025-10-20,08:48:36,217
UT3508,Pobeda,2025-07-28,15:18:51,82
UT8336,Nordwind,2025-02-12,22:45:47,169
N4838,Pobeda,2025-11-25,11:19:35,165
U63144,Utair,2025-07-26,02:33:57,82
U66480,Utair,2025-07-05,14:57:18,247
N4451,S7 Airlines,2025-09-16,20:29:09,0
U62292,Utair,2024-02-23,07:31:29,89
S74162,Aeroflot,2024-07-10,16:14:26,81
DP4673,S7 Airlines,2024-11-16,10:37:46,128
FV4370,Utair,2025-11-14,07:47:43,133
FV8136,Rossiya,2025-08-19,02:15:50,287
DP1618,Aeroflot,2025-07-16,15:36:38,116
DP2505,Utair,2024-09-28,11:11:31,89
DP4175,Ural Airlines,2024-03-16,05:12:03,267
UT4967,Red Wings,2025-11-04,17:53:37,215
S74434,Pobeda,2025-11-13,06:33:47,130
U62740,S7 Airlines,2025-03-19,19:53:11,294
S72854,Red Wings,2024-06-10,07:08:10,133
WZ2826,S7 Airlines,2024-05-20,17:16:43,189
S71333,Aeroflot,2024-12-16,17:11:48,218
UT9668,S7 Airlines,2025-04-15,04:24:01,130
SU8758,Nordwind,2024-11-15,10:48:55,115
S77138,Ural Airlines,2025-06-16,06:35:44,209
U61685,S7 Airlines,2024-04-11,21:49:46,284
FV6043,Pobeda,2025-11-01,20:29:49,174
U67569,Red Wings,2024-11-05,06:28:01,142
N42079,Nordwind,2025-07-24,07:12:34,72
SU8038,Rossiya,2025-10-02,12:56:58,176
N46923,Ural Airlines,2025-07-01,17:48:42,257
SU8499,Rossiya,2024-02-17,19:23:37,227
FV9683,Nordwind,2025-11-23,02:51:15,208
DP7795,Utair,2025-04-22,17:09:32,275
S75548,Utair,2025-12-22,13:48:29,272
UT6365,Pobeda,2025-01-09,13:32:17,178
WZ2564,Rossiya,2024-01-10,21:38:11,175
UT4176,Utair,2024-07-26,11:23:56,235
UT4158,Rossiya,2024-07-24,18:43:40,58
U6891,Red Wings,2024-03-04,20:54:05,258
S72823,Nordwind,2024-11-11,23:42:08,111
DP5176,Pobeda,2024-01-27,08:00:40,217
N49537,Rossiya,2024-11-19,00:57:59,233
UT2181,Pobeda,2025-06-22,11:54:45,220
WZ6019,Rossiya,2025-11-18,19:50:36,28
U64406,S7 Airlines,2024-11-21,16:55:06,173
WZ1977,Red Wings,2025-12-27,03:01:43,113
N48560,Aeroflot,2024-01-23,09:44:06,233
FV3937,Rossiya,2025-02-25,15:32:53,265
N46787,Aeroflot,2025-10-24,00:40:04,136
N4211,Utair,2025-12-08,22:06:59,270
DP6784,Pobeda,2024-05-06,17:13:24,180
UT9643,Ural Airlines,2024-07-28,10:52:11,7
UT9133,Nordwind,2024-04-15,17:56:00,35
UT9358,Pobeda,2025-02-20,15:58:47,66
FV2929,Nordwind,2024-02-23,19:03:13,178
DP7954,Rossiya,2025-01-18,22:41:52,102
U68879,Aeroflot,2024-01-23,07:03:59,233
FV1911,Red Wings,2024-01-06,13:45:03,11
DP9655,Nordwind,2024-03-02,15:52:05,299
DP6094,Rossiya,2025-07-02,03:09:48,237
SU9470,S7 Airlines,2025-10-08,07:18:03,235
N45841,Pobeda,2025-10-01,06:25:44,148
U66656,Pobeda,2024-03-01,15:11:13,236
S76803,Nordwind,2025-03-06,10:10:55,18
WZ6010,Ural Airlines,2025-10-13,03:21:41,261
S79903,Pobeda,2024-08-07,19:58:04,270
U65903,Rossiya,2025-04-09,14:25:09,230
S76986,Red Wings,2024-04-07,05:26:11,266
DP8244,Rossiya,2025-10-14,13:22:32,29
N44159,Ural Airlines,2025-10-03,19:22:21,49
N45672,Utair,2024-08-02,00:17:09,138
N43700,Aeroflot,2025-05-22,06:56:13,218
S71635,Red Wings,2025-07-04,12:06:39,231
N41133,Utair,2025-01-07,00:42:44,169
FV3185,Ural Airlines,2025-02-27,00:43:10,290
DP1149,Ural Airlines,2024-05-17,16:18:45,263
SU1928,Aeroflot,2024-12-10,19:11:33,197
DP7124,Pobeda,2025-04-04,09:01:16,193
DP8626,Ural Airlines,2025-01-12,06:11:59,186
FV8832,Pobeda,2025-07-27,06:07:59,69
U61194,Aeroflot,2024-01-19,12:22:16,284
N48019,Red Wings,2024-03-13,01:41:05,249
SU6939,Nordwind,2025-08-11,23:50:05,169
UT6731,Aeroflot,2024-02-15,19:28:39,98
WZ1592,Rossiya,2024-01-20,00:25:26,261
FV8180,Aeroflot,2024-03-06,07:52:23,88
U62151,Nordwind,2025-07-15,03:27:01,256
U67752,Red Wings,2024-01-06,08:33:43,273
S72731,Aeroflot,2025-03-26,13:52:09,143
UT6473,Red Wings,2024-10-12,01:59:16,230
U66485,Red Wings,2025-02-04,06:24:18,96
U68147,Rossiya,2025-08-24,22:18:36,159
FV7311,Nordwind,2025-09-20,08:08:53,16
S7893,Nordwind,2025-12-08,18:48:50,128
S78561,Nordwind,2024-07-02,23:39:16,17
N47561,Rossiya,2024-10-01,09:06:09,177
N43250,Rossiya,2025-06-14,07:18:15,71
UT9330,S7 Airlines,2025-06-26,09:52:46,77
FV9954,Ural Airlines,2025-02-24,21:14:45,21
UT5038,S7 Airlines,2025-01-10,19:05:45,176
SU3011,S7 Airlines,2025-04-10,07:06:09,182
UT9506,Ural Airlines,2025-07-15,20:58:02,96
FV6200,Pobeda,2025-03-07,16:47:09,297
FV1842,S7 Airlines,2024-03-04,00:20:38,5
UT7658,Pobeda,2024-07-07,03:56:23,191
FV7401,Utair,2025-04-20,18:08:27,171
SU1564,Red Wings,2025-08-28,03:01:33,102
DP447,Ural Airlines,2025-02-04,05:18:17,32
DP3403,Aeroflot,2025-11-18,15:34:53,253
WZ3000,Rossiya,2025-09-25,19:15:54,262
UT424,Aeroflot,2024-10-08,03:14:41,182
SU4351,Pobeda,2024-11-13,20:12:50,137
SU2053,Utair,2025-09-06,11:35:05,185
U64029,Aeroflot,2025-04-12,22:05:23,107
S73837,Ural Airlines,2024-08-17,22:34:31,70
N46154,Aeroflot,2024-06-04,03:34:46,241
SU3079,Red Wings,2025-07-13,18:54:10,231
SU7339,Red Wings,2024-08-14,03:16:53,299
FV2393,Ural Airlines,2025-11-22,23:45:51,170
S75335,Ural Airlines,2025-06-11,19:56:42,210
UT9830,Nordwind,2024-04-24,05:59:36,87
N42868,Rossiya,2024-03-23,23:41:27,88
WZ1885,Utair,2025-02-21,00:43:46,61
UT3795,Utair,2025-11-06,12:30:56,64
SU785,Nordwind,2024-05-18,06:51:04,166
S76001,Pobeda,2024-01-09,08:08:09,60
DP6711,Nordwind,2025-01-28,04:18:23,61
FV2398,Ural Airlines,2025-07-08,19:06:38,95
SU1786,Ural Airlines,2024-04-27,10:06:48,24
WZ381,Ural Airlines,2025-03-27,22:55:49,215
UT1378,Pobeda,2024-07-08,09:16:21,91
DP392,Nordwind,2025-05-01,14:19:01,75
WZ105,Ural Airlines,2025-12-08,18:00:19,13
N45266,Aeroflot,2025-05-19,11:32:43,12
SU8786,Rossiya,2024-09-16,05:52:09,102
UT6017,Rossiya,2025-07-24,22:05:58,23
DP1066,Ural Airlines,2025-05-19,19:44:05,263
DP3615,S7 Airlines,2025-07-02,07:11:50,90
SU1471,Utair,2025-07-14,15:48:09,247
FV8352,Red Wings,2025-10-07,14:47:51,240
U67756,Rossiya,2025-01-27,23:07:12,95
SU412,Ural Airlines,2025-01-18,20:16:28,251
S78926,S7 Airlines,2024-05-21,06:10:06,245
U6836,Red Wings,2024-05-12,12:06:04,131
S79071,Nordwind,2025-05-12,02:25:15,287
UT8922,S7 Airlines,2025-03-24,14:44:41,5
SU4656,Rossiya,2024-12-06,01:44:57,12
S75666,Pobeda,2024-08-27,06:38:16,27
FV8879,Red Wings,2024-07-20,11:38:36,60
FV9679,Utair,2024-02-11,07:48:24,250
U66761,Nordwind,2024-02-14,00:22:09,234
DP3275,Red Wings,2025-03-07,22:14:23,218
N41064,Red Wings,2025-04-25,16:03:40,257
SU1208,Utair,2024-04-06,17:56:29,76
S75345,Rossiya,2024-07-24,01:32:17,190
U67326,Utair,2024-04-10,00:06:22,8
SU4038,Pobeda,2024-01-26,12:00:57,197
N49356,Utair,2024-06-10,17:12:52,4
DP7761,Red Wings,2025-03-04,20:12:45,92
DP4857,Pobeda,2025-02-28,00:55:20,212
WZ6815,Nordwind,2024-06-07,15:33:48,87
N44532,Red Wings,2024-07-08,20:17:31,70
UT1509,S7 Airlines,2025-06-02,18:34:44,146
FV5485,Pobeda,2025-01-22,15:50:27,280
DP8254,Rossiya,2024-05-16,13:14:23,165
U69419,Utair,2025-05-01,11:00:10,277
U65235,Pobeda,2024-11-16,18:20:31,196
S78292,Aeroflot,2024-12-20,05:18:04,134
S79600,Rossiya,2025-04-06,18:35:45,281
U66462,Aeroflot,2025-02-01,11:49:09,223
FV8022,Utair,2025-10-12,18:55:06,158
UT8381,Red Wings,2025-02-20,16:28:14,261
UT1007,Utair,2025-10-22,17:37:32,133
SU7696,Ural Airlines,2024-11-27,07:51:12,29
FV4923,Ural Airlines,2024-04-03,04:22:05,193
SU2850,Ural Airlines,2024-09-01,18:00:56,297
DP3958,Aeroflot,2025-03-08,23:48:02,64
U6399,Ural Airlines,2024-09-16,05:57:36,161
UT5531,Aeroflot,2024-06-18,15:33:50,215
U62316,Aeroflot,2024-10-10,18:35:21,111
DP5248,Utair,2024-09-07,00:07:38,162
UT3758,Nordwind,2025-01-09,04:12:42,5
N4676,Rossiya,2024-04-25,04:05:55,60
U62472,S7 Airlines,2024-12-12,03:58:55,234
SU5207,Ural Airlines,2025-11-23,09:38:11,194
FV5730,Rossiya,2025-02-16,07:56:14,243
U66241,Aeroflot,2024-08-16,04:02:41,227
FV5268,Nordwind,2024-05-17,17:44:30,35
N44341,Nordwind,2025-03-10,12:24:22,5
U64124,Rossiya,2024-11-13,13:57:37,27
WZ3615,S7 Airlines,2025-09-17,21:39:24,290
N48842,Red Wings,2025-06-24,12:37:47,177
N47950,Pobeda,2024-03-18,16:01:48,249
UT2190,Rossiya,2024-10-20,20:16:00,89
U61951,S7 Airlines,2025-02-19,05:59:00,293
UT2719,Rossiya,2025-02-20,12:32:47,266
SU7944,S7 Airlines,2025-04-07,00:04:45,61
U64218,Aeroflot,2024-04-01,18:43:12,93
SU6398,Aeroflot,2024-05-25,20:27:00,59
UT449,Ural Airlines,2025-05-26,01:50:54,292
S71217,Rossiya,2024-03-19,21:22:50,59
N41951,Ural Airlines,2024-08-09,10:51:53,37
WZ6824,Rossiya,2025-03-09,00:57:32,252
SU7135,Rossiya,2024-01-09,22:50:46,82
U64449,Rossiya,2025-10-22,07:22:00,252
S71495,Red Wings,2024-07-16,10:38:09,259
U69891,Nordwind,2025-05-16,01:08:44,210
SU1183,Pobeda,2024-11-21,02:36:10,50
SU7923,Utair,2025-07-05,23:25:36,133
S76618,Rossiya,2025-01-06,02:28:09,199
DP204,Aeroflot,2025-09-10,06:26:05,120
U61333,Aeroflot,2025-02-10,22:23:39,207
U61968,S7 Airlines,2024-01-12,16:22:15,67
S76140,S7 Airlines,2024-06-17,13:23:09,235
U61189,Rossiya,2025-11-13,13:08:22,30
WZ4195,S7 Airlines,2025-06-14,06:56:32,276
FV272,S7 Airlines,2025-05-18,01:44:25,135
N43846,S7 Airlines,2024-06-02,09:51:55,227
FV293,Aeroflot,2024-04-14,12:24:07,168
U63026,Ural Airlines,2024-02-03,17:34:12,271
SU6608,Aeroflot,2024-07-18,05:09:45,259
S75249,S7 Airlines,2025-11-17,12:51:52,172
DP394,Utair,2025-10-02,17:39:32,202
SU3159,Ural Airlines,2025-07-09,15:45:27,232
S7424,Red Wings,2024-08-15,00:39:36,288
WZ8895,Aeroflot,2024-07-16,08:18:59,225
U61307,Ural Airlines,2025-02-28,05:15:55,19
WZ1198,Ural Airlines,2025-05-14,18:46:32,242
DP9953,Nordwind,2025-09-26,05:28:25,144
UT6746,Aeroflot,2025-10-15,23:44:09,146
SU8596,S7 Airlines,2025-02-14,18:46:09,290
WZ9765,Nordwind,2025-12-28,08:08:14,64
N49521,Nordwind,2025-07-08,22:38:25,248
U61868,Aeroflot,2025-10-26,08:01:11,60
S7409,Aeroflot,2025-10-09,02:21:07,77
UT1692,Ural Airlines,2025-10-21,08:25:10,122
N47070,Red Wings,2025-09-09,03:21:40,42
UT5038,Rossiya,2024-09-07,20:04:13,206
S72204,Pobeda,2024-03-27,08:55:59,194
DP5462,Pobeda,2025-06-26,21:41:02,298
FV2843,S7 Airlines,2024-12-10,01:37:48,235
S7867,Red Wings,2025-02-24,20:44:13,283
FV4098,S7 Airlines,2025-09-15,16:00:34,288
N4802,Ural Airlines,2024-06-25,10:09:21,189
N41321,Pobeda,2024-09-17,06:47:26,225
S7217,Red Wings,2024-09-18,00:12:36,59
N41190,Utair,2025-01-11,15:30:40,141
DP5521,Ural Airlines,2025-07-20,15:02:39,91
U64674,Ural Airlines,2024-06-15,23:24:28,182
FV4254,Red Wings,2024-10-24,22:41:52,275
N4957,Rossiya,2025-03-07,13:23:57,267
DP8729,Pobeda,2024-12-03,13:33:10,2
SU9540,Utair,2024-02-10,05:02:37,58
U64280,Utair,2024-04-23,06:49:25,161
FV5800,Red Wings,2025-09-10,04:55:49,77
FV804,Red Wings,2024-05-20,05:42:54,211
SU2115,Rossiya,2025-11-20,05:34:44,65
UT6017,Utair,2025-10-11,04:06:51,160
S78910,Pobeda,2024-11-26,23:32:16,74
SU7577,Utair,2025-03-17,17:18:09,61
UT1925,Nordwind,2024-07-10,17:05:14,102
FV5607,Ural Airlines,2025-11-10,15:35:12,256
SU2401,Utair,2024-11-25,13:07:24,46
U62535,Red Wings,2024-02-15,05:15:36,269
N45893,Rossiya,2024-06-03,21:37:57,265
SU3849,Red Wings,2025-04-15,20:34:16,248
S73100,Red Wings,2025-02-21,20:55:13,10
DP2758,Rossiya,2024-08-13,20:45:06,112
FV7763,Ural Airlines,2024-06-05,14:20:46,51
WZ4163,S7 Airlines,2025-09-25,11:44:54,79
S7826,Nordwind,2024-02-15,06:11:58,112
FV465,Ural Airlines,2024-08-15,11:09:44,240
UT5426,Ural Airlines,2024-01-13,08:18:43,180
N41974,Rossiya,2025-12-15,04:12:41,58
WZ3732,Utair,2024-03-17,09:11:51,234
FV9816,Pobeda,2024-07-24,17:35:45,66
WZ4824,Rossiya,2025-05-04,18:32:44,263
SU2444,Rossiya,2024-12-16,20:04:27,7
FV2493,Red Wings,2025-03-06,03:29:36,9
FV469,Utair,2025-02-03,19:12:33,198
U63729,Utair,2025-03-21,06:56:02,288
SU2129,Red Wings,2025-05-25,05:11:03,139
UT204,Pobeda,2024-11-03,21:31:46,114
FV5415,Pobeda,2024-06-22,09:00:11,176
FV5690,Red Wings,2025-01-04,01:39:58,180
FV1871,S7 Airlines,2025-08-16,17:43:51,178
SU3625,Red Wings,2024-05-06,08:50:57,294
N46175,Ural Airlines,2024-06-07,10:44:27,198
SU1287,Ural Airlines,2025-09-12,06:08:16,141
FV7533,Pobeda,2024-06-07,14:51:28,19
FV6913,Utair,2024-09-24,10:00:39,162
U65851,S7 Airlines,2025-05-14,19:39:13,93
DP2361,Red Wings,2024-08-13,20:10:02,275
SU6260,Aeroflot,2024-08-08,12:54:44,61
WZ962,Ural Airlines,2025-02-03,16:22:51,36
DP6828,Rossiya,2024-06-28,17:47:37,143
S77972,Pobeda,2024-12-17,23:09:19,235
SU6217,Nordwind,2024-04-10,09:03:07,175
FV5387,Nordwind,2024-07-11,23:16:42,2
N46824,Utair,2025-10-01,22:06:02,130
FV5638,Aeroflot,2025-03-10,07:25:29,264
UT9196,Ural Airlines,2024-01-15,08:47:07,113
SU5302,Ural Airlines,2024-01-11,14:57:42,226
N4289,Aeroflot,2024-12-20,07:48:31,44
S75883,Ural Airlines,2024-09-24,03:45:00,288
DP8110,S7 Airlines,2025-01-17,19:25:56,160
DP5030,Red Wings,2024-01-23,08:04:44,84
N45258,S7 Airlines,2024-05-08,04:55:23,284
SU1300,Pobeda,2024-03-05,03:43:40,263
S74324,Rossiya,2024-03-16,00:35:33,262
DP6904,Ural Airlines,2024-10-23,22:18:11,244
DP4405,Ural Airlines,2025-06-20,15:32:33,74
SU3651,Rossiya,2024-09-20,01:14:43,184
N41334,Rossiya,2025-07-26,22:33:03,47
N44228,Pobeda,2024-12-04,19:20:17,108
SU7966,Rossiya,2024-10-22,14:48:44,211
UT3713,Aeroflot,2025-12-04,06:40:58,62
UT5581,Nordwind,2024-09-04,04:06:18,241
WZ4718,Pobeda,2025-03-22,14:46:09,297
FV6402,Pobeda,2024-03-19,19:49:03,258
WZ2044,S7 Airlines,2024-10-22,21:31:34,82
S73752,Rossiya,2024-04-19,09:09:46,8
SU4387,Nordwind,2024-06-09,22:10:06,212
S72815,Pobeda,2025-10-10,07:08:51,260
DP8904,Ural Airlines,2025-09-24,11:53:58,47
SU3823,Red Wings,2024-08-19,00:28:34,163
S7540,Utair,2025-09-28,11:19:24,114
S76291,Ural Airlines,2024-11-03,07:37:08,144
U68130,Ural Airlines,2024-07-18,19:47:48,248
DP3124,Aeroflot,2025-06-22,21:58:44,291
FV1972,Aeroflot,2024-01-23,16:52:01,218
DP1567,Red Wings,2025-07-17,05:22:06,21
SU208,Nordwind,2025-05-03,15:48:51,230
S72538,Aeroflot,2025-06-12,14:38:27,248
DP1430,Red Wings,2025-08-04,07:49:20,149
S73327,Pobeda,2025-04-05,08:23:39,238
S75091,Utair,2025-10-01,00:46:04,189
N42398,Ural Airlines,2024-10-20,20:58:56,201
N43338,Pobeda,2025-03-20,07:12:35,193
DP6520,Aeroflot,2025-05-16,09:04:55,68
U6702,Utair,2024-12-23,11:41:01,246
FV866,Nordwind,2025-03-20,18:05:09,15
SU2613,Nordwind,2025-03-09,09:49:54,264
N41901,Nordwind,2025-06-03,06:11:30,228
DP4236,Red Wings,2025-09-22,18:09:54,102
U62715,Nordwind,2024-09-26,11:29:48,300
U64163,S7 Airlines,2024-06-27,23:18:29,277
S79611,S7 Airlines,2024-10-26,15:26:13,21
DP4440,Pobeda,2025-03-11,05:28:07,150
N45721,Ural Airlines,2025-09-24,12:02:30,89
WZ5111,Utair,2024-11-14,15:51:00,192
U68146,Red Wings,2024-03-17,01:47:52,104
FV1008,Red Wings,2024-11-06,01:15:47,300
S79000,Ural Airlines,2025-10-03,19:06:27,86
SU5368,Ural Airlines,2025-09-01,10:04:31,44
U69342,Nordwind,2025-06-14,07:33:35,227
UT6853,Ural Airlines,2025-08-10,02:41:17,123
FV7477,Ural Airlines,2024-03-14,00:47:38,226
N42407,Ural Airlines,2024-05-11,11:10:25,24
UT3649,Rossiya,2024-06-14,19:18:22,81
WZ6906,Rossiya,2024-03-10,14:44:51,239
N4674,Aeroflot,2024-07-14,11:47:38,24
FV1967,Nordwind,2024-01-26,02:45:44,130
U67749,S7 Airlines,2024-08-19,18:21:47,251
FV4574,Ural Airlines,2025-09-10,12:53:25,256
S74776,Utair,2024-04-13,10:04:32,238
FV4735,Ural Airlines,2024-04-05,18:22:58,102
N4838,Pobeda,2024-11-18,16:51:52,51
S71654,Nordwind,2024-02-07,15:11:46,118
FV6890,Rossiya,2024-02-16,03:38:07,296
N46663,Pobeda,2024-09-08,02:51:41,172
WZ5475,Utair,2024-06-12,18:44:04,129
S75753,Aeroflot,2024-01-27,14:41:13,89
U62711,Red Wings,2025-06-19,21:37:40,205
UT9661,Pobeda,2024-03-21,12:13:17,44
S77530,Red Wings,2025-09-11,01:09:18,188
FV514,Pobeda,2024-06-28,03:28:38,251
SU3618,Utair,2024-12-26,02:48:56,23
S78529,Nordwind,2025-04-20,08:08:50,44
S72100,Utair,2025-04-27,07:04:15,297
UT3774,Utair,2024-03-08,12:57:20,193
S78860,Rossiya,2024-07-24,14:52:00,272
FV3873,Rossiya,2025-01-24,17:41:20,31
U65839,Utair,2025-08-16,17:00:08,184
SU2635,Nordwind,2025-08-18,14:26:07,25
N42139,S7 Airlines,2024-04-17,07:03:54,88
N41741,Rossiya,2024-06-14,03:59:26,112
WZ7486,Nordwind,2024-07-26,23:32:28,21
WZ3546,Utair,2024-04-01,02:37:42,74
S7299,Nordwind,2025-09-10,16:29:42,151
FV2466,Ural Airlines,2024-04-23,19:10:38,261
FV4136,Rossiya,2024-10-10,14:22:43,118
S73203,Ural Airlines,2024-11-06,16:32:00,61
U67258,S7 Airlines,2025-02-08,14:16:23,67
U64300,Nordwind,2025-03-18,19:58:45,210
U62390,Ural Airlines,2025-06-06,20:33:45,159
DP1213,S7 Airlines,2024-05-12,08:07:20,96
FV2514,S7 Airlines,2024-10-16,16:08:51,72
S78168,Aeroflot,2025-03-02,07:17:35,255
N48601,Nordwind,2024-11-17,00:29:08,159
UT4437,Nordwind,2025-05-03,21:10:21,219
U6902,S7 Airlines,2025-10-16,04:03:17,64
S72961,Pobeda,2024-09-08,17:55:26,173
N43824,Aeroflot,2025-03-02,04:20:37,138
UT8994,Rossiya,2025-07-17,23:39:08,69
N47076,Nordwind,2025-01-08,04:03:49,201
S72226,S7 Airlines,2025-03-15,02:57:10,217
FV800,Red Wings,2025-02-08,03:22:37,243
N46688,Pobeda,2025-08-22,23:55:34,157
FV5501,Pobeda,2024-10-12,01:03:48,162
DP2215,Aeroflot,2025-07-01,16:55:43,140
WZ9332,Aeroflot,2024-10-21,04:18:37,8
UT7764,Red Wings,2025-05-15,17:05:10,123
FV2822,Aeroflot,2024-05-09,05:03:15,130
U63129,Nordwind,2024-11-01,21:44:05,136
SU627,Nordwind,2025-08-07,20:04:44,103
UT7793,Aeroflot,2025-05-19,09:35:36,16
S77176,Aeroflot,2024-04-22,05:04:08,107
FV2463,Red Wings,2025-04-24,05:04:37,290
DP4574,Nordwind,2025-01-22,06:45:29,2
FV161,Rossiya,2024-08-20,04:12:21,260
U64100,Ural Airlines,2024-11-23,16:37:57,159
N49501,Pobeda,2024-11-20,17:33:36,33
DP2738,S7 Airlines,2024-01-26,04:45:14,171
WZ2466,S7 Airlines,2025-12-06,14:40:02,184
UT850,S7 Airlines,2025-02-20,04:37:52,41
UT6448,Rossiya,2025-07-28,21:28:01,152
FV2914,Aeroflot,2024-01-24,09:36:12,23
U6220,Ural Airlines,2025-10-07,10:28:39,38
SU8197,Nordwind,2025-02-22,07:56:31,150
FV3589,S7 Airlines,2024-01-11,13:10:44,150
WZ7441,Rossiya,2024-03-19,01:57:03,20
N48722,S7 Airlines,2025-01-19,02:59:16,42
WZ6661,Red Wings,2025-04-03,20:53:15,180
SU3543,Rossiya,2025-07-28,15:29:12,105
U68560,Nordwind,2025-02-03,12:17:52,32
S77712,Red Wings,2024-09-20,18:40:32,245
DP9448,Utair,2024-11-21,14:20:06,296
SU4069,Pobeda,2024-09-11,04:09:54,213
U63242,Rossiya,2025-09-24,22:30:16,36
U6540,Pobeda,2025-02-10,02:24:43,56
FV4346,Nordwind,2024-01-08,21:39:17,15
U6254,Nordwind,2024-11-18,06:30:24,240
SU349,Nordwind,2025-03-08,15:37:59,250
DP5297,Rossiya,2025-11-17,03:10:40,19
S71168,S7 Airlines,2024-06-22,22:29:24,87
WZ7504,Rossiya,2024-11-01,05:38:12,289
U65405,Rossiya,2024-12-14,18:20:04,52
UT8417,Utair,2025-04-02,02:10:40,59
DP3009,Utair,2024-05-16,15:32:48,78
SU228,Ural Airlines,2024-03-26,16:54:25,281
S76478,Rossiya,2025-10-20,20:31:52,218
DP7249,Ural Airlines,2025-10-19,15:33:04,295
UT314,Utair,2025-05-16,19:57:48,288
U61382,Red Wings,2025-07-24,02:36:51,79
U69920,Red Wings,2024-02-22,18:53:16,65
DP5131,Red Wings,2024-06-21,16:20:50,218
FV8498,Rossiya,2025-07-17,13:45:31,161
S76950,Aeroflot,2024-08-06,08:35:34,157
WZ7226,Rossiya,2025-02-10,06:10:41,128
WZ4476,Rossiya,2025-07-01,14:18:30,174
S7662,Utair,2024-02-23,08:07:31,54
U68905,Utair,2025-12-14,18:38:12,118
FV2603,Rossiya,2025-10-28,16:49:12,185
DP2774,Red Wings,2025-08-03,02:40:44,237
U69520,S7 Airlines,2024-05-24,10:20:42,137
WZ784,S7 Airlines,2025-06-04,01:59:25,288
UT4011,Utair,2024-11-07,15:40:08,92
U67856,Nordwind,2025-06-14,03:38:43,82
UT8194,Aeroflot,2025-12-22,00:40:22,102
WZ5256,Pobeda,2024-10-16,04:16:55,203
N43263,Utair,2024-08-21,05:53:31,23
SU1373,S7 Airlines,2025-01-07,14:27:34,23
WZ1438,S7 Airlines,2024-05-14,10:21:44,32
WZ7465,Pobeda,2025-09-14,07:20:38,110
DP1338,Rossiya,2025-08-21,06:52:16,123
N47815,Pobeda,2024-02-16,11:52:23,204
WZ9083,Ural Airlines,2024-01-04,08:31:16,197
U69213,Ural Airlines,2025-08-11,10:21:34,40
N49512,Red Wings,2025-07-11,00:29:58,242
N48533,Red Wings,2024-06-15,09:14:52,227
S76541,Aeroflot,2025-11-25,18:55:10,263
S7798,Red Wings,2025-09-28,10:11:38,139
UT1828,Aeroflot,2025-01-03,02:26:20,55
N42309,S7 Airlines,2024-10-15,16:58:26,93
U66183,Rossiya,2025-07-09,16:54:15,159
DP4427,S7 Airlines,2024-11-06,09:52:01,281
UT4602,Rossiya,2025-07-02,06:40:08,135
U63361,Nordwind,2025-08-10,15:20:56,118
UT7951,Nordwind,2024-01-14,22:04:07,260
FV6522,Rossiya,2024-03-07,01:07:52,286
U62677,Nordwind,2024-03-08,13:19:10,284
WZ3412,Nordwind,2024-03-12,00:41:35,95
DP9371,Nordwind,2024-11-10,22:14:17,87
SU4453,Rossiya,2025-05-24,07:48:22,178
FV4366,Aeroflot,2024-08-15,12:59:34,243
FV5199,Utair,2024-09-28,08:27:11,294
DP7402,Red Wings,2024-08-02,11:09:33,103
S79115,Nordwind,2025-12-22,06:19:02,219
DP8120,Ural Airlines,2024-01-21,02:40:42,158
N46917,Ural Airlines,2025-08-01,02:31:59,158
N48488,Rossiya,2025-08-21,01:06:52,259
SU699,S7 Airlines,2024-05-15,13:10:37,174
UT4332,Aeroflot,2025-11-19,09:13:02,39
U6609,Rossiya,2024-01-22,21:40:54,43
S79572,Aeroflot,2024-02-13,12:11:03,118
S73820,Red Wings,2024-10-18,11:40:53,141
S76457,Ural Airlines,2025-09-17,04:41:06,42
S77031,Red Wings,2024-01-15,08:39:29,202
DP436,Red Wings,2025-11-15,06:46:45,193
N46657,S7 Airlines,2025-06-02,05:14:24,258
U68243,Utair,2024-02-09,08:20:07,125
FV4177,Nordwind,2025-07-04,00:28:49,53
UT3409,Pobeda,2024-06-23,08:23:51,254
UT662,Pobeda,2025-11-23,13:41:56,69
WZ2944,S7 Airlines,2024-07-24,19:58:51,287
S77570,S7 Airlines,2025-10-22,14:54:18,203
FV4177,Nordwind,2024-02-06,17:12:09,63
SU1490,Nordwind,2024-09-11,08:48:31,124
UT135,Pobeda,2024-05-17,04:02:37,46
U63161,Pobeda,2025-10-06,10:53:39,120
S7922,Nordwind,2025-03-02,05:13:42,71
FV1450,Ural Airlines,2024-10-03,07:16:35,280
N46864,Nordwind,2025-09-19,02:49:00,162
UT3078,Red Wings,2025-06-15,02:01:19,167
U6738,Utair,2024-09-06,03:27:41,298
U69032,Ural Airlines,2025-01-25,06:52:36,188
UT5335,Nordwind,2025-07-14,04:23:01,28
DP3912,Pobeda,2025-06-02,21:13:01,118
DP5063,Red Wings,2025-04-01,08:55:06,206
N45145,Nordwind,2024-12-05,20:14:26,293
S79803,Pobeda,2024-09-18,08:21:29,298
FV5894,Utair,2024-02-15,20:29:41,37
FV9867,Pobeda,2025-07-24,02:41:02,243
DP1035,Ural Airlines,2024-10-18,14:53:30,58
DP2730,Ural Airlines,2024-01-03,17:57:15,279
FV8912,Red Wings,2024-03-13,12:41:18,205
FV442,Nordwind,2025-03-03,15:28:22,237
DP5467,Aeroflot,2025-10-07,08:57:38,43
FV256,Rossiya,2024-02-24,09:54:11,297
UT4308,Nordwind,2024-10-07,17:30:11,137
N41938,S7 Airlines,2025-05-23,00:58:31,248
DP7344,Red Wings,2024-09-02,20:01:46,208
UT6288,S7 Airlines,2025-03-16,15:50:37,137
FV8264,Nordwind,2025-10-12,05:50:34,5
U69581,Aeroflot,2024-01-12,18:55:02,196
N41864,Aeroflot,2025-07-11,00:00:23,246
S77657,Ural Airlines,2025-09-24,13:23:52,222
UT7997,Rossiya,2025-04-25,00:35:14,167
S76317,Pobeda,2025-08-22,07:15:34,278
SU1963,Ural Airlines,2025-11-01,09:01:50,275
WZ3167,Aeroflot,2024-08-15,10:41:06,132
FV3091,S7 Airlines,2024-07-18,17:43:11,148
FV4062,Red Wings,2024-01-01,11:38:43,2
UT9982,Nordwind,2025-03-28,05:02:10,143
S72045,S7 Airlines,2024-08-01,21:06:34,145
FV4564,Utair,2024-04-02,02:04:11,205
UT4091,Rossiya,2024-09-04,04:11:11,156
FV5252,Ural Airlines,2024-12-16,15:55:59,98
S74159,S7 Airlines,2024-02-12,02:36:35,273
UT2044,S7 Airlines,2025-09-26,11:58:29,36
DP3103,Pobeda,2025-07-05,12:00:09,18
FV2172,Pobeda,2025-07-21,04:44:41,282
WZ6896,Aeroflot,2024-10-17,07:22:47,258
S79804,Rossiya,2025-12-21,01:23:42,230
SU9459,Red Wings,2025-09-26,13:00:39,17
N48210,Utair,2024-06-15,14:09:11,101
S74221,Rossiya,2024-07-14,10:58:32,43
DP5139,Utair,2025-07-27,07:40:41,25
DP6107,Aeroflot,2025-10-21,21:11:34,297
WZ4709,Rossiya,2025-01-28,22:09:10,22
N48951,S7 Airlines,2025-02-09,14:52:48,266
N43801,Nordwind,2025-08-13,05:53:48,200
WZ3801,Rossiya,2025-01-04,13:36:31,157
FV3397,Ural Airlines,2025-02-19,05:58:03,124
SU9454,Ural Airlines,2025-01-05,07:41:48,131
S79298,Ural Airlines,2024-10-24,21:27:52,3
SU7329,Utair,2025-10-02,00:33:53,271
WZ5951,Rossiya,2025-10-24,00:17:50,65
WZ8706,Pobeda,2025-11-04,02:34:54,66
FV8981,Aeroflot,2025-07-02,06:38:34,239
FV4515,Nordwind,2025-07-23,16:50:17,54
U65545,Ural Airlines,2024-09-02,18:03:14,139
N46269,Rossiya,2025-10-05,07:55:31,101
WZ5629,Pobeda,2025-08-21,03:17:52,47
N4226,S7 Airlines,2024-10-19,08:48:10,284
U6820,Ural Airlines,2024-02-23,22:28:30,170
U61965,Pobeda,2024-09-09,17:22:02,245
DP1788,Utair,2024-07-11,07:25:29,126
U67773,Utair,2024-07-16,13:30:54,102
S78534,Ural Airlines,2025-10-17,06:05:07,198
U69536,S7 Airlines,2025-12-28,18:44:19,34
U62912,Utair,2024-09-10,12:38:09,193
FV5053,Ural Airlines,2024-07-25,18:21:14,170
FV860,S7 Airlines,2025-07-17,22:39:02,121
S74690,Pobeda,2024-12-26,22:54:21,34
S79771,Utair,2025-12-03,20:19:12,182
WZ3786,Ural Airlines,2024-11-03,20:59:32,169
SU1647,Red Wings,2024-03-26,16:48:52,112
U61578,Red Wings,2025-09-01,23:00:34,218
DP3711,Ural Airlines,2025-11-10,03:37:18,138
S75218,Rossiya,2025-08-07,17:49:28,281
DP1942,Aeroflot,2024-02-14,14:13:08,58
UT9098,Utair,2024-08-22,16:58:39,190
S74728,Aeroflot,2024-01-24,02:14:40,46
WZ1961,Pobeda,2025-11-15,01:15:50,262
N48827,Rossiya,2024-11-20,07:23:38,273
WZ8350,Rossiya,2025-04-05,21:51:18,239
FV6440,Ural Airlines,2025-01-16,00:49:56,227
S75131,Rossiya,2024-12-01,13:52:23,143
S73474,Ural Airlines,2024-07-19,13:52:06,290
U61670,Red Wings,2024-04-18,17:51:42,17
N41551,Red Wings,2025-02-07,04:33:45,154
WZ121,Ural Airlines,2024-10-20,07:36:43,68
S72946,Nordwind,2024-04-18,12:00:06,67
N49108,S7 Airlines,2025-01-19,18:49:17,3
S77117,Nordwind,2025-03-10,22:01:53,110
FV1705,Red Wings,2024-06-24,08:40:49,210
WZ2857,Pobeda,2024-09-23,06:13:08,63
DP2862,S7 Airlines,2025-06-15,01:09:21,149
FV9384,Utair,2025-06-19,04:46:31,47
DP3600,Ural Airlines,2024-05-04,16:48:48,148
DP5692,Red Wings,2025-04-02,07:25:52,239
U68903,Utair,2025-02-08,01:06:38,218
N42237,Aeroflot,2025-08-21,23:25:53,272
N42958,S7 Airlines,2024-10-03,16:29:41,172
U66579,Ural Airlines,2024-10-17,23:01:51,161
DP6396,Nordwind,2025-01-06,05:27:28,226
UT8469,Pobeda,2025-12-01,19:57:38,162
FV6842,Ural Airlines,2025-07-20,02:08:35,207
UT5160,Ural Airlines,2024-08-25,18:26:03,4
DP1809,S7 Airlines,2025-07-21,09:43:23,183
WZ669,Red Wings,2025-11-06,21:16:13,142
U64813,Ural Airlines,2025-04-21,00:53:37,232
FV8969,Utair,2025-03-05,20:39:31,104
WZ780,S7 Airlines,2024-01-16,09:12:22,2
N41544,Aeroflot,2025-02-06,14:48:44,15
DP9397,Aeroflot,2025-07-20,12:07:45,196
N47347,Red Wings,2024-05-04,19:25:15,137
SU4143,Utair,2024-09-22,23:35:18,255
WZ702,Nordwind,2025-03-27,20:56:15,206
DP3748,Pobeda,2024-05-18,22:49:42,0
DP9519,Aeroflot,2025-07-24,11:59:55,255
DP265,Ural Airlines,2024-10-22,11:40:32,269
WZ1882,Aeroflot,2025-07-10,13:04:10,51
DP5697,S7 Airlines,2025-07-13,22:07:59,241
SU1953,Utair,2024-07-27,17:14:45,229
FV3570,Aeroflot,2025-05-14,12:21:33,19
WZ1416,Utair,2025-09-23,07:43:43,185
FV8968,Utair,2025-02-06,19:09:30,246
FV3141,Rossiya,2024-03-06,05:16:01,210
WZ6904,Red Wings,2024-06-06,18:26:06,99
S75033,Aeroflot,2025-04-13,23:59:06,178
U67546,Red Wings,2024-05-04,02:50:37,177
SU9593,Utair,2024-11-03,22:05:39,105
S73745,Aeroflot,2024-01-11,14:21:03,165
SU1757,Red Wings,2024-09-16,20:07:12,148
S75517,Utair,2025-09-19,01:35:34,263
U68102,Nordwind,2024-05-09,19:47:53,65
U69101,Rossiya,2024-01-17,02:44:28,218
UT6895,Aeroflot,2025-07-26,09:02:44,63
DP434,Pobeda,2025-07-14,10:24:28,98
SU2107,Pobeda,2024-11-22,07:19:10,178
SU5748,Ural Airlines,2025-07-12,13:10:39,21
U64812,Aeroflot,2025-07-12,02:37:57,254
UT7823,S7 Airlines,2024-12-13,15:33:37,4
S7116,Pobeda,2025-11-11,11:49:59,143
U61982,Red Wings,2025-06-09,09:45:48,73
N43653,S7 Airlines,2024-11-11,09:53:57,98
FV4154,S7 Airlines,2025-02-04,07:55:32,36
S79866,Ural Airlines,2025-04-19,06:42:41,257
WZ8004,Nordwind,2025-08-28,22:22:09,198
N41437,Nordwind,2024-11-13,21:26:40,77
U68247,Red Wings,2025-07-19,08:55:00,167
SU8638,Utair,2024-11-18,05:49:43,175
U66002,S7 Airlines,2025-05-23,04:28:28,215
S79458,Rossiya,2025-07-17,19:22:09,161
FV8102,Ural Airlines,2024-02-07,05:39:31,69
DP8325,S7 Airlines,2025-12-02,08:18:14,294
WZ3344,Utair,2024-09-28,23:54:33,276
UT8718,Pobeda,2024-09-01,08:37:17,105
SU393,Ural Airlines,2025-09-03,16:45:58,162
FV1454,Nordwind,2024-11-25,23:41:51,270
UT502,Rossiya,2024-02-03,13:14:29,1
N48939,Utair,2024-08-02,19:16:06,261
FV883,Red Wings,2024-03-25,01:57:24,104
FV9748,S7 Airlines,2025-01-10,05:51:14,144
WZ1479,Pobeda,2025-04-04,10:19:21,224
SU6931,Nordwind,2024-10-05,21:43:24,134
U68838,Pobeda,2025-03-22,17:55:09,199
N41192,Utair,2025-04-16,16:59:51,250
UT8398,S7 Airlines,2025-10-19,17:38:39,33
WZ8707,Pobeda,2025-05-12,14:13:01,78
U65857,Aeroflot,2024-09-27,12:19:55,245
FV8765,Utair,2025-10-28,08:53:38,67
FV1255,Nordwind,2025-03-09,22:28:27,287
S78048,Ural Airlines,2025-09-19,07:09:37,193
N41612,Red Wings,2024-12-04,08:31:11,228
SU8129,Ural Airlines,2025-05-07,09:45:58,260
SU9874,Utair,2024-01-12,16:54:10,195
WZ5271,S7 Airlines,2024-03-02,07:10:38,279
N48433,Nordwind,2024-02-06,14:41:04,151
U62153,S7 Airlines,2025-06-19,13:09:17,151
N49587,Utair,2025-04-05,21:31:20,133
FV3372,Utair,2025-03-11,03:23:34,133
UT8543,Utair,2024-07-22,12:52:57,211
N45778,Red Wings,2024-07-11,05:26:16,111
WZ7511,Aeroflot,2025-05-15,19:49:54,236
UT9267,Utair,2024-10-23,05:23:18,124
DP7303,Aeroflot,2025-11-26,04:39:13,181
N41395,Nordwind,2024-01-22,08:46:47,26
WZ2825,Ural Airlines,2024-07-24,15:32:06,218
U67451,Utair,2024-07-15,04:38:02,265
WZ3546,S7 Airlines,2024-03-08,13:06:16,197
SU8477,Ural Airlines,2025-01-14,16:18:34,40
DP1802,S7 Airlines,2025-10-21,10:43:45,83
WZ6400,S7 Airlines,2025-10-23,10:43:16,6
U63752,Red Wings,2025-10-04,16:13:30,118
U68389,Nordwind,2025-02-24,15:03:55,22
FV408,Ural Airlines,2025-08-24,04:37:20,295
SU4634,Red Wings,2024-07-16,13:41:17,178
U69063,Rossiya,2025-11-10,00:43:44,267
WZ7499,Utair,2024-05-03,22:23:19,192
WZ8463,S7 Airlines,2024-02-13,21:46:38,137
U67317,Red Wings,2024-07-20,06:00:44,231
S71742,Ural Airlines,2024-06-06,08:05:53,20
DP1086,Utair,2025-09-08,06:37:25,229
WZ9445,Red Wings,2024-03-05,11:19:00,53
UT7473,Rossiya,2025-04-20,06:23:17,54
SU6736,Ural Airlines,2025-09-27,00:21:36,204
FV2793,S7 Airlines,2025-04-03,05:34:59,140
WZ9931,Red Wings,2025-02-21,23:42:25,181
FV5422,Ural Airlines,2025-01-22,14:38:12,268
FV1089,Rossiya,2025-07-25,22:07:59,156
FV8083,S7 Airlines,2025-08-24,13:23:04,65
S72814,Nordwind,2024-12-25,09:51:14,5
WZ962,S7 Airlines,2025-08-26,00:36:52,200
FV1301,Aeroflot,2025-09-21,02:03:45,228
DP3322,Nordwind,2025-05-05,04:35:21,262
DP2720,Nordwind,2025-06-03,22:27:45,278
DP3845,Nordwind,2024-10-20,09:22:55,8
N47402,S7 Airlines,2024-08-21,10:10:50,84
U66457,S7 Airlines,2024-06-08,08:56:25,153
FV4445,Aeroflot,2024-10-14,04:14:02,6
FV9991,S7 Airlines,2024-04-08,23:49:55,83
SU244,Nordwind,2025-07-14,20:23:49,227
SU4018,Aeroflot,2025-10-10,03:24:34,285
DP6365,Ural Airlines,2025-08-24,11:39:23,283
S74765,Red Wings,2025-10-14,00:42:00,83
S78777,Rossiya,2024-10-11,07:30:26,20
UT7913,Aeroflot,2024-12-14,15:04:54,262
SU1868,Aeroflot,2024-04-13,22:33:06,19
FV921,Pobeda,2024-03-10,06:21:31,49
FV5579,Utair,2025-09-06,20:39:26,154
WZ9713,Rossiya,2024-07-08,18:28:31,130
UT7850,Utair,2024-11-12,12:03:41,152
DP264,Utair,2025-12-19,06:04:37,134
FV5245,Utair,2025-08-09,09:50:11,276
WZ9764,Pobeda,2024-09-18,18:31:28,48
WZ8791,Pobeda,2025-09-23,14:05:18,102
U66824,Pobeda,2024-06-03,18:57:02,189
SU4173,S7 Airlines,2024-11-26,08:41:22,186
FV387,Red Wings,2025-10-10,20:37:43,172
DP1259,Ural Airlines,2024-07-03,14:27:35,139
SU536,Rossiya,2025-09-26,05:29:44,88
SU7496,Nordwind,2024-04-24,22:02:31,57
UT4128,Aeroflot,2025-11-08,20:24:38,268
U65638,Ural Airlines,2025-11-08,08:04:38,109
FV2314,Nordwind,2024-06-15,10:36:01,77
FV4150,Aeroflot,2025-01-28,12:35:30,274
SU5700,Rossiya,2024-03-28,08:50:44,259
UT4716,Pobeda,2024-10-23,02:01:20,147
N49595,Ural Airlines,2024-09-23,08:22:14,38
U62588,Pobeda,2025-09-25,12:26:03,7
DP2664,Red Wings,2024-07-04,22:27:32,142
N49009,Pobeda,2024-05-03,00:50:51,198
DP2639,Nordwind,2025-09-05,14:34:18,216
WZ9672,Red Wings,2025-02-19,12:18:05,17
WZ1491,S7 Airlines,2025-02-05,06:53:29,75
SU1923,S7 Airlines,2024-09-26,16:51:54,181
FV6095,Red Wings,2025-06-01,19:26:06,160
WZ5280,Red Wings,2025-03-09,16:18:37,83
WZ3983,Nordwind,2025-10-02,07:16:55,280
U66620,Utair,2025-12-28,13:06:40,220
S77342,Nordwind,2025-04-26,06:25:48,1
N47485,Aeroflot,2024-03-08,11:30:44,70
DP3061,Aeroflot,2024-03-21,23:21:44,272
SU6850,Pobeda,2024-06-22,03:09:24,71
UT7840,S7 Airlines,2024-10-10,01:47:00,70
N47478,Nordwind,2024-08-24,04:09:56,125
UT4014,Ural Airlines,2025-10-03,19:31:11,40
WZ8436,S7 Airlines,2025-10-12,05:25:56,121
N4691,Ural Airlines,2024-05-04,08:33:42,145
U66065,Rossiya,2024-08-05,10:11:08,290
WZ8625,Rossiya,2024-01-20,00:24:21,246
U61593,Aeroflot,2024-04-04,14:19:09,134
U69540,Rossiya,2024-01-26,09:03:14,153
S72554,Aeroflot,2025-10-27,07:59:46,54
DP8020,Red Wings,2024-12-05,11:44:31,202
WZ1644,S7 Airlines,2025-09-15,05:26:58,112
N46143,Utair,2025-04-22,21:34:04,26
U63869,Nordwind,2024-04-27,04:29:37,78
DP5790,Ural Airlines,2025-08-06,03:18:18,102
FV5443,Aeroflot,2025-10-01,09:39:58,62
SU2964,Ural Airlines,2025-11-06,11:04:01,221
U64010,Red Wings,2024-01-14,19:14:47,95
N4758,Pobeda,2024-05-09,10:57:58,78
FV2598,Rossiya,2025-11-09,20:44:46,31
SU7390,Utair,2024-05-08,06:05:29,163
U68031,Utair,2025-12-10,04:56:41,81
DP8131,Utair,2024-04-26,10:17:32,149
WZ9483,Aeroflot,2025-10-24,21:52:13,256
DP6036,Red Wings,2024-03-27,09:06:13,38
N48053,Pobeda,2024-09-07,21:22:56,64
DP647,Utair,2024-02-05,14:19:00,135
FV7347,Utair,2024-11-09,11:44:39,267
DP4270,Utair,2025-03-27,23:47:29,16
U67928,Ural Airlines,2025-06-12,10:44:22,182
UT7891,Ural Airlines,2024-02-08,20:42:10,157
WZ5698,Ural Airlines,2024-03-27,19:16:29,279
SU6790,Nordwind,2024-06-22,05:07:14,64
UT4855,Nordwind,2025-08-12,16:28:57,63
N4937,Red Wings,2025-12-10,12:58:01,255
N43241,Red Wings,2025-05-05,20:44:45,162
WZ1238,Pobeda,2024-06-12,03:26:28,187
DP6894,Ural Airlines,2025-12-03,22:20:18,77
WZ3738,Nordwind,2025-02-06,20:22:57,162
FV1620,Aeroflot,2025-11-02,15:16:57,98
S78785,S7 Airlines,2025-02-13,04:50:48,271
S7995,Rossiya,2025-07-08,02:10:45,134
N44511,Aeroflot,2025-09-20,04:53:27,108
S75905,Rossiya,2025-05-19,19:23:13,100
N42515,Nordwind,2024-02-23,05:06:29,208
DP679,Rossiya,2024-09-19,00:32:30,103
S7936,Red Wings,2024-08-07,13:41:31,19
DP4209,Pobeda,2024-02-13,03:39:39,103
FV8050,S7 Airlines,2025-03-12,12:19:34,172
FV9895,Rossiya,2024-10-10,22:06:13,192
SU7254,Ural Airlines,2024-10-21,01:04:29,270
DP6268,Aeroflot,2025-05-19,10:47:17,255
N42688,Utair,2024-01-09,05:35:54,13
N46641,S7 Airlines,2024-10-05,18:57:13,218
U69356,Nordwind,2025-01-09,02:54:42,250
U63771,Utair,2025-05-03,01:55:22,132
DP6253,S7 Airlines,2024-04-28,16:45:34,179
U6202,Nordwind,2025-06-17,14:00:28,127
WZ5881,Utair,2025-04-17,08:20:31,20
N48856,Aeroflot,2024-06-05,20:01:06,261
U63415,Aeroflot,2024-11-23,19:44:37,107
WZ4004,Aeroflot,2024-01-14,01:17:37,285
UT293,Rossiya,2025-06-03,13:40:00,33
FV4990,Utair,2025-03-20,02:13:47,81
SU1613,S7 Airlines,2025-12-08,04:08:01,122
SU4728,Nordwind,2025-11-04,23:27:09,81
SU2810,Red Wings,2024-05-23,07:09:01,234
SU303,S7 Airlines,2024-09-06,16:24:45,247
N48948,Nordwind,2024-12-17,10:32:50,186
WZ7208,Ural Airlines,2024-07-13,07:35:33,99
S74941,Red Wings,2025-04-16,09:40:38,125
UT4933,S7 Airlines,2025-09-09,01:16:35,239
WZ2644,Ural Airlines,2024-04-16,21:02:34,181
UT2381,S7 Airlines,2024-07-01,10:43:29,149
UT8194,Pobeda,2025-06-14,21:10:53,273
FV5627,Nordwind,2024-05-12,16:24:55,97
U69015,Aeroflot,2024-04-19,13:11:57,272
WZ2871,Rossiya,2025-10-24,05:06:29,183
FV7157,Utair,2024-04-16,02:05:07,164
FV4665,Utair,2025-11-18,02:49:46,95
DP1455,Nordwind,2025-03-04,18:13:55,189
UT8015,Pobeda,2025-08-12,20:38:33,38
UT5744,Aeroflot,2024-06-23,09:05:50,267
U61904,Pobeda,2025-07-17,12:12:02,230
FV3543,S7 Airlines,2024-11-09,02:29:20,235
FV8409,Utair,2024-12-17,21:45:32,119
N47360,Utair,2025-03-09,01:16:54,108
U61637,Utair,2025-01-22,19:50:56,210
U68039,Red Wings,2025-02-08,00:55:25,65
U62748,S7 Airlines,2024-11-10,17:54:00,4
U67356,Aeroflot,2025-12-22,11:36:20,263
DP9652,Aeroflot,2025-02-13,23:15:35,252
WZ2770,Aeroflot,2024-01-27,15:28:06,138
S79337,Aeroflot,2025-01-15,06:06:35,285
U65759,Nordwind,2025-04-28,16:42:52,4
U64305,Rossiya,2025-04-07,08:54:42,113
N49298,Ural Airlines,2024-04-09,09:18:20,1
S75880,Pobeda,2024-10-07,03:30:24,118
S79218,Nordwind,2024-07-22,01:09:04,17
WZ121,Rossiya,2024-02-09,09:00:47,33
U68319,Aeroflot,2024-05-21,07:25:05,150
WZ8561,Red Wings,2025-07-04,16:21:43,213
UT7025,Ural Airlines,2025-12-12,20:54:31,272
WZ3353,Pobeda,2025-05-24,23:14:49,169
S77770,Rossiya,2024-03-23,00:25:17,113
S76441,Utair,2025-10-27,19:55:32,15
N43322,Ural Airlines,2025-05-28,04:03:05,100
S71848,Ural Airlines,2024-07-22,12:09:49,269
S75806,Aeroflot,2025-12-28,03:22:08,136
U69017,Pobeda,2025-04-05,14:32:55,56
FV3906,Nordwind,2024-09-14,14:23:07,242
WZ6208,Utair,2025-05-12,02:56:38,192
N41069,Pobeda,2025-11-23,02:47:49,245
FV6075,S7 Airlines,2024-09-24,10:18:13,151
DP8812,Pobeda,2024-01-08,15:13:07,191
WZ4511,Pobeda,2025-01-25,09:04:41,83
U64567,Rossiya,2024-04-21,19:46:15,78
N47002,Nordwind,2024-10-13,05:49:13,210
UT7587,Utair,2025-07-08,18:03:26,182
UT2199,Rossiya,2024-01-10,06:58:52,271
WZ7999,Rossiya,2025-01-08,11:22:23,187
DP4381,Red Wings,2024-04-14,01:42:49,111
WZ2153,Aeroflot,2025-12-28,12:40:01,117
N45101,Pobeda,2024-04-26,17:59:13,253
U69789,Pobeda,2024-08-19,08:14:52,38
U66947,S7 Airlines,2024-08-25,17:37:34,136
FV9896,S7 Airlines,2024-01-23,22:30:51,169
U64641,Rossiya,2024-09-22,17:25:25,83
U67012,Aeroflot,2024-02-01,10:32:52,160
N41744,S7 Airlines,2025-03-02,03:19:57,232
U61144,Pobeda,2025-02-03,19:47:44,280
U65034,Red Wings,2024-06-11,02:32:01,119
SU3214,Utair,2024-12-04,13:57:17,294
DP7461,Pobeda,2024-09-23,23:49:09,276
WZ1354,Aeroflot,2024-02-06,11:54:23,23
SU5623,S7 Airlines,2025-01-25,01:03:56,261
S76444,Utair,2025-08-04,10:22:07,264
S73199,Ural Airlines,2025-01-02,18:02:32,28
S76315,S7 Airlines,2025-07-14,09:11:55,21
DP8227,Red Wings,2024-12-06,01:59:20,127
FV5167,Rossiya,2024-08-01,02:05:19,229
SU6184,Aeroflot,2025-06-02,15:37:13,93
N49378,S7 Airlines,2024-12-19,16:29:56,193
S72729,Red Wings,2024-11-21,03:40:52,139
U61073,Red Wings,2025-02-13,11:00:30,300
FV2232,Pobeda,2024-04-26,02:16:18,183
FV9904,Red Wings,2025-10-21,03:30:59,163
N49045,S7 Airlines,2024-07-24,01:04:03,136
N48666,Rossiya,2024-12-08,19:44:38,189
U62175,Ural Airlines,2025-01-16,18:35:55,207
WZ7879,S7 Airlines,2024-12-26,07:11:36,247
SU280,Utair,2025-02-21,04:51:52,241
S72375,Ural Airlines,2024-07-14,00:58:34,110
S73685,Utair,2025-07-11,16:22:29,79
UT5161,Red Wings,2025-04-10,13:36:23,33
S73606,Pobeda,2024-07-20,19:34:26,17
S75238,Red Wings,2024-06-09,07:23:33,33
UT2471,Nordwind,2024-11-12,23:42:06,273
UT1994,Aeroflot,2025-10-01,03:38:24,270
FV3930,Red Wings,2025-08-10,15:00:48,300
U67653,Pobeda,2024-11-23,23:12:09,107
U66384,Red Wings,2025-10-16,15:38:18,7
FV3999,Rossiya,2025-04-01,10:29:04,114
N42448,Red Wings,2025-04-18,05:32:48,295
UT3548,Pobeda,2025-11-12,17:40:31,27
S75667,Aeroflot,2025-10-14,22:09:20,80
DP433,Nordwind,2025-07-13,13:44:13,249
N46035,Nordwind,2024-11-28,14:01:56,197
SU2169,Nordwind,2025-11-12,14:41:39,163
SU6964,Pobeda,2025-07-28,23:13:22,153
FV6999,Rossiya,2024-12-20,21:59:32,63
S78454,S7 Airlines,2024-10-09,10:53:37,120
WZ9693,Aeroflot,2024-04-05,05:17:09,154
DP1485,Ural Airlines,2024-05-19,09:15:18,236
FV2604,Ural Airlines,2025-04-24,10:11:13,30
FV6807,Red Wings,2024-01-27,17:10:18,288
FV3716,Utair,2024-09-18,19:10:44,121
UT3495,Aeroflot,2025-05-11,14:49:15,291
UT7726,Aeroflot,2025-04-18,06:38:53,19
SU2777,Utair,2025-03-17,06:37:40,42
WZ567,Rossiya,2024-09-01,15:32:43,149
WZ8695,S7 Airlines,2025-03-17,14:02:19,167
S76819,Utair,2024-07-08,15:14:26,196
DP1759,Ural Airlines,2024-06-15,09:43:02,93
UT1722,Aeroflot,2025-07-12,10:41:32,295
SU3100,Nordwind,2024-04-14,13:38:06,272
S74248,Red Wings,2025-02-15,20:58:40,192
U63248,Nordwind,2024-04-07,01:02:46,42
FV3723,Aeroflot,2024-01-22,11:19:47,201
UT7447,S7 Airlines,2025-08-24,21:58:02,70
UT442,Aeroflot,2025-05-11,18:03:27,234
UT9771,Red Wings,2024-06-19,01:15:13,293
N48631,Red Wings,2025-07-21,15:05:54,170
S76105,Ural Airlines,2025-07-16,11:46:44,263
N41307,Utair,2024-03-11,22:08:27,99
U61051,Ural Airlines,2024-01-21,07:58:11,101
S71658,Ural Airlines,2025-11-28,20:47:59,178
WZ6190,Aeroflot,2024-05-03,01:12:09,91
S74139,Nordwind,2025-01-06,06:52:18,265
SU2756,Rossiya,2024-10-07,06:41:33,189
U66657,Utair,2024-05-08,17:37:10,170
SU9010,Rossiya,2024-08-24,22:51:31,98
FV2650,Aeroflot,2024-05-21,10:15:57,254
S74520,Rossiya,2025-04-26,16:34:22,49
SU9382,Utair,2024-08-19,23:50:45,173
DP9787,Aeroflot,2025-09-11,02:27:29,156
U64171,Rossiya,2025-02-28,13:03:46,181
SU399,Ural Airlines,2024-08-11,04:59:03,122
SU5219,Nordwind,2024-09-09,08:24:32,220
UT8495,Rossiya,2025-04-19,05:34:58,237
U69266,Utair,2024-01-20,19:44:15,134
DP7897,Nordwind,2025-11-04,00:08:23,256
SU8954,Pobeda,2024-11-01,05:17:41,297
SU5929,S7 Airlines,2024-02-05,09:03:26,245
N46004,Nordwind,2024-05-04,22:25:23,96
S74041,Aeroflot,2024-08-26,13:53:37,213
SU9188,S7 Airlines,2024-03-11,22:49:29,152
DP1656,Utair,2024-09-27,21:06:38,215
SU4432,Utair,2024-09-05,01:42:45,51
S71311,Red Wings,2025-01-01,19:35:43,57
N49033,Aeroflot,2025-07-08,11:09:36,294
WZ344,Ural Airlines,2025-07-27,15:23:50,211
UT3832,Pobeda,2024-02-05,03:59:19,33
U66029,Utair,2024-06-26,06:53:01,139
WZ9261,Ural Airlines,2025-09-23,17:55:04,18
UT7132,S7 Airlines,2025-05-26,12:02:28,80
S79340,S7 Airlines,2025-09-03,05:39:50,86
DP4336,Red Wings,2025-08-26,11:31:58,101
FV9091,Ural Airlines,2025-11-02,21:30:55,266
S76250,Utair,2024-11-17,05:28:23,56
U63996,Ural Airlines,2025-08-02,00:31:14,217
WZ6971,Red Wings,2025-03-22,02:19:40,269
WZ2840,S7 Airlines,2024-07-25,06:24:34,293
WZ7693,Rossiya,2025-09-11,07:31:49,228
S7890,Aeroflot,2025-05-03,03:04:31,185
UT2564,Aeroflot,2025-04-21,19:18:34,65
U69227,Red Wings,2024-06-01,08:07:01,21
WZ9582,Aeroflot,2024-11-18,16:13:30,131
DP2074,Rossiya,2025-04-21,04:25:59,228
SU6225,Ural Airlines,2024-02-17,14:48:56,19
S71707,Ural Airlines,2024-09-15,23:55:13,51
WZ5055,Pobeda,2025-06-04,01:04:56,208
UT8597,Rossiya,2024-04-15,18:49:05,26
U69860,Pobeda,2025-02-27,16:31:41,45
WZ192,S7 Airlines,2025-05-11,23:39:32,68
DP1114,Red Wings,2024-07-20,04:39:24,191
UT9548,Rossiya,2025-03-27,11:36:08,169
FV3571,S7 Airlines,2025-08-19,10:45:09,10
DP8744,Nordwind,2024-03-14,17:30:49,167
SU8427,Ural Airlines,2025-04-15,17:14:01,211
S72787,S7 Airlines,2025-06-18,17:37:57,172
UT2652,Aeroflot,2025-04-10,11:19:52,87
WZ662,Red Wings,2025-03-18,03:17:54,62
DP9200,Ural Airlines,2024-12-10,17:39:09,158
UT2817,Ural Airlines,2024-06-23,23:23:31,25
UT8740,Pobeda,2025-06-24,05:16:04,236
S79563,Pobeda,2024-11-27,20:19:11,172
WZ4508,Ural Airlines,2025-05-02,04:02:03,146
S74505,Rossiya,2025-11-11,19:15:30,226
S77191,Ural Airlines,2025-12-26,00:52:50,97
WZ5365,Rossiya,2025-04-23,20:49:59,178
S73531,Ural Airlines,2024-05-10,16:19:09,123
FV5443,Red Wings,2025-03-22,10:42:55,246
S71125,Aeroflot,2024-08-12,11:57:09,9
SU1629,Utair,2025-07-15,23:32:38,288
WZ2717,Red Wings,2024-05-25,03:45:49,210
S7773,Utair,2025-05-26,13:21:06,39
U69407,S7 Airlines,2024-10-14,10:17:59,6
DP6213,S7 Airlines,2025-06-26,14:34:23,119
SU6974,Rossiya,2025-09-26,13:11:40,214
S74301,Utair,2025-03-11,14:47:26,122
UT5305,Rossiya,2025-05-06,16:46:23,252
FV8177,Red Wings,2024-06-03,19:16:45,192
S72679,Rossiya,2025-04-25,23:17:55,6
SU1493,Nordwind,2025-12-13,17:13:02,90
WZ2892,Utair,2025-01-22,14:59:17,197
U61539,Utair,2024-08-07,22:36:30,68
FV6518,Red Wings,2024-03-21,14:53:01,13
WZ4087,Aeroflot,2025-04-27,03:12:28,225
WZ2771,Rossiya,2024-04-26,13:06:41,281
UT5856,Pobeda,2025-03-03,03:27:45,82
SU3541,Nordwind,2025-06-05,12:43:45,85
N41617,Utair,2025-02-08,09:30:24,212
U63175,Pobeda,2024-05-05,18:41:17,21
FV9874,Rossiya,2025-11-09,21:05:09,181
SU4927,S7 Airlines,2025-06-04,11:12:25,237
WZ1619,Ural Airlines,2024-01-03,01:01:16,199
N44885,Nordwind,2025-04-01,14:59:03,67
U6876,Utair,2024-10-14,06:12:25,181
DP5733,Rossiya,2024-12-17,10:47:40,42
S76220,Ural Airlines,2024-03-28,15:43:42,41
SU4750,Pobeda,2025-03-03,18:14:52,209
S77339,Aeroflot,2024-05-10,10:03:59,266
WZ2872,Red Wings,2025-07-27,09:20:33,206
N46241,Pobeda,2024-03-03,10:41:11,90
UT4469,Utair,2024-11-07,03:50:28,159
SU5789,Rossiya,2025-08-12,09:05:05,287
SU3635,S7 Airlines,2025-06-17,23:31:03,68
N46436,Aeroflot,2025-09-04,21:21:02,91
N49330,S7 Airlines,2025-04-26,19:31:28,74
U68849,Red Wings,2025-01-06,12:53:43,102
UT7086,Aeroflot,2025-02-02,06:52:30,277
S77670,Pobeda,2024-09-07,14:42:38,248
WZ1695,Nordwind,2025-09-22,17:59:16,37
U66258,S7 Airlines,2024-07-10,00:07:21,295
DP5482,Nordwind,2024-12-21,03:08:25,9
WZ243,Nordwind,2024-01-06,07:40:01,77
UT4658,Pobeda,2025-08-25,09:09:22,226
WZ7715,S7 Airlines,2024-05-04,20:54:12,36
UT7112,Ural Airlines,2024-08-06,21:39:07,48
WZ8047,Nordwind,2024-12-03,14:59:25,158
U69176,Rossiya,2025-09-23,08:50:44,219
FV5383,Nordwind,2024-03-17,12:01:10,139
WZ7249,Rossiya,2024-09-20,10:23:51,80
S79059,Pobeda,2024-09-08,08:18:36,136
U62750,Ural Airlines,2024-03-11,11:49:04,95
WZ4016,Utair,2025-06-20,19:11:44,116
FV6712,Red Wings,2025-05-19,21:22:32,256
S75452,S7 Airlines,2025-05-18,23:41:29,3
U65338,Red Wings,2025-03-11,19:42:38,248
U68175,Ural Airlines,2024-06-20,03:06:33,215
S75265,Ural Airlines,2024-01-22,02:26:02,265
UT9186,Utair,2025-05-01,20:23:02,272
N49283,Utair,2024-08-22,17:04:24,73
S74000,Utair,2025-01-17,07:16:57,1
S76211,Utair,2024-02-11,22:50:24,212
DP1767,Pobeda,2024-08-19,16:18:07,76
N41263,Red Wings,2024-01-22,07:23:25,276
SU6808,Nordwind,2024-10-04,12:49:59,285
S73005,Ural Airlines,2024-01-07,03:14:34,47
S75950,Pobeda,2024-07-27,12:43:43,58
WZ3308,Pobeda,2024-10-16,03:06:11,98
UT9216,S7 Airlines,2024-07-22,21:35:31,5
WZ4254,Aeroflot,2024-10-17,04:10:44,252
DP3818,Rossiya,2025-03-06,00:48:11,274
WZ6001,Rossiya,2024-09-14,15:07:04,41
N49878,Red Wings,2024-05-06,01:12:42,162
DP7215,Pobeda,2025-12-07,02:45:46,298
UT9629,Nordwind,2025-02-10,08:46:34,195
WZ2640,Red Wings,2024-12-22,04:48:08,246
DP6026,Utair,2024-06-22,23:29:06,127
SU5762,Nordwind,2024-07-05,10:06:53,105
UT7424,Rossiya,2025-03-28,17:41:48,11
WZ583,Nordwind,2024-08-13,03:58:42,296
DP6422,Rossiya,2025-05-20,00:08:27,126
N49490,S7 Airlines,2024-04-20,13:21:11,85
U69054,S7 Airlines,2025-05-07,08:04:05,242
N46382,Ural Airlines,2024-01-24,14:04:52,66
DP4850,Utair,2025-02-15,01:21:29,153
S75914,Aeroflot,2025-08-04,21:14:48,137
S79169,Pobeda,2024-03-01,15:29:11,184
UT6250,S7 Airlines,2024-06-13,22:01:49,296
SU5096,Ural Airlines,2025-06-12,03:18:38,108
SU1446,S7 Airlines,2024-09-02,02:26:19,13
N41501,Red Wings,2025-04-22,01:48:31,10
U63238,Red Wings,2024-08-24,08:11:37,25
WZ1757,Rossiya,2025-06-21,05:37:32,221
N44356,Utair,2024-06-01,08:54:19,242
S75968,Pobeda,2025-03-11,11:14:41,256
DP3151,Nordwind,2024-08-13,08:04:59,246
U69780,Aeroflot,2024-05-13,17:20:00,107
U69458,Aeroflot,2025-03-10,07:07:17,77
S73582,Pobeda,2024-07-19,14:35:33,263
N43791,Rossiya,2025-07-18,08:27:22,300
DP1919,Aeroflot,2024-04-16,13:40:59,100
N44160,Ural Airlines,2024-07-25,00:20:46,190
N43452,Rossiya,2024-06-12,03:38:34,92
U62553,Rossiya,2025-05-21,09:00:45,255
UT5345,Pobeda,2024-07-01,00:03:46,94
DP2952,Red Wings,2025-04-28,06:24:45,2
S79989,Ural Airlines,2024-06-04,11:09:01,270
DP4339,Rossiya,2024-09-12,21:44:25,178
DP7848,Pobeda,2024-08-04,14:50:45,220
S76626,Nordwind,2024-12-15,10:18:12,80
N49795,Nordwind,2024-12-14,06:58:07,6
FV3537,Ural Airlines,2024-08-06,04:04:46,71
S7686,Ural Airlines,2025-03-13,08:45:27,279
N47052,S7 Airlines,2025-11-01,20:42:37,298
S79732,Ural Airlines,2024-09-14,20:07:41,290
FV6752,Utair,2024-12-02,23:15:36,78
FV2792,Rossiya,2025-11-10,12:50:45,273
S72761,Rossiya,2025-09-06,12:51:45,85
N48173,Ural Airlines,2024-03-23,09:17:31,73
N45911,Rossiya,2025-08-25,05:35:08,193
S72703,Pobeda,2025-09-13,23:34:17,44
FV8031,Ural Airlines,2025-03-06,14:54:35,175
SU7038,Utair,2025-01-03,18:40:54,297
WZ1547,Red Wings,2025-04-28,11:10:31,188
N47959,Utair,2024-07-08,21:04:23,85
U62832,Ural Airlines,2024-02-24,17:04:03,285
SU9263,Ural Airlines,2024-11-15,16:51:36,73
S7493,Utair,2025-04-08,10:27:23,1
WZ8083,Ural Airlines,2025-12-14,01:19:02,207
SU3273,Rossiya,2025-04-27,08:28:02,105
UT6205,Ural Airlines,2024-12-06,23:20:58,88
SU5179,Ural Airlines,2024-06-24,02:20:25,157
N43357,Nordwind,2025-07-26,06:46:39,55
SU5212,Rossiya,2024-05-10,13:50:00,206
UT1417,Utair,2024-05-16,22:18:17,21
FV3697,Ural Airlines,2025-07-26,02:22:38,12
UT9820,Ural Airlines,2025-01-16,04:38:28,252
WZ9615,Pobeda,2024-04-23,20:45:10,58
SU4903,Rossiya,2025-04-12,02:56:40,193
SU6903,Ural Airlines,2024-09-02,15:13:01,17
DP5895,Rossiya,2024-10-06,09:38:53,143
U67118,Red Wings,2024-12-09,05:43:52,156
SU684,Aeroflot,2024-08-25,07:58:23,219
SU7821,S7 Airlines,2024-10-01,17:25:53,246
UT1773,Pobeda,2025-04-03,04:11:01,94
S74713,Rossiya,2024-02-12,13:17:51,77
DP2710,Rossiya,2025-03-01,18:46:31,162
UT9890,Pobeda,2025-06-26,11:51:41,186
UT2848,Aeroflot,2025-09-20,23:53:13,165
DP783,Utair,2025-09-04,22:49:16,41
SU8470,Rossiya,2024-07-01,14:47:59,190
FV2824,Aeroflot,2024-07-20,05:28:55,181
DP6656,Utair,2024-04-17,06:53:22,212
U62148,Utair,2025-03-12,07:30:31,251
WZ7963,S7 Airlines,2025-03-10,00:50:04,259
FV9015,S7 Airlines,2025-01-23,08:51:55,43
S79660,Rossiya,2024-11-02,00:06:22,102
U69114,Pobeda,2024-08-19,19:45:06,219
U63372,Nordwind,2025-10-08,02:39:40,127
UT8293,Ural Airlines,2025-04-13,12:42:06,158
U6246,Nordwind,2025-01-24,06:20:00,188
U65841,Utair,2024-05-23,18:26:05,258
FV6152,Pobeda,2024-09-18,08:05:08,126
SU4554,Pobeda,2024-07-16,17:03:59,267
S74186,Red Wings,2024-10-20,18:13:08,264
DP8063,Pobeda,2024-04-25,01:33:52,238
SU6358,Aeroflot,2025-04-04,07:47:22,250
DP7629,Rossiya,2025-04-15,06:42:51,22
DP4960,Utair,2025-12-09,03:18:30,137
DP1627,Red Wings,2024-08-22,12:43:38,123
U69446,Red Wings,2025-04-17,18:55:09,173
S77094,Red Wings,2024-10-28,05:37:43,115
N49676,Nordwind,2025-10-15,14:09:14,170
WZ5259,Red Wings,2025-06-06,19:39:34,87
WZ8051,Pobeda,2025-08-12,08:04:30,276
SU5564,Red Wings,2025-04-14,04:48:42,59
WZ7247,Aeroflot,2024-04-04,11:00:37,66
N49467,Ural Airlines,2025-11-08,22:47:08,103
N47026,S7 Airlines,2024-02-20,12:53:51,157
FV141,Aeroflot,2025-09-11,18:55:10,19
FV7735,Ural Airlines,2024-04-15,00:34:25,177
WZ9052,Rossiya,2025-08-27,11:35:26,170
DP244,Ural Airlines,2024-04-26,18:45:15,108
DP9145,Nordwind,2025-11-04,13:22:44,33
N47227,Ural Airlines,2025-03-17,07:33:02,167
SU8053,S7 Airlines,2024-11-06,20:42:39,125
S77999,Utair,2025-04-18,16:02:40,152
UT4227,Aeroflot,2024-04-25,08:35:41,86
UT2089,S7 Airlines,2025-08-05,16:32:18,198
UT1586,S7 Airlines,2025-02-15,23:02:13,2
UT276,Red Wings,2025-06-15,12:42:46,9
U6427,Red Wings,2024-07-24,22:07:31,286
DP2476,Ural Airlines,2024-12-06,01:58:54,227
UT9619,S7 Airlines,2024-05-09,01:13:02,168
SU2227,Red Wings,2024-07-03,03:28:06,271
SU7012,Pobeda,2024-02-04,13:28:59,227
FV7262,S7 Airlines,2025-07-03,07:26:25,173
FV1436,Utair,2024-08-18,12:00:37,100
WZ5373,Nordwind,2024-06-12,17:13:50,285
WZ2042,Rossiya,2025-02-21,11:20:56,15
DP6033,Nordwind,2025-08-21,15:44:10,262
DP2859,Rossiya,2025-09-18,09:22:04,199
SU8150,Nordwind,2025-01-25,23:26:39,226
SU627,Ural Airlines,2024-05-19,16:58:56,125
N42634,Red Wings,2024-02-10,19:12:53,248
DP3315,Nordwind,2025-08-05,05:28:52,166
UT8657,Nordwind,2025-06-03,07:45:14,250
S76895,Ural Airlines,2025-04-26,13:13:51,23
DP9686,Ural Airlines,2024-11-15,10:26:00,291
WZ152,S7 Airlines,2025-09-10,03:07:22,46
N45398,Ural Airlines,2024-04-13,02:50:09,202
WZ6103,Aeroflot,2024-02-05,21:38:09,258
S71643,Pobeda,2024-05-08,10:07:51,82
FV3444,Ural Airlines,2024-12-22,08:44:27,153
U66300,Nordwind,2024-03-27,12:00:17,177
N49088,S7 Airlines,2024-07-28,18:44:11,130
SU8593,Rossiya,2024-08-24,13:56:15,56
SU1820,Ural Airlines,2024-03-13,20:30:36,158
FV6357,S7 Airlines,2025-08-20,16:18:55,55
N48022,Red Wings,2025-04-14,22:14:56,10
WZ3514,Aeroflot,2025-06-02,17:53:37,34
S76380,Rossiya,2024-12-28,10:55:45,37
WZ3191,Ural Airlines,2025-07-28,14:46:29,22
UT7424,S7 Airlines,2024-08-19,00:58:40,221
U68087,Nordwind,2024-04-21,10:33:12,295
S74100,Pobeda,2025-11-27,00:05:03,180
FV2983,Red Wings,2025-07-17,02:43:53,156
S71221,Pobeda,2025-10-18,09:41:44,204
WZ3706,Utair,2024-11-08,14:11:04,231
WZ9655,S7 Airlines,2025-05-13,11:05:34,297
UT243,Rossiya,2024-09-24,20:11:20,230
UT5554,Aeroflot,2025-10-16,06:52:28,186
UT1540,S7 Airlines,2024-11-17,03:44:14,131
WZ5121,Aeroflot,2025-01-16,22:56:24,84
SU1721,S7 Airlines,2024-03-08,22:21:01,59
WZ475,Red Wings,2025-02-07,02:00:47,160
FV3878,Pobeda,2025-10-02,23:34:30,225
S71150,Aeroflot,2025-12-03,09:09:42,95
SU6613,Ural Airlines,2025-07-05,01:24:18,85
S76014,Utair,2024-06-04,17:18:50,9
FV4701,Pobeda,2024-04-21,12:11:43,68
FV3447,Rossiya,2025-06-24,09:08:51,0
DP9045,Aeroflot,2025-08-26,13:32:13,112
WZ3003,Rossiya,2024-10-15,19:27:16,10
UT208,Ural Airlines,2025-11-17,21:57:08,112
WZ9215,Utair,2024-12-17,05:58:32,74
DP6630,Pobeda,2024-09-01,12:10:18,168
WZ4686,Nordwind,2025-01-03,22:45:26,155
SU1052,Pobeda,2024-02-21,15:54:37,288
U63549,Pobeda,2025-07-18,08:35:47,60
FV3973,Ural Airlines,2024-06-17,17:38:33,38
UT1326,Ural Airlines,2024-12-03,20:39:47,277
DP681,Pobeda,2025-09-14,08:25:10,44
SU6664,S7 Airlines,2025-03-10,19:47:55,119
DP7947,Aeroflot,2025-01-07,13:04:59,163
UT2219,S7 Airlines,2024-12-04,13:11:21,142
UT1259,Ural Airlines,2025-02-10,18:13:14,148
SU3888,Utair,2025-06-22,13:13:24,89
N45375,Rossiya,2025-07-14,13:27:59,74
U66324,S7 Airlines,2024-10-07,20:30:37,279
U61998,Ural Airlines,2025-02-03,19:24:09,192
DP4599,S7 Airlines,2025-02-04,23:57:10,105
N49400,Red Wings,2025-07-06,10:29:07,101
U64424,Aeroflot,2024-05-02,17:08:54,102
UT3101,Pobeda,2025-01-12,23:19:09,144
WZ1633,Utair,2025-10-22,02:47:43,69
DP2420,Red Wings,2024-09-24,02:17:55,109
N48320,Red Wings,2025-02-05,17:06:27,65
U6338,Ural Airlines,2024-09-11,13:17:38,246
UT8497,Nordwind,2024-09-11,08:31:14,53
S72970,Aeroflot,2024-07-01,13:36:56,156
SU3523,Pobeda,2024-11-23,18:18:35,80
WZ3836,Nordwind,2025-09-01,07:33:44,202
DP496,Aeroflot,2025-07-24,15:07:56,173
DP8656,Ural Airlines,2025-09-23,19:01:14,262
N42392,Red Wings,2024-07-04,13:09:01,126
FV4449,Ural Airlines,2024-11-21,17:03:57,22
UT8989,S7 Airlines,2025-08-28,15:38:59,52
U62898,Aeroflot,2025-04-20,21:57:17,147
N45937,Ural Airlines,2025-01-02,04:25:11,278
FV5235,Rossiya,2024-09-13,07:06:31,24
UT2183,Rossiya,2024-12-04,11:54:35,158
DP2552,Pobeda,2024-09-25,01:58:34,100
N4333,Pobeda,2025-02-03,05:40:13,90
SU7700,Pobeda,2025-06-19,20:38:50,224
FV113,Nordwind,2025-05-03,20:11:04,136
UT7968,Rossiya,2024-11-17,20:14:09,30
FV496,Aeroflot,2024-11-18,15:56:03,183
S76071,Aeroflot,2025-04-08,10:55:42,285
SU3069,Ural Airlines,2024-06-14,22:03:34,117
UT3526,Utair,2024-08-11,15:37:49,6
UT7636,Red Wings,2024-01-28,22:18:20,159
U64001,Utair,2025-09-02,21:46:32,295
UT9088,Utair,2025-12-08,20:49:02,217
N46586,Aeroflot,2025-10-15,10:56:30,176
S78635,Rossiya,2025-05-05,21:56:42,230
WZ1530,Ural Airlines,2025-01-22,18:49:17,82
UT8058,Ural Airlines,2024-05-13,06:21:55,65
DP1563,Red Wings,2024-05-06,06:52:12,290
FV8223,Nordwind,2024-01-09,11:51:48,71
FV3543,Ural Airlines,2025-12-27,21:49:40,63
FV5867,Aeroflot,2024-08-24,18:45:18,34
FV8234,Utair,2025-10-07,23:54:19,222
DP5415,Nordwind,2025-12-24,13:39:09,77
S75007,Ural Airlines,2025-05-24,19:08:06,116
N49514,Rossiya,2024-01-26,14:13:40,74
U62258,Pobeda,2025-09-05,07:44:46,10
UT8327,Utair,2024-11-17,10:51:52,57
SU1919,Pobeda,2024-05-07,02:06:04,122
SU1357,Ural Airlines,2024-06-24,04:22:07,233
N4302,Aeroflot,2024-06-03,07:32:50,183
UT1543,Rossiya,2024-02-26,13:53:15,130
U63084,Rossiya,2025-12-12,23:01:33,109
N4479,S7 Airlines,2024-04-17,14:28:10,50
WZ836,Utair,2025-10-21,04:31:27,106
U69264,Aeroflot,2025-12-07,18:28:39,263
S77089,Utair,2025-08-15,10:29:48,117
FV7123,Nordwind,2024-05-20,00:47:06,165
WZ1465,Nordwind,2024-02-01,02:34:40,70
UT4614,S7 Airlines,2025-07-01,16:58:11,63
U6754,Pobeda,2025-02-18,08:55:23,278
SU439,S7 Airlines,2024-09-10,16:43:48,34
UT3164,Red Wings,2025-02-16,15:45:20,178
WZ1337,Red Wings,2025-07-12,05:32:53,146
U64810,Rossiya,2024-04-24,18:25:15,6
UT7363,S7 Airlines,2024-12-11,09:47:13,46
SU4376,Utair,2024-09-27,00:29:47,269
N4578,Pobeda,2025-04-28,05:48:13,196
SU8343,Aeroflot,2025-05-27,14:32:06,7
WZ738,Aeroflot,2025-09-27,03:51:38,135
WZ732,Pobeda,2025-10-12,01:39:33,81
FV1851,Red Wings,2025-02-05,06:40:00,211
U62831,Rossiya,2025-01-03,08:39:25,148
S71350,Red Wings,2025-09-04,23:25:38,86
DP1715,Pobeda,2024-03-08,07:41:45,269
S78247,S7 Airlines,2025-02-28,00:09:39,27
WZ417,Aeroflot,2025-11-22,16:14:56,32
WZ9075,Ural Airlines,2024-07-13,14:38:38,272
WZ4890,Ural Airlines,2025-09-27,17:16:12,178
DP5565,Pobeda,2024-10-19,10:01:51,35
N42802,Rossiya,2025-04-16,18:28:39,4
U6792,Nordwind,2024-09-02,16:26:28,92
N46623,Aeroflot,2024-09-11,02:38:17,13
UT9270,S7 Airlines,2024-06-26,06:10:51,151
N45994,Pobeda,2025-11-17,18:46:55,109
WZ9013,Ural Airlines,2024-05-08,01:40:12,233
FV6903,Nordwind,2024-05-21,17:35:38,237
WZ6008,Nordwind,2024-07-19,04:25:52,103
UT5081,Ural Airlines,2024-08-05,09:44:49,73
SU9814,Aeroflot,2024-10-11,00:02:52,152
WZ8573,Ural Airlines,2025-02-06,15:00:17,253
DP7145,Pobeda,2025-07-01,08:10:23,146
N41272,Red Wings,2024-12-10,13:27:38,247
DP4571,Red Wings,2024-11-19,05:47:52,10
U66114,Aeroflot,2024-01-20,15:00:07,200
UT7997,Aeroflot,2025-10-14,16:33:52,292
U6860,Rossiya,2025-06-24,09:14:49,166
FV2535,Red Wings,2024-08-20,21:38:50,125
DP4918,Ural Airlines,2024-06-21,09:57:27,103
SU3051,Ural Airlines,2024-03-07,15:08:26,228
FV7329,Utair,2025-11-20,13:11:03,176
U67568,Red Wings,2025-01-07,17:56:28,295
UT3801,Aeroflot,2025-07-15,11:21:20,69
DP5321,S7 Airlines,2024-04-06,01:39:15,246
U69841,Red Wings,2025-08-22,15:42:07,289
UT2882,Pobeda,2025-06-07,09:26:45,174
UT1683,Rossiya,2024-05-10,11:56:48,256
WZ9523,Pobeda,2024-05-13,23:04:23,192
U6635,Ural Airlines,2025-05-22,23:09:33,146
N45819,S7 Airlines,2024-04-07,12:34:06,146
U6693,Utair,2024-02-04,07:53:25,226
SU8917,Nordwind,2025-02-28,15:56:37,218
SU5005,Aeroflot,2024-01-03,08:17:47,53
U65737,Aeroflot,2025-02-16,17:02:10,147
SU7616,Pobeda,2025-09-13,23:14:59,55
DP7525,Ural Airlines,2025-01-10,05:57:44,240
FV5078,Red Wings,2024-12-02,12:33:26,0
FV8978,Nordwind,2025-08-02,23:30:25,204
UT5900,Rossiya,2024-12-21,14:00:33,172
FV1870,S7 Airlines,2025-04-25,03:02:16,77
FV1565,Nordwind,2025-05-25,13:34:31,279
U65191,Ural Airlines,2024-03-25,04:11:11,80
DP4306,Ural Airlines,2025-04-13,15:42:32,13
N41685,Nordwind,2024-10-28,12:09:08,158
N41737,Red Wings,2025-11-11,14:01:52,241
UT8277,Nordwind,2024-02-05,16:16:22,223
FV4864,Ural Airlines,2025-05-24,20:15:33,145
N44312,Pobeda,2025-09-14,03:02:58,45
DP6673,Pobeda,2024-05-26,14:08:17,259
WZ8384,Pobeda,2025-05-24,09:16:31,5
FV2869,Ural Airlines,2025-12-08,22:49:45,237
SU8102,S7 Airlines,2025-11-19,15:19:00,210
DP8412,Nordwind,2024-07-28,07:33:55,262
DP3581,Utair,2024-02-04,21:54:25,179
WZ7493,Red Wings,2025-06-18,07:22:22,290
N44553,Pobeda,2025-04-20,08:34:04,60
U67625,Red Wings,2025-01-14,22:39:19,289
DP7061,Ural Airlines,2024-02-28,04:13:59,163
WZ8774,Nordwind,2024-12-16,10:30:48,74
UT4343,Utair,2024-09-10,11:46:18,257
DP1853,Utair,2024-02-04,18:15:50,79
WZ9609,Aeroflot,2025-08-10,22:58:43,223
U69078,Rossiya,2024-09-04,21:44:21,248
WZ7051,Pobeda,2024-02-26,13:07:05,247
S78411,Utair,2024-12-10,02:44:12,105
S72069,Red Wings,2024-07-26,13:32:55,117
DP8354,S7 Airlines,2025-06-02,11:38:06,38
S76493,Nordwind,2025-08-10,21:35:15,283
U61554,Red Wings,2025-11-02,23:25:30,227
DP8179,Nordwind,2024-04-23,18:14:26,262
SU1570,S7 Airlines,2025-01-18,05:21:12,10
SU1141,Red Wings,2024-06-22,08:07:43,231
FV4096,Utair,2024-05-08,06:44:54,258
U61279,Rossiya,2024-01-10,14:56:58,155
SU3229,Nordwind,2025-05-14,23:49:31,131
WZ2803,Utair,2024-05-23,11:54:44,178
WZ1149,Nordwind,2025-03-28,18:36:17,256
WZ3091,Pobeda,2024-11-04,06:17:30,230
U62248,S7 Airlines,2024-10-19,11:09:58,131
N48406,Rossiya,2025-05-13,20:12:48,74
U67569,Ural Airlines,2025-08-21,22:56:37,18
U66285,Red Wings,2024-11-17,07:24:15,223
WZ1717,S7 Airlines,2024-10-18,11:40:37,187
DP715,Ural Airlines,2025-03-05,15:45:08,174
N43429,Nordwind,2024-01-09,20:19:55,181
S74938,Ural Airlines,2025-12-25,15:22:45,191
UT9276,Rossiya,2025-08-28,03:29:02,219
FV9165,Pobeda,2024-10-22,12:02:17,103
U63220,Aeroflot,2024-05-23,19:53:54,113
DP2844,S7 Airlines,2025-12-07,05:27:47,71
DP8092,Nordwind,2025-11-04,03:03:20,240
N47464,Aeroflot,2024-03-02,12:10:42,61
N44750,Red Wings,2025-08-14,05:56:07,208
SU2220,Red Wings,2024-07-25,22:09:09,161
FV9927,Nordwind,2024-02-23,23:25:21,243
FV8318,Aeroflot,2024-05-25,08:08:11,150
FV6562,Pobeda,2024-10-28,03:49:28,255
UT2793,Red Wings,2024-11-20,08:43:05,76
DP7263,Rossiya,2024-11-09,01:45:59,205
N46736,Red Wings,2025-07-14,17:04:59,183
N4627,Ural Airlines,2024-02-27,12:11:30,92
SU6974,Red Wings,2024-11-06,17:48:59,92
S76373,Utair,2025-03-11,13:14:20,274
DP2504,Rossiya,2024-04-27,05:08:34,172
U6334,Ural Airlines,2025-11-09,15:41:19,228
FV1302,S7 Airlines,2025-12-08,09:04:02,53
DP5695,S7 Airlines,2025-01-13,09:22:23,290
DP6731,Utair,2024-10-18,22:10:27,78
FV2978,Nordwind,2024-07-08,18:10:20,94
U6835,Red Wings,2025-08-13,15:53:30,163
S78716,Nordwind,2024-01-17,17:42:00,299
UT1805,Ural Airlines,2025-03-14,16:52:02,41
SU3894,Red Wings,2025-04-12,04:43:55,70
DP9831,Ural Airlines,2024-05-23,22:40:56,179
U6616,Aeroflot,2024-02-12,21:36:48,27
N47426,S7 Airlines,2025-05-10,08:38:15,60
WZ5487,Ural Airlines,2025-04-25,19:30:11,292
S77423,Nordwind,2024-12-22,09:18:25,227
WZ606,Red Wings,2025-04-07,09:29:49,252
U65969,Red Wings,2025-02-19,15:57:57,286
S75499,Aeroflot,2025-02-01,23:12:20,279
DP1103,Utair,2024-09-24,21:00:37,75
DP8392,Ural Airlines,2025-05-28,04:52:36,204
DP2861,Nordwind,2024-09-11,15:55:35,144
SU8585,Ural Airlines,2025-01-21,19:31:06,142
N43414,Pobeda,2024-06-27,14:10:49,101
S77496,Rossiya,2024-12-18,14:16:22,199
SU2691,Utair,2025-07-15,11:09:27,61
N46992,Rossiya,2024-09-23,02:31:47,83
N47237,Red Wings,2025-12-15,10:15:18,7
WZ9444,Red Wings,2025-07-05,13:11:38,55
S76065,S7 Airlines,2025-06-05,11:37:07,15
WZ3368,Red Wings,2024-01-20,10:47:31,174
U63130,Red Wings,2025-02-19,19:02:42,78
UT5853,Red Wings,2025-07-02,10:44:47,128
N47852,Aeroflot,2025-07-15,16:27:04,117
U61007,Aeroflot,2024-03-03,22:16:56,111
WZ3504,Pobeda,2025-04-28,16:34:06,265
SU902,Nordwind,2025-01-24,16:31:51,248
UT7246,Utair,2024-08-13,18:19:42,272
S7231,Utair,2024-05-11,03:11:59,215
UT1578,Red Wings,2025-03-19,18:20:05,136
N49948,Ural Airlines,2024-07-05,23:02:24,11
N48625,Pobeda,2025-10-22,23:58:28,196
UT2347,Rossiya,2024-06-04,03:48:51,15
SU2920,Red Wings,2024-04-19,01:43:53,160
FV1453,Red Wings,2025-09-05,17:32:09,20
WZ3910,Pobeda,2025-11-24,03:51:26,242
FV4586,Rossiya,2024-04-25,03:00:13,167
FV3591,Ural Airlines,2024-04-18,21:54:39,82
UT6426,Red Wings,2025-09-28,21:29:20,62
S74423,Pobeda,2024-10-21,21:13:20,249
U68205,Nordwind,2024-08-26,04:54:24,8
U67892,S7 Airlines,2024-11-09,08:53:47,279
UT2735,Red Wings,2024-03-22,22:58:11,47
FV5905,Rossiya,2025-02-16,23:26:03,167
N46459,Red Wings,2025-05-14,08:09:43,76
WZ2466,Pobeda,2025-11-28,14:22:59,276
SU682,Pobeda,2025-08-07,14:53:50,213
SU5449,Red Wings,2024-10-11,19:04:57,266
SU4255,Pobeda,2024-07-11,17:41:50,47
S7164,Nordwind,2025-01-13,06:09:19,185
SU2923,Nordwind,2025-02-03,14:24:36,103
N44715,Utair,2024-03-24,10:14:52,276
UT1567,Utair,2025-10-21,13:18:11,58
WZ7612,Pobeda,2025-08-17,21:00:27,92
DP6231,Red Wings,2025-02-11,20:58:35,189
WZ332,Aeroflot,2024-03-08,19:46:41,281
N45606,Nordwind,2025-01-03,20:48:33,179
DP4721,Red Wings,2025-06-18,13:36:54,249
N4790,Red Wings,2025-12-11,23:44:32,179
N41609,Nordwind,2025-12-03,12:29:24,263
UT7567,Pobeda,2024-12-16,20:12:55,142
U69435,Ural Airlines,2025-06-23,14:58:29,34
N45132,S7 Airlines,2024-10-14,04:42:16,294
N4198,Utair,2025-01-06,02:03:43,300
FV6766,Aeroflot,2024-09-20,08:53:55,226
S75504,Red Wings,2024-11-16,11:19:46,173
S78374,Nordwind,2025-08-25,07:58:37,260
WZ6276,Rossiya,2025-10-23,16:20:32,133
FV5040,Rossiya,2024-11-26,19:20:02,171
UT3661,Rossiya,2025-06-28,13:37:27,76
SU8696,Nordwind,2025-07-08,04:37:22,230
WZ5697,Utair,2024-01-22,11:50:00,70
N49369,Red Wings,2024-07-18,19:48:32,170
WZ3771,Rossiya,2025-12-08,01:55:12,30
N43438,Red Wings,2024-06-18,17:17:38,52
UT1930,S7 Airlines,2024-08-23,15:12:42,141
SU6775,Red Wings,2025-10-25,21:04:37,37
N45111,Utair,2024-04-23,11:23:26,86
N47994,Ural Airlines,2025-02-07,17:23:06,105
U6652,Nordwind,2025-06-16,06:02:32,248
U63840,Nordwind,2025-03-07,15:21:03,255
S76985,Nordwind,2025-12-05,18:31:33,240
UT4565,Rossiya,2025-07-11,11:17:02,79
DP9775,Red Wings,2025-08-09,16:17:57,273
S78349,Pobeda,2025-03-15,02:26:12,73
SU1310,Rossiya,2025-06-09,18:29:42,32
S74366,Aeroflot,2024-01-15,02:15:32,73
WZ910,Pobeda,2025-12-02,05:36:25,76
U66066,Nordwind,2025-02-20,05:33:38,207
FV5101,Red Wings,2024-08-11,04:46:06,152
UT5179,S7 Airlines,2024-12-20,17:57:32,98
DP9593,Pobeda,2024-10-01,05:51:07,88
FV8799,Red Wings,2024-01-03,01:18:18,108
WZ4284,Pobeda,2025-03-26,00:20:42,152
SU4173,Rossiya,2024-01-23,02:40:49,188
FV8334,Rossiya,2024-07-07,04:32:15,234
U67704,Rossiya,2025-02-26,02:00:37,32
U67199,Rossiya,2025-03-03,19:42:18,107
SU5951,S7 Airlines,2024-10-10,12:47:27,232
SU6456,Red Wings,2025-12-19,21:57:03,295
U61617,Ural Airlines,2024-07-10,04:26:53,68
UT8220,Utair,2025-10-27,00:02:21,28
S78094,Aeroflot,2025-03-25,13:05:51,73
DP2411,Red Wings,2025-03-14,02:13:35,44
WZ4981,Ural Airlines,2025-06-06,14:36:02,264
N43143,Red Wings,2025-01-22,08:20:49,87
SU3992,Aeroflot,2024-08-25,15:45:03,9
WZ7661,Pobeda,2025-10-07,08:48:39,60
DP3631,Rossiya,2024-07-20,03:37:05,157
SU426,Pobeda,2024-02-05,12:43:07,77
N41387,Red Wings,2024-03-04,15:45:55,37
UT1111,Nordwind,2025-07-06,04:37:49,184
DP6264,Ural Airlines,2024-07-27,23:49:52,124
U69747,Ural Airlines,2024-11-06,16:47:07,150
UT4550,Red Wings,2025-11-12,00:34:58,163
S76068,Red Wings,2025-02-21,05:23:52,230
UT4740,Red Wings,2025-07-14,22:38:44,204
S78008,Pobeda,2024-10-01,17:41:44,194
N46772,S7 Airlines,2025-05-14,18:40:08,21
FV9118,Pobeda,2025-03-28,00:04:55,182
SU639,S7 Airlines,2024-01-20,14:48:51,165
N44315,S7 Airlines,2024-02-14,06:59:35,46
SU2762,Ural Airlines,2024-08-27,01:45:42,284
N46548,S7 Airlines,2025-02-25,08:10:11,193
UT9469,Pobeda,2025-04-15,18:59:56,246
UT8913,Aeroflot,2024-06-01,04:35:10,9
FV7181,Red Wings,2025-09-04,21:09:39,92
N42142,Ural Airlines,2024-06-20,17:15:28,79
S71191,Nordwind,2024-01-05,23:29:05,199
SU5688,S7 Airlines,2025-04-21,20:20:40,214
S75809,Ural Airlines,2025-09-13,11:15:15,45
U65102,Pobeda,2024-04-03,07:16:43,3
UT2853,Red Wings,2024-05-18,23:38:22,202
SU6212,Ural Airlines,2025-04-28,01:06:05,291
N48545,Red Wings,2024-12-24,16:21:56,154
FV3789,Nordwind,2025-09-09,14:58:49,56
FV6952,Aeroflot,2025-10-09,05:44:39,114
FV2821,Ural Airlines,2025-05-24,14:20:02,86
SU8180,S7 Airlines,2025-06-01,20:49:39,176
U63355,Pobeda,2024-05-18,05:36:57,225
WZ3841,Pobeda,2024-09-24,10:33:26,58
SU3156,Ural Airlines,2025-10-01,08:25:14,177
DP6673,Aeroflot,2024-07-01,23:24:10,253
SU5166,Aeroflot,2024-08-24,04:30:37,20
N44979,S7 Airlines,2024-01-28,10:31:38,231
FV1522,S7 Airlines,2025-04-25,16:29:47,222
U64758,Ural Airlines,2024-07-10,12:48:21,107
U67536,Nordwind,2024-12-04,21:58:38,271
N4849,Nordwind,2024-09-11,18:19:02,282
N41406,Utair,2025-11-06,21:01:24,28
SU3880,Utair,2024-09-27,20:11:14,66
U6926,Nordwind,2024-12-25,10:02:12,74
S7492,Utair,2025-02-03,08:42:11,53
N44369,Rossiya,2025-08-12,08:38:54,3
N4802,Rossiya,2024-08-12,20:57:53,275
FV4032,Nordwind,2024-12-05,19:25:53,22
FV5008,Rossiya,2025-06-16,09:56:25,149
U64592,Utair,2024-12-06,09:28:51,159
UT6061,Utair,2025-08-07,20:58:35,299
FV8757,Rossiya,2025-03-21,05:24:34,221
U68935,Nordwind,2024-11-15,10:50:42,196
UT6570,Rossiya,2025-05-23,13:25:06,77
UT3724,Aeroflot,2024-06-17,08:33:53,84
DP683,Ural Airlines,2024-08-17,09:50:01,269
FV9101,Utair,2024-11-28,02:52:07,107
SU8082,S7 Airlines,2025-09-18,19:24:15,180
UT4286,Nordwind,2025-05-27,19:54:00,269
WZ5628,Red Wings,2024-03-17,17:58:47,92
DP958,Utair,2025-04-10,02:09:44,53
U69004,Red Wings,2024-06-06,19:02:37,168
UT4894,Rossiya,2024-12-15,23:31:30,47
N48215,Aeroflot,2024-06-08,19:32:59,188
N46184,S7 Airlines,2024-09-24,16:35:56,284
U66571,Rossiya,2024-10-14,13:44:44,242
U66981,S7 Airlines,2024-05-03,07:48:10,98
WZ8999,Ural Airlines,2025-05-21,11:13:23,73
FV9584,Ural Airlines,2024-04-19,02:56:48,205
SU3396,Red Wings,2025-09-28,05:33:07,249
UT8202,Ural Airlines,2024-11-02,17:28:40,74
FV5481,Aeroflot,2024-12-22,15:56:00,173
DP3535,Pobeda,2025-05-17,01:58:20,140
WZ3385,Pobeda,2024-01-25,11:06:54,136
WZ1123,Utair,2025-07-12,17:11:27,89
DP5197,Utair,2024-01-14,11:32:36,182
FV5286,Ural Airlines,2025-05-21,01:03:04,19
SU4134,Ural Airlines,2025-01-12,03:11:14,101
WZ1570,Red Wings,2024-07-08,15:32:50,252
UT2140,Utair,2025-12-04,12:00:51,285
N44115,Pobeda,2024-09-19,15:12:30,148
FV4199,Ural Airlines,2025-01-25,10:46:19,43
DP8125,Aeroflot,2024-03-21,14:44:16,158
FV2806,S7 Airlines,2024-09-25,11:53:23,40
SU7941,Red Wings,2025-07-01,11:24:59,51
S74113,Ural Airlines,2024-11-09,18:39:12,198
S77705,S7 Airlines,2024-04-06,12:47:48,243
SU4934,Ural Airlines,2024-07-06,05:37:37,217
UT8566,Rossiya,2024-04-22,09:28:56,146
DP2205,S7 Airlines,2024-03-13,22:48:32,287
S76784,S7 Airlines,2025-03-03,13:28:45,176
UT4250,Rossiya,2024-12-05,13:27:57,132
S76585,Pobeda,2025-02-14,12:06:15,2
S75704,S7 Airlines,2025-04-03,22:35:50,61
U62670,Nordwind,2025-06-14,04:00:59,133
UT1253,Aeroflot,2025-02-09,08:51:11,192
FV6584,Pobeda,2024-06-27,13:09:36,189
SU4891,Nordwind,2024-08-04,16:33:04,229
UT3802,S7 Airlines,2024-11-23,20:43:05,130
SU238,Rossiya,2025-02-15,04:54:23,296
U65833,Red Wings,2024-01-07,16:04:30,146
S73227,Red Wings,2025-09-24,05:33:17,202
UT4855,Red Wings,2024-08-01,15:36:27,164
WZ452,Rossiya,2024-05-16,09:40:51,221
FV5474,Nordwind,2025-07-17,11:43:06,50
U69570,Pobeda,2024-08-18,03:02:28,155
U64499,S7 Airlines,2024-04-27,09:14:23,92
N46191,Red Wings,2025-04-02,14:50:02,196
N45098,Red Wings,2025-08-28,06:50:30,210
U64122,S7 Airlines,2024-01-24,19:36:11,278
S74140,S7 Airlines,2025-07-11,02:25:44,184
U65200,Aeroflot,2025-04-20,13:17:25,63
S73756,Ural Airlines,2024-09-13,06:56:04,30
DP3437,Rossiya,2025-01-12,10:18:52,192
DP2618,Rossiya,2025-05-16,15:25:58,273
DP4860,S7 Airlines,2024-04-28,00:55:30,147
SU1636,Ural Airlines,2025-08-04,22:54:49,158
S74691,Red Wings,2024-07-16,18:42:00,72
SU7557,Aeroflot,2025-01-05,02:56:05,279
DP6899,Pobeda,2025-02-15,12:06:46,52
DP8086,Utair,2025-06-18,08:14:57,230
U6191,Nordwind,2024-10-20,16:58:30,69
S76525,S7 Airlines,2024-05-25,10:59:45,283
DP3518,S7 Airlines,2024-08-13,18:56:05,288
WZ4784,Red Wings,2024-08-15,18:58:04,73
DP2070,Aeroflot,2025-01-25,21:51:52,94
SU8106,Red Wings,2025-09-23,22:33:22,220
S76877,Utair,2025-04-11,23:49:10,163
U66019,Red Wings,2024-01-06,22:36:11,245
U68228,Ural Airlines,2025-06-03,09:04:26,31
UT4145,S7 Airlines,2024-01-02,05:32:48,174
FV151,Pobeda,2025-06-22,11:57:04,55
FV2763,Rossiya,2024-03-22,17:28:46,281
DP3234,Red Wings,2024-11-20,15:56:55,260
SU3828,Nordwind,2025-08-24,08:57:04,45
U65580,Nordwind,2024-11-07,11:56:45,211
U69361,Utair,2024-01-20,05:26:26,245
U67202,Ural Airlines,2024-01-18,16:04:35,298
WZ5435,Utair,2024-03-25,02:01:00,42
N47380,Utair,2024-11-12,07:54:36,290
SU1390,Red Wings,2025-07-05,10:49:36,266
UT7066,Utair,2025-06-06,00:03:38,293
SU4649,Aeroflot,2025-02-23,18:19:52,57
N43917,Nordwind,2025-09-07,11:47:18,35
N42425,Rossiya,2025-03-16,04:47:00,99
U62088,Aeroflot,2025-01-04,16:52:05,7
WZ8038,Nordwind,2024-10-12,14:56:02,199
U67279,Red Wings,2024-08-13,23:45:01,43
S7584,Red Wings,2025-08-07,09:00:49,173
S75336,Rossiya,2025-11-14,10:48:14,210
SU2347,Ural Airlines,2025-05-14,13:11:52,35
FV7255,Utair,2025-07-14,23:27:57,213
S79232,Utair,2024-02-26,00:16:48,213
DP1464,Nordwind,2025-04-04,13:16:13,173
DP5047,Utair,2025-01-20,06:06:36,246
FV5282,Nordwind,2024-02-25,15:10:45,39
SU9761,Rossiya,2024-12-11,07:46:22,173
FV1082,Ural Airlines,2025-01-25,15:47:56,180
DP2995,Pobeda,2025-01-25,15:50:49,201
S74252,Nordwind,2024-06-01,20:12:44,276
S76283,Pobeda,2024-03-13,14:19:01,164
SU3455,S7 Airlines,2025-03-13,08:21:56,26
FV5306,Rossiya,2025-03-14,12:22:32,8
N41927,Utair,2025-12-24,01:04:23,233
S74575,Utair,2025-01-06,18:47:07,12
SU2949,Red Wings,2024-02-12,21:58:18,66
DP5098,Pobeda,2025-03-06,22:53:27,247
S74928,Red Wings,2025-03-03,13:09:31,79
UT6124,Pobeda,2024-12-12,16:41:50,0
WZ4927,Aeroflot,2024-08-23,06:26:04,180
N42461,Red Wings,2025-05-01,19:23:07,242
DP4346,Rossiya,2024-08-09,17:19:09,150
SU7332,Rossiya,2025-06-24,11:15:02,166
S71397,Utair,2025-04-22,06:27:52,260
DP4878,S7 Airlines,2024-10-26,17:03:43,187
U62802,Aeroflot,2024-12-21,18:53:36,16
WZ4132,Nordwind,2024-10-25,14:48:27,251
U64287,Nordwind,2024-06-26,02:22:18,58
DP1660,Utair,2024-06-09,08:44:09,38
N44434,S7 Airlines,2024-11-14,23:26:59,36
S71950,Rossiya,2025-06-10,20:33:48,283
DP990,S7 Airlines,2024-07-11,08:51:27,120
N44207,Nordwind,2025-09-02,18:35:13,201
SU9191,Rossiya,2025-11-09,18:50:46,176
S73090,Ural Airlines,2024-12-02,14:57:14,225
SU6906,Pobeda,2024-02-07,12:05:41,121
N4249,Utair,2025-01-22,01:14:01,60
UT4761,Red Wings,2025-08-04,03:08:44,118
N45266,Rossiya,2025-10-25,07:04:50,85
S78824,Aeroflot,2025-01-18,08:01:47,137
N42984,Nordwind,2025-11-13,07:46:22,54
SU1122,Pobeda,2024-03-08,01:55:37,68
N46187,Nordwind,2025-07-04,23:30:46,299
SU6667,Utair,2025-07-20,14:55:14,270
SU795,Aeroflot,2025-11-13,09:07:43,298
UT7576,Rossiya,2025-03-08,06:19:25,19
S78140,Rossiya,2025-07-20,23:30:08,251
UT8730,Pobeda,2025-01-19,20:06:10,223
N4356,Rossiya,2025-05-14,02:30:56,58
UT5576,Utair,2024-07-28,14:22:43,113
WZ5166,Rossiya,2024-07-23,22:17:14,223
DP660,Ural Airlines,2024-02-22,14:20:53,227
UT1736,Pobeda,2025-01-17,13:34:22,177
N46498,Rossiya,2025-05-12,04:57:07,39
WZ573,Utair,2024-11-22,18:43:20,191
U64039,S7 Airlines,2025-06-14,04:19:42,63
DP6261,Rossiya,2025-12-25,02:39:26,285
S77805,Red Wings,2025-08-02,01:53:40,143
FV7502,Utair,2025-06-08,01:38:37,28
WZ9016,Utair,2024-04-25,20:57:33,286
FV6067,Aeroflot,2024-08-27,04:36:33,37
S72152,Utair,2024-12-07,12:19:46,273
S77553,Aeroflot,2025-09-03,09:17:21,31
WZ2243,Rossiya,2024-07-22,17:53:47,44
U69744,Ural Airlines,2024-12-12,02:36:40,206
N44739,Nordwind,2025-08-17,22:45:29,3
U63412,Utair,2025-03-10,18:26:31,186
WZ1720,Ural Airlines,2025-12-10,19:31:25,65
FV1449,Pobeda,2024-06-09,19:32:00,178
S78290,Nordwind,2024-06-13,16:03:31,189
S77330,S7 Airlines,2024-05-04,00:28:35,171
U68697,Rossiya,2025-06-07,00:48:00,20
U64238,Aeroflot,2024-02-06,02:39:17,5
FV3474,Pobeda,2025-04-17,14:03:17,127
SU4581,Nordwind,2024-11-11,04:14:33,28
UT2568,Nordwind,2025-07-25,06:13:51,91
SU1314,Aeroflot,2024-03-09,06:51:01,233
U68189,Nordwind,2024-09-01,23:38:21,290
U67565,Ural Airlines,2025-10-01,05:13:00,122
WZ7969,Pobeda,2025-12-24,22:05:25,68
DP2249,Utair,2025-12-18,14:21:28,101
SU2648,Ural Airlines,2025-11-23,08:22:34,211
FV9038,S7 Airlines,2025-02-14,02:11:25,98
S77977,Pobeda,2024-02-27,20:08:03,53
N43266,Ural Airlines,2024-05-12,01:50:24,143
UT7188,Aeroflot,2024-10-24,12:47:08,83
S78911,S7 Airlines,2024-09-13,16:00:32,299
UT8728,Ural Airlines,2024-02-17,14:30:26,244
FV7748,Pobeda,2024-10-17,07:38:02,94
DP9091,Red Wings,2024-11-19,06:46:58,173
DP9863,Pobeda,2024-01-23,01:51:51,284
U63977,Rossiya,2024-11-04,21:55:33,296
S72743,S7 Airlines,2025-02-02,06:53:38,294
FV2799,S7 Airlines,2025-10-20,05:11:16,5
SU5219,Pobeda,2025-09-10,08:59:40,175
FV8347,Red Wings,2025-09-18,06:26:42,172
DP7348,Pobeda,2024-08-01,19:48:11,146
N41013,Nordwind,2025-12-21,05:48:16,176
N42194,Nordwind,2024-10-16,14:15:32,150
WZ3464,Red Wings,2024-03-07,19:05:49,5
S71072,S7 Airlines,2025-06-16,23:44:02,182
U66976,Red Wings,2024-07-07,04:55:38,30
WZ4361,S7 Airlines,2025-10-11,16:15:47,114
S74561,Rossiya,2024-04-24,00:41:55,90
DP831,Ural Airlines,2025-12-25,19:53:23,41
U64642,S7 Airlines,2025-04-08,04:43:25,136
UT5262,Red Wings,2024-05-14,04:48:31,234
WZ5590,S7 Airlines,2024-02-04,02:26:22,3
S73379,Red Wings,2025-02-13,04:39:37,269
S78775,Utair,2024-11-27,16:54:30,202
DP2757,S7 Airlines,2024-03-24,20:26:20,40
SU4373,Nordwind,2025-12-10,01:02:36,99
U69529,S7 Airlines,2024-11-14,08:01:59,74
SU4655,S7 Airlines,2024-04-08,17:07:20,42
DP9850,S7 Airlines,2025-06-13,18:47:06,56
DP8494,Rossiya,2025-07-16,04:51:39,125
FV5794,Nordwind,2025-01-25,16:28:12,152
SU5754,Nordwind,2024-09-28,07:14:33,138
DP3569,Ural Airlines,2025-08-17,02:36:50,133
N42446,Nordwind,2025-08-13,16:29:22,5
FV5781,Rossiya,2024-06-15,20:22:21,255
UT8209,Aeroflot,2025-03-27,17:16:21,41
DP5084,Red Wings,2025-09-03,20:43:32,270
FV8754,Aeroflot,2025-01-01,03:47:03,285
FV1262,Utair,2025-11-13,18:55:29,293
DP2164,Rossiya,2024-06-23,11:44:49,216
DP2401,Utair,2024-06-05,14:12:05,236
FV3561,Rossiya,2025-03-09,21:48:15,92
DP8969,Ural Airlines,2024-02-07,19:29:26,195
UT2104,Nordwind,2024-02-06,00:38:49,74
DP1167,Ural Airlines,2025-02-24,07:18:11,31
S79304,Nordwind,2024-09-10,09:42:24,44
U6266,S7 Airlines,2025-07-08,17:34:30,273
U64200,Nordwind,2025-01-24,19:45:16,132
DP3009,Rossiya,2024-09-21,19:12:40,294
U63884,Red Wings,2025-08-12,01:22:47,184
N44505,Rossiya,2025-08-17,19:32:31,239
FV2398,Pobeda,2024-05-14,19:03:38,285
S73561,Nordwind,2025-12-19,06:48:15,158
U6620,Pobeda,2025-12-11,00:22:16,260
SU6298,Nordwind,2024-09-09,13:23:13,63
UT6488,Red Wings,2024-02-24,22:11:19,19
U64959,Utair,2024-05-01,17:38:31,26
FV7466,S7 Airlines,2024-10-22,16:30:14,271
S79449,Aeroflot,2025-04-09,14:14:49,104
N4664,Red Wings,2024-02-23,04:58:39,34
FV2472,Aeroflot,2024-04-21,03:04:18,31
DP6844,S7 Airlines,2025-05-05,17:54:33,43
S76696,Aeroflot,2025-04-03,22:48:38,254
SU9181,Pobeda,2025-01-03,04:46:37,207
UT9512,Aeroflot,2025-01-15,13:05:45,142
DP7752,Ural Airlines,2024-03-08,18:32:30,269
WZ5097,Aeroflot,2025-09-17,09:50:05,58
DP9323,Nordwind,2025-01-24,09:35:56,125
N44107,Nordwind,2025-11-16,08:57:49,19
FV3834,Pobeda,2024-10-08,12:31:40,224
UT567,Ural Airlines,2025-07-05,06:23:37,65
DP2046,Rossiya,2025-02-20,10:47:19,166
N49479,Pobeda,2024-12-16,09:55:47,69
S76681,Utair,2025-09-06,03:58:34,120
U62085,Red Wings,2025-11-02,21:30:44,13
DP8649,Rossiya,2025-02-09,18:37:49,149
SU7171,Ural Airlines,2025-02-18,01:01:40,69
UT6513,Ural Airlines,2024-04-09,15:14:16,300
DP4044,S7 Airlines,2025-12-05,01:23:11,224
DP1100,Utair,2025-02-18,17:50:22,107
UT6606,S7 Airlines,2024-06-20,13:37:09,247
S75502,Rossiya,2025-11-07,08:51:32,275
U61687,Rossiya,2025-01-01,14:08:15,300
DP4584,Ural Airlines,2025-01-15,17:26:06,170
N49847,Nordwind,2024-10-28,08:07:53,236
SU9758,Nordwind,2024-06-03,10:52:49,246
WZ9722,Red Wings,2025-08-15,23:52:41,171
WZ7820,Aeroflot,2024-12-04,09:35:32,211
WZ7458,Utair,2024-08-07,13:59:31,240
UT1865,Utair,2025-03-15,20:17:35,234
U68779,Aeroflot,2024-03-04,13:09:44,17
U63089,Pobeda,2024-10-22,09:50:06,243
UT9386,Pobeda,2024-05-18,10:26:28,65
S77536,Aeroflot,2025-03-27,19:47:56,182
S74008,Ural Airlines,2025-10-01,13:22:31,51
SU7731,Red Wings,2025-01-23,03:23:44,283
N42524,Aeroflot,2024-08-02,21:21:45,293
WZ1172,Pobeda,2025-11-18,03:06:20,246
WZ6230,Aeroflot,2025-02-14,10:23:10,35
WZ728,Ural Airlines,2024-01-07,21:16:26,235
FV4005,Aeroflot,2025-07-11,11:13:21,126
N44015,Rossiya,2024-09-21,12:20:49,24
DP5288,S7 Airlines,2025-07-03,21:15:10,6
FV6806,Rossiya,2024-07-16,18:14:43,201
SU5544,Utair,2025-12-06,12:48:17,171
UT2958,Aeroflot,2025-03-21,05:31:31,146
SU5058,Rossiya,2025-05-16,19:04:51,108
FV1900,Red Wings,2024-04-02,04:00:56,127
SU4242,Aeroflot,2025-05-15,05:57:56,18
S72445,Aeroflot,2025-05-21,20:44:58,254
DP1722,Rossiya,2025-11-24,18:00:18,199
WZ5612,Aeroflot,2024-12-06,03:37:53,242
WZ4298,Rossiya,2025-06-18,19:08:48,257
DP6739,Pobeda,2025-08-04,00:19:44,229
DP9450,Utair,2024-01-15,23:15:05,300
FV5037,Nordwind,2025-03-19,15:52:14,154
DP8478,Ural Airlines,2024-12-22,13:01:21,52
S77074,Red Wings,2024-01-16,19:37:08,12
WZ4012,Nordwind,2024-07-11,16:00:23,114
N45896,Rossiya,2024-12-08,04:08:04,163
N43500,Aeroflot,2024-11-15,03:50:52,111
S78273,Pobeda,2025-09-25,07:14:13,156
UT3568,Nordwind,2024-06-24,00:07:37,252
DP5135,Pobeda,2024-01-01,00:13:32,256
WZ1074,Rossiya,2024-01-27,12:56:17,141
U66011,Rossiya,2025-01-17,20:34:18,102
SU1572,S7 Airlines,2025-02-04,18:39:25,246
WZ1716,Nordwind,2025-02-04,23:28:40,217
DP9816,Aeroflot,2024-06-04,15:15:03,129
FV9558,S7 Airlines,2025-06-26,08:34:21,47
DP7321,Rossiya,2025-10-03,00:05:39,239
DP2073,Rossiya,2025-03-05,05:37:48,110
SU8870,Aeroflot,2024-03-19,07:46:25,282
DP2457,Rossiya,2025-04-04,04:59:05,159
FV2678,S7 Airlines,2025-06-09,01:47:45,199
N43466,Nordwind,2024-06-26,15:26:49,299
DP9012,Pobeda,2024-09-02,16:27:32,118
U66193,Nordwind,2025-09-07,08:03:53,298
FV3149,Pobeda,2025-12-04,22:42:24,83
WZ6838,Aeroflot,2024-10-11,16:07:03,150
WZ3854,Red Wings,2024-01-08,13:03:11,116
S75596,Ural Airlines,2024-12-11,06:06:26,17
U67552,Utair,2025-06-13,18:28:01,278
S76425,Aeroflot,2024-03-04,21:44:47,277
UT3096,Utair,2025-02-12,08:36:15,290
SU6637,Pobeda,2024-03-15,00:22:00,3
SU6567,Pobeda,2024-02-12,23:19:11,257
U69568,Rossiya,2025-10-14,18:37:16,196
WZ9354,Red Wings,2025-04-03,09:58:17,72
DP1033,Rossiya,2024-06-09,11:41:11,29
UT9134,Aeroflot,2024-08-15,00:55:00,94
SU6368,Pobeda,2025-06-17,14:00:44,138
SU7346,Rossiya,2024-08-11,21:36:34,195
UT8343,Red Wings,2024-03-10,12:28:26,112
WZ4864,Aeroflot,2024-03-01,13:12:20,199
FV721,Aeroflot,2025-10-25,17:42:21,112
FV4704,Aeroflot,2025-10-24,05:05:21,2
UT6606,Rossiya,2024-07-26,15:12:48,24
N43715,Pobeda,2025-03-05,11:02:55,287
SU3800,S7 Airlines,2024-10-07,02:28:40,161
S74147,Aeroflot,2025-06-26,22:46:41,237
DP2626,Ural Airlines,2025-04-10,02:26:59,278
SU6173,Utair,2024-06-01,11:58:40,218
UT5596,Utair,2025-07-13,14:46:07,193
WZ9209,Rossiya,2024-08-02,15:31:49,144
UT9438,Utair,2024-04-21,17:53:27,53
U68757,Ural Airlines,2024-12-14,01:27:15,63
UT5867,Pobeda,2025-09-04,01:38:33,68
FV1779,Aeroflot,2024-02-23,07:08:07,290
WZ2889,Rossiya,2025-09-04,19:24:24,201
WZ1911,Rossiya,2024-04-13,02:20:51,178
FV7421,Utair,2024-02-27,10:48:40,186
N45679,Aeroflot,2025-06-05,15:40:01,259
UT6164,Utair,2025-11-16,08:38:56,76
FV8654,Nordwind,2024-05-21,18:56:52,26
S7454,S7 Airlines,2025-01-08,08:05:30,165
DP5704,S7 Airlines,2024-08-14,08:52:43,162
SU5974,Nordwind,2025-06-02,19:26:14,32
N46900,Rossiya,2025-07-03,01:57:41,97
U6387,Rossiya,2024-02-03,22:56:22,196
UT4762,Ural Airlines,2024-12-24,00:08:41,170
U6871,Utair,2025-05-02,02:46:01,160
U6196,Utair,2025-06-20,03:36:16,211
SU1948,Pobeda,2025-10-02,12:22:16,187
UT7187,Utair,2025-08-21,12:13:47,166
SU2090,Ural Airlines,2024-06-25,17:03:55,271
N47097,S7 Airlines,2024-06-07,19:07:41,145
SU3224,Rossiya,2025-12-12,16:29:30,160
FV1535,Nordwind,2024-06-07,20:02:45,129
S73930,Nordwind,2025-05-26,00:40:05,7
WZ6437,Red Wings,2024-09-23,22:03:51,78
UT3333,Ural Airlines,2025-10-01,23:13:26,202
FV1730,Ural Airlines,2025-03-24,20:03:23,157
N48563,Utair,2024-12-12,21:37:51,288
UT108,Aeroflot,2025-03-08,02:36:46,131
WZ6266,Utair,2024-04-01,08:28:27,84
SU5596,Aeroflot,2024-05-23,09:25:54,123
UT2284,Rossiya,2025-06-22,16:54:03,99
FV7302,S7 Airlines,2024-07-15,10:58:30,193
U62048,Red Wings,2025-03-05,10:52:49,293
WZ741,Utair,2025-07-28,05:54:24,273
S78182,Rossiya,2025-07-15,03:40:58,209
DP2536,Red Wings,2025-04-28,04:40:10,2
U66526,Ural Airlines,2025-01-15,09:18:44,186
S78359,Pobeda,2024-03-08,01:21:31,144
DP2789,Nordwind,2024-04-12,22:13:10,3
DP7198,Ural Airlines,2024-06-15,17:42:34,252
UT1704,Rossiya,2024-08-10,20:16:46,82
N45537,S7 Airlines,2025-05-12,21:08:26,157
UT9171,Red Wings,2025-01-13,22:15:42,125
S78675,Nordwind,2024-05-09,21:58:42,191
U67991,Nordwind,2024-01-28,11:22:12,7
WZ3009,Pobeda,2025-10-16,01:41:05,114
DP667,Red Wings,2024-10-27,10:54:29,35
N42188,Red Wings,2024-03-17,06:36:44,6
WZ4727,Nordwind,2024-03-10,18:27:30,142
FV8815,S7 Airlines,2024-03-22,16:02:32,158
SU3755,Rossiya,2024-01-09,21:21:55,77
U63961,Pobeda,2024-02-03,05:11:59,116
N43201,Red Wings,2024-10-05,15:27:33,119
U66846,Pobeda,2025-03-16,03:51:13,283
U69798,Pobeda,2025-11-28,21:03:44,169
FV461,Ural Airlines,2025-08-18,00:49:29,86
N4957,Utair,2024-04-22,17:23:23,98
FV5026,Pobeda,2024-06-02,05:39:48,76
UT608,Aeroflot,2024-02-15,10:56:48,68
U67531,Aeroflot,2024-02-18,23:50:18,94
FV9250,Utair,2025-01-20,01:52:56,269
DP5191,Red Wings,2024-09-27,18:44:14,259
WZ923,Red Wings,2025-07-08,05:12:39,211
UT2899,Rossiya,2025-09-04,02:38:26,253
S71682,Aeroflot,2025-02-25,19:49:07,244
N4451,Pobeda,2025-08-28,09:22:47,155
SU2895,Nordwind,2024-10-26,17:26:40,191
UT4099,Ural Airlines,2024-02-27,04:40:09,89
S7924,Rossiya,2025-02-18,18:29:16,142
WZ4809,Aeroflot,2025-09-01,00:38:21,83
N44053,Red Wings,2024-08-20,16:13:30,109
S7535,Red Wings,2024-09-16,23:25:46,163
S76433,Aeroflot,2025-12-28,08:17:29,281
UT5150,Ural Airlines,2025-02-16,15:35:58,132
U67085,Ural Airlines,2024-08-22,06:50:17,299
U61531,Rossiya,2024-08-17,14:46:17,239
SU4427,Red Wings,2025-09-21,07:01:22,217
U65535,Aeroflot,2024-12-12,16:44:02,142
WZ1885,Rossiya,2024-10-01,22:03:07,13
N43689,Red Wings,2024-01-08,12:41:36,155
N48853,Pobeda,2025-12-11,10:53:15,186
U61574,Rossiya,2024-06-27,02:47:14,183
WZ5852,Aeroflot,2024-04-13,15:43:02,280
FV7376,Nordwind,2025-12-22,13:16:17,299
DP6036,Red Wings,2024-03-02,11:15:03,139
WZ4642,Pobeda,2025-01-18,23:41:57,167
FV1356,Ural Airlines,2024-09-01,17:12:58,21
N45111,Utair,2024-12-01,21:08:00,181
U69021,Pobeda,2025-09-22,09:44:33,257
FV324,Aeroflot,2025-02-09,12:48:38,5
SU9315,Rossiya,2024-05-04,10:03:28,133
FV6922,Red Wings,2025-04-17,03:15:24,149
N48193,Ural Airlines,2024-12-13,10:03:39,102
S79711,Utair,2025-04-11,12:57:43,184
U65500,Aeroflot,2025-08-21,14:14:28,257
FV5480,Rossiya,2025-02-18,16:26:52,252
UT3268,Rossiya,2024-11-28,17:45:44,181
WZ8377,Utair,2024-10-20,23:55:29,5
U67910,Utair,2025-09-13,20:15:42,243
UT8331,S7 Airlines,2024-02-24,02:38:57,75
SU8718,Aeroflot,2024-10-14,02:07:56,67
DP2667,Rossiya,2024-02-15,06:41:25,118
FV2966,Nordwind,2024-11-06,18:01:08,265
DP1645,Utair,2025-03-18,11:35:44,63
DP9093,Ural Airlines,2025-07-05,11:48:14,76
S75203,Rossiya,2025-02-05,15:53:17,10
SU6887,Nordwind,2025-07-24,16:52:13,69
FV6266,S7 Airlines,2024-11-05,02:28:25,170
DP7656,Ural Airlines,2024-04-23,05:02:51,257
WZ9476,S7 Airlines,2025-09-10,04:01:54,2
WZ2415,Red Wings,2024-12-17,08:02:15,179
DP7957,Utair,2025-09-10,01:10:31,223
WZ4870,S7 Airlines,2024-04-19,16:06:31,231
SU3526,Utair,2024-04-02,00:22:49,25
S77024,Ural Airlines,2025-05-16,23:13:19,221
DP5157,Nordwind,2025-09-23,06:40:28,37
FV1413,Red Wings,2025-07-21,05:59:07,190
N41254,Ural Airlines,2024-08-07,04:43:41,136
U66620,Aeroflot,2025-10-20,06:01:07,258
DP3227,Pobeda,2024-05-27,21:28:58,278
SU9652,Nordwind,2025-07-23,02:34:53,48
SU9602,Aeroflot,2024-03-24,21:07:58,298
DP9004,Pobeda,2024-11-13,03:57:07,30
N46929,Rossiya,2025-05-13,10:29:08,255
WZ2441,Nordwind,2024-05-08,09:15:44,77
DP4694,Red Wings,2024-03-01,00:46:22,32
UT7479,Ural Airlines,2024-03-08,22:11:05,145
SU7442,Pobeda,2024-07-25,20:42:19,270
UT9730,S7 Airlines,2025-10-09,17:49:04,187
U66883,Nordwind,2024-09-19,05:11:27,81
UT2665,Nordwind,2024-11-16,02:45:03,64
UT2973,Utair,2024-07-01,15:36:20,241
SU3864,Rossiya,2025-01-11,15:17:09,193
N45952,Utair,2025-08-24,03:55:56,94
WZ6472,S7 Airlines,2025-10-10,10:25:24,250
WZ4692,Ural Airlines,2025-01-04,20:48:25,87
U62029,Utair,2024-02-07,16:18:27,121
SU5530,S7 Airlines,2025-06-15,22:42:12,232
SU7214,Pobeda,2024-03-22,14:22:27,104
S73101,Utair,2025-09-08,22:23:57,94
FV9515,Aeroflot,2025-07-09,11:46:37,85
S79463,Red Wings,2025-08-27,12:34:46,205
SU3175,Utair,2024-12-27,09:11:03,88
N43269,Aeroflot,2025-04-17,10:14:27,53
DP3536,Aeroflot,2024-12-01,12:35:56,229
DP9775,Ural Airlines,2024-05-25,07:32:21,246
FV6725,Pobeda,2025-08-13,11:05:17,61
U66181,Utair,2025-02-15,23:29:07,282
WZ5082,Nordwind,2024-01-28,05:17:44,159
S79679,Rossiya,2025-12-13,14:26:48,276
SU5692,S7 Airlines,2024-09-08,05:34:55,130
N48171,Rossiya,2025-09-25,14:12:29,123
S78965,S7 Airlines,2024-04-02,01:08:25,169
S71296,Aeroflot,2025-12-28,18:09:04,15
S73637,Pobeda,2025-03-11,16:52:48,191
DP4588,Nordwind,2024-04-18,00:49:25,82
WZ5753,Aeroflot,2024-07-21,01:17:00,37
N43951,Rossiya,2025-12-06,15:55:12,243
WZ7954,Utair,2024-04-24,10:48:59,149
UT7330,Utair,2025-01-13,06:34:18,88
WZ2309,Pobeda,2024-03-09,08:31:40,125
N47859,Red Wings,2024-04-12,12:29:49,61
S79113,Pobeda,2024-12-01,17:21:32,218
FV2993,Pobeda,2025-06-04,07:58:01,90
DP9199,Red Wings,2025-01-25,19:55:19,286
N43960,Ural Airlines,2025-05-11,07:38:07,264
SU8420,S7 Airlines,2024-12-27,19:24:26,31
FV8134,Aeroflot,2025-06-25,12:59:17,241
N45879,Rossiya,2024-02-02,04:08:46,109
U67735,Aeroflot,2024-06-13,07:43:58,39
UT3858,Rossiya,2025-01-17,03:02:37,105
N43672,Nordwind,2025-05-07,15:04:29,164
DP8703,Utair,2024-04-17,10:02:26,255
FV1696,S7 Airlines,2025-09-11,06:25:17,234
UT3606,Nordwind,2025-04-07,18:01:19,262
UT7914,Utair,2025-06-06,23:45:03,126
FV5868,Nordwind,2024-12-25,13:28:19,126
WZ9381,Nordwind,2024-05-23,03:55:17,20
S79657,Rossiya,2024-08-27,18:52:45,251
N47926,Red Wings,2025-06-23,18:09:15,246
WZ5923,Rossiya,2025-12-25,14:36:14,145
WZ6535,S7 Airlines,2024-05-03,16:56:29,9
S73584,Aeroflot,2025-06-08,09:14:25,232
S73936,S7 Airlines,2024-04-05,07:44:11,111
SU4950,Utair,2025-07-09,14:24:58,230
FV264,Nordwind,2025-05-26,19:59:29,34
U69058,Utair,2025-04-11,15:04:37,208
SU7568,S7 Airlines,2025-11-01,12:59:19,77
WZ3889,Red Wings,2024-11-09,02:16:28,262
U68454,Rossiya,2024-02-02,13:01:33,35
DP7473,Utair,2024-04-10,20:46:45,146
WZ5841,Pobeda,2025-08-18,09:49:59,111
WZ2256,Aeroflot,2025-09-07,04:13:12,83
WZ4145,Utair,2024-10-19,19:27:27,70
FV7747,S7 Airlines,2024-08-05,17:32:06,191
U69157,Pobeda,2025-10-14,02:54:07,71
FV5131,Aeroflot,2024-04-25,11:31:51,224
UT3118,Pobeda,2025-02-14,09:35:23,250
SU1528,Aeroflot,2024-06-06,09:05:14,191
S77218,Rossiya,2024-06-23,05:55:25,11
U62950,Red Wings,2025-09-24,23:26:20,299
WZ9995,Pobeda,2024-02-16,04:03:31,293
UT4088,Ural Airlines,2025-09-18,04:17:23,298
U66928,Rossiya,2024-05-03,21:25:04,39
WZ4570,Red Wings,2025-04-26,10:32:26,246
FV6659,Rossiya,2024-03-24,14:20:04,248
UT6667,Red Wings,2025-04-01,10:37:51,269
SU1599,Pobeda,2025-08-06,03:30:22,144
U63764,Rossiya,2024-02-18,15:47:29,81
UT862,S7 Airlines,2024-01-27,18:40:26,195
S77382,Utair,2025-04-06,21:53:29,251
N43004,S7 Airlines,2024-08-06,03:40:47,274
FV2072,Ural Airlines,2024-02-20,09:31:00,92
UT2438,Pobeda,2025-02-21,04:11:20,255
WZ5650,Nordwind,2024-07-25,03:21:17,197
SU4574,Utair,2025-07-17,09:15:39,297
WZ8142,Rossiya,2025-10-23,23:40:49,237
SU7055,Utair,2025-06-24,17:57:55,203
UT6514,Ural Airlines,2025-08-21,03:02:30,137
U69999,Rossiya,2025-01-10,21:02:37,96
S76069,Nordwind,2025-10-09,18:28:38,156
U64559,Rossiya,2025-10-02,13:17:15,51
S78506,S7 Airlines,2024-08-13,08:43:54,267
FV2079,Red Wings,2024-05-21,11:29:14,111
WZ1298,Rossiya,2024-01-12,19:38:13,214
U65832,Rossiya,2024-01-26,14:29:17,275
DP8939,Nordwind,2025-09-28,03:00:10,262
SU2742,Nordwind,2024-01-01,15:47:01,156
DP298,Rossiya,2024-06-03,16:35:48,95
N4618,Ural Airlines,2025-09-15,20:20:09,21
DP1782,Ural Airlines,2025-07-10,05:49:15,4
U68517,Pobeda,2025-11-16,21:19:54,286
WZ3251,Pobeda,2024-08-02,23:15:52,82
S7631,Pobeda,2024-10-10,15:40:51,134
N44352,Red Wings,2025-09-08,15:20:55,43
U64151,Pobeda,2024-06-08,21:06:41,5
FV9126,Ural Airlines,2025-03-24,16:44:47,249
N42071,S7 Airlines,2025-09-23,07:55:45,139
FV2146,Nordwind,2025-10-09,06:36:56,253
N44945,Aeroflot,2024-05-14,21:34:34,105
DP8667,Pobeda,2024-02-05,19:54:58,201
UT7625,Ural Airlines,2024-04-26,20:51:12,125
U63647,Aeroflot,2024-04-11,07:40:46,239
N45152,Utair,2025-07-04,05:53:13,226
N43319,Nordwind,2025-12-10,17:05:19,198
SU5088,Nordwind,2025-11-18,04:32:39,89
WZ886,Pobeda,2024-07-06,13:53:06,57
FV9197,Red Wings,2025-03-01,08:37:54,293
SU9207,Nordwind,2025-03-22,16:14:39,245
DP6872,Ural Airlines,2025-05-08,12:21:56,73
SU1143,Nordwind,2024-01-20,12:06:21,234
U69636,S7 Airlines,2024-12-15,18:13:14,97
WZ1029,Rossiya,2025-12-06,08:09:17,43
S75271,Rossiya,2025-10-10,17:34:27,162
DP3712,Ural Airlines,2024-10-26,13:22:33,5
SU4574,Red Wings,2025-09-11,08:25:19,139
S77108,Nordwind,2025-07-05,17:17:32,287
FV2090,Utair,2024-04-03,21:31:47,197
U63712,Nordwind,2024-08-17,11:20:05,124
SU9103,Red Wings,2025-11-05,00:09:40,300
UT7165,Nordwind,2025-09-05,06:37:21,230
SU6442,Ural Airlines,2025-06-04,15:11:01,146
N46531,Red Wings,2025-03-01,12:00:06,135
UT8377,Ural Airlines,2024-02-15,12:18:44,230
DP6188,Aeroflot,2025-10-05,02:17:43,230
DP1343,Rossiya,2025-04-02,21:49:33,214
S72973,Red Wings,2024-01-27,23:57:03,298
S7687,Nordwind,2024-08-13,18:35:49,185
SU340,Utair,2025-06-03,06:39:06,237
U64624,Utair,2025-05-01,22:16:47,173
SU1327,Aeroflot,2025-10-23,16:15:52,278
SU7123,Red Wings,2024-04-27,20:33:14,61
N48030,Red Wings,2025-08-04,10:15:08,78
U68432,Pobeda,2025-03-15,03:07:55,24
SU5293,Rossiya,2025-06-15,02:09:07,19
UT9506,Pobeda,2025-12-15,06:43:18,273
UT9013,Pobeda,2024-07-27,08:10:21,46
DP1846,Nordwind,2025-02-09,04:02:33,148
N48771,Pobeda,2024-10-14,12:20:40,194
FV8129,Aeroflot,2024-01-25,22:35:42,44
SU4225,Aeroflot,2024-11-10,23:46:25,13
N49592,Pobeda,2025-11-20,18:50:50,45
WZ2316,Red Wings,2025-06-13,16:23:39,40
WZ7521,Aeroflot,2025-10-19,14:31:00,148
DP2004,Pobeda,2025-09-09,21:35:15,283
SU2481,Rossiya,2024-12-23,18:17:43,165
S75403,Nordwind,2024-03-05,14:47:16,141
S7286,Red Wings,2025-05-03,18:16:14,71
WZ1727,Nordwind,2024-07-11,11:27:12,123
UT6230,Ural Airlines,2024-08-26,00:58:21,51
WZ3840,Ural Airlines,2025-10-01,04:33:50,76
N42224,Ural Airlines,2024-03-15,16:33:27,227
S72748,Utair,2025-11-13,22:41:34,263
SU8656,Utair,2024-08-12,04:52:22,134
U65434,Pobeda,2024-02-27,06:47:06,16
SU9546,Nordwind,2024-11-19,11:27:36,268
DP1203,Rossiya,2024-08-26,01:58:12,202
U64401,S7 Airlines,2025-10-22,21:07:31,277
S79886,S7 Airlines,2025-11-07,15:51:36,52
SU6875,Utair,2025-03-19,13:25:52,219
N4631,Rossiya,2024-07-21,12:02:47,95
N43597,Utair,2025-06-01,12:03:01,248
DP8242,Aeroflot,2024-01-18,20:52:43,66
WZ3335,Red Wings,2025-03-05,19:15:18,244
DP3081,Aeroflot,2025-11-18,15:40:55,262
SU3124,Pobeda,2024-01-19,12:51:29,181
SU9978,Red Wings,2024-07-10,06:51:06,179
FV2390,S7 Airlines,2024-07-20,14:05:01,65
FV635,S7 Airlines,2024-04-06,13:52:07,256
FV7995,Ural Airlines,2024-08-02,08:42:32,62
N4803,Rossiya,2024-09-01,14:35:17,56
S74776,Nordwind,2025-01-22,06:51:43,269
SU1927,Red Wings,2025-10-14,17:09:33,148
UT3006,Utair,2024-07-22,17:38:20,169
UT650,Rossiya,2024-09-03,10:10:00,92
SU8220,Pobeda,2025-03-27,23:43:42,227
S79096,S7 Airlines,2024-06-14,10:17:33,181
WZ6121,Aeroflot,2025-01-27,12:21:06,273
FV2545,Nordwind,2025-10-01,20:09:34,170
DP4078,Pobeda,2025-06-03,14:41:50,171
WZ2522,Ural Airlines,2024-02-04,02:16:21,277
FV5769,S7 Airlines,2024-08-04,07:59:49,67
SU3469,Utair,2024-01-16,05:56:52,225
FV6985,Utair,2025-11-22,20:50:39,282
S71405,Rossiya,2025-07-20,06:44:18,30
DP1721,Nordwind,2025-10-17,23:45:00,144
DP3840,Nordwind,2024-09-24,20:44:37,49
FV3228,S7 Airlines,2025-01-17,15:13:28,16
U65928,Nordwind,2024-01-05,09:12:45,26
SU7506,Aeroflot,2025-06-05,03:51:56,165
N43734,Pobeda,2024-05-18,20:37:09,143
N46835,Aeroflot,2025-12-10,05:43:57,43
FV8282,S7 Airlines,2025-09-10,21:44:28,239
DP984,Rossiya,2025-05-28,10:07:42,190
SU1806,Aeroflot,2025-10-17,23:35:47,246
FV8086,Ural Airlines,2024-12-24,10:07:16,75
U68100,Rossiya,2025-01-18,04:44:11,276
SU1527,Nordwind,2024-04-25,21:06:27,116
S75349,Pobeda,2024-02-08,12:01:25,159
UT1534,S7 Airlines,2024-02-15,00:49:44,126
U69006,Red Wings,2024-12-24,05:55:53,32
N43390,Aeroflot,2025-06-16,07:29:31,244
DP243,Nordwind,2024-10-08,20:05:03,35
WZ5470,Pobeda,2025-03-02,09:25:55,2
SU8624,Rossiya,2025-07-23,13:44:40,44
UT1875,S7 Airlines,2024-01-12,19:37:46,297
FV4289,Rossiya,2024-08-21,20:13:59,80
WZ7030,Pobeda,2024-05-19,00:57:09,79
SU2021,Red Wings,2025-06-01,23:40:16,79
S78858,Ural Airlines,2025-09-15,21:42:51,222
SU2572,Aeroflot,2025-10-26,16:48:31,32
FV8003,Red Wings,2025-06-16,09:44:19,152
N42732,Rossiya,2024-07-24,21:53:29,181
UT2828,Ural Airlines,2025-07-14,16:47:10,78
U61372,Aeroflot,2025-10-07,20:18:14,83
N4421,Pobeda,2024-04-27,15:21:45,19
FV284,Ural Airlines,2024-06-25,18:29:14,282
SU5269,Red Wings,2024-02-12,21:00:23,169
UT8555,Red Wings,2024-10-23,13:20:44,111
S75834,Pobeda,2024-08-14,22:25:50,254
FV6878,S7 Airlines,2025-09-07,00:14:34,221
DP7771,Red Wings,2024-04-17,18:57:25,195
U68398,Rossiya,2024-12-13,00:32:42,220
FV7488,Nordwind,2025-09-04,03:02:23,240
U65069,Pobeda,2024-04-14,14:43:10,6
WZ495,Nordwind,2024-06-22,14:42:26,248
WZ2928,Rossiya,2025-07-25,04:12:41,39
UT5450,Rossiya,2025-09-03,02:02:37,289
FV6280,S7 Airlines,2025-11-10,11:59:05,71
DP3652,Rossiya,2025-12-16,22:32:20,68
WZ1338,Rossiya,2025-06-21,22:52:08,109
WZ4732,Rossiya,2025-06-24,12:28:41,43
WZ8862,Nordwind,2024-01-10,20:52:08,258
DP4385,S7 Airlines,2024-11-18,23:04:55,121
N47132,Rossiya,2025-06-27,23:50:34,12
N43685,Rossiya,2025-01-09,07:39:19,38
SU1909,Aeroflot,2024-12-07,19:38:03,207
S76457,Nordwind,2024-05-19,17:17:43,64
DP8717,S7 Airlines,2025-01-16,06:51:04,71
FV8562,S7 Airlines,2025-01-13,01:29:45,254
WZ6108,Aeroflot,2025-07-01,13:37:44,173
WZ6173,Utair,2024-12-08,23:02:25,117
DP6232,Utair,2025-02-16,11:46:35,94
SU2279,Pobeda,2025-10-16,16:10:10,20
FV5993,Pobeda,2025-07-28,03:49:19,277
DP590,Aeroflot,2025-06-12,21:56:09,156
N43333,Rossiya,2025-12-21,19:24:40,186
FV5661,Nordwind,2024-12-23,01:55:35,5
SU1017,S7 Airlines,2025-08-26,13:52:53,161
U66653,Utair,2024-10-23,23:41:22,175
U67032,Rossiya,2024-08-16,03:17:35,235
DP9934,Aeroflot,2024-07-02,19:10:34,134
DP8633,Pobeda,2025-07-01,22:17:51,199
DP7734,Nordwind,2025-04-24,13:48:11,285
WZ2829,Ural Airlines,2024-07-13,12:30:38,275
FV1741,Pobeda,2024-12-04,14:28:55,299
WZ3986,Red Wings,2024-08-07,18:17:34,298
FV2774,Ural Airlines,2024-07-01,15:38:42,79
UT9049,Nordwind,2024-09-10,07:07:52,167
N47932,Aeroflot,2025-05-15,14:59:20,201
UT6094,Pobeda,2025-01-11,18:36:18,23
SU9024,Utair,2025-12-25,17:44:06,156
S79443,Red Wings,2024-03-08,06:11:46,242
WZ6000,Ural Airlines,2025-06-03,10:33:37,209
U69134,Nordwind,2024-02-20,09:04:19,229
S7482,Aeroflot,2025-07-22,05:06:36,212
N47602,Nordwind,2024-05-10,00:48:28,141
U61152,Pobeda,2024-06-24,07:57:33,295
S73267,Red Wings,2025-07-02,15:28:52,26
N4360,Utair,2024-10-25,10:17:36,49
DP4476,Ural Airlines,2025-12-25,22:28:15,296
S73086,Red Wings,2025-09-09,19:45:12,193
N42724,Rossiya,2025-01-26,00:32:44,28
FV1579,Aeroflot,2025-09-26,02:41:41,219
WZ3799,Rossiya,2024-11-16,03:28:59,252
DP7739,Utair,2025-01-05,03:20:41,51
U61966,Nordwind,2025-03-27,17:17:27,131
UT4618,Ural Airlines,2025-06-10,21:29:17,287
WZ6909,S7 Airlines,2025-07-11,00:49:22,247
FV416,S7 Airlines,2024-06-07,07:35:24,38
UT3022,Ural Airlines,2025-11-27,13:16:45,68
U66831,Rossiya,2024-12-20,13:05:47,191
DP8857,Pobeda,2024-04-12,04:40:07,83
WZ1276,Nordwind,2025-08-11,01:19:52,161
SU3882,Nordwind,2024-06-18,12:45:23,31
UT6526,Rossiya,2025-06-28,23:07:36,186
U66535,Utair,2024-09-02,04:56:09,213
FV7441,Ural Airlines,2024-07-25,03:54:25,240
U64016,Utair,2025-10-16,02:48:09,96
UT2741,Red Wings,2025-10-18,16:11:25,207
U69430,Rossiya,2025-09-17,23:53:55,148
N46337,Ural Airlines,2024-10-21,23:55:05,221
WZ6349,Red Wings,2025-01-01,00:49:38,3
WZ3555,Utair,2024-11-04,00:22:58,50
DP1650,Ural Airlines,2025-03-01,02:17:12,86
U67817,Rossiya,2025-12-24,16:01:48,241
N43696,Pobeda,2025-06-12,08:58:07,289
UT3550,Rossiya,2025-07-19,08:56:56,157
DP8670,Rossiya,2024-05-20,18:06:04,5
N47621,Pobeda,2024-06-01,21:51:59,300
U61344,Pobeda,2024-11-22,06:35:35,48
U68812,Utair,2024-03-21,11:18:00,137
U67657,S7 Airlines,2024-01-09,14:50:01,241
SU9094,Rossiya,2024-09-05,14:27:57,252
DP6930,S7 Airlines,2024-08-14,13:29:15,270
DP7526,Rossiya,2025-03-14,04:13:55,260
UT4883,Utair,2025-08-05,14:51:40,268
DP5853,Rossiya,2025-08-04,20:03:57,149
WZ1651,Aeroflot,2024-04-26,08:04:47,55
SU998,Ural Airlines,2025-04-21,17:24:12,293
N44312,Aeroflot,2024-09-09,19:22:55,222
SU2300,Rossiya,2024-08-17,02:32:22,281
UT9369,Pobeda,2024-09-05,22:06:43,134
FV6207,Nordwind,2025-10-12,02:41:40,209
U68258,Aeroflot,2025-10-23,21:06:24,211
WZ6928,Rossiya,2025-11-13,09:36:18,74
WZ8018,Rossiya,2024-09-10,12:56:55,226
SU5302,Red Wings,2024-04-01,12:49:57,48
WZ8382,Red Wings,2024-04-13,21:25:48,103
U64568,Aeroflot,2025-08-27,23:04:30,129
UT7062,Nordwind,2025-02-22,21:33:27,47
FV9276,Red Wings,2024-01-07,17:11:41,252
S79635,S7 Airlines,2025-04-16,16:39:05,130
UT190,S7 Airlines,2024-10-05,00:28:05,79
DP2333,Pobeda,2024-09-12,15:01:32,63
N4279,Utair,2024-07-21,17:52:38,179
WZ3671,Ural Airlines,2024-09-27,15:45:23,174
WZ1195,Aeroflot,2024-04-25,09:26:34,221
UT5513,Ural Airlines,2024-06-19,04:18:15,290
U65915,Nordwind,2024-11-16,04:40:48,168
UT1068,Aeroflot,2025-09-05,23:05:59,38
UT2924,Ural Airlines,2024-10-07,23:47:12,79
UT6873,Utair,2024-08-25,02:10:08,109
DP8534,Rossiya,2024-12-25,20:40:58,151
UT1870,S7 Airlines,2024-08-08,18:32:39,62
WZ9745,Red Wings,2024-04-14,21:35:53,242
UT6424,Nordwind,2024-11-23,18:21:56,236
WZ5960,S7 Airlines,2025-03-01,06:14:08,236
N42197,S7 Airlines,2024-04-03,16:08:26,2
FV4913,Rossiya,2025-11-07,23:53:41,160
FV4038,Pobeda,2025-06-06,11:52:44,122
FV782,Rossiya,2025-12-12,05:23:20,249
S73634,Rossiya,2025-07-11,00:34:14,225
UT2218,Utair,2025-04-16,11:26:00,168
S76845,S7 Airlines,2025-01-04,16:49:16,215
U62705,Rossiya,2024-01-23,12:16:52,90
S71025,Red Wings,2025-05-05,13:18:52,47
SU3961,S7 Airlines,2024-10-08,20:39:45,73
FV9792,Nordwind,2024-12-23,11:48:21,268
UT3859,Red Wings,2025-02-09,05:47:09,268
SU7240,Utair,2024-01-09,20:07:05,75
N49453,Nordwind,2025-09-16,17:59:50,270
SU8257,Ural Airlines,2025-08-15,01:02:10,277
UT4945,S7 Airlines,2025-11-07,06:09:25,210
UT4776,Aeroflot,2025-07-17,06:18:21,194
U67379,Nordwind,2025-03-02,10:22:40,89
FV5037,Nordwind,2024-01-08,10:12:41,239
UT4688,Aeroflot,2024-10-06,10:05:23,285
FV3667,Aeroflot,2024-06-03,06:42:36,254
SU9487,Utair,2025-12-18,13:39:06,263
FV8589,Nordwind,2024-04-11,17:31:37,230
N46775,Nordwind,2024-12-01,20:01:32,284
FV353,Pobeda,2024-10-07,14:12:47,20
FV4809,Red Wings,2024-06-11,10:07:29,197
FV7740,Utair,2024-05-09,16:02:09,33
DP2698,Pobeda,2025-10-02,16:08:08,63
WZ7934,Ural Airlines,2024-06-13,15:17:22,27
S77016,Aeroflot,2024-03-28,17:12:15,209
WZ5549,Rossiya,2025-09-28,05:06:17,284
WZ366,Pobeda,2024-02-12,15:26:14,25
DP4565,Aeroflot,2024-12-15,19:34:47,192
WZ2477,Rossiya,2024-09-01,07:31:37,90
SU5207,Aeroflot,2024-11-25,02:23:49,299
SU9107,Ural Airlines,2025-04-21,20:17:55,144
WZ9874,Pobeda,2024-08-06,15:01:20,181
DP4316,Rossiya,2024-07-11,10:49:09,28
N48218,S7 Airlines,2024-03-15,06:22:49,17
S71037,Rossiya,2024-08-15,00:52:34,300
U65584,Rossiya,2025-06-05,01:39:41,129
U68348,Rossiya,2025-06-04,09:20:21,16
UT4779,Nordwind,2024-09-27,11:50:13,29
N49957,S7 Airlines,2025-05-06,22:20:21,210
WZ3839,Ural Airlines,2024-09-08,22:27:58,17
WZ2290,Pobeda,2024-01-18,03:48:46,295
S73475,Nordwind,2024-09-10,00:51:26,6
FV2122,Aeroflot,2024-11-13,11:28:35,107
FV3288,Nordwind,2024-06-28,19:19:34,272
WZ584,Utair,2024-09-27,16:21:52,184
UT3434,Rossiya,2025-03-27,15:11:59,63
DP2320,S7 Airlines,2024-04-12,13:54:30,286
N48861,Aeroflot,2024-06-04,00:47:37,75
WZ774,Utair,2025-11-06,00:59:52,90
DP4469,Nordwind,2024-04-27,21:46:06,39
SU2417,Nordwind,2025-07-13,01:24:50,236
N45895,Utair,2025-08-08,10:20:12,259
UT9932,Utair,2025-03-24,11:40:48,4
S75104,Red Wings,2024-02-08,07:48:45,129
WZ6731,Rossiya,2024-04-24,03:58:10,288
SU6480,Nordwind,2025-04-25,21:21:20,24
WZ7122,Pobeda,2024-02-04,09:17:42,264
UT7191,Utair,2025-07-03,16:27:55,270
S74721,Pobeda,2025-11-02,14:35:23,13
U66855,Rossiya,2024-07-11,10:12:23,127
N4528,S7 Airlines,2024-05-04,14:55:32,157
U61626,Aeroflot,2024-12-05,21:20:40,8
WZ9462,Red Wings,2025-08-04,11:50:43,236
UT3282,Red Wings,2024-03-23,15:15:21,122
U69292,Ural Airlines,2024-04-22,00:04:15,270
S75717,Red Wings,2025-12-23,04:40:12,120
N41977,Pobeda,2024-08-09,17:07:27,144
DP4559,Red Wings,2024-12-21,03:27:43,129
WZ9122,Ural Airlines,2024-12-11,03:49:47,32
N46683,Rossiya,2024-11-07,17:18:21,78
SU6341,Aeroflot,2025-08-05,01:00:10,222
SU1575,Red Wings,2025-10-01,22:52:33,184
DP4155,S7 Airlines,2025-02-15,06:10:43,254
UT2556,Utair,2025-03-17,10:19:50,192
UT5362,Red Wings,2025-05-15,14:17:45,102
U69056,Pobeda,2024-08-24,00:19:25,51
DP7274,Utair,2025-05-17,13:59:01,178
UT5534,Ural Airlines,2025-10-07,14:18:58,49
S75579,Nordwind,2024-08-25,13:07:11,226
N45736,S7 Airlines,2025-06-23,01:02:30,174
N49758,Red Wings,2025-02-27,05:03:56,34
N46096,S7 Airlines,2025-09-28,05:29:36,80
WZ815,Aeroflot,2024-08-22,11:33:47,36
UT8573,S7 Airlines,2025-02-17,00:50:35,172
N47513,Utair,2024-05-24,06:53:02,32
FV2425,S7 Airlines,2024-05-02,01:40:40,125
SU4724,Aeroflot,2025-10-27,08:28:01,197
S76655,Aeroflot,2024-12-15,19:05:10,51
FV5692,S7 Airlines,2025-12-05,18:30:22,112
FV8598,Utair,2024-01-06,04:24:06,76
SU4130,Utair,2025-06-21,12:23:34,6
N47395,Pobeda,2024-12-22,09:04:49,44
UT9458,Nordwind,2024-01-28,21:51:13,31
U64232,Pobeda,2024-03-13,19:47:16,165
S73456,Aeroflot,2024-07-28,03:15:51,195
U6345,Rossiya,2025-04-15,11:06:19,73
SU603,Nordwind,2024-05-11,22:49:11,208
WZ6769,S7 Airlines,2024-10-28,01:05:21,127
DP8622,S7 Airlines,2024-08-24,23:47:23,227
WZ2369,Rossiya,2025-03-02,13:21:05,90
N47116,S7 Airlines,2024-05-09,05:22:26,45
UT3158,Ural Airlines,2025-11-17,00:48:52,255
U67939,Ural Airlines,2024-07-27,10:19:07,264
N49544,Pobeda,2024-11-19,08:59:21,291
U65275,Red Wings,2024-03-18,22:15:11,30
DP5844,Ural Airlines,2024-12-14,20:35:12,33
N43471,Nordwind,2024-03-14,12:09:56,61
SU6970,Rossiya,2025-04-23,07:34:56,133
S77742,Red Wings,2025-09-08,04:36:55,91
WZ9629,Pobeda,2024-01-20,20:24:38,113
FV1453,Utair,2024-04-19,03:38:18,111
UT6665,Utair,2025-09-26,22:39:25,135
FV7646,Pobeda,2024-12-23,08:57:10,286
UT9822,Red Wings,2024-04-06,12:51:07,133
FV8005,Rossiya,2025-06-23,06:16:23,144
N49110,Rossiya,2025-11-17,23:38:02,206
FV6887,Red Wings,2025-03-05,15:32:42,94
DP9592,Red Wings,2025-01-18,21:54:46,199
N41606,Nordwind,2024-02-15,03:05:49,103
S76424,Utair,2025-07-03,15:38:06,125
N49921,Ural Airlines,2024-09-18,11:32:56,73
UT3694,Ural Airlines,2025-10-04,07:12:17,114
FV9053,S7 Airlines,2025-01-27,00:44:12,169
WZ1289,S7 Airlines,2025-02-07,07:14:48,264
WZ6555,Red Wings,2024-11-10,08:22:11,156
S78918,Utair,2025-08-10,00:55:15,252
N41277,Pobeda,2024-08-23,01:12:57,18
FV1640,Nordwind,2024-12-25,05:53:08,144
DP6479,Rossiya,2025-03-05,22:30:49,239
UT6855,Pobeda,2025-02-04,20:20:15,83
DP427,Utair,2025-01-01,14:00:09,114
UT5191,S7 Airlines,2024-03-14,22:54:01,242
SU8000,S7 Airlines,2024-12-22,16:54:27,247
N43898,S7 Airlines,2025-07-21,14:53:05,257
FV8458,Rossiya,2024-07-08,17:33:50,247
FV7821,Red Wings,2025-10-21,15:57:03,148
SU9257,Aeroflot,2025-07-16,17:21:53,198
S76900,Rossiya,2024-06-19,10:48:38,284
WZ6452,Utair,2025-08-27,20:53:13,29
FV2144,Pobeda,2024-03-23,18:54:16,23
N41629,Ural Airlines,2025-06-07,16:28:48,67
DP348,Utair,2024-08-01,03:03:49,76
DP6800,Nordwind,2025-05-16,14:34:49,117
S73409,Utair,2024-06-04,01:40:58,22
FV2498,Pobeda,2024-09-28,23:59:58,262
FV1371,Aeroflot,2025-02-16,05:09:47,99
WZ6954,Aeroflot,2024-07-01,11:03:59,287
WZ4930,S7 Airlines,2024-08-18,22:38:38,54
FV5893,Aeroflot,2025-06-15,18:28:02,13
UT7555,Ural Airlines,2025-10-24,10:10:01,203
U69803,S7 Airlines,2024-05-07,00:07:22,152
UT8899,S7 Airlines,2024-04-06,04:35:41,41
U61188,Pobeda,2025-11-12,00:13:44,292
N46349,Nordwind,2024-03-15,03:43:58,66
UT1392,S7 Airlines,2024-01-03,18:38:47,225
SU8757,Rossiya,2025-08-20,04:21:09,62
U66735,Aeroflot,2024-06-04,16:21:19,36
WZ852,Ural Airlines,2025-05-26,11:59:05,161
N46031,Pobeda,2025-06-16,03:54:52,81
S77179,S7 Airlines,2024-05-22,00:45:32,5
FV922,S7 Airlines,2024-04-08,10:56:12,196
WZ2295,Aeroflot,2025-12-12,01:59:09,182
DP1791,Ural Airlines,2025-08-03,09:01:18,236
UT6894,Utair,2024-10-27,14:54:47,22
U69861,Utair,2024-02-15,12:28:34,8
N44337,S7 Airlines,2025-11-02,02:05:24,204
WZ7447,Nordwind,2025-03-20,21:12:03,25
FV9784,Nordwind,2025-04-04,07:44:22,118
U65378,Nordwind,2024-01-08,13:49:53,130
UT9830,Utair,2025-08-07,09:57:36,74
FV1009,Rossiya,2024-09-24,13:51:13,129
UT2078,Nordwind,2025-09-06,04:37:54,94
UT9713,Nordwind,2025-05-24,18:17:12,125
FV9473,Aeroflot,2024-05-28,07:03:29,23
WZ2393,Aeroflot,2024-12-23,17:14:07,142
DP5442,Aeroflot,2024-04-09,23:28:50,194
SU6054,Aeroflot,2025-03-12,13:56:59,274
WZ6348,Nordwind,2025-07-26,02:54:07,253
FV4139,Aeroflot,2025-05-28,14:30:45,27
S74029,Pobeda,2025-11-21,23:14:23,128
UT1971,Utair,2025-10-16,22:10:13,273
U66355,Pobeda,2025-04-28,10:29:08,114
SU1022,Nordwind,2025-08-10,11:16:49,98
S78516,Pobeda,2025-03-08,20:33:29,198
FV9882,Nordwind,2025-03-11,22:23:09,32
DP5817,S7 Airlines,2024-05-14,07:33:53,287
N47460,Rossiya,2025-06-23,15:00:29,114
UT7721,Nordwind,2024-11-22,11:00:07,289
UT5602,Red Wings,2024-09-16,03:42:48,97
FV4917,Utair,2024-12-01,16:24:48,265
DP5901,Ural Airlines,2025-07-09,01:07:50,73
U61162,Rossiya,2024-03-27,14:21:13,120
U62837,Red Wings,2025-09-14,12:17:25,245
S78737,Utair,2024-03-27,01:51:11,159
WZ6232,Aeroflot,2025-07-01,22:57:32,137
FV1379,Ural Airlines,2025-04-25,01:29:18,218
S78821,S7 Airlines,2024-05-15,07:01:23,18
UT5058,Utair,2025-12-11,01:27:19,267
S76702,Rossiya,2025-06-04,16:37:16,150
N41973,Aeroflot,2025-05-04,03:59:11,138
S7790,Ural Airlines,2025-09-13,19:30:51,79
N43978,Red Wings,2024-10-15,15:17:49,29
DP2067,Rossiya,2024-06-13,17:40:36,88
N43457,Utair,2024-05-03,01:50:04,27
UT5814,Ural Airlines,2024-10-04,21:52:22,293
SU5763,S7 Airlines,2024-04-21,10:19:45,24
SU794,Rossiya,2025-11-08,20:53:58,25
UT4711,Nordwind,2024-10-01,00:34:40,153
UT5105,Aeroflot,2025-10-21,17:42:39,71
FV1035,Red Wings,2025-08-13,18:20:28,272
SU5621,Aeroflot,2025-01-16,22:17:43,262
DP3159,S7 Airlines,2024-11-13,07:41:22,100
SU1972,Red Wings,2025-12-13,05:55:05,19
UT5066,S7 Airlines,2024-04-22,07:24:39,42
FV1807,Aeroflot,2025-11-26,03:05:06,163
S76024,Nordwind,2025-10-04,06:48:25,59
WZ7290,S7 Airlines,2024-07-05,16:02:45,22
DP6442,Utair,2024-09-23,09:02:41,197
N41536,Ural Airlines,2025-03-13,15:23:07,214
UT1741,Pobeda,2025-06-21,07:17:26,19
N42804,Aeroflot,2024-10-12,10:40:18,64
DP3830,Red Wings,2024-09-01,17:27:08,235
N41866,Nordwind,2024-01-01,04:07:12,146
DP1716,S7 Airlines,2025-04-28,03:47:36,187
DP4305,Aeroflot,2025-12-21,19:56:05,84
DP2488,Rossiya,2024-06-26,19:33:22,185
S73802,Utair,2024-02-28,01:18:13,10
WZ3477,Nordwind,2024-01-28,20:40:38,147
S7383,Aeroflot,2024-05-18,00:57:00,89
FV5315,Nordwind,2024-03-10,08:45:07,56
N47762,S7 Airlines,2025-03-03,00:52:39,200
UT4565,Pobeda,2025-08-04,11:12:29,51
UT3812,Rossiya,2024-05-12,05:25:13,37
N41553,Pobeda,2024-09-15,05:07:16,285
UT5941,Ural Airlines,2024-03-18,10:47:41,237
FV5813,Aeroflot,2024-02-16,01:31:56,293
SU4763,Utair,2025-07-17,19:41:21,216
DP9222,Red Wings,2024-10-03,13:12:22,239
FV1580,S7 Airlines,2024-12-16,15:58:09,274
U62226,Aeroflot,2025-08-03,19:03:56,207
S79745,Aeroflot,2025-11-15,18:00:37,82
DP1311,S7 Airlines,2024-10-01,22:12:53,85
FV7495,Pobeda,2024-08-24,08:20:02,68
S72837,Ural Airlines,2024-02-07,11:25:24,95
FV3952,Red Wings,2025-06-16,03:09:19,171
N48459,S7 Airlines,2025-07-03,10:24:26,25
U67544,Aeroflot,2025-08-11,03:22:49,121
FV592,Aeroflot,2025-10-12,16:09:15,37
SU9115,Rossiya,2025-07-14,13:43:07,116
DP5103,Utair,2024-04-20,13:06:01,273
DP8463,Utair,2025-09-08,00:26:44,80
DP8933,Utair,2025-03-25,06:56:11,292
S78124,S7 Airlines,2024-11-03,03:37:46,47
N48406,Utair,2025-03-12,08:39:52,136
U63303,Pobeda,2024-07-23,10:53:04,105
FV3210,Aeroflot,2025-03-08,03:48:48,144
FV5659,Pobeda,2025-02-03,03:02:25,67
WZ8484,Ural Airlines,2024-09-14,12:15:19,90
U63335,Aeroflot,2024-01-14,10:13:04,83
N46942,Ural Airlines,2024-04-06,18:16:56,79
SU5871,Rossiya,2024-05-02,05:40:30,177
UT6524,Nordwind,2024-08-18,16:12:44,148
U68422,Ural Airlines,2025-10-22,19:39:49,110
SU9941,Utair,2025-03-12,23:30:58,283
FV1194,S7 Airlines,2024-08-20,10:27:10,65
WZ4888,Ural Airlines,2025-10-20,09:48:03,12
U64040,S7 Airlines,2025-06-02,01:53:22,284
N43734,Red Wings,2024-03-05,23:24:59,257
WZ5496,Aeroflot,2025-06-26,05:21:36,118
WZ2844,S7 Airlines,2024-06-28,23:36:35,184
UT5528,S7 Airlines,2025-07-07,12:13:12,248
DP2955,Ural Airlines,2025-07-28,11:05:29,260
FV8855,Utair,2025-01-26,09:37:30,275
N49793,Pobeda,2024-06-06,20:39:03,236
S74760,Nordwind,2024-02-21,16:27:25,55
S74547,Nordwind,2024-07-03,03:57:29,278
S73618,Ural Airlines,2024-04-12,12:48:11,94
UT653,Pobeda,2025-05-22,01:06:15,166
S71795,Pobeda,2024-02-25,18:33:59,60
DP7464,S7 Airlines,2024-03-06,13:04:00,239
UT9653,Pobeda,2024-08-23,23:07:19,0
U63152,Nordwind,2024-10-15,09:50:24,23
S73277,Nordwind,2025-01-07,10:58:13,216
S77021,Nordwind,2025-03-07,13:54:45,125
FV7204,Pobeda,2024-08-24,01:02:24,238
N46590,Pobeda,2025-05-13,18:03:23,150
UT6724,Pobeda,2025-09-25,15:20:23,244
SU2987,Rossiya,2025-03-28,11:53:21,262
S77324,Red Wings,2024-04-22,20:11:25,172
UT1777,Red Wings,2025-12-05,18:22:26,95
N46289,Aeroflot,2024-07-06,14:00:48,29
S71832,Utair,2025-09-11,11:30:57,260
S79233,Utair,2024-08-22,03:17:13,279
N42540,Aeroflot,2024-04-18,20:11:16,213
SU1694,Rossiya,2024-07-11,23:32:01,131
DP2570,Pobeda,2025-08-07,09:26:40,250
DP2474,Aeroflot,2024-08-02,08:09:48,88
FV7594,Rossiya,2025-12-12,06:36:50,39
S77299,Rossiya,2024-08-16,17:27:20,154
S71163,Pobeda,2024-02-11,20:24:22,251
WZ1541,S7 Airlines,2025-01-22,20:12:52,248
N44909,Aeroflot,2025-05-27,17:06:05,69
N4720,Rossiya,2024-06-20,12:49:02,146
FV9966,S7 Airlines,2024-03-13,15:07:01,214
DP8203,Aeroflot,2025-06-12,13:07:02,70
N4665,Aeroflot,2025-11-04,22:51:50,151
FV7306,Nordwind,2025-09-19,18:01:58,16
WZ7770,S7 Airlines,2024-06-13,01:06:24,278
UT6195,Aeroflot,2025-07-17,21:28:21,97
DP9323,Aeroflot,2025-11-22,01:23:59,13
S77826,Ural Airlines,2025-09-08,13:44:28,216
DP2048,S7 Airlines,2025-11-02,23:05:05,222
FV4370,Ural Airlines,2025-02-17,16:24:42,77
N4129,Red Wings,2024-09-15,12:00:28,100
UT7395,S7 Airlines,2024-07-08,00:58:14,24
DP9858,Utair,2024-01-23,18:15:48,15
DP9026,Ural Airlines,2025-08-02,03:56:48,78
UT5758,S7 Airlines,2025-12-27,00:41:27,294
N4984,Ural Airlines,2024-01-15,06:18:05,34
N43011,Pobeda,2024-12-13,03:52:52,223
WZ8887,Pobeda,2025-10-16,11:07:49,47
WZ8031,Rossiya,2024-04-01,15:52:40,115
U68763,S7 Airlines,2024-08-11,15:16:55,45
SU2293,Ural Airlines,2024-11-19,02:29:11,23
DP2778,Utair,2024-04-25,18:20:05,187
N44889,Pobeda,2024-11-26,09:31:05,62
N46171,Nordwind,2024-08-23,13:46:47,297
U63880,Rossiya,2024-09-19,17:21:40,229
DP8465,Aeroflot,2024-07-17,06:05:50,277
SU7465,S7 Airlines,2024-03-21,07:13:16,275
SU1259,Rossiya,2025-05-18,23:58:54,240
U67193,Nordwind,2025-04-05,06:46:43,147
SU7653,Ural Airlines,2024-10-01,12:50:01,290
U65736,Aeroflot,2025-07-05,04:02:10,8
N42027,Pobeda,2025-12-13,22:46:02,75
FV5371,Rossiya,2024-08-20,13:21:25,183
DP5085,Red Wings,2024-10-22,15:26:38,161
DP4250,Nordwind,2025-09-13,22:40:52,130
U61077,Nordwind,2025-01-15,02:35:49,69
SU9506,Pobeda,2024-03-11,05:37:15,42
WZ2448,Utair,2025-02-10,05:57:03,219
UT2154,Ural Airlines,2024-06-07,18:41:40,141
SU1945,Ural Airlines,2024-04-06,01:13:42,227
SU3373,Pobeda,2024-12-25,16:00:23,25
FV8206,Nordwind,2025-06-28,18:58:36,239
WZ1675,Pobeda,2024-10-05,19:35:53,221
U62017,Aeroflot,2025-08-17,21:53:46,208
DP1585,Aeroflot,2024-08-01,16:54:57,241
UT6939,Rossiya,2025-09-20,04:46:54,239
DP623,Rossiya,2024-01-03,04:33:03,34
UT8081,Pobeda,2025-02-21,17:23:06,88
SU5104,Utair,2025-07-22,13:02:24,281
UT6728,Utair,2024-11-20,18:47:00,31
UT2589,Aeroflot,2024-03-10,10:49:39,124
S73507,Aeroflot,2024-07-20,02:33:13,282
SU8357,Rossiya,2025-01-23,01:26:17,186
S79835,Rossiya,2025-04-26,17:23:58,134
S72517,Utair,2024-10-20,21:29:28,49
SU4527,Red Wings,2024-06-17,23:13:51,157
SU9327,Pobeda,2024-04-05,16:14:15,156
S74752,Utair,2025-04-24,20:04:36,251
U62842,Rossiya,2024-08-14,07:54:24,186
WZ6300,Red Wings,2025-11-25,01:19:53,235
DP8548,S7 Airlines,2025-01-18,08:24:10,216
WZ740,Pobeda,2024-11-19,03:07:37,105
N47438,Utair,2024-09-09,23:27:37,112
S74555,S7 Airlines,2025-09-21,02:13:13,156
S7737,Utair,2025-11-23,13:35:04,23
S7413,Nordwind,2025-05-04,23:40:08,210
SU7564,Utair,2025-08-17,17:41:01,251
WZ7139,Nordwind,2024-06-17,12:19:42,227
SU3628,Utair,2024-10-22,16:48:37,71
S73931,Ural Airlines,2024-10-24,00:17:37,266
DP4188,Pobeda,2025-09-02,08:08:54,38
UT4437,Ural Airlines,2025-12-28,07:28:20,89
DP4786,Utair,2025-02-02,03:27:49,105
S74045,Red Wings,2025-12-04,00:01:04,15
WZ9130,Rossiya,2025-10-08,10:27:23,238
U6322,Utair,2025-01-09,09:10:39,81
WZ8501,Nordwind,2024-09-02,03:14:50,83
U67298,Pobeda,2024-04-21,06:48:16,173
S78710,Red Wings,2025-09-11,00:44:50,125
N45161,Rossiya,2024-12-07,14:42:27,261
S79155,Utair,2025-06-26,12:12:17,287
DP8050,Aeroflot,2024-12-12,07:09:42,252
DP5472,Aeroflot,2025-12-23,15:15:25,11
U67722,Rossiya,2025-07-10,18:26:37,270
N4177,Utair,2024-01-13,11:57:14,224
S7152,Aeroflot,2024-03-24,21:55:13,175
SU1330,Ural Airlines,2025-09-15,19:09:14,234
SU2201,Red Wings,2025-07-17,15:34:55,81
N48536,Ural Airlines,2024-07-28,10:01:28,73
UT4079,Ural Airlines,2024-07-08,18:17:47,84
U67999,Aeroflot,2024-12-12,05:21:36,155
WZ6359,Utair,2024-04-09,05:49:22,40
U64346,Nordwind,2025-12-05,01:55:58,19
S79661,Nordwind,2024-05-12,04:16:16,7
UT8096,Utair,2025-11-16,18:58:33,131
FV6102,Pobeda,2024-07-12,15:39:03,183
DP148,Aeroflot,2025-06-13,03:49:56,87
SU2999,Ural Airlines,2025-01-11,13:06:37,281
U66505,Aeroflot,2024-10-19,14:43:15,300
DP6470,Red Wings,2024-08-24,00:09:27,265
DP3160,Pobeda,2024-06-17,05:21:59,245
N41555,Rossiya,2024-12-20,05:44:11,177
WZ7082,Rossiya,2025-03-16,00:42:17,270
SU6917,Red Wings,2024-12-11,22:23:31,184
FV5355,Nordwind,2025-07-22,04:00:39,264
N46548,S7 Airlines,2024-04-15,22:28:13,163
DP6380,Pobeda,2025-02-20,02:51:28,269
UT7529,Rossiya,2025-03-23,08:39:59,292
UT3927,S7 Airlines,2024-02-12,08:53:55,56
DP8354,Rossiya,2024-01-15,09:36:00,247
UT6916,Pobeda,2024-03-20,03:38:48,130
UT9266,Red Wings,2024-10-03,15:12:56,272
UT1283,Aeroflot,2024-09-09,15:55:56,208
WZ5683,Utair,2024-02-16,08:22:46,187
U67951,Nordwind,2024-09-05,10:01:27,101
DP2391,S7 Airlines,2024-09-10,01:50:40,257
DP1330,S7 Airlines,2024-07-12,07:36:36,15
U68056,S7 Airlines,2024-08-25,04:12:20,67
UT4106,Rossiya,2024-01-12,01:43:46,91
U61688,S7 Airlines,2025-11-02,12:30:36,153
S76289,Nordwind,2025-06-11,20:48:24,23
FV9215,Pobeda,2024-11-27,19:22:48,196
DP6967,Pobeda,2025-01-02,18:59:47,97
N41858,Ural Airlines,2024-05-12,15:57:10,54
UT3278,S7 Airlines,2024-05-17,22:57:05,23
WZ351,Aeroflot,2025-05-16,15:19:40,37
N48667,Rossiya,2025-08-18,03:01:08,40
UT8410,Ural Airlines,2024-09-13,15:07:10,144
N43304,S7 Airlines,2025-10-21,18:22:20,184
WZ4398,Nordwind,2025-08-02,22:20:41,119
N48371,Red Wings,2025-09-24,18:35:57,236
UT8235,Aeroflot,2025-10-24,00:14:59,266
SU2112,Utair,2025-09-02,18:15:44,200
U68851,Utair,2024-06-05,03:27:39,192
DP9316,Utair,2025-01-09,03:43:51,285
S74874,Red Wings,2025-05-20,20:26:47,16
N48410,Red Wings,2025-07-10,05:42:32,206
WZ1312,Aeroflot,2025-02-20,15:34:12,104
WZ3145,S7 Airlines,2025-12-28,09:47:18,115
SU5376,Rossiya,2025-06-12,21:42:36,225
UT1689,Ural Airlines,2025-04-21,13:24:50,264
FV9990,Rossiya,2024-07-04,02:29:52,22
SU5235,Rossiya,2024-12-06,01:20:53,276
WZ3836,Red Wings,2024-12-14,10:30:13,184
N47746,S7 Airlines,2024-09-01,06:50:03,99
UT3914,Nordwind,2025-06-09,10:17:35,253
S79582,Red Wings,2024-11-07,02:05:41,275
U67126,Red Wings,2024-02-19,10:58:02,112
S79945,Ural Airlines,2025-06-12,08:54:37,85
FV5882,Aeroflot,2025-07-08,11:35:37,293
WZ5738,Aeroflot,2025-05-06,09:15:47,22
DP4145,S7 Airlines,2024-09-10,08:29:59,26
WZ7029,Aeroflot,2025-08-02,20:54:02,220
S72249,Nordwind,2025-03-07,01:08:37,255
DP2019,Red Wings,2025-08-22,19:52:51,225
UT5561,S7 Airlines,2025-07-04,16:54:33,170
SU5584,Red Wings,2025-08-22,15:17:38,16
UT8181,Red Wings,2025-12-11,04:43:53,9
UT7229,Red Wings,2024-08-12,15:12:20,121
S79727,Rossiya,2025-06-14,12:59:17,227
UT3895,Aeroflot,2025-06-21,11:10:53,173
S72404,Rossiya,2025-04-14,15:22:53,231
S77170,Rossiya,2024-08-17,02:40:13,229
N47632,Pobeda,2024-09-25,10:30:19,212
WZ4284,Rossiya,2025-01-14,04:48:35,282
WZ6068,Nordwind,2024-03-12,23:55:07,8
S77425,S7 Airlines,2025-06-22,23:31:26,5
N49798,Nordwind,2025-03-25,13:56:55,140
N47943,S7 Airlines,2024-06-23,19:56:42,293
UT1198,S7 Airlines,2025-09-04,10:36:37,280
DP4297,Nordwind,2025-02-21,00:56:31,68
WZ1951,Red Wings,2025-07-23,00:00:27,162
N43334,S7 Airlines,2024-12-10,03:56:45,122
WZ7223,Pobeda,2025-06-02,11:41:55,267
WZ7428,Rossiya,2025-06-01,15:51:16,149
WZ5587,S7 Airlines,2025-07-08,05:53:57,214
S75997,Utair,2024-06-10,09:54:29,260
SU2942,Pobeda,2024-07-05,10:14:31,108
S71999,S7 Airlines,2024-03-10,09:51:04,43
WZ3580,S7 Airlines,2024-02-11,12:15:17,290
S72477,Pobeda,2024-07-07,19:51:46,279
DP7747,Utair,2025-05-12,00:58:39,36
UT4251,Utair,2025-03-03,10:12:48,170
DP3831,Rossiya,2024-03-18,02:36:38,163
DP574,Nordwind,2024-07-10,16:24:20,149
FV8800,Red Wings,2025-09-01,20:13:00,282
U62121,Utair,2024-11-14,14:40:57,88
WZ3720,Ural Airlines,2024-10-09,06:21:09,126
U62113,S7 Airlines,2024-10-03,23:35:14,2
WZ5825,Nordwind,2024-11-09,18:54:18,133
WZ8768,Nordwind,2024-08-23,15:43:58,140
DP7020,Rossiya,2024-06-03,16:02:35,173
DP3039,S7 Airlines,2024-11-21,14:52:20,173
N46228,S7 Airlines,2025-02-13,07:11:45,48
U68344,Rossiya,2024-02-19,06:30:22,26
UT6871,S7 Airlines,2024-09-14,05:47:22,118
N48148,S7 Airlines,2024-02-19,23:54:19,98
U68510,Red Wings,2025-07-26,21:52:56,27
UT2601,Rossiya,2024-01-16,19:27:28,60
S71704,Aeroflot,2024-10-11,13:27:02,62
DP1909,Utair,2025-12-05,03:54:16,289
UT4853,Ural Airlines,2024-11-25,13:54:23,163
UT906,Rossiya,2024-02-17,07:04:25,205
U61574,Nordwind,2024-02-09,10:01:37,251
N42637,Rossiya,2025-02-15,04:32:09,238
SU8209,Aeroflot,2025-01-20,17:46:11,200
FV2783,Red Wings,2024-03-03,18:43:50,187
FV930,Pobeda,2025-07-26,01:03:24,288
N42925,Pobeda,2025-10-21,05:26:30,288
N48902,Red Wings,2025-10-11,23:46:05,278
DP9181,Nordwind,2024-11-14,09:40:47,231
WZ4941,Pobeda,2025-02-06,09:05:15,212
SU5217,Aeroflot,2025-03-18,12:28:38,209
DP7358,Utair,2025-04-25,14:12:26,173
U66866,S7 Airlines,2024-11-28,00:03:16,44
U66475,Red Wings,2025-03-01,06:06:39,262
DP9146,Aeroflot,2025-10-21,21:50:31,149
UT3718,Pobeda,2024-04-04,08:23:56,179
WZ8549,Pobeda,2024-10-26,21:11:14,183
WZ6424,Nordwind,2025-03-04,14:53:46,236
S76265,Utair,2025-03-14,19:39:40,109
DP8173,Ural Airlines,2024-03-25,02:19:30,66
DP4841,Utair,2025-09-27,15:15:56,294
U69303,Ural Airlines,2025-11-24,20:18:39,44
U68482,Utair,2024-06-02,02:43:27,59
SU2638,Pobeda,2024-01-21,12:43:26,287
DP2245,Aeroflot,2024-02-11,11:53:59,230
UT6583,Aeroflot,2025-02-17,13:21:43,280
SU5321,Rossiya,2024-05-09,13:01:21,233
SU1701,S7 Airlines,2024-11-05,20:12:50,186
S7723,Aeroflot,2025-11-15,03:25:56,46
UT5518,Nordwind,2024-08-04,22:29:19,218
N48194,Pobeda,2024-01-14,09:22:29,1
FV4781,Aeroflot,2025-03-18,19:56:13,124
FV4840,Red Wings,2025-04-23,17:00:26,59
N49935,Utair,2025-09-06,16:33:03,254
N46519,Aeroflot,2024-05-17,17:05:55,39
WZ2480,Pobeda,2024-06-28,19:46:54,93
N45651,Pobeda,2024-06-02,12:33:06,42
U61933,Pobeda,2025-09-04,19:34:01,121
U67037,S7 Airlines,2024-09-14,09:14:59,204
U62788,Pobeda,2025-12-01,18:02:47,0
DP2856,S7 Airlines,2025-05-24,02:01:32,187
U64711,Red Wings,2024-08-13,22:02:52,56
N45012,Ural Airlines,2024-07-27,06:45:39,75
FV9589,Utair,2025-06-15,05:01:38,203
N47642,Utair,2024-01-20,17:43:23,195
SU3029,Rossiya,2024-07-04,16:06:28,242
N4358,Pobeda,2025-10-21,02:22:53,215
S79136,Ural Airlines,2024-09-18,19:24:24,243
FV5376,Aeroflot,2024-04-20,07:18:29,226
SU3725,Pobeda,2024-12-15,11:22:35,66
SU1716,Ural Airlines,2024-11-10,14:20:57,38
UT3832,Red Wings,2025-12-04,22:35:46,181
N44998,Ural Airlines,2025-10-11,19:55:24,170
WZ4557,Utair,2025-10-04,21:59:37,249
WZ8242,Red Wings,2025-08-23,22:04:38,227
SU2158,S7 Airlines,2024-07-27,21:46:37,262
FV8837,Ural Airlines,2025-01-22,20:37:10,230
U68662,Ural Airlines,2025-04-10,10:50:43,237
DP3164,Pobeda,2025-03-03,08:47:14,48
SU2206,Pobeda,2024-10-19,08:43:31,179
FV2805,Nordwind,2025-06-08,14:40:19,255
UT3616,Ural Airlines,2024-10-24,17:24:02,20
UT2905,Utair,2025-05-14,02:04:01,178
WZ3356,Rossiya,2025-10-08,17:29:26,80
FV2304,Pobeda,2025-01-15,17:34:24,119
DP4528,Aeroflot,2024-07-21,05:07:11,283
UT3302,Ural Airlines,2024-02-06,10:17:38,255
DP1019,S7 Airlines,2024-07-08,01:28:03,247
N46262,Ural Airlines,2025-08-28,17:40:19,202
WZ4442,Nordwind,2025-04-07,22:25:13,238
FV2858,Red Wings,2024-09-13,05:53:14,129
FV6813,Utair,2024-12-13,12:28:50,279
S79742,S7 Airlines,2025-02-26,22:14:18,278
WZ2449,Utair,2024-03-06,04:52:36,65
U66456,Pobeda,2025-10-14,07:15:12,57
DP7209,S7 Airlines,2025-05-04,15:37:09,289
S73050,Ural Airlines,2025-01-11,00:10:06,136
WZ6388,Rossiya,2025-09-05,19:34:07,220
UT6520,S7 Airlines,2025-08-07,19:58:43,228
WZ8554,Nordwind,2025-02-11,21:34:28,108
U69769,Ural Airlines,2024-11-11,18:10:54,115
UT1773,Ural Airlines,2024-08-17,01:43:51,125
WZ3436,Red Wings,2024-12-03,13:29:40,140
U64949,Nordwind,2024-01-28,21:12:29,60
S75459,S7 Airlines,2024-01-28,22:16:56,194
U63068,Red Wings,2024-08-08,02:58:29,268
U65653,Nordwind,2024-05-07,10:20:08,257
FV165,Nordwind,2025-11-11,20:18:32,70
N45899,S7 Airlines,2025-10-25,18:13:53,67
DP6912,Red Wings,2024-04-02,06:19:30,159
SU7667,Ural Airlines,2024-02-18,02:06:45,285
U66283,Utair,2025-11-16,22:29:53,193
DP6019,Utair,2024-08-08,23:23:19,236
WZ2321,S7 Airlines,2025-03-25,06:29:58,7
DP6405,Red Wings,2024-12-04,05:14:14,48
DP4202,Rossiya,2025-09-18,02:51:14,57
SU5606,S7 Airlines,2025-08-15,08:15:19,198
WZ6470,S7 Airlines,2025-09-28,16:53:16,41
UT7405,Pobeda,2025-07-11,22:32:47,13
DP3676,Red Wings,2024-08-04,11:33:47,242
WZ621,Red Wings,2025-09-08,09:24:29,110
N46275,Ural Airlines,2025-07-19,17:51:40,203
S74163,Rossiya,2024-10-26,01:00:06,239
SU2896,Utair,2025-07-27,01:08:01,83
UT2999,Rossiya,2025-09-07,02:41:33,82
N42091,Nordwind,2025-07-21,15:35:14,11
N48094,Rossiya,2025-02-15,15:50:37,280
S77442,S7 Airlines,2024-06-05,08:02:36,188
U67884,Ural Airlines,2024-06-01,04:55:02,6
DP7171,Aeroflot,2024-06-14,00:28:26,290
U62921,Aeroflot,2024-06-20,19:35:20,290
S77177,Ural Airlines,2025-01-26,12:19:53,19
U61819,Aeroflot,2024-03-04,23:21:45,240
UT3893,S7 Airlines,2025-07-08,14:07:27,19
UT5348,S7 Airlines,2025-06-18,01:11:43,101
U66597,Rossiya,2025-07-07,04:18:54,299
U68694,S7 Airlines,2024-05-04,15:10:14,143
UT2488,Pobeda,2025-10-25,01:55:31,278
WZ7179,Utair,2024-11-23,12:35:22,206
DP1582,S7 Airlines,2025-10-05,11:02:40,170
WZ5244,Pobeda,2024-04-05,05:34:57,280
DP3233,Ural Airlines,2024-06-05,21:00:05,259
SU8990,Pobeda,2025-07-06,22:21:10,266
U63301,Utair,2025-08-25,04:41:57,83
FV779,S7 Airlines,2024-08-25,04:52:45,194
WZ2083,Aeroflot,2025-10-16,03:07:50,100
U66402,Red Wings,2024-09-27,07:35:40,170
FV1320,Rossiya,2025-05-17,21:12:05,227
U66667,Rossiya,2024-05-08,12:38:00,106
N42983,Ural Airlines,2024-01-02,14:14:12,100
FV4359,S7 Airlines,2024-08-01,09:48:39,212
U63969,Red Wings,2025-02-02,23:27:40,54
UT1815,Rossiya,2025-11-17,22:55:00,214
WZ1556,S7 Airlines,2025-05-21,19:59:03,242
SU4048,Utair,2025-12-19,17:20:59,78
S71774,Utair,2024-02-22,05:57:06,122
WZ2677,Rossiya,2024-10-11,11:03:13,288
UT6008,Utair,2025-03-17,05:05:10,48
FV4960,Pobeda,2024-08-27,19:59:42,234
UT6241,Nordwind,2024-07-07,10:35:48,269
U63471,Ural Airlines,2024-01-23,05:03:25,300
UT7154,Nordwind,2024-04-14,12:25:12,113
S74899,Ural Airlines,2024-11-18,00:36:59,68
N43845,Utair,2025-09-02,19:47:01,246
WZ1733,Nordwind,2025-12-13,12:45:00,290
UT815,Aeroflot,2025-05-09,16:29:25,81
DP4353,Nordwind,2025-07-04,20:48:57,8
FV7613,Utair,2025-02-02,12:06:19,133
N49129,Aeroflot,2024-04-06,23:55:40,230
S78511,Nordwind,2025-04-12,19:13:30,31
N44785,S7 Airlines,2025-04-14,22:10:27,17
FV4734,Rossiya,2024-01-16,20:45:06,51
WZ6773,Pobeda,2025-11-03,06:24:59,129
WZ1328,Aeroflot,2025-05-09,15:29:16,26
WZ1386,Red Wings,2025-07-18,18:43:39,16
WZ7035,Utair,2024-02-18,01:24:40,179
S79134,Red Wings,2024-01-07,13:59:22,178
DP3668,S7 Airlines,2025-05-18,01:00:12,62
U64376,Rossiya,2024-09-24,06:12:59,173
U68504,Rossiya,2024-12-18,01:58:54,174
S74829,Pobeda,2025-09-09,19:23:10,142
WZ9153,Rossiya,2025-01-25,08:23:42,256
DP8743,Rossiya,2025-08-01,02:08:46,294
S75984,Nordwind,2025-05-23,06:27:05,266
SU2422,Utair,2024-03-15,20:58:22,247
UT6309,Rossiya,2025-04-12,23:38:24,92
DP4777,S7 Airlines,2025-10-26,17:27:51,163
N4215,Nordwind,2024-04-10,23:41:55,46
U69151,Ural Airlines,2024-07-14,09:45:15,18
DP3848,S7 Airlines,2025-09-01,13:03:02,47
SU2541,Ural Airlines,2025-03-08,10:09:35,13
WZ5151,S7 Airlines,2024-12-27,10:02:08,122
S72238,Utair,2025-03-12,01:03:11,48
U64192,Utair,2025-03-16,00:02:27,235
FV4759,Rossiya,2025-02-02,06:21:01,198
SU3409,Pobeda,2025-01-20,02:36:03,75
UT7666,Utair,2025-09-17,20:04:38,99
UT6524,Utair,2025-07-15,21:05:52,289
UT2568,Utair,2025-09-08,09:21:44,252
WZ5667,Rossiya,2025-03-17,08:50:18,133
WZ9173,Aeroflot,2025-09-24,19:31:56,11
SU2826,Nordwind,2025-02-08,12:23:01,252
DP5224,S7 Airlines,2025-11-01,06:33:40,89
S77360,Aeroflot,2024-06-01,16:50:44,215
N44217,Aeroflot,2025-05-18,23:35:07,107
UT5374,Ural Airlines,2024-04-04,07:46:34,77
DP7988,Rossiya,2024-12-24,14:15:40,156
SU7487,Utair,2025-07-27,05:50:56,286
SU6064,Ural Airlines,2024-12-13,19:27:50,132
N44171,Ural Airlines,2025-05-20,14:25:58,137
DP7868,Rossiya,2025-07-22,07:27:30,271
SU8849,Pobeda,2025-08-21,01:56:38,175
U64192,Utair,2024-05-05,20:44:50,280
SU9945,Nordwind,2024-09-01,20:19:40,44
U62211,Red Wings,2025-12-21,10:59:43,148
SU2141,Aeroflot,2025-10-04,18:50:00,92
FV9596,Red Wings,2024-12-06,20:47:36,137
DP8457,Pobeda,2024-06-27,18:44:17,72
DP7411,Nordwind,2025-11-02,22:41:52,153
DP2379,Pobeda,2024-03-26,23:49:14,26
N43745,Ural Airlines,2025-12-07,05:01:51,271
SU8996,Ural Airlines,2025-02-17,17:29:36,54
UT4337,Utair,2025-05-01,16:47:29,111
SU1800,S7 Airlines,2025-04-20,08:06:58,192
S74106,Nordwind,2025-12-27,12:37:33,204
S72366,Nordwind,2025-04-27,05:56:02,84
U64278,Pobeda,2025-06-13,08:54:30,238
WZ4936,Red Wings,2024-10-14,00:07:22,244
SU8773,Ural Airlines,2024-10-03,19:46:39,255
U6296,Pobeda,2025-09-16,03:38:37,78
UT4164,Utair,2025-09-07,14:17:18,289
SU9929,Utair,2025-06-07,18:31:00,53
UT3224,Red Wings,2024-05-20,14:15:05,278
N44596,Rossiya,2025-08-21,11:18:34,294
SU788,Red Wings,2025-11-26,13:09:34,176
UT8867,Ural Airlines,2025-07-21,20:23:51,144
UT7599,Utair,2024-07-04,00:33:07,28
SU1252,Aeroflot,2024-04-13,18:48:55,97
U65936,Red Wings,2025-10-09,23:49:36,47
SU7594,Nordwind,2024-08-24,01:09:21,179
WZ503,Red Wings,2025-03-22,10:43:13,122
N41669,Utair,2025-01-01,11:35:16,204
S76035,Rossiya,2024-06-09,01:35:43,55
U68537,Aeroflot,2024-03-04,05:27:58,42
S77146,Rossiya,2025-06-21,21:50:26,293
SU9166,Pobeda,2025-12-03,09:38:49,164
FV7519,Rossiya,2025-09-13,17:56:26,65
SU1528,Nordwind,2024-06-11,20:13:30,276
UT6593,Red Wings,2024-01-26,02:17:21,139
SU4189,Ural Airlines,2024-04-13,11:08:22,198
U62860,Pobeda,2025-03-13,03:11:26,8
UT2610,Red Wings,2024-07-14,04:26:20,254
FV2033,S7 Airlines,2024-05-21,22:14:32,114
S79465,Utair,2024-02-22,07:09:01,17
DP5525,Ural Airlines,2024-08-23,11:31:42,256
U66127,Pobeda,2025-11-09,13:11:45,220
S72146,Pobeda,2025-06-08,18:03:52,236
SU495,Red Wings,2024-01-23,00:01:53,244
S7712,S7 Airlines,2024-07-14,14:17:06,122
S72853,S7 Airlines,2024-12-21,10:33:07,27
N4302,Aeroflot,2025-02-02,05:35:38,223
UT6617,Rossiya,2025-09-26,06:00:15,59
S75180,Pobeda,2024-08-18,02:52:39,38
UT4141,S7 Airlines,2025-11-14,09:59:53,128
UT4090,Red Wings,2025-11-02,04:09:38,91
N4941,Nordwind,2025-08-14,01:57:13,283
SU1599,Red Wings,2024-05-17,07:06:00,296
DP3552,Ural Airlines,2025-01-05,01:43:20,9
UT8924,Pobeda,2025-04-20,19:40:32,299
FV7934,Aeroflot,2024-09-11,06:32:21,10
UT4564,Ural Airlines,2025-12-04,13:30:46,39
N41044,Pobeda,2024-01-20,06:54:24,105
WZ4130,Aeroflot,2025-08-06,14:48:18,215
U65036,Red Wings,2024-03-14,10:01:50,224
N47710,Pobeda,2025-01-17,18:13:22,45
U67484,Ural Airlines,2025-06-01,15:52:57,205
FV5741,Aeroflot,2025-01-05,04:15:19,278
SU3414,Ural Airlines,2025-07-23,05:27:02,110
U69220,Pobeda,2025-11-12,09:52:54,144
S73360,Nordwind,2025-05-19,23:06:17,261
WZ6743,Aeroflot,2025-06-03,06:10:17,279
S79150,Rossiya,2024-02-10,12:02:10,231
DP8048,S7 Airlines,2025-05-15,03:39:47,156
WZ4863,S7 Airlines,2025-11-12,21:20:54,252
S75192,Nordwind,2025-04-19,03:20:38,49
UT4817,Rossiya,2024-04-06,08:19:27,193
U69235,Utair,2025-07-07,12:02:44,230
DP127,Aeroflot,2025-06-28,10:52:37,233
FV8128,Red Wings,2025-05-05,15:28:26,217
UT6345,Aeroflot,2025-05-27,22:51:25,207
DP876,Red Wings,2024-09-15,06:51:48,81
DP4932,Utair,2024-03-27,22:58:59,241
N48991,S7 Airlines,2024-08-03,09:46:52,54
N42023,Red Wings,2025-12-05,11:04:16,66
FV1223,Pobeda,2024-03-08,09:13:25,211
S75545,S7 Airlines,2025-03-21,07:16:47,22
WZ126,Red Wings,2025-09-17,08:03:38,152
UT5633,Pobeda,2025-03-07,11:53:25,173
U67912,S7 Airlines,2024-10-03,22:23:47,90
DP1348,Aeroflot,2025-09-28,11:44:58,189
UT8588,Rossiya,2024-02-13,09:02:13,206
FV5959,Rossiya,2024-05-14,16:41:12,209
U66664,S7 Airlines,2024-02-25,20:49:21,17
UT6774,Aeroflot,2025-08-25,11:05:07,122
UT9336,Utair,2025-08-25,13:30:01,230
S7680,Nordwind,2025-09-11,22:17:40,88
N42031,Utair,2024-10-16,19:37:00,85
UT1028,Ural Airlines,2024-08-07,05:29:19,38
DP2547,Utair,2025-02-04,07:51:47,13
UT1269,S7 Airlines,2025-07-11,12:16:12,151
SU8774,Red Wings,2024-05-12,15:45:15,131
S73402,Pobeda,2025-12-13,02:04:19,290
FV8864,S7 Airlines,2025-10-16,11:48:08,95
U66953,S7 Airlines,2024-10-17,03:51:11,146
SU3062,Ural Airlines,2025-02-09,02:09:39,149
DP3184,Aeroflot,2025-11-03,11:07:22,261
N46186,Utair,2025-03-10,21:30:34,279
U61218,S7 Airlines,2025-03-05,10:42:38,36
UT2690,S7 Airlines,2024-10-15,14:36:21,18
UT8230,S7 Airlines,2024-11-26,13:51:50,53
N47070,Ural Airlines,2024-07-03,20:13:55,252
WZ9886,Rossiya,2025-08-28,07:46:41,175
FV2738,Rossiya,2025-10-03,10:37:54,136
SU8817,S7 Airlines,2024-05-01,10:37:23,108
DP6049,Ural Airlines,2025-03-15,09:48:49,210
SU5471,Red Wings,2025-11-21,08:52:06,183
S71905,Ural Airlines,2024-02-24,11:57:49,226
DP3106,Ural Airlines,2025-12-20,20:36:54,236
FV6641,Red Wings,2024-06-04,13:19:30,83
WZ2653,Pobeda,2025-09-27,05:41:34,3
WZ9104,Pobeda,2024-07-24,11:04:30,248
N48475,Rossiya,2024-07-01,23:47:02,289
S7206,S7 Airlines,2025-09-20,04:23:35,31
N4113,Nordwind,2025-07-24,11:31:26,188
SU3690,Utair,2024-03-27,15:52:01,113
FV7606,Utair,2024-04-17,17:48:02,256
SU7157,Aeroflot,2024-06-24,05:08:48,124
U68450,Utair,2025-05-26,20:28:22,40
N45038,S7 Airlines,2024-09-13,15:35:26,198
DP8455,Rossiya,2024-05-06,17:43:49,104
FV8959,Aeroflot,2025-02-19,05:28:11,50
UT3198,Utair,2024-05-13,16:29:53,24
FV7038,Utair,2024-07-10,06:17:53,246
N47763,Ural Airlines,2024-05-20,03:38:04,275
S74611,Red Wings,2025-01-07,23:23:19,137
S78292,Red Wings,2025-05-15,05:59:39,45
FV3189,Ural Airlines,2025-02-14,19:54:09,96
N42474,Utair,2025-11-19,17:08:41,119
N41680,Utair,2024-03-21,21:07:49,157
N49214,Red Wings,2025-06-24,05:36:42,187
UT1634,Ural Airlines,2024-11-25,13:35:00,265
S76695,Red Wings,2024-04-11,20:37:18,57
FV3213,Utair,2024-11-18,18:34:25,249
UT2295,Nordwind,2025-10-17,00:28:57,182
UT8577,Red Wings,2025-10-04,17:53:00,14
DP6030,Aeroflot,2024-08-18,20:13:01,63
U67814,Pobeda,2025-12-13,08:16:07,189
S7714,Aeroflot,2025-12-21,10:04:06,220
N42922,Red Wings,2025-02-28,21:24:24,173
WZ3633,Aeroflot,2024-04-02,20:06:32,204
FV2900,S7 Airlines,2025-06-19,19:31:43,268
U69995,S7 Airlines,2025-04-19,08:58:06,127
FV2968,Pobeda,2024-07-20,23:34:09,203
SU4379,Aeroflot,2024-12-19,00:04:46,272
N48457,Aeroflot,2025-11-02,02:43:45,210
WZ412,Aeroflot,2025-08-02,15:53:31,74
FV1939,Red Wings,2024-04-05,14:29:06,243
N48297,Utair,2024-08-11,20:54:04,294
N44643,S7 Airlines,2025-06-11,03:25:38,102
DP8286,Red Wings,2024-06-19,06:57:24,18
DP9467,Red Wings,2025-10-06,01:19:02,119
SU139,Aeroflot,2024-11-06,06:14:41,178
U62092,Rossiya,2024-06-14,09:39:04,208
SU9353,Nordwind,2024-04-15,04:08:09,138
N44396,Utair,2024-04-14,07:11:27,23
U68099,Rossiya,2025-01-22,07:27:24,47
S77885,Pobeda,2025-03-25,17:27:13,170
DP9649,Ural Airlines,2024-04-02,18:21:33,56
FV633,Rossiya,2024-05-18,00:16:43,165
DP140,Pobeda,2025-08-09,07:50:00,21
U67667,Nordwind,2024-05-11,17:53:35,22
FV3096,Utair,2025-06-01,09:56:28,127
N44749,Utair,2025-06-06,11:55:31,250
DP7019,Utair,2024-04-16,01:45:06,1
N41391,Rossiya,2025-03-03,19:16:09,142
DP7991,Pobeda,2024-04-09,01:06:16,59
UT3753,Pobeda,2024-01-23,21:05:46,7
U67665,Aeroflot,2024-04-23,20:20:18,127
UT296,Utair,2024-09-12,11:16:25,132
FV430,Utair,2024-08-01,07:32:46,142
SU5996,Red Wings,2024-06-23,21:09:55,263
WZ2479,Ural Airlines,2025-11-12,19:45:12,60
UT5488,Rossiya,2025-04-03,20:30:40,136
UT1113,S7 Airlines,2024-11-04,01:02:53,76
SU9418,Aeroflot,2025-03-10,10:30:57,173
S74418,S7 Airlines,2024-03-18,07:01:01,9
FV1462,Red Wings,2024-11-08,10:41:20,217
UT5140,Pobeda,2024-01-05,03:42:49,116
DP5157,Rossiya,2024-12-15,07:53:10,43
U6954,Utair,2024-12-08,12:52:28,48
UT1887,Pobeda,2025-09-12,04:15:55,157
SU1070,Utair,2025-07-08,11:11:01,247
WZ3966,Rossiya,2024-12-07,16:13:01,254
SU5431,Ural Airlines,2025-11-24,15:37:31,85
N42063,Pobeda,2024-08-19,23:00:22,288
FV9618,Ural Airlines,2024-09-04,15:05:04,124
U68789,S7 Airlines,2024-05-25,00:27:35,264
S76630,Pobeda,2024-10-22,01:51:12,117
N45913,Rossiya,2024-01-23,02:59:32,170
SU6454,Pobeda,2025-09-08,06:04:52,291
WZ5099,S7 Airlines,2024-11-10,14:29:33,294
FV4726,Red Wings,2025-03-13,12:52:23,34
UT3777,Pobeda,2025-02-27,10:20:00,187
DP7984,Aeroflot,2025-06-15,06:05:14,140
N49898,Pobeda,2025-04-03,08:05:21,42
U68406,Nordwind,2025-09-26,22:17:58,42
SU9042,Utair,2025-12-23,12:30:13,202
SU1590,Utair,2024-11-21,11:44:09,28
N43366,Nordwind,2024-06-12,21:15:06,77
WZ4001,Utair,2025-11-01,13:56:45,228
SU4095,Red Wings,2024-10-03,00:44:57,43
UT396,Red Wings,2025-02-18,14:50:52,53
S7748,Pobeda,2024-06-03,07:47:16,247
WZ3427,Rossiya,2024-05-08,16:39:57,76
WZ1398,Rossiya,2025-04-06,20:25:59,178
N48208,Utair,2025-11-02,06:27:44,32
N46199,Rossiya,2025-03-01,20:40:04,96
SU925,Pobeda,2025-10-05,15:02:12,213
N47429,Aeroflot,2025-08-19,02:54:50,282
WZ2958,Utair,2025-09-06,00:10:38,182
UT2242,Red Wings,2024-10-07,07:51:58,96
DP1084,S7 Airlines,2024-12-13,00:03:41,118
U6849,Rossiya,2024-02-20,00:29:03,204
S74035,Nordwind,2025-06-10,10:17:25,219
DP5145,S7 Airlines,2025-04-26,13:51:05,223
S72162,Red Wings,2024-11-24,12:06:34,284
FV8363,Pobeda,2025-02-20,05:23:05,259
SU414,Ural Airlines,2024-11-20,01:27:34,122
N48319,Ural Airlines,2024-05-04,16:42:10,32
SU3254,S7 Airlines,2024-07-01,08:24:28,134
UT5074,Aeroflot,2025-02-28,23:24:42,280
S77941,Utair,2025-03-28,16:03:53,264
UT7303,Rossiya,2025-03-26,10:57:48,58
N47353,Rossiya,2025-04-12,15:26:58,212
U66115,Pobeda,2025-01-07,04:01:46,51
U66627,Red Wings,2025-08-07,16:46:54,3
WZ6764,Red Wings,2024-11-27,11:21:14,103
SU2948,Red Wings,2024-10-05,21:48:42,181
DP2784,Red Wings,2024-05-08,10:12:25,260
DP259,Ural Airlines,2024-06-19,23:34:05,257
U68510,Ural Airlines,2024-07-23,20:31:00,220
FV8471,Red Wings,2024-06-05,07:07:53,79
WZ1424,Pobeda,2024-07-20,13:52:24,236
FV8800,Aeroflot,2024-03-13,14:12:46,271
N45116,Nordwind,2024-11-20,04:44:35,40
SU8771,Aeroflot,2025-07-23,05:16:43,291
SU2938,Rossiya,2024-11-05,10:43:30,40
N49220,Rossiya,2024-11-14,20:54:32,69
FV4201,Red Wings,2025-09-12,14:11:00,172
N43671,Nordwind,2025-10-22,14:46:13,178
SU6531,Utair,2025-10-25,22:36:29,128
SU7207,Rossiya,2024-05-07,20:32:38,143
N43579,Aeroflot,2024-03-23,07:57:59,285
U66658,Ural Airlines,2024-03-14,07:00:51,166
FV7550,Utair,2025-11-06,13:18:55,272
N42831,S7 Airlines,2025-12-14,17:56:25,183
UT2736,Aeroflot,2024-03-14,22:57:53,200
UT5528,Pobeda,2025-08-23,07:17:35,169
N49137,S7 Airlines,2024-09-13,13:45:59,249
FV9079,Ural Airlines,2024-04-24,02:33:58,101
U67832,Utair,2025-03-19,01:26:28,84
N4587,Utair,2025-10-02,09:58:18,291
FV1185,Pobeda,2025-01-27,21:27:36,144
N42862,Rossiya,2024-11-28,22:31:02,33
U65181,Red Wings,2024-03-20,00:44:37,41
N45950,Ural Airlines,2024-06-26,04:42:12,9
S71202,S7 Airlines,2025-09-01,00:42:38,17
UT7686,Aeroflot,2024-06-23,03:17:04,155
UT6209,Aeroflot,2024-06-02,11:56:39,113
U68905,Pobeda,2024-11-14,13:19:25,118
UT8234,Aeroflot,2024-08-27,16:33:54,167
SU2210,Ural Airlines,2025-04-08,19:32:00,176
WZ8025,Nordwind,2025-09-27,11:18:33,182
FV9385,Nordwind,2025-12-20,10:43:30,269
FV1402,Red Wings,2024-09-25,14:59:46,161
UT8324,Pobeda,2025-11-18,05:10:46,28
U67314,Pobeda,2024-05-06,18:22:34,205
N43912,Utair,2025-05-19,01:57:56,118
WZ1639,Red Wings,2024-08-17,01:57:12,25
WZ3063,Ural Airlines,2024-09-05,22:02:24,230
SU5925,Ural Airlines,2024-09-05,17:42:42,196
WZ2191,Pobeda,2025-11-28,09:19:14,128
WZ2246,Rossiya,2025-10-11,05:07:02,72
DP3540,Ural Airlines,2024-12-23,14:11:15,141
DP7797,Aeroflot,2025-05-09,05:00:12,115
FV2103,Ural Airlines,2025-03-02,09:51:44,195
WZ4944,Pobeda,2024-01-04,22:34:58,95
SU1620,Nordwind,2025-03-04,02:58:01,77
SU7451,Pobeda,2025-06-25,11:43:00,100
DP1319,Aeroflot,2024-02-21,18:00:48,62
FV6001,Nordwind,2024-07-05,19:46:28,29
DP1123,Pobeda,2025-05-03,16:44:30,78
FV9962,S7 Airlines,2024-02-22,14:07:47,129
UT8061,Nordwind,2025-02-19,08:24:39,291
FV2328,Rossiya,2025-11-22,22:21:59,113
DP487,Rossiya,2025-04-08,12:11:59,23
SU4331,Pobeda,2025-09-04,23:23:55,148
SU1707,Nordwind,2025-08-14,15:59:35,289
N46757,Nordwind,2024-01-17,20:34:30,22
SU958,Aeroflot,2025-01-12,09:32:53,238
DP208,Nordwind,2024-05-06,16:12:14,15
WZ391,Ural Airlines,2024-11-16,05:48:22,176
N44064,Pobeda,2025-02-17,11:19:46,281
DP6083,Nordwind,2024-08-12,23:06:23,131
DP7179,Red Wings,2024-03-15,14:07:29,239
WZ1098,Aeroflot,2024-02-12,02:05:07,14
DP129,Utair,2025-04-24,21:18:47,17
DP9009,Aeroflot,2024-11-21,22:35:34,282
SU3434,Pobeda,2025-06-06,23:03:44,61
SU2175,Aeroflot,2024-05-04,15:31:13,154
FV4876,Pobeda,2025-09-15,12:02:27,223
FV9970,Aeroflot,2024-02-22,23:43:22,123
DP7634,Ural Airlines,2024-07-21,20:34:10,10
S73329,Utair,2025-01-28,04:42:43,33
S78117,Pobeda,2025-05-18,06:38:24,92
UT9284,Nordwind,2024-02-18,01:34:16,29
U67569,Ural Airlines,2024-03-01,18:51:45,183
FV4273,Ural Airlines,2025-11-28,01:40:42,21
WZ4016,Ural Airlines,2024-09-26,02:40:48,175
SU1042,Red Wings,2024-02-21,19:38:31,144
U62520,Utair,2025-09-18,10:39:17,233
N45185,Ural Airlines,2024-01-02,12:43:07,286
WZ4283,Red Wings,2024-01-28,02:37:53,98
UT9165,Ural Airlines,2025-08-11,13:51:05,26
WZ7964,Ural Airlines,2025-03-20,18:42:01,118
UT8950,Utair,2025-10-01,19:34:10,50
DP2114,Pobeda,2025-10-23,21:55:24,25
DP2136,Utair,2024-01-16,05:44:51,118
N48009,Utair,2024-10-07,08:03:09,280
U68059,Red Wings,2025-12-07,09:01:36,256
FV1516,S7 Airlines,2024-03-05,11:41:19,113
U61121,Nordwind,2024-06-20,18:20:01,182
U61351,Rossiya,2025-01-19,04:13:40,266
FV6811,Aeroflot,2025-01-21,05:00:54,21
SU8355,Pobeda,2024-02-04,23:56:16,94
FV5615,Pobeda,2025-07-17,10:34:26,161
SU6147,S7 Airlines,2025-12-08,02:43:49,124
SU3413,Aeroflot,2024-06-14,00:49:51,49
WZ4102,Pobeda,2024-01-14,10:54:24,1
S77450,S7 Airlines,2025-09-15,01:39:24,9
UT2396,Nordwind,2024-08-19,14:39:56,113
SU3393,Pobeda,2025-04-02,04:52:10,69
UT1326,Nordwind,2024-12-13,01:00:26,264
UT7163,Ural Airlines,2025-04-16,20:45:36,238
U63406,Red Wings,2024-03-12,16:59:19,62
FV5568,Nordwind,2024-01-16,20:42:16,171
S77334,Aeroflot,2024-10-11,17:59:07,59
FV9751,Utair,2025-05-24,17:54:02,141
S75560,Nordwind,2024-06-27,23:31:51,130
UT8641,Aeroflot,2024-11-03,08:18:42,288
SU8257,Utair,2025-04-24,18:02:22,195
U64959,Red Wings,2024-02-19,16:34:13,249
FV2423,Utair,2025-06-12,04:14:35,293
WZ3581,Pobeda,2025-11-05,02:31:02,44
S78623,Nordwind,2024-12-22,03:34:53,298
UT1985,Ural Airlines,2025-12-28,16:07:46,70
N42700,Pobeda,2025-06-21,10:37:50,183
N47842,Red Wings,2024-08-02,03:18:56,239
U63870,S7 Airlines,2025-01-01,13:07:21,262
SU8183,Nordwind,2025-01-27,09:48:53,234
N4768,Ural Airlines,2024-12-10,12:06:27,96
U68383,Pobeda,2025-12-28,14:21:11,288
WZ6553,S7 Airlines,2025-11-11,13:28:56,139
DP7403,Aeroflot,2024-10-06,22:30:05,117
FV2577,Red Wings,2024-07-14,11:26:20,163
UT7036,Red Wings,2024-12-02,12:00:46,112
WZ5674,Aeroflot,2025-05-23,23:00:25,104
U62887,Nordwind,2025-08-01,19:49:32,193
WZ2304,Aeroflot,2025-10-03,15:03:22,164
DP3651,Ural Airlines,2025-07-28,11:31:34,246
FV2643,Aeroflot,2025-04-12,00:19:18,239
SU4042,Red Wings,2024-09-08,09:47:09,284
UT8635,Aeroflot,2025-12-18,07:04:31,37
S78714,Pobeda,2024-10-10,17:55:04,95
S72559,Nordwind,2025-05-01,21:24:10,48
DP8834,S7 Airlines,2024-10-05,00:25:49,93
N47225,Utair,2025-10-12,05:10:05,278
WZ8624,Pobeda,2025-11-19,13:14:16,213
WZ183,Nordwind,2025-07-22,17:37:55,161
FV8822,Nordwind,2025-01-07,18:48:28,287
UT2301,Utair,2024-03-27,19:29:21,104
UT4292,Red Wings,2024-10-01,08:48:44,153
SU6373,Ural Airlines,2025-09-06,07:26:13,288
DP2629,Red Wings,2025-06-18,13:00:53,173
DP3160,Nordwind,2024-05-27,14:57:15,234
SU1288,S7 Airlines,2024-12-16,15:07:24,49
N44885,Nordwind,2024-06-15,04:52:28,146
SU5888,Rossiya,2025-06-08,08:31:16,294
N43152,S7 Airlines,2024-04-20,20:32:23,20
FV8471,Rossiya,2024-11-20,01:40:42,84
U67157,S7 Airlines,2025-12-20,23:26:07,268
WZ9916,S7 Airlines,2025-06-20,01:13:40,48
N49427,S7 Airlines,2025-04-02,12:54:02,96
SU7921,Utair,2025-05-06,23:31:32,5
UT5760,Aeroflot,2025-08-03,15:47:07,77
N42025,Pobeda,2024-08-05,12:18:41,129
DP6211,Rossiya,2025-04-13,16:19:28,297
N41961,Rossiya,2025-11-10,20:30:34,60
S74185,Ural Airlines,2024-08-09,17:05:25,237
SU8396,Aeroflot,2025-09-23,02:01:40,159
U69967,Aeroflot,2025-03-20,13:20:53,57
DP8555,Nordwind,2024-01-05,09:31:37,134
WZ9874,Red Wings,2025-07-24,16:22:53,244
SU2991,Red Wings,2025-12-04,02:54:58,71
SU8067,Ural Airlines,2024-01-18,00:41:25,82
UT6908,Red Wings,2025-07-15,05:00:03,299
FV9368,Ural Airlines,2024-11-10,06:55:07,49
WZ6098,S7 Airlines,2025-06-09,22:58:57,75
SU9905,Red Wings,2025-05-13,23:04:39,149
FV8215,Red Wings,2025-05-25,19:09:47,214
UT7069,Utair,2024-01-04,04:12:02,193
UT5391,Pobeda,2024-11-22,21:51:22,134
N4771,Pobeda,2024-02-07,07:22:17,161
FV4933,Rossiya,2024-01-08,21:29:59,69
SU6196,Aeroflot,2025-10-07,17:31:32,223
S72655,Nordwind,2024-01-13,07:31:27,144
UT3325,Red Wings,2025-03-22,18:28:20,20
FV4821,Rossiya,2025-12-19,10:47:43,68
DP1048,Ural Airlines,2024-04-02,18:52:47,190
SU2404,Nordwind,2025-09-02,03:33:38,125
DP9806,Red Wings,2024-09-23,19:20:58,289
WZ1736,Pobeda,2025-07-05,07:28:39,22
S74402,S7 Airlines,2025-03-07,04:03:30,23
DP6630,Rossiya,2025-11-24,07:08:04,231
SU9959,Pobeda,2024-07-12,12:23:01,281
N47581,Nordwind,2025-06-12,22:28:39,71
FV7968,S7 Airlines,2025-07-02,02:46:36,287
N49273,S7 Airlines,2025-12-12,03:54:30,44
FV8487,Pobeda,2025-05-05,21:06:08,159
WZ373,Ural Airlines,2024-02-21,18:17:00,229
WZ836,Pobeda,2025-07-13,00:06:28,226
S76491,Utair,2025-10-20,03:57:16,218
U69439,Pobeda,2024-01-12,14:57:02,112
S71367,Utair,2024-04-27,08:44:49,228
WZ1384,Pobeda,2025-04-01,23:46:28,162
S72305,S7 Airlines,2024-09-08,03:41:24,174
FV8145,Aeroflot,2025-04-27,07:44:32,264
S7972,S7 Airlines,2024-01-15,22:43:27,103
S79131,Pobeda,2024-09-26,16:12:13,280
SU7592,Ural Airlines,2025-10-10,04:10:46,180
SU1634,Ural Airlines,2024-10-18,13:43:05,177
DP7023,Utair,2024-04-16,23:33:52,222
SU8788,Utair,2024-06-23,03:01:19,243
SU2645,Nordwind,2025-07-27,06:49:50,125
UT8531,S7 Airlines,2025-06-12,15:57:10,25
DP6311,Aeroflot,2024-06-22,22:09:44,38
N49558,S7 Airlines,2025-11-15,16:45:08,16
FV9452,Nordwind,2024-07-10,15:57:26,172
WZ6872,Rossiya,2024-01-06,00:27:43,236
UT5012,Ural Airlines,2025-07-13,05:41:51,88
UT4263,Rossiya,2024-09-19,22:18:47,151
UT6583,Red Wings,2024-04-09,03:10:49,57
S79298,Pobeda,2025-12-08,05:06:20,237
S73719,Nordwind,2025-09-11,15:48:35,87
FV3989,Aeroflot,2024-11-27,22:58:21,282
N47860,Utair,2024-05-28,20:58:51,174
UT8579,Ural Airlines,2025-05-05,05:49:59,230
WZ8993,S7 Airlines,2025-05-23,16:43:30,260
SU5622,Pobeda,2024-06-01,04:14:41,24
N44924,Pobeda,2024-06-16,16:26:27,108
UT5634,Pobeda,2024-06-02,17:02:30,59
UT1354,Pobeda,2025-06-15,19:47:28,299
WZ170,Pobeda,2025-02-13,05:08:52,126
N41837,Nordwind,2025-04-23,00:22:53,223
S79501,Nordwind,2025-10-02,20:30:59,135
S74788,Ural Airlines,2025-04-02,15:32:24,62
SU5060,Aeroflot,2024-01-07,05:48:27,16
N45295,Ural Airlines,2024-10-14,01:44:38,156
S77295,S7 Airlines,2024-06-05,02:23:22,160
FV5985,Utair,2024-10-05,11:08:50,34
FV7215,Utair,2024-04-06,15:41:33,100
U61878,S7 Airlines,2025-06-25,14:24:19,150
UT9555,Pobeda,2025-04-21,10:00:41,243
DP3341,Nordwind,2025-04-20,07:34:51,11
U64896,Rossiya,2024-09-10,00:47:14,155
UT3187,Nordwind,2025-01-17,09:41:48,75
U67941,Nordwind,2024-12-02,22:48:00,20
S73797,Aeroflot,2024-03-06,21:21:20,296
FV5480,Rossiya,2024-01-21,03:58:45,290
FV9852,Red Wings,2025-01-01,05:20:33,264
U63361,S7 Airlines,2024-02-09,20:49:06,175
N43912,Aeroflot,2024-08-03,06:55:08,252
S75710,Aeroflot,2025-11-19,00:34:47,45
FV6440,Utair,2025-08-18,17:04:15,124
S71532,Rossiya,2024-07-07,15:06:21,198
UT7503,Red Wings,2024-03-02,19:15:37,60
DP9324,Aeroflot,2024-10-23,23:03:56,61
U6878,Aeroflot,2025-02-06,07:41:32,73
S79342,S7 Airlines,2025-12-23,10:09:19,65
N4821,Nordwind,2025-04-17,15:00:54,33
N48884,Ural Airlines,2025-03-01,07:38:50,51
N47742,Pobeda,2024-08-10,05:52:20,120
N41050,Aeroflot,2024-01-28,10:25:49,251
WZ9765,Rossiya,2025-01-08,17:26:37,104
UT6407,Utair,2024-06-03,06:52:04,148
WZ3648,Red Wings,2025-12-14,02:17:39,54
DP4237,Rossiya,2025-01-17,08:43:12,112
WZ8271,Rossiya,2024-08-08,14:03:44,197
SU6162,Pobeda,2024-04-23,02:30:28,249
SU2635,Pobeda,2024-09-21,06:06:10,124
DP7975,Red Wings,2025-06-15,09:32:57,200
WZ7855,Red Wings,2024-10-14,21:26:09,203
DP5477,Ural Airlines,2025-12-20,21:01:33,15
S73272,Red Wings,2024-12-12,22:59:47,136
DP4477,S7 Airlines,2025-01-04,17:36:20,250
S78963,Pobeda,2025-12-01,16:25:08,251
FV858,Utair,2024-06-17,08:31:58,283
N46277,Nordwind,2024-03-19,15:51:27,240
WZ6054,S7 Airlines,2025-01-18,08:42:07,110
SU736,Red Wings,2025-02-12,21:51:28,299
UT3234,Rossiya,2025-07-28,21:05:27,94
U68017,Aeroflot,2024-04-22,06:15:58,213
WZ856,Pobeda,2024-10-20,18:46:21,219
UT5146,Utair,2025-11-25,14:31:40,215
U65429,S7 Airlines,2025-09-24,23:02:53,168
SU2616,Aeroflot,2024-04-23,13:21:52,89
SU1691,Red Wings,2025-04-07,16:17:15,217
FV3113,Pobeda,2025-05-16,12:05:57,223
WZ7592,Utair,2024-01-16,08:43:23,8
S75007,Utair,2024-07-18,04:53:16,84
N42685,S7 Airlines,2024-02-27,22:30:57,8
WZ7063,Ural Airlines,2025-04-20,03:40:27,69
U68230,Rossiya,2024-03-27,01:47:32,167
FV3742,Utair,2024-10-07,12:13:33,44
WZ8417,Ural Airlines,2025-04-21,02:56:10,268
WZ652,Rossiya,2025-06-10,17:47:17,74
SU2140,Utair,2025-07-26,10:50:23,49
FV1360,S7 Airlines,2025-09-05,18:58:37,69
S76493,Nordwind,2024-08-10,13:09:15,64
FV8296,Pobeda,2025-11-15,18:22:48,179
S75182,Aeroflot,2025-06-01,03:39:48,203
N49901,Nordwind,2025-12-09,18:41:19,20
SU743,Ural Airlines,2024-04-27,03:32:54,81
N41334,Utair,2025-09-17,09:23:48,82
FV2955,Ural Airlines,2025-05-15,18:04:28,81
U61186,S7 Airlines,2024-08-14,21:23:38,115
N46385,S7 Airlines,2024-01-25,14:49:12,298
WZ5432,Red Wings,2025-01-25,23:57:26,11
UT2144,Pobeda,2024-08-03,08:12:57,197
WZ1015,Ural Airlines,2024-05-07,14:50:33,18
SU8322,Ural Airlines,2025-03-24,23:38:35,175
DP9723,Red Wings,2025-10-12,04:45:18,289
N42786,Rossiya,2025-01-21,21:32:44,173
N4288,Pobeda,2025-06-10,05:35:38,234
N42643,Rossiya,2025-09-24,19:28:37,139
SU4596,Nordwind,2025-05-20,15:26:50,278
S78215,Ural Airlines,2025-01-05,08:02:47,201
FV2288,Red Wings,2024-08-24,10:56:51,85
U63618,Red Wings,2025-07-25,10:25:05,124
DP3184,Utair,2025-02-27,02:33:49,214
U64860,Pobeda,2025-11-25,00:17:12,225
FV5771,Pobeda,2024-04-16,16:02:43,135
WZ7966,Utair,2024-10-08,11:07:28,262
N46886,Ural Airlines,2024-10-15,06:05:06,122
N46555,Utair,2025-03-05,05:06:17,250
S72012,S7 Airlines,2024-09-26,08:27:08,54
UT3604,Red Wings,2025-02-03,17:32:59,104
WZ2625,Utair,2024-02-13,18:57:43,61
U6734,Red Wings,2024-03-25,03:50:38,261
S79663,Ural Airlines,2025-07-10,15:04:41,94
UT2620,Utair,2024-10-02,15:53:14,272
UT2003,Utair,2024-09-09,05:03:07,110
S74814,Pobeda,2024-12-07,12:13:13,276
UT9551,Nordwind,2025-04-17,18:10:05,34
N46826,Red Wings,2025-12-08,06:31:54,60
U63304,S7 Airlines,2025-04-14,17:22:28,60
S71602,Nordwind,2025-12-28,16:06:15,68
WZ6908,Aeroflot,2024-06-12,22:44:00,274
S75674,Aeroflot,2024-02-20,15:22:09,73
SU8117,Rossiya,2025-07-28,10:03:39,155
S72441,Rossiya,2024-07-27,21:15:32,232
N44930,Pobeda,2024-02-03,04:53:26,13
FV6039,Red Wings,2025-07-17,01:27:27,26
N42069,Aeroflot,2024-05-23,04:12:31,117
S78569,Ural Airlines,2024-03-13,03:47:40,270
DP7659,Aeroflot,2025-09-23,01:21:26,123
WZ9649,Ural Airlines,2025-01-26,12:46:46,253
FV2637,Aeroflot,2025-07-26,20:29:23,286
UT770,S7 Airlines,2025-09-28,11:23:50,94
S73456,Red Wings,2024-10-23,22:15:59,279
UT7022,Aeroflot,2024-07-18,03:33:55,140
UT2937,Aeroflot,2024-06-04,10:12:59,179
FV4977,Nordwind,2025-11-19,12:42:41,238
UT2472,Nordwind,2024-06-10,09:53:35,222
SU2426,Red Wings,2024-12-10,13:26:15,67
SU7890,Ural Airlines,2024-03-17,09:57:04,260
S71943,Ural Airlines,2025-04-11,14:00:59,163
S72942,S7 Airlines,2024-11-03,18:58:11,254
DP1112,Utair,2025-08-25,23:29:14,204
WZ2046,Nordwind,2025-12-28,03:58:54,35
FV9665,Utair,2024-01-20,07:53:44,112
N48324,Utair,2025-07-11,09:59:29,60
FV4798,Nordwind,2024-01-03,05:31:15,239
DP1251,Rossiya,2024-03-05,12:44:53,126
WZ8680,S7 Airlines,2024-04-19,06:22:05,26
WZ4261,Aeroflot,2024-10-02,21:12:46,127
DP6790,Nordwind,2024-11-18,13:26:41,227
DP8162,Ural Airlines,2025-02-12,20:11:50,223
DP9236,Red Wings,2025-05-18,09:49:04,15
S79381,Aeroflot,2024-02-17,00:43:31,227
DP4624,Utair,2024-10-09,19:42:13,79
FV1306,Nordwind,2025-02-23,04:32:47,254
S77388,Utair,2024-01-25,10:15:27,2
WZ4639,Rossiya,2025-10-22,16:33:30,139
WZ5920,Utair,2024-05-07,04:42:09,234
UT540,S7 Airlines,2024-03-25,07:30:53,228
N45198,Pobeda,2024-04-18,08:13:46,216
WZ1539,Utair,2024-04-25,00:47:44,159
UT4275,Ural Airlines,2024-11-04,11:05:50,299
FV3747,Ural Airlines,2024-03-06,04:50:27,59
S76881,S7 Airlines,2024-04-11,15:29:41,234
DP1594,Ural Airlines,2024-12-28,11:01:20,296
SU9453,Rossiya,2025-09-01,14:18:35,77
S73772,Ural Airlines,2025-04-23,12:28:32,228
FV4218,Red Wings,2024-11-05,21:17:23,99
S74519,Aeroflot,2025-08-17,19:30:56,278
N47845,Nordwind,2024-05-17,06:36:19,84
S76311,Nordwind,2024-03-22,02:08:58,44
WZ6200,Pobeda,2024-09-20,10:59:28,22
SU910,Nordwind,2024-06-19,00:24:41,17
S78377,Rossiya,2024-01-25,13:33:20,240
WZ9590,Nordwind,2024-02-21,16:38:04,19
UT9545,Utair,2025-02-15,04:58:51,259
S76446,Utair,2025-10-08,14:15:12,135
SU9123,Rossiya,2025-01-16,13:32:33,187
WZ8759,Ural Airlines,2025-07-19,09:41:05,284
UT2932,Aeroflot,2024-12-25,21:08:26,185
S78396,Nordwind,2024-09-26,18:13:24,192
FV2850,Utair,2024-08-26,11:36:57,12
S75147,Nordwind,2025-03-07,20:29:06,14
S78644,Utair,2025-08-04,14:01:37,39
N45314,Aeroflot,2024-01-03,08:05:15,51
U67093,Nordwind,2024-03-05,23:48:54,125
DP6746,S7 Airlines,2025-01-14,22:06:57,46
U65105,Utair,2025-07-22,09:52:39,97
U62635,Aeroflot,2025-09-09,08:05:33,239
U62297,Ural Airlines,2024-10-18,02:15:58,201
U67029,Red Wings,2024-03-25,00:56:16,194
UT5135,Nordwind,2025-12-08,18:22:57,249
U69587,Aeroflot,2024-08-11,13:03:00,55
N49596,Utair,2024-05-13,16:20:16,96
WZ1031,Nordwind,2024-08-18,05:46:13,102
S79986,Pobeda,2024-04-06,19:21:05,124
FV7445,Utair,2025-09-10,17:20:01,276
S75360,Pobeda,2024-06-27,02:48:59,163
UT4345,Utair,2025-08-08,00:49:31,47
S74415,Utair,2025-07-17,03:26:44,130
S77647,Nordwind,2025-09-15,17:44:04,259
FV5562,Rossiya,2025-06-15,22:21:06,101
WZ2897,Nordwind,2024-12-22,23:37:02,165
DP7186,Nordwind,2025-10-14,05:53:49,237
DP3493,Pobeda,2024-02-12,22:56:05,273
N41438,Red Wings,2024-12-09,06:39:23,217
FV7408,Pobeda,2024-11-03,16:32:56,43
N4655,Nordwind,2025-01-24,02:40:01,127
SU2497,Nordwind,2024-03-01,20:10:39,4
SU2440,S7 Airlines,2025-05-12,05:52:09,49
DP1001,Nordwind,2025-05-07,00:06:52,222
N49546,Nordwind,2024-11-18,04:15:19,255
FV7680,Nordwind,2025-12-25,16:45:28,49
N44358,Ural Airlines,2025-07-08,04:42:41,194
FV4691,Red Wings,2024-08-15,02:08:57,189
N4532,Utair,2024-08-03,18:23:49,205
SU7650,Rossiya,2024-08-03,14:25:13,222
DP684,Ural Airlines,2024-10-26,09:35:37,153
SU706,Rossiya,2025-04-19,15:03:09,158
WZ1093,Pobeda,2025-07-11,01:45:38,215
FV8136,Aeroflot,2025-11-24,20:00:25,275
SU830,Pobeda,2025-04-11,17:28:21,194
DP7061,Aeroflot,2024-03-17,04:01:41,41
WZ6129,Utair,2024-09-15,00:52:07,289
FV8682,Pobeda,2024-03-08,21:57:21,116
UT9018,Rossiya,2024-02-18,12:06:03,142
FV7964,Red Wings,2025-09-18,17:37:39,62
WZ4492,Pobeda,2025-08-16,03:13:01,268
S72096,Utair,2025-04-13,05:45:43,224
DP9843,Rossiya,2025-05-15,03:17:25,286
UT5253,Nordwind,2025-04-09,21:58:38,166
SU6106,Ural Airlines,2025-02-12,02:50:24,216
N42047,S7 Airlines,2024-06-20,00:38:35,184
UT3428,Pobeda,2025-07-02,00:00:32,260
N46691,Pobeda,2025-04-25,09:12:26,43
S78673,Ural Airlines,2025-02-15,11:05:52,15
S76942,Ural Airlines,2025-05-19,04:34:17,235
WZ2910,Red Wings,2025-11-07,00:41:25,66
WZ2302,Pobeda,2024-09-18,23:24:12,239
S79549,Pobeda,2025-07-05,00:48:43,195
DP4160,S7 Airlines,2024-01-18,14:26:27,101
FV3179,Red Wings,2025-11-20,22:26:57,25
SU4138,Aeroflot,2024-03-25,11:27:32,209
U64576,Utair,2024-04-18,09:55:14,75
N4887,Nordwind,2024-12-17,22:19:39,272
SU8928,Rossiya,2024-03-09,15:19:54,266
UT518,Aeroflot,2024-03-10,14:01:09,252
WZ6742,S7 Airlines,2025-12-17,06:56:04,240
WZ1585,Ural Airlines,2025-08-03,13:24:02,200
N44093,Pobeda,2025-10-25,20:22:29,144
N49115,Red Wings,2025-02-18,02:07:18,100
DP9543,Red Wings,2025-06-04,05:17:26,190
S79042,Red Wings,2025-03-07,09:52:53,300
SU888,Ural Airlines,2024-11-04,01:46:11,35
SU5419,Utair,2025-10-06,16:37:51,263
N47204,Ural Airlines,2025-04-04,13:14:57,193
S79205,Pobeda,2025-02-23,06:48:23,34
FV6796,Utair,2025-05-18,13:16:50,136
UT4482,Aeroflot,2024-08-02,12:02:05,195
SU5644,Ural Airlines,2025-03-06,17:34:36,116
SU2893,Pobeda,2025-06-06,04:37:57,295
U62156,Aeroflot,2024-07-15,17:17:25,185
WZ4970,Ural Airlines,2024-06-18,06:13:24,92
SU8901,Ural Airlines,2025-08-07,17:56:52,141
DP3062,Ural Airlines,2025-09-03,00:28:23,51
U6337,Rossiya,2025-04-10,13:18:37,275
UT3214,Nordwind,2025-09-24,06:48:19,154
UT4339,Pobeda,2025-12-10,10:45:34,118
S73897,Red Wings,2025-03-27,07:39:52,287
DP8368,Utair,2024-07-25,13:08:53,250
N46540,Rossiya,2024-02-03,19:47:20,166
U65750,Nordwind,2025-03-20,21:27:45,210
FV4211,S7 Airlines,2025-08-20,13:58:21,209
FV7046,Ural Airlines,2025-11-13,05:00:33,50
N4699,Red Wings,2024-02-25,17:58:40,7
N4545,Aeroflot,2024-06-21,22:39:40,135
WZ688,S7 Airlines,2024-10-15,13:33:30,169
S75392,Aeroflot,2025-06-23,21:56:56,186
FV1830,Utair,2024-12-06,04:17:42,235
SU9437,Red Wings,2024-11-08,07:45:43,207
FV7418,Aeroflot,2024-01-13,14:33:43,170
S71542,Ural Airlines,2025-08-08,05:13:43,8
WZ1712,Nordwind,2025-08-25,04:20:21,144
SU5518,Ural Airlines,2025-10-26,03:17:42,45
UT5374,Nordwind,2024-05-17,12:32:05,189
S72276,Utair,2024-01-22,16:54:05,281
SU3677,Red Wings,2025-12-25,18:26:03,66
FV4371,Rossiya,2024-02-27,20:19:28,204
N4735,Rossiya,2024-11-15,00:48:50,154
FV8021,Ural Airlines,2024-04-11,22:31:48,163
WZ5799,Ural Airlines,2025-05-22,01:59:53,269
UT6731,Red Wings,2025-07-04,11:08:04,277
S73536,Pobeda,2024-06-27,03:39:44,263
UT1065,Rossiya,2024-10-07,00:17:19,182
UT5198,Nordwind,2024-03-11,03:13:38,120
FV4386,S7 Airlines,2025-02-18,19:28:19,160
U63682,Utair,2024-07-08,17:04:32,132
U66906,S7 Airlines,2024-08-20,15:44:39,229
DP8706,Ural Airlines,2025-11-04,20:55:23,99
N43307,Ural Airlines,2024-05-14,21:26:23,40
FV7718,Nordwind,2025-09-18,17:59:24,18
DP3075,S7 Airlines,2024-08-28,16:02:48,103
UT4839,Aeroflot,2024-10-26,21:55:37,94
UT8694,Ural Airlines,2025-09-01,12:57:15,257
UT9619,S7 Airlines,2024-11-06,02:47:38,47
S74200,Ural Airlines,2025-09-21,05:58:13,137
S75052,Utair,2025-01-09,18:04:54,184
UT6223,Ural Airlines,2024-05-16,14:55:51,257
FV4775,Rossiya,2024-10-28,14:41:53,214
S79702,Red Wings,2024-11-11,00:10:37,269
SU5916,Pobeda,2025-03-26,21:52:30,256
N44161,S7 Airlines,2025-03-07,20:12:41,45
DP7620,Aeroflot,2025-02-16,22:39:04,197
UT2088,Rossiya,2025-12-22,01:51:49,197
UT9960,Aeroflot,2025-02-20,10:39:24,2
DP204,Ural Airlines,2025-10-27,18:13:28,90
N48166,Utair,2025-06-27,00:30:24,248
N42083,S7 Airlines,2025-11-08,19:03:23,165
UT7523,Red Wings,2024-04-22,21:42:43,233
UT528,Nordwind,2024-07-01,18:20:53,56
U67103,S7 Airlines,2024-12-25,21:54:58,118
U62398,Rossiya,2025-07-28,16:26:28,212
FV9637,Rossiya,2024-09-14,02:34:58,194
U67140,Utair,2024-03-05,23:19:40,177
UT1265,Red Wings,2024-02-22,19:00:01,7
UT386,S7 Airlines,2025-11-23,20:09:02,124
DP3561,Ural Airlines,2024-01-02,08:08:12,227
WZ1762,Nordwind,2024-08-20,08:53:22,283
U61520,Ural Airlines,2024-05-20,13:28:58,56
U65354,Red Wings,2024-12-16,20:32:51,180
UT658,Utair,2024-11-27,09:30:19,295
SU3524,Pobeda,2024-11-06,18:01:35,14
UT6031,Aeroflot,2025-06-27,18:05:21,3
SU3770,Aeroflot,2025-03-28,20:25:22,62
N49629,Red Wings,2024-02-02,07:37:24,95
U62310,Red Wings,2024-07-18,17:07:19,265
N43999,Ural Airlines,2024-08-19,21:45:22,52
DP7874,Aeroflot,2025-02-19,08:18:28,253
WZ1337,Rossiya,2025-05-24,01:36:45,138
U66657,Red Wings,2025-11-14,12:06:03,218
DP4814,Utair,2025-11-19,09:13:56,18
SU3660,S7 Airlines,2025-11-24,19:08:42,201
S74139,Pobeda,2024-09-11,10:19:57,173
SU3268,Red Wings,2024-12-22,23:38:45,222
DP610,Nordwind,2025-03-02,21:21:12,25
S74676,Ural Airlines,2025-08-22,15:04:52,89
WZ8517,Ural Airlines,2024-01-23,03:00:23,92
U62812,Nordwind,2024-06-25,21:31:55,63
WZ6276,Ural Airlines,2024-03-17,03:45:26,232
WZ3810,Aeroflot,2025-06-04,08:09:48,134
N45025,Red Wings,2024-01-26,16:00:53,233
SU1022,Red Wings,2025-11-13,08:13:58,259
FV1092,Nordwind,2025-06-20,04:19:46,129
SU3221,Ural Airlines,2024-11-12,00:06:08,300
DP1583,Rossiya,2025-01-24,00:39:54,92
UT5161,Pobeda,2024-07-28,19:58:57,296
DP250,Nordwind,2024-12-02,13:33:05,297
N48560,Aeroflot,2024-09-17,23:40:08,209
FV6811,S7 Airlines,2025-03-08,22:50:30,127
UT139,Red Wings,2024-02-28,08:36:05,280
U62528,Pobeda,2025-09-03,19:31:04,109
DP3394,Pobeda,2025-05-13,20:52:25,147
S72454,Red Wings,2025-05-02,15:13:06,278
DP5899,Rossiya,2024-03-08,23:29:39,89
UT1270,Ural Airlines,2025-02-03,23:28:41,163
FV9363,Ural Airlines,2024-05-09,02:39:48,179
WZ9732,Rossiya,2025-06-17,11:28:03,104
UT2307,Rossiya,2024-03-15,00:42:18,16
U65319,Ural Airlines,2025-11-26,12:29:20,257
DP2142,Pobeda,2024-08-15,01:46:44,131
SU4448,Ural Airlines,2024-09-12,11:19:01,79
DP2039,Aeroflot,2025-04-17,18:49:05,28
DP9462,Pobeda,2025-10-23,14:58:45,278
FV5992,Utair,2025-08-08,12:45:27,135
DP7871,Ural Airlines,2025-03-10,12:17:03,104
S71467,Ural Airlines,2025-04-18,21:18:19,168
S73635,Nordwind,2025-02-21,02:18:24,9
UT6828,Rossiya,2024-03-15,05:53:49,56
U64706,S7 Airlines,2024-09-06,01:41:47,255
FV9466,Red Wings,2024-09-03,07:54:43,180
S73541,Nordwind,2025-08-12,11:54:11,32
S79505,Rossiya,2025-01-16,10:17:11,249
SU609,Pobeda,2025-01-20,16:22:27,19
S77901,Ural Airlines,2025-05-24,14:32:50,22
WZ8776,Utair,2025-08-14,04:04:11,58
U67098,Red Wings,2025-08-26,02:17:32,144
N47721,Aeroflot,2024-07-14,22:13:11,202
WZ7956,Red Wings,2024-10-14,19:34:33,255
UT5181,Rossiya,2024-02-16,00:57:17,227
N49774,Aeroflot,2025-06-13,20:04:59,236
WZ7190,S7 Airlines,2025-09-27,15:52:13,31
WZ7281,Pobeda,2024-02-11,02:50:56,219
S79982,Aeroflot,2024-08-23,17:50:10,180
WZ1098,Aeroflot,2024-04-27,14:54:44,137
DP8878,Rossiya,2024-12-01,17:09:47,82
DP1145,Ural Airlines,2025-12-13,13:54:46,287
S7656,Aeroflot,2024-05-26,23:38:43,254
DP5667,Aeroflot,2025-03-02,08:02:47,243
UT9907,Ural Airlines,2025-08-15,02:25:31,69
S78931,Ural Airlines,2025-12-15,15:01:54,10
WZ5759,Red Wings,2025-10-11,13:29:42,118
DP6263,Aeroflot,2024-06-19,14:40:18,255
DP6864,Red Wings,2025-09-12,15:24:47,46
SU9787,Pobeda,2024-01-21,17:13:23,131
FV9613,Aeroflot,2024-04-02,04:42:35,280
DP399,Utair,2025-05-04,05:32:39,137
SU2716,Red Wings,2024-11-19,01:14:20,101
UT1563,S7 Airlines,2025-05-12,08:03:44,98
DP5641,Rossiya,2024-08-17,22:59:47,21
U62183,Aeroflot,2025-11-14,00:33:00,128
UT1595,Nordwind,2025-11-16,04:48:40,79
WZ4191,Nordwind,2025-02-09,14:54:07,115
S74158,Utair,2025-01-12,16:18:26,196
DP2736,Rossiya,2024-11-16,08:33:38,36
SU5003,Rossiya,2024-06-26,16:25:52,269
U62193,Pobeda,2024-01-16,02:34:11,128
S76335,Rossiya,2025-07-08,15:40:48,91
U69354,Rossiya,2024-06-25,06:55:11,145
U65634,Red Wings,2024-05-07,18:33:47,38
DP1469,Red Wings,2025-12-25,18:09:42,236
FV3129,Rossiya,2024-03-24,16:42:46,163
WZ5880,Pobeda,2024-10-12,09:10:10,266
UT3659,Utair,2024-10-08,09:09:06,22
S7917,Pobeda,2024-05-11,08:20:14,109
N41960,Ural Airlines,2024-05-27,01:15:15,293
N42205,S7 Airlines,2025-04-26,18:30:32,145
WZ8747,S7 Airlines,2024-11-16,21:08:16,203
SU9694,Utair,2024-11-03,09:28:19,121
UT8616,Ural Airlines,2024-11-04,00:53:37,153
WZ9573,Red Wings,2025-04-16,00:46:48,96
WZ7771,Utair,2025-05-27,15:54:29,234
U65122,Ural Airlines,2025-10-26,04:56:29,80
UT6139,Aeroflot,2024-07-17,18:16:16,82
U69210,Utair,2025-01-12,01:33:17,14
UT5569,Aeroflot,2024-03-17,16:02:35,248
S71800,Ural Airlines,2024-05-22,21:33:45,214
SU6362,Pobeda,2024-10-22,02:03:44,184
U64249,Red Wings,2024-02-20,14:21:43,255
S73731,Rossiya,2024-11-03,23:40:32,184
DP6952,Rossiya,2024-03-21,04:58:17,157
SU1879,Red Wings,2024-06-05,07:42:09,60
S73448,Utair,2024-07-08,00:45:52,288
U62000,Red Wings,2025-04-11,11:47:50,128
FV8198,Nordwind,2025-01-19,21:50:22,199
U62227,Rossiya,2025-04-20,17:32:23,133
N44459,Aeroflot,2024-02-20,23:53:10,212
S75994,Aeroflot,2025-03-11,08:53:33,259
SU2889,Nordwind,2024-09-14,17:18:14,218
DP3738,Nordwind,2024-04-01,03:13:02,94
U65961,Aeroflot,2025-02-04,11:36:05,183
U63308,Ural Airlines,2025-05-13,07:43:44,94
DP7139,Red Wings,2024-05-03,12:18:24,181
DP9227,Ural Airlines,2024-12-26,20:25:08,271
FV5257,Nordwind,2025-06-17,07:04:12,186
UT5104,Rossiya,2024-02-21,09:12:37,112
WZ116,Aeroflot,2025-02-13,06:46:13,90
WZ7082,Red Wings,2025-01-26,00:53:09,264
WZ8465,Aeroflot,2025-04-18,15:09:41,197
UT2727,Utair,2025-07-08,09:22:06,66
N46228,Utair,2024-09-23,20:58:05,107
S73104,S7 Airlines,2025-01-14,07:37:40,81
U63490,Rossiya,2025-02-22,16:53:55,58
SU381,Utair,2024-11-13,05:49:25,34
WZ2538,Utair,2025-07-10,01:41:07,56
FV1656,Ural Airlines,2025-01-01,20:10:00,141
WZ7930,Aeroflot,2024-05-17,17:38:42,104
N49856,Pobeda,2024-01-13,20:08:23,7
FV6655,Rossiya,2025-06-19,02:29:46,139
WZ8734,Utair,2025-02-14,19:07:49,71
U68930,Rossiya,2025-11-20,06:27:18,134
FV522,Ural Airlines,2025-03-01,05:25:02,237
WZ3467,Nordwind,2024-05-28,04:36:44,209
DP6539,Red Wings,2025-07-24,18:54:13,203
UT8378,Utair,2024-03-02,07:57:59,230
S79397,Rossiya,2025-06-08,15:51:40,193
DP9187,Nordwind,2024-05-02,06:28:09,124
S77274,Rossiya,2024-03-18,15:15:56,43
DP6284,Nordwind,2025-04-23,03:44:15,193
S73215,S7 Airlines,2025-05-11,00:24:46,214
WZ5623,Red Wings,2025-02-01,16:09:18,62
U67616,Utair,2024-02-21,03:52:02,180
N41496,S7 Airlines,2024-02-01,22:56:37,21
UT1388,Ural Airlines,2025-08-02,02:07:33,218
U67891,Rossiya,2024-06-13,13:43:14,4
S78959,Aeroflot,2025-09-17,01:10:39,155
U65130,Nordwind,2025-05-17,11:27:22,251
S75036,S7 Airlines,2025-01-17,17:02:48,241
N46386,Nordwind,2024-02-14,11:50:13,259
WZ5584,S7 Airlines,2024-05-28,18:43:14,17
N43512,Utair,2025-11-28,19:44:12,60
N47527,Utair,2025-03-07,13:29:28,230
SU325,Utair,2024-07-06,21:58:20,289
FV6854,Pobeda,2024-08-24,06:40:55,268
N46267,Rossiya,2025-03-15,10:33:59,280
UT7814,Rossiya,2024-10-18,06:58:37,182
FV4398,Pobeda,2025-06-21,13:25:33,206
UT9613,Utair,2024-10-06,22:15:26,263
S72875,S7 Airlines,2025-09-09,01:43:45,153
N43147,S7 Airlines,2025-12-13,17:13:21,113
SU4506,Red Wings,2025-03-06,22:57:01,100
N48311,Red Wings,2025-11-04,01:34:41,124
N44007,Ural Airlines,2024-04-18,00:51:58,239
WZ7070,Aeroflot,2025-06-26,00:13:16,260
S75943,S7 Airlines,2024-12-10,02:16:26,31
DP1128,Red Wings,2024-04-06,17:45:54,167
UT6914,Nordwind,2024-08-08,16:17:17,293
U64359,S7 Airlines,2025-01-09,06:15:53,269
DP3231,Pobeda,2025-04-26,23:25:50,63
DP2779,Rossiya,2025-06-19,06:00:05,173
U63997,Nordwind,2024-11-09,08:14:11,293
UT6171,Red Wings,2025-08-23,06:17:57,44
UT6336,Aeroflot,2025-03-02,14:12:22,265
U68370,Utair,2025-11-18,22:10:02,38
UT2751,Red Wings,2024-10-08,21:59:32,141
SU6207,Ural Airlines,2025-06-23,12:41:55,127
U67746,Ural Airlines,2025-03-20,10:21:32,65
UT5429,Ural Airlines,2025-07-21,21:42:58,9
FV499,Pobeda,2024-01-03,16:51:20,81
N41704,Ural Airlines,2024-01-01,22:59:41,245
DP5321,Rossiya,2025-10-16,15:15:15,274
FV6329,Utair,2025-05-14,15:46:16,170
U63381,Red Wings,2024-01-13,00:01:18,47
N48148,Aeroflot,2025-04-22,23:25:35,174
N42488,Nordwind,2025-09-28,15:01:38,65
FV775,Pobeda,2024-04-08,19:08:19,299
N42746,Red Wings,2025-02-10,17:51:57,254
DP7335,Rossiya,2025-05-20,23:18:55,248
S75756,Red Wings,2025-10-26,20:17:23,186
UT271,Pobeda,2025-04-03,21:15:38,87
DP2177,Pobeda,2025-04-11,13:09:08,90
N49458,Nordwind,2025-10-03,16:44:59,215
DP7033,Rossiya,2025-09-20,19:41:03,264
UT2996,Ural Airlines,2025-02-03,01:11:43,261
WZ700,Nordwind,2025-07-04,15:00:24,65
WZ4431,Nordwind,2024-05-13,17:20:17,68
S75910,Aeroflot,2025-06-16,10:21:17,120
DP6328,Pobeda,2024-05-18,09:47:31,113
WZ8294,Ural Airlines,2025-05-22,20:54:08,27
DP114,Aeroflot,2024-09-06,10:46:11,48
UT7986,Pobeda,2025-11-11,15:13:05,143
N49555,Pobeda,2025-07-02,12:44:06,100
DP5192,Utair,2025-09-06,06:21:55,287
S71288,Aeroflot,2024-12-04,14:06:16,131
U61111,Utair,2024-06-09,19:35:49,91
DP6648,Ural Airlines,2024-10-28,15:59:23,294
N42872,Ural Airlines,2025-09-15,11:38:03,139
UT5759,Nordwind,2025-05-11,00:56:36,133
N49020,S7 Airlines,2025-07-25,14:23:19,146
DP3250,Nordwind,2025-10-13,07:21:34,199
N49737,S7 Airlines,2025-07-13,19:00:33,226
SU3737,Nordwind,2025-08-17,09:30:59,91
SU507,Aeroflot,2024-12-22,00:11:11,82
N46610,Ural Airlines,2025-12-03,21:49:54,300
N4477,Aeroflot,2025-12-18,08:47:05,197
DP6441,Ural Airlines,2025-08-05,23:36:45,223
U61116,Pobeda,2025-05-12,00:29:29,62
U61458,Rossiya,2025-07-23,02:45:03,78
SU449,Pobeda,2025-02-14,02:12:14,288
FV2864,S7 Airlines,2025-03-10,10:26:25,276
U62367,Rossiya,2024-04-14,20:51:09,128
UT6235,Aeroflot,2024-07-03,10:30:33,140
UT4255,Nordwind,2025-11-15,14:59:56,12
S78055,Rossiya,2024-12-27,20:59:06,147
WZ8476,Ural Airlines,2025-09-09,19:36:33,93
SU2912,S7 Airlines,2024-03-16,08:02:55,225
WZ1415,Pobeda,2024-02-20,17:23:28,263
SU8486,Aeroflot,2025-02-26,15:05:18,245
U64344,Ural Airlines,2025-09-04,16:29:33,241
DP8967,Ural Airlines,2024-12-09,18:37:46,276
WZ6568,Rossiya,2024-11-04,19:23:50,32
UT4670,Utair,2024-01-09,03:02:12,149
N44876,Utair,2025-06-24,08:13:31,272
WZ9772,Utair,2025-05-22,17:13:07,293
WZ8057,Utair,2024-12-08,12:21:09,179
SU3758,Aeroflot,2025-02-12,13:13:48,292
SU178,Nordwind,2025-01-18,03:39:23,154
FV5115,Red Wings,2025-02-28,19:58:36,68
FV3217,Aeroflot,2025-07-15,22:33:37,57
S7573,Rossiya,2024-02-10,08:29:27,142
FV7954,Pobeda,2024-09-28,21:50:42,4
N49571,Aeroflot,2025-07-23,17:00:26,11
SU4318,Nordwind,2025-07-28,22:59:21,292
WZ8417,Pobeda,2024-06-08,07:04:57,127
SU3341,Red Wings,2024-11-04,05:41:38,51
DP8185,Nordwind,2025-10-08,12:22:38,169
SU4499,Aeroflot,2025-06-21,12:38:19,142
S76978,Aeroflot,2025-08-01,09:13:02,175
N46362,Rossiya,2024-04-22,08:22:22,142
DP2863,Nordwind,2024-10-14,20:45:58,17
S75833,Pobeda,2024-09-08,01:43:15,292
N48476,Utair,2024-06-20,05:50:40,217
U67283,Ural Airlines,2024-10-11,14:42:47,284
S75328,Aeroflot,2024-12-14,02:34:45,216
S78830,Utair,2025-03-18,06:46:33,237
UT6234,Ural Airlines,2024-06-01,21:44:30,168
UT6549,Pobeda,2025-12-26,11:34:20,159
FV4236,Utair,2024-06-28,14:55:38,237
SU2451,Utair,2025-07-09,01:56:32,115
SU6005,Ural Airlines,2024-09-13,16:26:52,231
DP907,S7 Airlines,2024-11-07,05:33:38,79
N43132,Utair,2025-12-11,22:25:34,79
SU5840,S7 Airlines,2024-05-06,20:33:27,109
WZ2705,Ural Airlines,2024-01-16,15:21:27,27
U65246,S7 Airlines,2024-07-11,10:21:03,43
N44282,Rossiya,2025-03-28,21:22:04,209
U68813,Utair,2024-02-20,03:02:38,243
SU5819,Utair,2025-11-18,22:38:16,44
WZ4305,S7 Airlines,2024-09-07,12:56:42,248
FV2934,Rossiya,2024-11-01,15:04:35,237
WZ2225,Pobeda,2024-09-06,06:41:02,76
U6324,Utair,2024-10-01,18:27:39,111
WZ2377,Pobeda,2024-11-23,10:22:00,107
SU4605,S7 Airlines,2025-05-10,16:43:02,272
DP1480,Nordwind,2025-02-02,12:46:12,249
FV7676,Utair,2025-12-16,21:58:28,171
N41124,Ural Airlines,2024-04-12,17:54:56,15
N4671,Red Wings,2024-07-10,17:06:47,99
WZ7204,Aeroflot,2024-08-05,09:41:56,299
DP6967,Aeroflot,2025-03-22,01:13:13,53
UT7132,Utair,2024-10-13,09:26:55,128
U67290,Red Wings,2025-05-18,12:48:08,253
S76199,Red Wings,2024-12-18,00:01:56,113
FV7406,Aeroflot,2024-09-13,02:15:35,14
S73422,Nordwind,2024-05-04,06:31:02,218
FV4642,Pobeda,2025-04-23,03:44:57,260
DP2794,Utair,2024-02-20,23:56:46,245
FV2419,Red Wings,2024-09-04,22:38:00,192
U62475,Rossiya,2025-04-08,20:47:00,149
DP2944,Rossiya,2025-03-23,09:35:46,182
UT1142,Ural Airlines,2025-01-23,17:22:45,95
SU8219,S7 Airlines,2025-07-24,07:24:16,18
N42516,Rossiya,2024-05-24,22:56:50,247
FV1021,S7 Airlines,2025-07-13,20:05:28,98
U62548,Utair,2025-06-27,16:42:56,246
DP1508,Pobeda,2024-08-27,02:26:00,89
S75984,Pobeda,2024-05-05,15:48:56,114
WZ6187,Aeroflot,2024-11-01,03:39:46,236
U69479,Red Wings,2024-05-14,05:36:22,76
WZ6145,Ural Airlines,2025-01-09,17:57:17,111
SU6062,Utair,2024-12-09,05:14:06,99
FV1114,Utair,2024-09-27,00:38:28,223
U61293,Utair,2025-07-20,05:34:36,204
UT952,S7 Airlines,2025-03-20,16:18:53,105
FV3431,Utair,2024-10-15,01:15:39,156
SU3506,Red Wings,2024-12-28,03:38:12,189
N46016,Ural Airlines,2024-01-01,11:30:08,168
UT9325,Rossiya,2024-12-04,22:14:49,176
WZ3130,Ural Airlines,2024-12-17,22:32:12,122
FV9301,Aeroflot,2025-03-24,14:54:58,299
N42510,Pobeda,2024-01-24,02:39:36,289
U68609,Red Wings,2024-01-27,01:19:42,196
N49833,Pobeda,2024-08-26,07:04:17,294
SU7876,Nordwind,2025-01-21,22:36:20,0
WZ9987,Utair,2025-12-26,05:28:03,6
SU1837,Rossiya,2025-08-20,08:55:24,45
S72059,Rossiya,2024-11-21,18:37:13,260
DP2797,Red Wings,2025-03-28,22:36:08,299
N45188,Pobeda,2024-12-28,19:15:00,249
U64482,Ural Airlines,2024-07-04,09:07:16,41
S79022,Red Wings,2025-12-17,22:09:26,118
FV7761,Red Wings,2025-06-19,22:50:36,233
S77727,Rossiya,2025-01-20,15:01:11,266
WZ6294,Nordwind,2024-03-17,15:27:14,89
N45522,Aeroflot,2025-02-02,09:35:42,96
WZ6085,Aeroflot,2025-05-26,01:13:43,144
UT5734,Rossiya,2024-07-12,17:50:45,32
S73063,Nordwind,2024-10-13,13:16:45,179
N48948,Aeroflot,2024-05-01,17:48:52,241
N49777,Pobeda,2025-04-03,21:46:23,47
S73273,Utair,2024-01-08,05:55:04,266
UT1168,Ural Airlines,2025-09-20,14:06:21,16
DP6514,Ural Airlines,2024-03-08,22:48:24,134
SU1996,Aeroflot,2025-04-06,14:57:46,272
U69670,Nordwind,2024-04-04,22:50:58,265
UT4976,Utair,2024-01-06,19:34:48,32
N47794,Pobeda,2025-12-07,22:25:20,13
UT6850,Utair,2024-08-04,10:02:37,19
UT1052,Red Wings,2025-03-10,07:50:14,54
SU7759,Red Wings,2025-12-02,18:22:12,226
U63801,Rossiya,2025-05-23,14:02:02,195
WZ1513,Pobeda,2024-02-25,03:22:38,12
DP7509,Aeroflot,2025-11-28,11:16:08,296
U69954,Rossiya,2025-11-07,20:39:13,120
DP1630,Nordwind,2024-01-28,18:16:59,175
FV4024,Pobeda,2025-06-18,02:12:41,124
U67053,S7 Airlines,2024-03-24,14:47:01,271
S75243,Pobeda,2024-04-20,21:24:56,194
N42573,Aeroflot,2025-12-16,10:04:34,89
S76818,S7 Airlines,2025-02-13,06:19:02,44
SU5492,Nordwind,2024-03-16,14:09:56,20
N49114,Aeroflot,2025-05-21,14:30:40,109
DP2193,Nordwind,2024-09-02,08:17:02,32
N46308,S7 Airlines,2025-06-22,08:35:59,83
WZ1657,Red Wings,2025-02-28,22:38:02,115
DP4229,Red Wings,2024-06-06,04:45:18,196
S76716,Ural Airlines,2025-03-02,03:20:42,116
FV5294,Red Wings,2024-01-25,21:35:53,96
WZ5411,Nordwind,2024-11-01,05:10:43,80
S72980,Nordwind,2025-03-01,14:29:35,176
WZ8649,Rossiya,2024-12-19,12:43:31,262
U66586,Rossiya,2024-09-13,23:21:36,12
SU8369,Ural Airlines,2024-12-08,15:35:24,198
UT8449,Aeroflot,2025-05-09,21:33:31,4
N48175,Ural Airlines,2024-03-13,00:50:08,35
N46013,Nordwind,2024-10-28,01:07:11,49
SU352,Ural Airlines,2025-06-16,06:53:37,299
UT6113,Rossiya,2025-04-16,17:49:52,45
N49688,Red Wings,2025-08-21,00:59:07,128
U62720,Rossiya,2025-06-18,00:32:15,228
UT694,Ural Airlines,2024-02-02,11:06:54,109
SU9833,Aeroflot,2024-10-06,02:20:57,290
S76084,Pobeda,2025-05-14,21:01:10,186
DP2088,Nordwind,2024-09-02,12:21:44,130
FV604,Nordwind,2025-11-28,16:49:19,295
UT5148,Utair,2024-06-27,01:22:19,275
WZ1254,Rossiya,2025-11-25,15:36:54,32
WZ8640,Rossiya,2025-06-08,06:09:42,45
N45413,Utair,2024-07-11,05:35:41,285
WZ2880,Utair,2025-08-19,14:21:35,152
S77755,Rossiya,2025-02-18,22:40:12,183
SU2322,Utair,2024-12-27,23:06:17,179
S72476,Pobeda,2025-06-14,04:33:47,127
DP9103,Pobeda,2025-02-26,16:21:32,124
N41698,Utair,2025-01-24,10:48:24,34
SU580,Pobeda,2024-12-18,11:47:24,29
SU7349,Rossiya,2024-03-26,20:35:29,49
WZ7630,Aeroflot,2025-11-01,08:29:13,264
N42083,Utair,2025-09-06,14:19:06,180
S79459,S7 Airlines,2024-06-14,01:15:27,191
SU8258,Ural Airlines,2024-09-10,06:09:04,203
FV6706,S7 Airlines,2025-08-03,04:01:44,288
DP6073,Utair,2024-03-06,02:41:11,34
UT2920,Aeroflot,2025-07-03,00:05:17,97
SU1833,Red Wings,2024-04-12,16:21:55,60
S7139,Aeroflot,2024-03-26,11:11:47,13
U61519,Utair,2024-09-23,11:58:31,8
N47572,Aeroflot,2024-10-07,09:15:55,262
WZ327,Pobeda,2024-02-16,12:52:28,174
WZ1841,Rossiya,2024-07-21,07:01:22,47
FV6412,Utair,2024-08-13,08:09:28,111
N44791,Ural Airlines,2025-09-02,03:31:59,57
S74260,Red Wings,2024-01-20,21:08:26,29
N4758,S7 Airlines,2025-08-21,08:56:39,146
DP3012,Pobeda,2025-05-16,10:37:23,130
FV7733,Ural Airlines,2025-02-22,15:30:26,296
UT3002,Rossiya,2025-02-01,19:43:07,100
FV9969,S7 Airlines,2025-09-26,16:59:25,39
UT7554,Nordwind,2025-10-01,06:46:08,123
FV2192,S7 Airlines,2024-05-20,16:46:31,178
S77655,Nordwind,2025-09-13,00:22:37,72
SU1797,Ural Airlines,2024-10-18,09:28:24,138
WZ2049,Red Wings,2024-08-20,07:41:06,15
FV5370,Rossiya,2024-12-09,06:31:16,247
N48163,Nordwind,2024-05-13,20:44:26,57
S79878,Aeroflot,2025-06-03,12:21:58,203
N47041,Aeroflot,2024-12-22,06:36:34,234
WZ8874,Ural Airlines,2025-12-22,15:41:10,0
DP3583,Red Wings,2024-07-18,15:46:52,42
WZ3887,Ural Airlines,2025-10-21,04:18:59,125
DP5784,Pobeda,2024-03-18,16:03:25,44
N44338,Nordwind,2025-01-17,22:46:36,159
DP9711,Rossiya,2024-08-21,16:54:02,261
U61748,Utair,2025-03-05,16:51:03,61
UT2519,Nordwind,2025-12-19,20:11:14,55
DP403,Aeroflot,2024-08-18,01:16:21,80
UT1734,Red Wings,2024-11-09,07:45:21,107
U68804,Red Wings,2024-02-23,18:41:45,228
SU9561,S7 Airlines,2024-07-12,05:47:18,106
SU6608,S7 Airlines,2025-03-17,08:40:48,39
UT382,Rossiya,2025-01-27,03:45:04,180
DP3466,Rossiya,2025-03-23,08:28:50,201
SU2822,Utair,2025-09-01,10:46:10,119
DP1011,Rossiya,2025-01-02,06:04:53,267
U64135,Aeroflot,2024-10-17,23:29:10,101
WZ3936,Rossiya,2025-11-19,02:29:53,15
S75463,Ural Airlines,2025-06-01,05:40:48,5
FV1439,Aeroflot,2025-02-08,07:58:51,211
WZ7168,Rossiya,2025-04-28,21:30:02,91
SU2765,Rossiya,2025-07-18,06:59:47,198
WZ6208,Aeroflot,2024-01-05,10:25:42,247
U62654,Ural Airlines,2025-08-11,01:14:42,257
U62774,Rossiya,2024-07-13,18:51:57,178
SU2710,Rossiya,2025-02-06,09:46:59,125
N42962,Rossiya,2024-09-20,04:12:06,126
WZ7493,Ural Airlines,2024-11-04,01:59:23,246
WZ5928,Nordwind,2025-09-13,22:27:33,5
DP4248,S7 Airlines,2025-08-01,01:46:15,22
U62566,Nordwind,2025-02-04,11:05:57,28
DP7803,Utair,2024-12-04,13:38:18,16
FV7746,Red Wings,2024-02-08,17:00:59,272
SU7169,Red Wings,2024-11-21,20:56:26,19
U62974,Nordwind,2025-12-25,20:49:26,251
SU4804,Rossiya,2025-07-20,12:33:38,5
SU5630,Utair,2025-06-06,15:44:35,254
SU4631,Aeroflot,2025-11-25,12:48:04,214
UT9549,Rossiya,2025-10-10,01:46:53,208
U6844,Ural Airlines,2024-11-03,17:46:31,110
SU3563,Rossiya,2025-03-06,00:17:56,103
S74369,Utair,2025-03-25,07:59:14,78
UT4159,Aeroflot,2025-03-04,15:50:31,154
S76033,Nordwind,2025-04-09,07:01:15,59
WZ6757,Red Wings,2024-05-18,09:13:23,287
FV575,Utair,2025-06-27,16:09:53,9
FV1639,Utair,2024-12-02,23:47:41,217
S76314,Nordwind,2025-04-22,09:41:29,4
N46123,Red Wings,2024-08-16,18:25:00,258
UT9777,Pobeda,2025-03-01,17:45:38,229
UT6580,S7 Airlines,2025-05-27,04:36:58,60
UT1619,Nordwind,2025-01-03,00:16:56,45
U63145,Pobeda,2025-11-04,18:49:40,211
S74573,Utair,2025-04-26,21:05:43,298
S78080,S7 Airlines,2024-01-14,21:55:19,263
DP9695,Aeroflot,2025-08-03,19:16:21,291
FV2218,Nordwind,2024-01-09,10:48:01,79
DP5184,Ural Airlines,2024-10-04,19:26:48,86
U68696,Utair,2025-02-25,15:09:58,154
SU9160,Red Wings,2025-09-27,20:23:26,157
U65777,Rossiya,2024-01-27,11:42:48,63
DP9422,Ural Airlines,2025-01-07,12:39:04,65
S79986,S7 Airlines,2025-04-17,01:14:06,191
DP6228,Ural Airlines,2025-05-08,19:04:01,213
SU3168,Nordwind,2025-05-02,06:06:37,123
DP2060,Nordwind,2025-06-20,00:58:58,178
FV5620,Pobeda,2024-03-24,23:14:19,254
N41615,Rossiya,2025-03-23,05:23:01,171
S7504,Nordwind,2025-09-10,07:03:24,296
WZ1566,Aeroflot,2024-01-10,19:00:43,199
DP370,Utair,2024-05-02,09:12:53,150
FV2625,Rossiya,2024-11-08,13:48:30,160
UT8197,Rossiya,2025-05-05,13:42:41,33
N47277,S7 Airlines,2025-04-04,14:38:39,27
N45932,Aeroflot,2024-11-13,06:44:28,55
DP9283,Aeroflot,2024-12-19,20:10:04,192
SU5624,S7 Airlines,2024-09-05,01:30:39,207
FV818,Aeroflot,2025-12-20,11:31:32,111
FV4536,Red Wings,2025-08-03,18:30:56,102
N4134,Utair,2025-03-11,17:12:44,72
FV1239,Utair,2024-09-19,12:53:54,161
DP8123,Utair,2025-01-18,21:14:12,14
S72437,Red Wings,2025-08-26,23:27:59,249
DP4485,Rossiya,2025-06-14,01:21:59,166
U6789,S7 Airlines,2024-04-12,21:56:55,229
S76098,S7 Airlines,2025-05-22,00:29:32,262
N41624,Utair,2025-10-11,06:09:43,273
FV620,Red Wings,2024-03-02,06:05:08,291
N45614,Ural Airlines,2025-04-02,08:42:40,27
UT3060,Rossiya,2024-09-09,18:14:41,257
UT9704,Nordwind,2025-07-21,13:41:56,194
S73444,Ural Airlines,2024-01-22,19:12:03,109
FV398,Red Wings,2025-08-10,10:02:53,50
WZ3898,Red Wings,2024-01-11,08:00:45,191
DP4637,Utair,2025-08-08,16:48:49,290
DP3658,Red Wings,2025-06-22,21:16:07,86
N47478,Aeroflot,2025-09-22,06:27:36,88
U67577,Ural Airlines,2025-03-11,20:03:26,222
WZ2632,Utair,2024-06-28,10:08:44,17
UT4928,S7 Airlines,2024-01-19,01:16:15,151
S77663,Nordwind,2025-05-19,07:16:33,244
DP1211,Rossiya,2024-01-15,03:09:21,298
WZ7084,Pobeda,2025-04-14,16:35:18,175
N47631,Utair,2024-08-28,09:42:25,92
UT3989,Rossiya,2024-05-21,13:21:46,272
SU2761,Ural Airlines,2024-09-25,10:14:55,206
N46386,Pobeda,2024-09-24,22:07:34,169
DP6705,Red Wings,2025-12-04,22:52:47,115
FV1213,Pobeda,2025-02-19,19:47:53,2
N46115,Pobeda,2025-12-17,02:27:52,273
FV3202,Utair,2024-10-10,10:22:57,26
SU2034,Rossiya,2024-05-01,20:44:58,127
FV166,Red Wings,2024-01-07,12:39:36,126
U64975,S7 Airlines,2024-10-20,04:41:06,266
N41405,Red Wings,2024-08-20,16:44:04,211
WZ5419,Pobeda,2025-08-11,02:46:53,262
SU4764,Utair,2025-01-13,01:42:23,84
UT9420,Nordwind,2025-08-26,13:27:52,11
N42179,Rossiya,2024-08-19,05:26:11,241
WZ5263,Red Wings,2024-10-22,04:22:40,48
N41796,S7 Airlines,2025-03-13,16:22:58,24
N45112,Utair,2025-12-25,07:51:42,298
U65293,Red Wings,2024-09-12,13:25:10,174
DP7205,Rossiya,2025-08-20,15:09:59,162
S72102,Red Wings,2024-12-07,23:08:28,163
FV3514,Pobeda,2025-09-15,12:58:48,103
U69682,Ural Airlines,2025-02-28,11:52:13,33
FV444,Ural Airlines,2025-09-02,10:44:37,126
S79479,S7 Airlines,2024-09-09,06:59:41,19
UT7394,Utair,2024-08-16,21:08:48,124
WZ2417,Aeroflot,2025-10-22,16:54:58,26
N45685,Pobeda,2025-02-27,02:37:43,198
WZ8091,Red Wings,2024-10-02,03:47:03,166
SU8262,S7 Airlines,2025-07-16,06:32:21,133
N47107,Pobeda,2024-02-03,16:12:58,265
U67834,Red Wings,2024-11-20,15:46:03,165
DP3819,Utair,2024-01-23,22:08:06,20
S77957,Pobeda,2025-12-14,00:51:26,167
WZ1508,Pobeda,2025-04-24,19:03:43,238
N44405,S7 Airlines,2025-05-23,02:39:54,219
SU5503,Ural Airlines,2025-06-11,16:39:31,123
WZ738,Nordwind,2025-06-25,03:52:12,71
SU5386,Rossiya,2025-07-21,16:15:16,160
U61047,Pobeda,2025-09-20,13:53:21,57
WZ869,Red Wings,2025-10-25,00:47:21,70
N45270,Utair,2024-03-04,20:34:39,22
FV9285,Pobeda,2025-12-07,05:29:39,50
UT5743,Rossiya,2025-02-01,15:14:47,165
SU6008,Nordwind,2024-08-23,22:05:07,125
SU1554,Utair,2024-08-07,17:59:45,256
DP265,Pobeda,2025-11-18,10:57:21,243
UT7221,Pobeda,2024-12-13,03:57:17,76
S74365,Nordwind,2024-04-08,22:20:33,149
WZ6109,Rossiya,2024-06-19,14:14:22,300
FV6118,Ural Airlines,2025-01-18,00:26:38,96
N47093,Aeroflot,2025-09-26,19:07:53,121
N41829,S7 Airlines,2025-07-18,10:23:23,42
UT3882,Red Wings,2024-12-06,04:46:19,159
DP3437,S7 Airlines,2024-10-08,18:47:45,172
U67127,Aeroflot,2024-09-19,20:02:14,44
S71040,Aeroflot,2025-10-19,12:55:11,40
S77732,Aeroflot,2024-02-24,15:35:50,274
U66674,Ural Airlines,2024-02-22,00:08:56,135
DP5949,Pobeda,2024-03-23,08:12:28,71
SU9758,Utair,2024-09-10,21:13:17,189
WZ1714,S7 Airlines,2025-04-01,23:27:21,255
S73810,Utair,2024-12-24,13:53:36,93
WZ2133,S7 Airlines,2024-12-02,23:14:26,193
SU7807,Utair,2024-01-16,06:43:09,0
N49851,S7 Airlines,2025-05-28,08:33:59,46
UT4723,Ural Airlines,2025-12-20,13:58:59,60
SU9580,Nordwind,2025-12-27,00:44:57,145
DP4653,Nordwind,2025-07-24,11:16:48,285
FV2490,Ural Airlines,2025-03-22,04:46:22,75
UT9957,Aeroflot,2025-02-01,01:11:09,207
DP9604,S7 Airlines,2025-09-24,16:02:39,27
FV2850,S7 Airlines,2025-09-19,19:56:43,45
DP4598,S7 Airlines,2025-11-07,05:49:41,142
N42959,Rossiya,2025-06-01,11:00:47,14
WZ8805,Utair,2024-06-14,08:11:23,16
FV564,Rossiya,2025-08-28,17:44:53,188
UT7361,Nordwind,2025-03-13,22:43:22,279
FV6621,Nordwind,2025-04-23,01:32:57,150
UT1475,S7 Airlines,2025-04-13,20:38:04,143
SU5829,Pobeda,2025-03-06,20:00:52,262
FV7069,S7 Airlines,2024-07-18,22:31:55,289
WZ8801,S7 Airlines,2025-03-24,08:16:15,295
UT6133,S7 Airlines,2025-11-09,18:44:47,78
DP7521,Ural Airlines,2024-03-24,07:24:19,62
U65564,Utair,2024-12-24,06:41:33,285
SU3082,Rossiya,2025-12-07,21:34:30,284
UT9520,Nordwind,2025-05-14,08:21:21,46
WZ5491,S7 Airlines,2024-12-15,22:06:21,255
U64033,Rossiya,2024-07-28,10:37:49,3
U64847,Pobeda,2025-05-18,12:14:12,228
S74260,S7 Airlines,2025-11-19,15:50:16,86
S76059,Utair,2025-09-21,11:54:33,17
FV6646,S7 Airlines,2024-05-27,11:49:01,299
UT7178,Rossiya,2024-05-18,08:02:20,9
U65763,S7 Airlines,2024-09-27,08:20:14,138
SU9193,Red Wings,2025-01-03,01:23:29,275
DP1275,Rossiya,2025-02-09,04:18:46,77
UT2988,Utair,2025-06-16,20:58:26,74
SU3604,Rossiya,2024-05-10,12:17:36,82
DP7364,Pobeda,2024-01-08,14:43:05,187
UT6393,Nordwind,2025-02-18,09:35:43,201
FV2831,Nordwind,2024-11-25,15:07:07,296
FV4145,Red Wings,2025-05-10,00:40:26,228
U69608,Pobeda,2025-07-27,20:35:26,190
UT3099,Red Wings,2024-05-23,19:50:24,25
FV8984,Red Wings,2024-03-24,21:40:35,264
SU4175,S7 Airlines,2025-02-12,17:26:59,62
DP7776,Red Wings,2025-08-21,23:16:06,192
FV2824,Aeroflot,2024-07-09,14:06:05,100
DP3472,Aeroflot,2024-05-20,03:28:51,285
DP7918,Red Wings,2025-04-25,23:55:05,241
U68733,Aeroflot,2025-05-07,06:40:31,216
S77141,Rossiya,2025-03-02,08:35:52,242
SU1862,Nordwind,2024-06-05,22:07:28,9
U61658,Aeroflot,2025-03-13,05:36:15,197
WZ3436,Rossiya,2025-07-25,21:56:29,197
S7530,Utair,2025-11-01,01:43:52,6
N42488,Nordwind,2025-12-25,17:11:08,6
WZ2494,Aeroflot,2024-01-10,04:04:49,276
SU7822,Nordwind,2025-02-26,22:46:09,243
WZ5684,Rossiya,2025-06-18,23:28:35,68
FV1264,Ural Airlines,2024-07-05,19:10:36,22
FV6146,Aeroflot,2025-08-12,11:16:19,109
FV3592,S7 Airlines,2024-12-26,08:35:03,151
SU867,Red Wings,2025-06-20,21:24:55,30
SU8292,S7 Airlines,2025-02-19,02:29:27,110
FV6581,Ural Airlines,2024-04-22,05:17:39,293
S76693,S7 Airlines,2025-04-07,08:19:27,262
FV7847,Rossiya,2024-01-09,21:49:10,196
DP8332,S7 Airlines,2025-11-03,00:05:26,26
SU3884,Ural Airlines,2024-12-19,03:04:42,198
FV8677,Nordwind,2025-01-23,07:54:23,181
FV3009,Pobeda,2025-06-24,03:48:52,125
FV9441,Ural Airlines,2024-07-07,00:40:47,129
FV5163,Red Wings,2025-12-03,07:37:53,217
U65142,Rossiya,2024-11-17,18:40:15,50
U69420,Aeroflot,2024-04-28,14:41:45,271
WZ9845,Pobeda,2025-10-11,03:57:29,12
U68390,S7 Airlines,2025-11-22,15:10:22,273
UT1733,Red Wings,2024-01-19,08:26:49,21
U69816,Red Wings,2025-05-23,21:59:18,66
N43801,S7 Airlines,2025-10-20,07:13:57,2
S77516,Ural Airlines,2024-11-13,15:08:44,291
N4937,Nordwind,2024-07-23,05:50:30,239
FV3946,Rossiya,2024-05-04,17:23:14,270
N49618,Nordwind,2025-03-01,06:53:02,5
SU324,Pobeda,2024-12-09,02:48:25,217
N4450,Utair,2025-09-16,21:12:39,268
SU3297,Aeroflot,2024-10-22,21:39:18,131
N48620,Pobeda,2025-01-17,09:20:29,131
U68496,S7 Airlines,2025-07-25,23:22:35,130
S79984,Rossiya,2025-02-14,12:54:10,271
UT2623,Nordwind,2025-05-12,10:08:01,167
WZ6304,Utair,2024-03-02,14:59:18,243
DP3308,Aeroflot,2025-01-07,20:51:54,9
DP7599,Ural Airlines,2024-05-21,10:11:39,69
WZ8129,Rossiya,2024-01-04,04:37:19,243
SU4582,Pobeda,2025-11-11,09:52:01,204
N42778,Nordwind,2024-11-28,18:10:10,5
WZ6933,Nordwind,2024-10-16,12:08:27,76
DP2189,Red Wings,2024-12-11,20:22:47,231
DP4121,Pobeda,2024-06-23,01:27:46,19
U61861,Aeroflot,2025-10-27,12:25:27,225
SU412,Aeroflot,2024-03-03,16:38:20,107
U61986,Pobeda,2025-05-13,08:20:51,91
FV7488,Red Wings,2025-02-27,13:15:23,129
N4131,Ural Airlines,2025-03-13,07:46:52,19
DP8123,S7 Airlines,2024-07-13,19:12:03,285
S76601,Red Wings,2025-08-04,06:10:53,274
FV4607,S7 Airlines,2024-09-26,19:48:54,141
FV9083,Ural Airlines,2024-09-11,18:13:11,214
U64216,Aeroflot,2024-09-10,17:45:45,96
UT2949,Pobeda,2024-05-20,17:02:44,20
U67938,Pobeda,2025-09-07,02:12:17,58
SU3104,Red Wings,2025-12-12,02:21:16,130
SU1450,Pobeda,2024-02-18,19:44:59,33
S72952,Rossiya,2025-12-24,19:06:31,4
N49477,Pobeda,2024-05-12,04:32:24,66
DP2508,S7 Airlines,2024-12-03,02:07:59,266
FV7189,Pobeda,2024-02-05,13:53:14,238
FV2811,Red Wings,2025-08-09,00:07:58,130
DP2197,Pobeda,2024-06-01,22:34:03,87
U6785,Rossiya,2024-01-26,22:31:09,10
WZ3995,Rossiya,2025-11-23,18:28:06,127
S71452,Ural Airlines,2025-09-11,14:18:05,186
FV1116,Aeroflot,2024-03-26,05:04:31,188
DP9761,Nordwind,2024-03-25,18:59:15,201
FV4211,Utair,2025-04-13,11:46:27,226
DP3079,Aeroflot,2025-03-07,20:41:12,257
SU5710,S7 Airlines,2025-06-16,06:58:37,217
WZ3052,Nordwind,2024-09-11,02:47:28,290
DP2578,Nordwind,2025-11-13,09:43:04,212
U62856,Aeroflot,2024-09-11,12:45:25,188
DP6022,Red Wings,2024-01-27,18:12:09,285
S71495,S7 Airlines,2025-04-25,08:45:51,162
S76293,Nordwind,2025-07-06,23:12:47,32
FV2573,Pobeda,2025-12-02,00:31:09,191
WZ8675,Aeroflot,2025-06-05,13:27:59,263
WZ227,Rossiya,2024-02-16,04:54:02,218
WZ8607,Ural Airlines,2024-02-02,05:24:32,81
S76529,Red Wings,2024-04-23,15:53:43,37
FV4870,Rossiya,2024-09-13,15:09:10,162
DP363,Aeroflot,2024-12-16,00:51:10,110
WZ8513,Pobeda,2024-08-18,14:58:12,201
S74607,Utair,2024-06-12,10:16:28,5
FV9387,Aeroflot,2025-04-16,18:47:50,292
UT7967,Rossiya,2025-07-15,02:38:22,95
FV7590,Pobeda,2024-09-25,13:46:54,279
WZ4867,Pobeda,2024-09-23,04:42:50,296
WZ263,Aeroflot,2025-03-25,13:28:17,131
S72332,Red Wings,2025-06-24,08:58:56,237
UT1282,Nordwind,2024-08-22,16:47:25,42
UT3934,Ural Airlines,2024-05-27,04:23:20,242
DP4079,Ural Airlines,2025-06-26,23:41:47,271
SU6463,Utair,2025-09-23,13:01:55,291
FV5479,Ural Airlines,2025-03-17,15:06:18,28
N42503,Pobeda,2025-01-02,03:19:46,281
SU6143,Rossiya,2025-06-16,07:02:40,41
DP101,Pobeda,2025-08-06,00:34:31,268
SU7870,Nordwind,2024-03-26,18:14:09,218
N44217,Utair,2025-09-06,03:29:18,118
WZ1779,Utair,2025-06-14,10:02:21,300
UT1569,Utair,2024-05-18,00:59:31,135
S78738,Utair,2024-10-08,21:42:28,225
SU2424,Pobeda,2024-07-22,11:47:59,16
U6460,Ural Airlines,2024-12-20,07:21:29,80
U63860,Nordwind,2025-01-03,05:48:24,165
DP4270,S7 Airlines,2024-07-28,18:49:46,29
FV1515,Pobeda,2025-05-03,22:49:41,2
UT6555,Pobeda,2025-06-20,13:49:29,274
SU1249,Rossiya,2025-04-27,07:40:38,64
N49812,Rossiya,2024-04-21,11:04:15,139
UT9655,Rossiya,2024-06-02,21:06:11,236
S73290,Utair,2025-01-21,02:10:40,131
FV1592,Red Wings,2024-04-08,00:24:51,232
N44351,Aeroflot,2025-09-15,18:46:36,144
FV8269,Rossiya,2025-01-02,04:33:52,103
N43715,Red Wings,2025-04-25,14:48:59,84
FV4778,Utair,2025-01-10,17:35:00,284
N48386,Aeroflot,2024-09-14,21:51:34,195
DP2223,Utair,2024-12-09,10:56:49,148
U69496,Aeroflot,2024-07-13,01:52:23,151
N47811,Utair,2024-03-13,23:58:11,168
WZ5357,Red Wings,2025-07-05,23:51:44,150
UT4850,Aeroflot,2024-02-10,11:27:03,22
SU4507,Utair,2024-07-18,12:54:09,6
UT3659,S7 Airlines,2024-12-28,02:21:04,110
N45842,S7 Airlines,2024-01-11,11:05:54,264
UT5638,S7 Airlines,2024-07-15,20:29:40,2
S7576,Rossiya,2025-11-15,05:33:46,168
S73929,Ural Airlines,2025-10-03,20:14:12,150
WZ6468,S7 Airlines,2025-11-23,16:18:36,261
WZ9617,Utair,2024-01-14,11:16:59,40
FV8766,Utair,2025-03-05,00:06:11,103
DP3055,Pobeda,2024-02-04,18:39:40,215
S72168,S7 Airlines,2025-03-06,03:13:38,51
DP7086,Utair,2025-02-05,17:50:08,38
U61334,Utair,2025-04-04,16:54:19,257
S77259,S7 Airlines,2024-09-08,07:44:42,16
N46469,Pobeda,2025-07-10,00:19:33,198
UT1099,Nordwind,2025-07-16,12:33:41,155
N4926,Pobeda,2025-06-03,20:52:38,13
WZ9711,Red Wings,2025-04-15,00:36:51,33
DP2473,Red Wings,2024-11-09,23:22:22,241
N45223,Pobeda,2025-12-12,08:39:59,195
DP3398,Red Wings,2024-02-07,16:29:41,32
N42464,Red Wings,2024-01-06,08:03:47,226
WZ4083,Utair,2025-06-04,21:08:24,163
WZ8418,Nordwind,2025-02-22,11:48:11,226
S71589,Aeroflot,2025-11-08,13:23:47,66
WZ2650,S7 Airlines,2025-12-01,08:18:34,251
FV6932,Nordwind,2024-08-28,08:56:24,283
FV6987,Utair,2025-10-16,06:50:04,171
N45250,Nordwind,2025-01-06,22:37:22,36
S72555,Red Wings,2025-03-17,22:53:38,143
WZ6739,Nordwind,2025-05-18,14:56:24,260
UT4376,Pobeda,2024-06-26,01:46:42,161
SU8904,S7 Airlines,2025-10-03,20:27:47,254
DP4499,Rossiya,2024-12-01,01:50:30,288
UT1024,Rossiya,2025-08-24,21:29:58,97
WZ6313,Red Wings,2025-06-20,04:47:42,98
UT393,Ural Airlines,2024-07-21,09:09:04,73
U68214,S7 Airlines,2025-05-24,12:21:30,103
DP7789,S7 Airlines,2024-08-11,20:04:41,6
S73305,Red Wings,2025-05-01,18:06:36,259
SU7568,Nordwind,2024-06-08,04:05:22,250
FV8281,Red Wings,2025-12-08,12:50:27,152
DP8848,S7 Airlines,2024-12-06,17:44:19,15
SU4320,Pobeda,2025-06-11,05:04:55,99
UT5911,Utair,2024-05-05,13:04:12,118
FV6625,Utair,2024-06-07,14:38:27,219
N48291,Rossiya,2025-06-17,01:08:48,279
WZ4958,S7 Airlines,2025-12-02,16:01:31,216
N4300,Red Wings,2025-02-18,07:45:01,230
UT9457,Red Wings,2024-11-05,18:07:32,152
S73414,Utair,2025-02-08,23:33:35,16
N47801,S7 Airlines,2024-08-10,23:29:49,52
UT2815,Pobeda,2024-12-09,03:01:55,292
N43317,Pobeda,2025-05-20,05:23:53,105
FV5113,Pobeda,2025-02-23,02:03:44,163
N43348,Pobeda,2025-12-07,11:46:46,286
WZ2098,Pobeda,2025-04-22,06:16:33,200
WZ3529,S7 Airlines,2025-12-11,23:06:15,173
WZ5898,Aeroflot,2024-04-06,00:35:09,169
UT5549,Nordwind,2025-01-14,13:42:26,234
S72168,Ural Airlines,2024-03-01,05:31:46,132
S7698,Pobeda,2024-02-19,00:36:19,114
SU6523,Ural Airlines,2025-11-18,03:29:10,85
SU9480,Pobeda,2024-10-17,16:16:34,257
DP1228,Aeroflot,2024-11-12,10:24:28,253
SU3901,Nordwind,2025-12-16,09:32:49,180
U68268,S7 Airlines,2025-05-07,03:28:08,263
DP3638,Ural Airlines,2024-05-27,18:45:13,15
SU3554,Utair,2025-07-20,11:38:45,178
U66238,Ural Airlines,2024-07-08,05:33:44,289
N49452,Red Wings,2024-06-14,02:00:09,278
DP1492,Aeroflot,2025-07-14,03:15:07,0
WZ116,Aeroflot,2024-02-03,01:01:13,58
U68605,Utair,2024-12-13,22:32:43,290
WZ3366,Utair,2024-01-26,23:08:46,205
DP8385,Nordwind,2024-07-06,01:53:33,197
U69845,Rossiya,2024-11-02,13:50:14,114
SU1295,Ural Airlines,2024-04-05,00:14:43,42
UT6607,Red Wings,2024-09-12,22:40:17,254
U66124,Red Wings,2024-04-03,12:07:19,151
WZ3660,Nordwind,2024-06-23,01:16:03,295
DP3663,Rossiya,2024-01-11,22:20:28,281
N48695,Ural Airlines,2025-03-22,17:10:34,68
FV1860,Ural Airlines,2025-01-01,00:37:50,20
UT9401,Red Wings,2024-07-03,09:52:01,67
S7337,Rossiya,2024-07-07,19:07:55,101
SU7613,Ural Airlines,2025-11-13,04:08:43,188
N4141,Ural Airlines,2024-09-20,23:05:49,87
WZ2430,Rossiya,2025-11-27,14:10:16,134
FV163,S7 Airlines,2024-12-10,05:12:33,21
UT1510,Nordwind,2024-09-14,22:18:18,233
N43406,Pobeda,2025-09-07,12:11:19,126
SU3173,Rossiya,2024-05-18,13:04:52,95
SU3962,S7 Airlines,2025-02-23,22:28:21,76
DP1135,S7 Airlines,2024-06-10,10:35:38,130
SU594,S7 Airlines,2025-04-12,04:20:27,119
UT7111,Utair,2024-11-25,15:40:43,197
S71705,S7 Airlines,2025-02-23,03:30:08,149
FV6073,Aeroflot,2025-05-02,21:55:30,29
N43021,Red Wings,2024-09-12,08:58:02,175
S73617,Pobeda,2025-04-15,03:20:17,139
S79414,S7 Airlines,2025-02-08,02:12:53,218
WZ1610,Pobeda,2025-02-25,03:00:38,5
WZ774,S7 Airlines,2024-12-09,00:25:44,31
UT9730,Ural Airlines,2024-05-06,09:46:31,212
WZ8621,Red Wings,2024-12-23,14:43:43,194
N4263,Utair,2025-09-20,20:20:46,115
N42888,Nordwind,2024-12-28,22:06:45,149
DP1835,Ural Airlines,2024-04-13,01:23:07,220
DP7410,Red Wings,2024-05-11,15:04:11,242
WZ5118,Ural Airlines,2024-08-09,21:28:29,248
S72626,Red Wings,2025-07-09,09:50:11,86
N41847,Ural Airlines,2024-11-28,01:48:03,22
UT7027,Nordwind,2025-11-04,09:43:37,113
UT8973,Utair,2025-08-24,08:27:23,19
S7172,Ural Airlines,2024-04-02,08:27:54,189
S77815,S7 Airlines,2025-02-01,23:01:46,153
SU6888,Pobeda,2025-04-09,06:49:10,111
FV873,Ural Airlines,2025-01-17,07:32:00,299
SU4334,Rossiya,2025-10-28,20:31:42,185
N45544,Nordwind,2025-09-08,03:04:21,52
UT6143,Utair,2025-03-23,06:43:50,8
SU3976,S7 Airlines,2025-04-17,15:50:37,31
UT7486,Ural Airlines,2024-01-03,21:20:34,180
S76021,Red Wings,2025-12-08,13:57:52,62
U65076,Pobeda,2024-07-20,07:08:53,100
UT4743,Rossiya,2025-07-27,17:05:10,109
UT9201,Red Wings,2025-03-07,21:55:36,245
DP3651,Red Wings,2025-12-05,13:43:33,234
N49940,Utair,2024-07-02,20:38:34,257
SU1812,Rossiya,2025-06-28,20:12:20,42
DP9244,Ural Airlines,2024-12-11,02:11:49,133
UT9951,Utair,2024-04-20,05:23:40,251
N46977,Utair,2025-12-17,14:46:10,57
WZ2138,Rossiya,2025-09-25,09:36:48,101
S77709,Nordwind,2024-07-14,22:33:34,271
SU1346,Pobeda,2025-04-09,02:02:11,284
N42744,Utair,2024-09-18,07:24:37,91
S73881,Ural Airlines,2025-05-15,18:04:42,90
WZ6864,Ural Airlines,2024-04-12,12:01:48,197
DP8427,Utair,2024-03-06,11:38:30,94
WZ5905,Nordwind,2024-10-02,14:48:55,231
UT562,S7 Airlines,2024-01-04,04:21:54,21
SU3611,Rossiya,2024-10-05,07:16:16,184
N44846,Pobeda,2024-04-01,07:00:20,238
FV343,Red Wings,2025-12-26,06:44:58,97
SU8195,Rossiya,2025-06-05,21:38:26,231
S75947,Nordwind,2025-10-27,08:28:21,59
U64722,Rossiya,2024-04-02,02:03:52,138
N41105,Ural Airlines,2024-01-14,03:03:46,241
S77101,Ural Airlines,2025-02-22,00:29:14,213
N42530,Red Wings,2024-02-05,00:04:51,171
WZ5811,Nordwind,2024-07-02,19:42:02,249
U61195,Red Wings,2025-01-02,03:40:29,197
N4113,Pobeda,2024-07-03,04:28:59,251
SU9093,Pobeda,2025-07-07,13:29:55,177
UT5852,Aeroflot,2024-04-24,03:50:34,142
U66611,S7 Airlines,2024-08-16,23:02:53,234
FV5720,Utair,2024-03-07,11:59:58,94
FV868,Pobeda,2024-04-19,06:37:28,85
UT7396,Aeroflot,2025-03-06,18:54:18,217
DP4247,Ural Airlines,2025-08-21,20:48:15,237
U62759,Red Wings,2024-02-23,13:00:38,32
FV3240,Aeroflot,2025-07-13,15:41:57,176
U67591,Red Wings,2025-08-22,09:42:39,207
DP6022,Ural Airlines,2024-09-25,18:12:50,36
FV6960,Utair,2024-01-03,14:17:16,158
UT6693,Nordwind,2024-02-13,05:00:14,155
WZ2778,Red Wings,2025-10-26,15:20:08,99
S71062,S7 Airlines,2024-04-07,20:26:58,72
UT1381,Aeroflot,2024-10-26,14:35:19,73
S72046,Nordwind,2025-12-12,10:47:59,292
WZ1697,Red Wings,2025-02-28,20:17:53,270
SU7460,Ural Airlines,2025-11-27,23:36:43,176
DP4419,S7 Airlines,2025-02-26,17:46:40,11
WZ9552,Aeroflot,2025-08-20,04:27:25,291
FV7508,Pobeda,2024-01-03,00:13:52,162
N41180,Ural Airlines,2024-03-17,13:35:18,162
S7174,Pobeda,2024-02-19,04:12:49,88
UT2929,Nordwind,2024-08-28,00:43:56,224
UT9832,Aeroflot,2024-07-04,11:10:43,236
SU1295,Ural Airlines,2024-08-25,20:09:57,58
S71908,Rossiya,2025-10-25,06:48:22,184
N44766,Ural Airlines,2025-07-26,20:16:45,148
WZ5418,Utair,2024-11-27,12:54:00,204
FV384,Red Wings,2025-07-22,07:21:32,138
FV4905,Ural Airlines,2025-05-09,19:31:35,98
WZ4031,Utair,2025-09-02,00:41:00,211
S72757,Aeroflot,2024-03-08,15:05:25,1
SU8577,Pobeda,2024-06-15,09:34:45,33
N41459,Pobeda,2024-03-16,08:36:00,55
N44383,Ural Airlines,2025-05-02,01:05:52,106
DP9508,Red Wings,2024-09-09,16:31:30,34
FV5331,Aeroflot,2025-10-13,01:07:42,56
N48507,S7 Airlines,2025-09-09,05:35:14,207
UT6924,Rossiya,2024-12-01,10:26:16,9
WZ9928,Nordwind,2025-05-22,15:05:59,6
UT3906,Nordwind,2024-11-20,19:00:22,177
DP7870,Nordwind,2025-01-05,03:32:09,83
FV3578,Red Wings,2025-07-17,23:30:38,235
U68547,Red Wings,2025-06-14,09:04:18,53
FV7909,S7 Airlines,2024-02-22,23:17:46,236
S72965,Aeroflot,2025-01-15,22:15:42,95
FV571,Utair,2025-07-14,16:07:03,91
S79290,Aeroflot,2024-11-14,03:40:32,200
N49816,Aeroflot,2024-08-26,20:47:03,232
DP6161,Pobeda,2024-07-02,22:46:50,256
SU1292,Nordwind,2025-06-13,06:21:04,44
FV8501,Red Wings,2024-03-13,11:09:38,97
N45672,Aeroflot,2025-12-08,06:58:07,188
U6316,Nordwind,2024-08-22,01:06:40,198
S77473,Nordwind,2025-09-19,08:30:49,121
SU9616,Pobeda,2024-06-10,23:04:05,255
SU9065,Utair,2025-02-13,21:56:53,134
SU1049,Ural Airlines,2025-09-26,16:30:13,287
WZ8139,S7 Airlines,2025-05-09,09:20:54,205
U68323,Ural Airlines,2025-08-16,21:07:31,44
FV7123,Aeroflot,2024-09-26,21:49:55,254
U62590,Nordwind,2024-11-19,18:13:39,232
FV4116,Pobeda,2025-11-14,16:46:23,238
FV3497,Ural Airlines,2024-12-11,04:47:58,245
UT9513,Red Wings,2025-12-26,10:58:59,268
WZ3285,Nordwind,2024-07-20,19:28:12,112
FV147,Pobeda,2025-02-05,12:48:15,10
WZ8120,Utair,2024-04-08,08:07:38,51
UT6465,Pobeda,2025-10-24,06:07:33,10
DP5035,Ural Airlines,2025-08-28,01:46:25,261
WZ687,S7 Airlines,2024-02-15,15:58:05,1
FV2292,Utair,2024-12-25,16:35:44,62
WZ6129,Aeroflot,2025-11-21,04:02:18,18
WZ6078,Utair,2024-09-26,02:28:23,221
DP8958,Rossiya,2024-06-20,10:58:37,1
UT1274,Nordwind,2024-11-15,15:45:19,299
N45697,Pobeda,2025-07-03,05:55:37,224
DP7119,Pobeda,2025-08-11,02:34:13,94
WZ6398,Rossiya,2025-04-11,08:37:46,91
SU7054,Nordwind,2024-08-26,05:27:01,154
UT6598,Ural Airlines,2025-01-02,20:34:14,47
SU845,Pobeda,2025-11-09,22:00:25,111
UT9751,Pobeda,2025-06-01,00:47:45,65
SU3101,Aeroflot,2024-07-24,23:21:23,13
S79561,Rossiya,2025-11-09,06:00:31,196
UT1864,Nordwind,2025-08-13,15:30:13,73
WZ9787,Aeroflot,2024-02-19,18:16:54,151
U65192,Red Wings,2025-09-13,07:20:21,206
WZ7385,Nordwind,2025-02-15,00:42:43,158
UT5358,Rossiya,2025-02-14,23:40:17,285
N47782,Ural Airlines,2025-02-27,15:09:00,173
DP4104,Aeroflot,2024-12-22,22:48:40,291
U61135,Ural Airlines,2025-06-08,07:19:18,171
SU8889,S7 Airlines,2025-08-10,06:39:37,183
S7290,Ural Airlines,2025-06-22,18:06:13,161
S75629,Utair,2024-07-28,22:30:45,299
WZ7966,Nordwind,2025-03-22,02:34:49,129
S78683,Rossiya,2025-01-13,18:30:18,229
S79565,S7 Airlines,2025-01-24,02:26:26,286
N4770,Nordwind,2025-03-19,02:36:12,74
FV7216,Rossiya,2024-11-28,20:09:21,186
WZ799,S7 Airlines,2025-05-15,13:36:37,247
UT8223,Utair,2024-05-03,18:53:23,127
DP6902,Aeroflot,2025-06-09,14:57:27,25
FV3099,Utair,2025-12-12,07:51:08,170
U68852,Rossiya,2025-06-28,15:48:33,282
S77380,Aeroflot,2024-03-12,15:14:21,199
S77434,Rossiya,2024-04-15,03:49:32,14
WZ4384,Aeroflot,2024-11-15,17:29:05,108
SU7156,Ural Airlines,2024-11-26,21:16:36,257
FV9639,S7 Airlines,2024-04-24,17:00:26,100
N44483,Ural Airlines,2025-01-22,02:49:33,77
S72170,Aeroflot,2024-05-22,22:41:00,193
N47151,Ural Airlines,2024-07-27,18:37:24,245
WZ2351,Nordwind,2024-01-27,17:39:51,287
FV8738,Rossiya,2025-09-20,09:49:24,142
U65060,Aeroflot,2025-07-16,12:12:19,129
U65821,S7 Airlines,2025-01-23,04:44:49,228
U61241,Aeroflot,2025-06-09,07:56:31,8
WZ7335,Red Wings,2025-11-26,17:37:59,52
FV9589,Utair,2024-04-26,23:58:19,109
DP7118,Nordwind,2025-02-12,06:52:47,182
SU3279,Aeroflot,2025-08-22,09:18:27,262
DP5583,Pobeda,2024-03-16,05:55:21,46
DP6330,S7 Airlines,2024-01-18,06:01:32,24
DP3942,S7 Airlines,2024-03-03,06:20:26,124
U68497,Aeroflot,2024-04-23,09:23:56,253
S79943,Nordwind,2024-09-15,08:00:53,230
SU3795,Rossiya,2024-11-07,20:52:50,67
S72643,Aeroflot,2025-05-17,15:32:55,78
SU8868,Aeroflot,2025-06-16,20:55:37,81
UT8581,Rossiya,2025-09-12,13:02:47,248
DP5414,Pobeda,2025-01-28,13:08:03,285
U68686,Nordwind,2024-06-06,10:02:07,144
SU9782,Utair,2024-11-25,19:28:43,49
FV2629,S7 Airlines,2025-05-11,10:09:21,279
U65226,Nordwind,2025-01-11,21:31:37,204
U63777,S7 Airlines,2025-01-28,20:05:16,82
S78953,S7 Airlines,2025-03-27,00:05:12,48
U67893,Utair,2025-12-19,14:43:04,100
FV8778,Aeroflot,2024-07-10,10:36:34,139
WZ5735,Red Wings,2024-11-22,08:16:02,139
U66644,Rossiya,2025-11-25,12:48:00,144
FV7118,Ural Airlines,2025-12-18,03:09:16,41
U62166,Ural Airlines,2025-04-17,09:24:08,29
S7759,Pobeda,2025-06-19,10:54:16,171
UT4961,Pobeda,2025-11-19,00:18:17,71
N46441,S7 Airlines,2024-01-14,13:12:09,277
WZ6337,Rossiya,2024-08-07,05:28:05,252
U67936,Nordwind,2025-08-20,07:51:25,285
FV464,Pobeda,2025-06-05,04:43:23,77
DP5856,Pobeda,2024-03-12,00:21:54,58
SU3502,Red Wings,2024-04-04,17:27:03,16
S76323,Ural Airlines,2024-02-05,08:31:13,49
UT7424,Ural Airlines,2024-12-28,15:17:25,2
S79633,Aeroflot,2024-11-18,01:09:50,66
UT9919,Utair,2024-02-18,21:12:23,130
FV1579,Nordwind,2025-02-07,06:54:31,17
SU4635,Rossiya,2025-09-06,05:35:40,89
S75520,Red Wings,2024-12-09,03:42:06,112
WZ3749,Aeroflot,2025-06-02,23:26:53,300
N42833,Red Wings,2025-11-27,05:41:19,165
N46949,Aeroflot,2024-10-21,18:44:32,97
SU7761,Aeroflot,2024-07-18,12:44:16,80
U66058,Red Wings,2025-06-26,17:55:54,215
S72633,Rossiya,2024-05-11,07:47:08,288
WZ639,Ural Airlines,2024-12-19,12:35:12,2
DP6165,Pobeda,2025-06-04,00:16:20,139
FV2766,Red Wings,2025-07-09,07:48:49,131
WZ9737,S7 Airlines,2024-10-12,19:42:06,21
DP8737,S7 Airlines,2025-01-22,05:31:46,287
U63284,Red Wings,2025-04-15,05:44:39,58
U67528,Nordwind,2025-01-28,21:00:20,43
N45593,Aeroflot,2024-01-28,12:40:49,166
U64739,Pobeda,2024-07-26,11:18:29,84
UT7560,Utair,2024-09-08,22:58:26,239
UT1953,Pobeda,2024-06-28,07:06:22,252
FV6282,Nordwind,2025-01-06,08:26:15,177
S77457,Nordwind,2025-10-06,14:25:37,125
SU1131,Red Wings,2025-04-17,13:12:14,277
UT9749,Nordwind,2024-01-18,15:17:12,76
WZ4631,Aeroflot,2024-11-27,07:50:52,143
S77303,Rossiya,2025-06-05,11:30:44,213
U61155,Pobeda,2025-03-06,15:01:11,225
WZ3947,Pobeda,2024-09-14,14:24:43,269
SU7937,Nordwind,2025-07-15,14:09:38,77
DP569,S7 Airlines,2025-08-17,12:40:11,220
FV186,Red Wings,2025-05-16,20:12:53,6
DP4162,Red Wings,2025-11-16,22:08:54,253
FV1674,Utair,2025-01-26,20:46:12,195
U68588,S7 Airlines,2025-07-28,15:10:47,265
U68781,Ural Airlines,2024-09-04,16:19:21,107
WZ6798,Rossiya,2025-07-28,07:27:04,158
N41805,Nordwind,2024-04-22,04:19:25,37
N46608,Rossiya,2025-08-04,06:45:18,0
S7284,Red Wings,2025-11-15,15:15:16,297
S78792,Rossiya,2024-01-11,10:25:56,130
S72016,Utair,2025-08-03,14:00:47,298
WZ9388,Red Wings,2025-09-11,02:33:51,124
U69138,Utair,2024-08-20,12:45:09,106
UT8679,Aeroflot,2025-02-13,02:01:11,173
N47811,Red Wings,2024-01-10,17:13:07,220
WZ9210,Aeroflot,2025-10-02,13:34:45,17
U68952,Red Wings,2025-06-03,19:04:46,23
DP2713,Aeroflot,2025-09-06,16:51:12,216
FV6296,Red Wings,2024-03-24,09:38:43,245
S71373,Nordwind,2025-08-02,16:44:15,238
FV2759,Aeroflot,2024-02-07,00:53:10,95
DP5168,Pobeda,2024-02-21,06:03:52,279
N41681,S7 Airlines,2025-09-08,04:26:35,66
S75497,Pobeda,2025-09-17,02:55:17,173
FV9765,Red Wings,2025-12-02,18:07:02,156
DP3467,Ural Airlines,2024-08-09,21:58:40,292
N47329,Pobeda,2024-08-10,06:39:54,12
S74545,Rossiya,2024-01-14,09:12:50,76
WZ5498,Nordwind,2025-11-12,22:52:21,274
UT6866,Pobeda,2024-12-12,04:42:50,263
UT4200,Utair,2025-08-19,17:49:53,9
U6104,Red Wings,2025-07-11,10:39:04,20
S74751,S7 Airlines,2025-04-28,01:08:33,234
N42478,Nordwind,2025-09-18,04:26:21,9
DP8579,Aeroflot,2025-08-26,09:54:03,36
SU4215,Ural Airlines,2025-04-20,11:01:32,83
DP4308,Rossiya,2025-12-25,01:32:33,235
SU1300,Nordwind,2025-07-14,23:19:03,102
UT2107,Aeroflot,2024-02-15,13:53:24,0
S74987,Red Wings,2024-03-22,20:37:50,74
S73958,Aeroflot,2025-10-18,19:35:34,257
S78483,Rossiya,2025-03-07,03:01:00,83
UT622,Rossiya,2025-10-26,19:04:26,169
SU5618,Red Wings,2025-07-26,09:50:08,235
FV1881,S7 Airlines,2024-05-26,08:58:11,55
UT1563,Pobeda,2025-06-09,11:33:19,226
UT4971,Utair,2024-06-02,06:30:30,127
UT2509,Aeroflot,2024-05-09,01:00:22,288
DP274,Rossiya,2025-09-23,08:13:56,234
S79877,Aeroflot,2024-01-07,05:02:45,134
N49762,Utair,2024-02-05,10:49:38,135
UT982,Red Wings,2025-10-09,15:13:18,12
UT6567,Utair,2025-12-01,08:00:26,263
WZ8179,Rossiya,2024-11-28,16:35:31,240
UT7478,Red Wings,2024-08-27,19:58:27,276
U67593,Utair,2024-08-10,11:29:09,97
U67174,Red Wings,2024-02-04,14:18:12,227
U69697,S7 Airlines,2025-01-19,07:34:00,272
UT9591,S7 Airlines,2025-08-28,01:09:12,92
DP6220,Ural Airlines,2024-05-25,15:17:04,33
U67145,Rossiya,2024-07-12,11:58:31,27
DP8290,Ural Airlines,2025-11-25,20:50:25,8
SU556,S7 Airlines,2024-09-28,04:56:04,152
U68955,Nordwind,2025-02-03,21:24:24,193
DP6742,Pobeda,2024-01-10,23:21:19,154
DP645,Ural Airlines,2024-06-12,23:02:41,126
DP1417,Nordwind,2025-05-02,01:20:20,30
U67378,Pobeda,2025-10-03,14:40:33,86
U66807,Pobeda,2025-02-13,06:32:19,194
WZ7235,Ural Airlines,2024-01-06,07:06:39,45
U61064,Nordwind,2025-03-15,06:11:30,58
DP9027,S7 Airlines,2024-06-03,10:02:00,146
UT9578,Rossiya,2024-02-08,23:05:31,179
U69798,Ural Airlines,2024-02-06,10:11:57,204
U62142,Nordwind,2025-03-19,02:46:12,124
U64558,Aeroflot,2024-04-19,11:55:36,244
N43498,Nordwind,2024-08-03,07:18:19,214
FV8097,Aeroflot,2025-09-07,16:17:25,62
S72231,Pobeda,2024-09-05,17:55:00,183
UT4392,Aeroflot,2025-05-25,22:57:25,250
UT1963,Red Wings,2024-07-01,01:35:15,152
UT2791,S7 Airlines,2024-10-20,09:21:26,17
UT2191,Utair,2024-05-27,12:21:57,266
UT5815,Nordwind,2025-10-02,16:43:01,75
U63612,Utair,2025-07-14,15:28:59,193
U63319,Utair,2024-07-12,14:16:01,153
U69750,Red Wings,2024-09-15,12:57:24,101
DP1615,Utair,2024-06-19,17:03:26,45
DP4485,Nordwind,2025-03-01,13:59:29,246
SU352,Aeroflot,2025-03-15,18:33:40,229
S73898,Pobeda,2024-05-15,17:01:35,254
S73702,Aeroflot,2025-04-02,01:24:41,198
N43866,S7 Airlines,2025-08-25,01:34:01,270
U65109,Nordwind,2025-08-05,18:49:18,25
N46972,Rossiya,2024-10-17,19:43:07,124
UT2782,Aeroflot,2025-12-19,11:22:14,274
U66170,Utair,2024-11-23,00:01:39,130
FV1034,S7 Airlines,2025-08-19,11:29:24,69
SU4787,S7 Airlines,2025-11-14,13:34:31,203
U62363,Red Wings,2025-03-04,08:12:39,255
DP4177,Pobeda,2024-06-04,01:02:47,184
N43822,Pobeda,2025-03-19,09:42:24,215
FV7943,Ural Airlines,2025-02-24,18:05:33,80
N47000,S7 Airlines,2024-02-17,18:44:46,44
FV6973,Aeroflot,2024-08-11,18:42:47,31
WZ4810,Utair,2024-02-17,14:03:08,166
U67338,Aeroflot,2024-03-12,20:25:17,200
U69135,Nordwind,2024-02-08,10:42:22,19
U63277,Nordwind,2024-12-23,13:31:52,50
N45074,Ural Airlines,2025-07-26,10:09:38,5
WZ2436,Rossiya,2024-09-01,11:37:31,139
N46008,Nordwind,2024-06-04,23:54:57,255
U6591,Rossiya,2024-01-27,09:17:05,196
UT1240,Rossiya,2025-04-16,18:22:49,48
S78782,Nordwind,2024-04-13,21:01:21,34
DP6634,Aeroflot,2024-02-15,12:58:47,130
SU9180,Red Wings,2024-08-24,16:11:57,107
DP7765,Pobeda,2024-06-12,03:24:41,262
S74554,Pobeda,2025-07-21,18:00:30,114
FV3220,Aeroflot,2025-09-22,02:57:47,261
SU8233,S7 Airlines,2024-05-22,00:05:39,230
UT1087,Ural Airlines,2024-07-20,13:34:44,195
U65887,Aeroflot,2025-06-10,07:07:07,18
SU3237,Red Wings,2025-05-12,15:06:36,193
UT434,Ural Airlines,2024-09-16,12:00:16,187
UT2701,Ural Airlines,2025-07-16,02:29:12,109
N44376,Ural Airlines,2025-08-06,01:15:32,50
UT3642,Ural Airlines,2024-04-13,11:08:19,163
SU5801,Rossiya,2025-02-03,00:42:25,222
WZ6496,Utair,2024-11-07,16:14:55,148
S75706,Ural Airlines,2024-09-05,12:48:53,236
U63824,S7 Airlines,2024-08-26,22:30:15,31
N47631,Ural Airlines,2025-06-15,04:37:38,201
N48786,Nordwind,2025-10-08,11:34:28,106
WZ8995,Pobeda,2024-01-28,02:37:02,124
S75668,Red Wings,2025-07-23,22:13:54,263
FV333,S7 Airlines,2024-02-11,21:22:28,157
DP3715,Utair,2025-11-02,15:15:10,94
SU7739,S7 Airlines,2024-01-15,16:32:04,2
U6297,Rossiya,2024-12-10,17:04:10,1
N47260,Nordwind,2024-01-01,16:16:19,265
U66773,Red Wings,2024-04-28,04:01:20,123
FV7016,Nordwind,2025-12-22,22:35:13,39
U6481,Red Wings,2024-08-20,23:55:59,68
WZ3710,Nordwind,2024-12-19,03:08:31,209
SU5282,Pobeda,2024-08-09,13:36:35,162
U69462,Red Wings,2025-01-04,09:43:22,46
FV1408,Nordwind,2025-08-19,06:35:38,201
FV3429,Rossiya,2025-01-22,21:10:44,214
S77889,Aeroflot,2025-09-18,18:29:01,189
N48509,Red Wings,2025-08-14,03:54:26,133
FV7630,Aeroflot,2025-10-12,04:49:41,236
UT2988,Utair,2025-07-08,05:08:05,36
UT4525,Red Wings,2025-01-08,14:15:40,204
U61339,S7 Airlines,2025-07-13,13:53:33,109
U67808,Utair,2025-12-11,20:41:16,105
N49128,Red Wings,2024-07-05,06:10:52,45
FV8102,S7 Airlines,2024-08-19,04:33:11,277
SU8448,Pobeda,2025-01-23,14:15:19,64
N41958,Rossiya,2024-09-01,12:21:29,267
U68130,S7 Airlines,2024-10-21,09:49:57,170
SU2411,Pobeda,2024-11-23,17:56:57,154
DP570,Ural Airlines,2025-09-03,14:33:12,286
SU2106,Utair,2025-08-16,21:04:24,286
UT126,Red Wings,2025-05-06,18:33:25,268
FV9833,Red Wings,2025-07-16,23:26:13,175
UT9791,Utair,2024-08-01,18:14:42,47
UT5437,S7 Airlines,2024-11-14,05:20:26,232
DP2022,Nordwind,2025-06-24,05:58:40,124
S77101,Nordwind,2024-10-03,01:47:03,213
U6417,Red Wings,2024-09-28,11:20:42,236
SU7020,Nordwind,2024-06-17,22:11:39,64
SU5257,Ural Airlines,2024-08-02,02:21:35,215
FV9381,Rossiya,2024-05-06,21:09:11,86
SU6965,Utair,2024-03-08,09:21:28,232
FV7122,Rossiya,2024-10-06,11:21:21,282
S78620,Nordwind,2024-06-04,13:29:17,262
U68050,Utair,2024-10-15,01:17:16,113
U68518,Ural Airlines,2025-10-02,20:19:01,107
SU7785,Pobeda,2025-10-10,02:45:19,257
U64896,Red Wings,2024-11-24,08:22:38,227
UT477,Pobeda,2025-10-21,07:52:40,160
N4692,Red Wings,2024-04-16,22:12:48,261
SU8219,Nordwind,2024-02-23,12:13:52,24
S73806,Nordwind,2024-06-17,07:14:50,92
U63607,S7 Airlines,2025-07-01,07:34:57,19
U63459,Nordwind,2024-06-06,16:08:50,192
SU5901,Red Wings,2025-04-10,23:46:54,76
UT8336,Aeroflot,2024-10-08,05:12:31,26
SU385,Aeroflot,2025-01-15,03:02:28,29
FV6513,S7 Airlines,2024-08-23,13:12:01,79
FV6714,Rossiya,2024-03-27,03:36:18,79
UT6117,S7 Airlines,2024-10-28,02:07:55,279
FV6299,S7 Airlines,2024-06-07,21:06:36,14
U63334,Rossiya,2025-10-09,15:20:43,296
UT5753,Aeroflot,2024-02-02,08:58:23,141
FV9607,S7 Airlines,2025-08-01,00:03:11,153
DP5390,Utair,2024-11-09,16:12:30,210
DP8311,Ural Airlines,2024-10-16,05:45:58,26
DP5296,Pobeda,2025-09-24,03:05:44,6
WZ6168,S7 Airlines,2025-06-19,11:40:28,124
UT1259,S7 Airlines,2024-03-26,03:19:33,118
FV9807,Rossiya,2025-01-07,16:50:50,115
UT9539,Pobeda,2025-11-02,13:18:47,69
S73104,Pobeda,2024-08-15,19:05:06,129
UT6606,Aeroflot,2024-03-28,23:22:45,26
S78700,Pobeda,2024-02-02,13:33:57,151
S79501,S7 Airlines,2024-09-27,18:16:32,166
DP6044,Nordwind,2024-05-02,04:11:51,116
DP9212,Pobeda,2025-01-25,21:50:42,113
SU482,Ural Airlines,2024-09-11,23:52:18,62
SU2542,Nordwind,2025-11-09,12:43:55,202
WZ6311,Aeroflot,2024-11-08,02:45:36,55
DP3735,Aeroflot,2024-03-03,01:59:37,272
FV3890,S7 Airlines,2025-09-05,23:56:37,171
SU270,S7 Airlines,2024-11-01,04:45:59,172
WZ7047,S7 Airlines,2025-05-03,22:06:42,79
S77919,Aeroflot,2024-09-08,01:10:25,207
S77810,Rossiya,2025-09-13,18:25:24,57
FV1121,Rossiya,2024-05-22,20:01:44,8
S74657,Rossiya,2025-07-11,20:38:30,130
FV2553,Ural Airlines,2024-07-27,06:26:12,22
FV5868,Utair,2024-08-02,22:06:01,260
UT1658,Aeroflot,2025-03-26,04:38:01,53
DP2930,Pobeda,2024-03-21,14:02:26,34
DP1953,Red Wings,2024-04-16,08:36:52,247
N45386,Aeroflot,2024-11-10,05:53:44,131
N4510,Nordwind,2025-03-06,04:02:19,209
U61771,Pobeda,2025-07-22,15:33:48,10
SU4703,S7 Airlines,2025-06-04,13:14:15,253
DP4823,Utair,2024-08-11,06:13:12,299
UT1986,Rossiya,2024-02-21,13:13:18,87
UT5554,Red Wings,2025-08-08,08:09:09,110
WZ3906,Nordwind,2024-11-16,00:34:33,174
FV5626,S7 Airlines,2024-03-06,16:24:30,137
WZ859,Red Wings,2025-06-21,14:15:14,164
DP6935,Rossiya,2024-02-25,14:45:05,148
SU1952,Aeroflot,2024-06-11,10:10:13,15
FV2445,Utair,2024-07-23,04:36:59,69
S76497,Red Wings,2025-04-23,07:08:59,212
UT5234,Utair,2025-08-11,22:53:11,28
DP8614,Ural Airlines,2024-05-17,10:20:15,146
UT154,Aeroflot,2024-03-04,03:41:14,55
S79262,Aeroflot,2025-06-02,22:31:14,82
DP1329,S7 Airlines,2025-08-21,05:47:20,208
WZ7302,Ural Airlines,2025-04-17,00:49:35,78
FV2073,Pobeda,2024-03-20,05:57:52,57
SU6354,Red Wings,2025-05-10,22:39:32,217
S76226,S7 Airlines,2024-12-20,14:10:15,115
UT1996,S7 Airlines,2024-01-19,04:04:23,144
S77616,Nordwind,2025-03-12,19:34:21,207
N49753,Nordwind,2025-01-23,16:20:56,132
U66761,Nordwind,2025-08-17,13:33:23,106
U6115,Rossiya,2024-07-13,14:52:41,203
WZ6553,Red Wings,2025-05-26,08:19:49,280
N48920,Ural Airlines,2025-07-02,15:55:29,277
N47559,Nordwind,2024-10-21,21:20:27,190
DP6296,Pobeda,2025-01-15,00:47:51,109
N46912,Ural Airlines,2025-04-10,03:41:37,122
S75059,Ural Airlines,2025-06-23,00:13:58,182
DP2932,S7 Airlines,2024-12-11,05:18:36,213
S74432,Utair,2024-12-08,19:19:03,126
U66130,Nordwind,2024-05-25,19:06:15,13
UT4460,Ural Airlines,2025-04-14,13:55:12,185
U63196,Utair,2024-07-25,09:24:16,53
N41501,Rossiya,2025-09-20,01:10:29,117
DP6239,Ural Airlines,2024-10-22,20:14:00,101
DP6918,Rossiya,2024-03-04,07:10:04,54
FV9357,Aeroflot,2025-05-17,00:07:06,216
SU5025,Ural Airlines,2025-11-15,15:12:03,6
SU1332,Rossiya,2024-10-14,03:27:25,61
U68011,Nordwind,2025-06-03,21:50:22,158
FV7705,Aeroflot,2025-10-16,22:58:32,162
DP9144,Red Wings,2025-09-02,10:47:52,107
N44880,Aeroflot,2024-06-21,19:16:05,108
DP1449,S7 Airlines,2024-08-03,05:01:00,244
UT4128,Pobeda,2025-12-25,09:45:55,59
N4231,Rossiya,2024-01-04,22:59:08,128
UT7050,Aeroflot,2024-03-10,10:41:03,159
SU2157,Nordwind,2024-06-16,13:36:47,272
N48629,Utair,2024-10-23,07:42:10,103
N4811,Aeroflot,2024-07-07,09:10:33,39
UT7631,Nordwind,2025-04-16,08:38:21,292
SU4758,Ural Airlines,2025-05-01,10:31:05,246
FV6067,Rossiya,2024-05-18,09:07:27,141
SU1673,Pobeda,2025-11-08,15:27:33,1
SU3655,Red Wings,2024-04-26,03:35:09,245
U65204,Utair,2024-05-06,14:30:45,285
DP2294,Red Wings,2025-08-19,18:41:28,133
WZ4034,Utair,2025-09-04,04:58:35,16
DP1693,Ural Airlines,2025-12-09,11:15:00,225
U6741,S7 Airlines,2025-09-21,00:11:26,96
FV7562,Red Wings,2025-09-11,04:29:25,140
SU5541,Rossiya,2024-05-27,12:53:51,235
UT810,S7 Airlines,2024-03-14,09:41:28,57
UT4068,Aeroflot,2025-05-24,02:13:51,7
N49912,Rossiya,2025-03-15,18:03:46,166
U69562,Red Wings,2024-10-22,03:48:17,257
N43048,Pobeda,2024-07-27,09:40:08,285
S72299,Pobeda,2025-12-19,22:16:17,232
UT1698,Ural Airlines,2025-05-28,12:14:20,126
FV372,Rossiya,2024-01-10,12:39:56,148
FV2305,Aeroflot,2024-03-11,10:00:01,254
S74938,Aeroflot,2025-07-28,23:29:40,159
S79883,S7 Airlines,2025-08-22,02:48:45,156
WZ3850,Ural Airlines,2024-05-26,16:41:22,108
N49338,S7 Airlines,2025-07-20,04:08:07,157
N4742,Pobeda,2024-02-15,10:43:07,211
DP144,Nordwind,2025-01-17,03:56:53,247
N43259,Utair,2025-12-25,06:54:56,60
U62787,Red Wings,2025-01-09,13:50:26,82
WZ640,Utair,2025-07-16,12:24:08,24
N45183,Rossiya,2025-03-26,23:58:28,180
DP9374,Aeroflot,2025-12-10,21:53:47,70
U62087,Pobeda,2024-09-25,08:02:30,219
N47144,Utair,2024-07-04,11:34:17,276
S76380,Ural Airlines,2024-11-20,04:24:28,257
FV9058,Ural Airlines,2024-02-22,10:21:55,41
U64039,Utair,2024-11-22,18:56:18,86
UT7148,Rossiya,2024-10-08,00:35:42,8
S76166,S7 Airlines,2024-04-17,12:38:22,181
WZ7174,Nordwind,2024-12-23,11:54:26,276
FV9510,Nordwind,2024-08-07,14:55:03,223
SU2161,Pobeda,2024-01-14,11:44:09,89
WZ2091,Rossiya,2025-09-26,17:17:02,27
U66995,Aeroflot,2025-09-07,00:02:53,245
UT6550,Rossiya,2025-08-24,07:23:47,175
SU1915,Rossiya,2025-01-28,05:47:21,83
S73852,Nordwind,2024-01-20,18:47:52,44
N49097,S7 Airlines,2024-05-15,17:53:22,223
WZ9804,Red Wings,2025-01-15,22:50:51,290
U64828,S7 Airlines,2025-11-03,08:14:17,2
N41774,Pobeda,2024-03-11,09:18:21,76
S76986,Nordwind,2024-03-01,09:37:18,93
FV9842,Nordwind,2024-03-03,22:47:42,17
S72856,Rossiya,2024-09-04,14:43:42,219
UT6984,Nordwind,2024-06-27,21:49:33,146
FV400,Rossiya,2025-10-22,01:45:35,230
FV1798,Pobeda,2024-07-23,21:50:37,216
SU119,Rossiya,2024-12-18,07:16:43,29
S79076,Ural Airlines,2024-05-24,01:18:33,176
U65366,Utair,2024-11-12,20:49:25,210
S71142,Ural Airlines,2024-06-18,02:17:04,272
WZ7927,Rossiya,2024-11-22,15:09:51,101
UT3497,Red Wings,2025-08-12,06:10:00,285
S72544,Red Wings,2025-10-19,16:50:05,267
DP9667,Aeroflot,2024-03-16,05:00:42,76
N46571,Pobeda,2024-02-28,20:14:01,168
N41679,Ural Airlines,2024-02-28,22:18:55,195
N42094,S7 Airlines,2024-08-12,05:02:44,246
UT1990,Pobeda,2025-01-22,15:31:06,231
DP3905,Utair,2025-09-17,01:43:05,82
U66784,Rossiya,2025-03-26,13:14:50,36
WZ7959,S7 Airlines,2025-02-14,00:37:13,98
WZ5482,Pobeda,2024-06-28,07:13:23,156
WZ9549,Red Wings,2025-06-01,12:57:10,1
SU579,Utair,2025-09-25,12:14:35,96
S76464,Red Wings,2024-10-04,11:42:26,239
N45346,Aeroflot,2025-02-07,11:38:52,228
DP8113,Ural Airlines,2024-11-07,17:34:57,183
FV7113,S7 Airlines,2025-04-16,11:05:35,223
DP4884,Nordwind,2025-08-22,10:29:21,176
WZ5605,Pobeda,2024-12-04,18:20:15,77
DP6633,Ural Airlines,2024-11-21,03:01:01,6
N49425,Ural Airlines,2025-10-21,15:16:06,197
N49504,Pobeda,2024-05-04,15:18:23,274
UT7278,Rossiya,2024-08-25,03:37:49,70
S72382,Nordwind,2025-11-28,10:13:18,260
U69068,Nordwind,2024-11-24,07:56:45,86
UT7694,Rossiya,2024-11-24,02:07:45,155
UT6902,Aeroflot,2024-01-24,04:01:08,224
DP3746,Red Wings,2024-08-20,10:05:53,208
FV7128,Aeroflot,2024-12-28,22:05:22,149
FV9633,Ural Airlines,2025-02-27,07:59:57,210
UT3648,S7 Airlines,2025-05-05,19:10:59,239
S72282,Rossiya,2025-09-08,04:11:48,3
SU594,Utair,2024-04-06,20:46:42,152
DP6674,Red Wings,2025-01-12,06:56:50,187
SU7413,Red Wings,2024-05-03,14:11:04,91
N48255,Ural Airlines,2024-03-23,11:02:59,185
WZ402,Nordwind,2025-09-07,18:27:58,293
U6943,Rossiya,2024-08-27,20:04:44,268
U65484,Red Wings,2024-04-25,01:35:58,31
WZ160,Utair,2024-08-05,21:48:04,184
FV2893,Nordwind,2024-07-15,00:22:30,249
DP3348,S7 Airlines,2025-10-07,03:53:06,84
N48591,S7 Airlines,2024-02-19,03:14:00,239
DP6433,Red Wings,2024-04-23,16:32:37,28
DP7848,Nordwind,2024-04-05,02:33:42,248
U64287,Pobeda,2024-01-17,16:46:31,122
N43794,Utair,2025-03-22,06:34:55,254
FV1011,S7 Airlines,2025-05-04,20:05:14,299
SU6886,Nordwind,2024-11-11,10:23:07,176
DP4719,Rossiya,2025-09-06,22:48:54,283
WZ969,S7 Airlines,2024-09-21,18:11:14,151
WZ2540,Red Wings,2025-02-04,00:34:52,130
U62280,Red Wings,2024-05-03,20:38:23,272
U67981,Utair,2024-01-08,07:27:56,22
DP3135,Utair,2024-09-24,07:43:29,84
S74410,Nordwind,2024-03-03,17:47:28,130
N4357,Pobeda,2024-11-15,15:59:55,40
S77927,Utair,2025-03-14,03:56:38,288
WZ6346,Pobeda,2024-04-24,10:57:44,269
N46601,Red Wings,2024-11-27,23:43:03,153
U64547,Red Wings,2025-12-17,16:42:16,8
WZ7414,S7 Airlines,2024-03-09,03:03:43,86
N46049,Nordwind,2024-11-05,09:55:58,197
FV4856,Rossiya,2025-05-20,15:14:23,39
FV4927,Pobeda,2025-09-02,00:29:51,228
U69383,S7 Airlines,2025-01-25,21:10:22,36
SU1816,S7 Airlines,2024-02-03,06:01:00,168
S79238,Red Wings,2025-04-08,01:38:02,119
SU8309,Nordwind,2025-10-22,01:46:52,194
SU5731,Nordwind,2024-06-15,14:38:27,117
UT3091,Pobeda,2025-12-18,06:13:00,265
SU1739,Red Wings,2024-04-12,03:18:10,157
WZ1452,Pobeda,2024-01-23,01:24:32,61
DP6655,Nordwind,2024-12-25,16:14:08,66
SU248,Red Wings,2025-06-12,04:19:20,178
S71880,Nordwind,2025-02-09,18:16:58,278
UT4043,S7 Airlines,2025-04-16,00:07:02,122
DP4420,Nordwind,2024-10-08,18:54:15,176
U69399,Red Wings,2024-10-19,04:57:45,106
WZ2740,S7 Airlines,2024-10-19,13:30:31,197
UT7985,Red Wings,2024-04-26,12:44:45,103
N47827,S7 Airlines,2025-09-12,13:45:55,58
SU9487,Pobeda,2025-03-23,14:04:07,96
U67575,Pobeda,2025-01-28,03:02:24,210
FV4394,Rossiya,2025-08-10,21:25:02,75
N41331,Rossiya,2025-09-18,22:52:23,52
SU5586,Aeroflot,2024-06-05,07:54:43,211
U68320,Ural Airlines,2024-05-25,05:57:01,147
U65344,Nordwind,2024-10-27,03:02:46,225
U65487,Ural Airlines,2024-07-09,21:14:12,1
S74405,Pobeda,2025-06-06,18:03:23,233
N45922,Red Wings,2025-10-13,12:27:53,116
N43690,Red Wings,2024-03-06,17:42:52,140
U69421,Nordwind,2025-12-24,15:53:16,240
SU6948,Aeroflot,2024-09-25,10:31:50,122
WZ1521,S7 Airlines,2024-11-02,19:30:44,97
UT1369,Pobeda,2024-03-03,08:37:16,216
U67335,Utair,2025-04-08,04:42:05,62
U63384,S7 Airlines,2025-01-20,20:30:08,0
N42056,Utair,2024-08-08,21:10:37,14
S79656,Aeroflot,2025-06-17,08:28:18,85
DP8241,Ural Airlines,2024-03-22,20:44:24,34
WZ2325,Pobeda,2024-10-09,20:11:12,208
SU2089,Ural Airlines,2025-01-21,18:18:16,109
DP1193,Red Wings,2025-01-24,19:09:15,53
U61418,Rossiya,2024-03-13,03:11:14,129
FV7972,Pobeda,2024-05-21,10:06:51,248
SU5971,Aeroflot,2025-12-15,05:38:15,6
SU367,Pobeda,2025-06-20,08:03:15,2
SU5888,Aeroflot,2025-02-19,03:31:09,1
SU8536,Pobeda,2025-07-14,23:26:23,296
N44606,Utair,2024-11-17,22:59:56,78
FV3557,Ural Airlines,2024-12-12,19:57:20,201
WZ9006,Aeroflot,2025-08-24,19:12:40,104
U64487,Aeroflot,2024-10-27,14:03:10,212
DP7778,Aeroflot,2024-07-08,22:38:14,5
S75982,S7 Airlines,2025-08-01,00:54:26,157
DP8939,Rossiya,2025-10-23,18:53:18,52
S77188,S7 Airlines,2024-07-03,01:02:01,145
N42882,Utair,2025-04-18,03:00:48,275
U61015,Ural Airlines,2024-11-16,01:11:13,57
N46940,Nordwind,2025-05-04,14:27:43,290
UT2912,Aeroflot,2025-09-15,05:19:51,8
U68248,Red Wings,2025-12-24,03:04:09,108
WZ3800,S7 Airlines,2024-02-25,05:38:42,80
N46050,Utair,2024-10-22,14:35:45,192
SU3534,Ural Airlines,2025-06-17,08:40:56,207
N46237,S7 Airlines,2024-08-25,17:39:30,138
N44518,Ural Airlines,2025-04-16,20:37:44,261
N47500,S7 Airlines,2024-08-25,04:19:49,149
FV9146,Red Wings,2025-01-03,00:37:40,238
UT2208,Aeroflot,2024-12-03,21:30:50,220
WZ5034,Aeroflot,2024-10-07,17:25:16,278
FV3638,Red Wings,2025-09-23,07:20:31,81
U63936,Pobeda,2024-05-16,10:03:04,247
U67823,Pobeda,2025-07-23,14:00:47,170
FV4153,Ural Airlines,2024-01-17,02:03:34,47
SU8893,Pobeda,2025-10-26,16:02:54,284
WZ4974,S7 Airlines,2025-10-05,07:35:01,40
S71294,Ural Airlines,2025-04-19,17:27:37,176
SU3367,S7 Airlines,2025-01-15,13:48:10,59
S79569,Ural Airlines,2024-11-22,20:30:12,165
UT1460,Nordwind,2024-05-15,16:38:23,231
UT1223,Utair,2025-11-21,00:07:23,122
DP2346,Utair,2025-11-27,21:20:47,62
WZ3359,Rossiya,2025-07-02,00:35:06,247
SU6548,S7 Airlines,2025-07-07,11:59:40,208
WZ5817,Nordwind,2024-11-04,18:31:47,231
SU2318,S7 Airlines,2025-10-11,19:47:55,5
N45282,Rossiya,2025-05-06,13:51:24,58
WZ9183,Nordwind,2024-08-08,06:41:57,45
S76541,Pobeda,2024-10-07,08:51:03,267
SU1925,Ural Airlines,2024-01-24,09:59:18,181
U67708,Ural Airlines,2025-04-10,19:32:06,82
FV4447,Aeroflot,2025-04-21,15:44:23,144
N49961,Rossiya,2025-03-19,10:45:03,119
WZ8393,Ural Airlines,2025-09-19,18:49:27,281
N47583,Ural Airlines,2025-11-20,13:17:24,8
UT8829,Ural Airlines,2025-04-09,05:26:48,53
SU5848,S7 Airlines,2025-05-01,17:27:50,170
WZ8154,Utair,2024-06-21,03:54:12,149
SU4077,Aeroflot,2025-09-04,09:34:03,87
SU7036,Utair,2025-02-05,13:55:40,246
FV1849,Rossiya,2024-01-28,20:22:20,292
U6263,S7 Airlines,2025-01-08,12:31:09,51
WZ3618,Rossiya,2025-12-14,14:08:28,136
UT2444,Nordwind,2024-01-03,17:11:32,183
UT7387,Rossiya,2025-04-01,07:23:03,6
N48457,S7 Airlines,2024-01-17,19:14:38,149
UT705,Utair,2024-06-16,07:16:19,117
SU2438,Nordwind,2024-11-08,18:34:59,183
FV3670,Red Wings,2025-01-26,08:00:22,266
N4451,Aeroflot,2025-02-22,08:28:58,282
UT8777,Utair,2025-12-23,05:05:18,132
U63282,S7 Airlines,2024-12-23,16:58:04,234
SU1070,Aeroflot,2024-09-09,01:03:00,23
UT1849,Nordwind,2025-09-14,12:26:59,44
SU6680,Aeroflot,2025-04-10,02:18:42,131
N46245,Ural Airlines,2024-12-18,02:58:11,32
WZ7595,Pobeda,2024-04-05,23:39:52,126
WZ8858,Red Wings,2024-02-22,05:56:24,74
S73435,S7 Airlines,2025-03-07,08:34:57,248
UT9918,Utair,2025-03-25,15:34:14,48
WZ8190,Aeroflot,2025-01-17,04:05:22,133
S77974,Aeroflot,2024-06-02,19:24:27,151
FV1852,Red Wings,2025-02-04,00:32:04,35
DP4182,Nordwind,2025-07-08,10:54:28,248
S71616,Rossiya,2025-05-25,21:42:08,15
UT583,Utair,2025-02-14,18:42:22,73
FV393,Utair,2024-11-24,16:33:28,11
FV2440,Nordwind,2024-09-23,13:33:44,210
SU3384,Ural Airlines,2024-08-13,18:47:58,156
DP2991,Rossiya,2024-03-04,11:23:36,125
WZ6621,Ural Airlines,2024-01-21,15:53:03,255
S76049,Nordwind,2024-11-09,14:46:18,208
SU452,S7 Airlines,2025-07-01,18:27:38,71
U63321,Red Wings,2025-08-18,07:42:35,125
UT682,Rossiya,2025-09-17,19:41:00,9
S75505,Rossiya,2024-01-19,21:17:10,187
DP2066,Nordwind,2024-02-07,21:34:15,144
U62941,Red Wings,2025-01-26,14:17:22,107
DP2045,S7 Airlines,2024-04-19,00:04:28,261
DP9008,Ural Airlines,2025-07-10,11:33:39,84
UT4226,Utair,2025-02-27,13:12:45,152
FV1442,Pobeda,2024-12-26,19:33:54,192
U62256,Red Wings,2025-01-26,01:08:29,174
DP8024,Pobeda,2025-08-03,05:40:35,96
DP5749,Nordwind,2025-04-04,01:16:26,71
WZ6783,S7 Airlines,2025-02-05,21:57:24,46
WZ3885,S7 Airlines,2024-03-25,07:42:11,58
N42976,Pobeda,2024-01-18,10:36:08,64
UT8188,Red Wings,2025-07-02,22:15:53,278
WZ9134,Aeroflot,2024-03-04,18:57:31,132
FV9243,Pobeda,2025-01-04,00:53:03,56
FV8330,Ural Airlines,2025-09-06,18:30:11,291
S74898,Rossiya,2025-05-03,22:27:36,209
SU2661,Aeroflot,2024-10-02,06:31:51,82
S73563,Red Wings,2024-12-24,19:15:35,108
S72921,Aeroflot,2024-01-03,09:26:38,275
SU9042,Rossiya,2025-09-19,20:25:22,178
WZ5266,Pobeda,2025-01-24,09:42:04,8
SU9076,Nordwind,2024-01-10,18:03:31,289
UT8705,Rossiya,2024-03-09,22:16:22,222
WZ9781,Red Wings,2024-07-06,07:43:53,147
SU5259,Ural Airlines,2024-04-11,12:08:34,237
UT9766,S7 Airlines,2024-08-21,20:45:40,198
UT3787,Rossiya,2024-11-01,05:57:54,156
U67383,Ural Airlines,2024-09-11,00:35:33,121
U61605,Nordwind,2024-11-12,18:15:07,159
UT6926,Utair,2024-09-10,18:28:05,121
N43837,Nordwind,2024-02-05,02:16:07,132
FV6343,Red Wings,2024-07-08,10:09:23,280
SU9857,Pobeda,2025-12-20,19:59:17,257
SU6706,S7 Airlines,2025-04-17,06:14:32,293
SU6693,Nordwind,2024-11-10,02:02:55,295
N41530,Nordwind,2024-09-24,12:06:39,126
SU2013,Rossiya,2024-01-05,19:29:09,58
S7564,S7 Airlines,2024-04-15,11:01:45,67
U66665,Aeroflot,2025-12-09,05:08:19,55
UT6719,Aeroflot,2025-09-18,22:23:04,287
SU3278,Aeroflot,2025-11-20,11:24:33,190
U61439,S7 Airlines,2025-01-04,07:22:00,108
N44797,Aeroflot,2025-06-05,11:51:37,290
U67767,S7 Airlines,2025-07-04,09:52:43,220
SU8848,Utair,2024-06-12,10:59:25,281
FV3695,S7 Airlines,2024-05-09,12:00:52,69
SU6377,S7 Airlines,2024-06-18,01:45:31,115
SU5062,Red Wings,2024-08-28,00:39:47,55
U64592,Utair,2024-09-16,05:33:57,81
U61953,Pobeda,2024-03-02,16:39:07,213
U65649,Nordwind,2025-09-10,15:52:47,249
WZ3859,Rossiya,2025-09-26,22:35:01,254
S7495,Red Wings,2024-05-05,07:22:51,188
U69385,Red Wings,2025-03-08,06:26:20,197
WZ2992,Ural Airlines,2025-07-18,09:26:18,131
DP4008,S7 Airlines,2024-06-08,08:39:38,132
DP1140,Red Wings,2024-03-19,01:15:26,230
WZ7673,Utair,2025-09-28,16:26:21,154
N46179,Aeroflot,2025-05-22,15:11:06,30
N48481,Aeroflot,2024-02-19,08:24:31,158
SU2278,S7 Airlines,2025-03-12,05:25:34,76
U69749,Pobeda,2024-07-05,02:41:03,170
U61572,Ural Airlines,2025-09-08,13:32:43,4
DP169,Rossiya,2024-09-17,03:50:11,122
S75723,Ural Airlines,2024-11-03,16:35:17,5
FV2399,Nordwind,2025-07-21,14:32:29,160
WZ6598,Ural Airlines,2025-10-17,02:39:17,178
FV9950,Nordwind,2024-10-07,11:47:48,87
SU5640,Rossiya,2024-06-09,03:08:57,144
S72812,S7 Airlines,2024-05-12,23:35:51,12
UT3652,Red Wings,2025-11-04,02:08:13,265
UT8906,S7 Airlines,2024-03-09,04:45:26,236
DP1399,Pobeda,2025-12-12,11:39:56,86
SU8326,Red Wings,2024-07-08,10:24:48,172
FV2703,Aeroflot,2025-04-10,09:34:21,279
U67314,Red Wings,2025-01-27,07:24:30,248
WZ3670,Pobeda,2025-02-15,21:18:04,185
S7477,Ural Airlines,2025-06-11,23:39:35,258
U6675,Aeroflot,2025-10-01,12:10:12,144
S7223,Pobeda,2024-03-12,16:26:25,4
S79203,Utair,2024-06-03,23:41:10,226
FV7950,Ural Airlines,2025-02-11,13:37:29,29
WZ439,Nordwind,2024-10-13,13:24:53,20
DP6261,Red Wings,2024-06-17,14:37:01,243
DP5278,Rossiya,2025-12-06,01:17:00,92
UT8992,Aeroflot,2025-02-26,02:27:46,161
U66125,Utair,2025-04-25,12:58:44,120
WZ6593,Rossiya,2025-09-18,14:52:47,76
DP6577,Aeroflot,2025-08-03,19:38:45,75
N43803,Nordwind,2025-09-07,07:52:10,85
S78323,Rossiya,2025-04-13,02:42:09,59
FV1080,Pobeda,2024-02-02,08:30:32,119
WZ390,Pobeda,2025-03-12,03:35:10,39
WZ6030,Aeroflot,2024-04-01,10:26:52,257
UT236,Pobeda,2024-02-17,08:14:21,285
UT6984,S7 Airlines,2024-05-25,15:35:37,56
FV6399,S7 Airlines,2025-03-27,22:05:02,160
N46290,Rossiya,2025-02-09,14:08:39,88
SU216,Aeroflot,2025-01-23,08:16:21,100
FV5499,Red Wings,2024-12-11,21:04:26,121
FV3836,Utair,2025-04-06,01:15:44,252
N47783,Ural Airlines,2024-12-05,11:25:34,135
FV6989,Ural Airlines,2025-03-18,04:35:33,230
FV1444,Pobeda,2025-07-17,11:56:02,266
SU4026,Red Wings,2024-02-15,20:58:03,221
UT9561,Red Wings,2025-01-17,23:21:55,61
SU9115,S7 Airlines,2024-08-13,16:18:48,200
WZ7133,Ural Airlines,2025-01-06,18:04:59,236
S78353,Red Wings,2025-08-04,10:18:02,299
WZ5426,Red Wings,2025-02-25,12:54:18,274
U68005,Utair,2025-05-26,15:53:23,103
WZ7963,S7 Airlines,2025-07-05,19:34:25,292
SU3316,Ural Airlines,2025-02-25,07:36:24,273
U67553,Ural Airlines,2024-10-12,13:05:03,48
U65446,Utair,2025-08-23,14:34:29,62
N47032,Utair,2025-05-11,10:54:17,169
WZ375,Ural Airlines,2025-09-08,23:37:00,139
SU2967,Utair,2025-09-24,18:45:00,50
SU3173,Rossiya,2025-08-10,18:01:17,198
U67639,Aeroflot,2024-07-09,09:37:07,60
S74445,Pobeda,2025-04-12,15:06:48,122
UT1030,Pobeda,2024-10-08,21:12:32,98
S78048,Nordwind,2025-11-11,11:32:57,256
DP6360,Rossiya,2024-06-19,17:03:31,114
DP8779,Aeroflot,2025-03-06,20:44:13,3
U63482,Ural Airlines,2024-05-02,20:45:13,76
U68881,Red Wings,2024-11-20,23:31:04,4
S7609,Red Wings,2025-03-04,09:43:17,120
U65018,Ural Airlines,2024-12-19,19:43:12,52
DP4721,Aeroflot,2025-02-13,16:25:26,202
U65794,Rossiya,2024-03-22,20:11:41,170
WZ8344,Rossiya,2025-06-10,18:48:41,8
N45452,Pobeda,2024-04-12,07:29:39,174
N44736,Nordwind,2024-04-01,12:15:15,166
U66046,Utair,2025-03-09,05:48:46,212
N45128,Nordwind,2024-06-05,06:28:12,244
U61498,Aeroflot,2025-10-28,23:31:19,51
S76183,Pobeda,2024-11-27,04:23:55,214
WZ9856,Red Wings,2025-10-12,11:19:41,270
N45943,Aeroflot,2025-05-26,18:41:20,40
N48820,Rossiya,2025-11-28,13:08:35,193
SU8630,Red Wings,2024-10-19,17:44:48,204
WZ8686,Pobeda,2025-11-13,06:40:03,37
N47757,Rossiya,2025-12-19,21:13:27,174
N4612,S7 Airlines,2024-06-12,04:44:34,153
S78481,S7 Airlines,2025-02-23,22:45:30,292
U66341,Pobeda,2025-12-01,12:34:31,94
WZ8748,Red Wings,2025-07-13,23:00:32,12
DP4082,Red Wings,2024-12-24,18:53:41,293
WZ2097,Nordwind,2024-07-12,15:59:20,214
WZ2518,Utair,2024-11-09,16:41:34,190
FV5309,Utair,2024-04-13,05:40:29,26
SU9737,Rossiya,2024-04-02,05:22:45,193
UT5190,Ural Airlines,2024-04-04,10:28:37,273
DP9647,Ural Airlines,2024-07-12,12:55:41,190
U68278,Nordwind,2024-10-13,11:42:21,5
WZ8173,Ural Airlines,2024-11-27,09:23:38,270
DP2546,Nordwind,2025-05-27,21:09:50,275
U63554,Red Wings,2025-12-07,18:08:31,217
WZ4166,S7 Airlines,2024-04-24,17:05:13,74
UT3960,S7 Airlines,2024-06-13,04:09:07,73
DP6644,Pobeda,2025-11-24,11:52:54,35
WZ5313,S7 Airlines,2025-07-25,20:45:13,186
N43314,Ural Airlines,2025-05-15,11:33:33,62
U64338,Utair,2024-06-13,19:35:20,2
SU3769,Red Wings,2024-08-01,06:11:57,246
UT5212,Red Wings,2024-05-17,01:55:13,57
UT402,S7 Airlines,2024-03-21,05:15:47,126
SU3793,Ural Airlines,2024-05-11,12:25:44,135
WZ9253,S7 Airlines,2024-07-28,13:30:24,61
N41437,Nordwind,2024-11-24,09:32:55,79
S76083,Rossiya,2025-03-10,10:37:31,245
DP8145,Rossiya,2025-08-20,15:03:07,134
N47361,Red Wings,2024-05-09,05:44:16,226
DP1337,Utair,2025-08-17,07:09:09,252
DP7251,Red Wings,2024-12-21,14:58:37,267
UT7400,Ural Airlines,2025-10-28,12:31:02,35
FV5800,S7 Airlines,2025-09-28,06:40:56,152
S72046,Aeroflot,2024-05-06,16:53:24,135
SU3046,Red Wings,2025-01-20,02:44:57,273
WZ2953,Ural Airlines,2024-09-26,02:03:33,149
DP1374,S7 Airlines,2024-10-18,04:15:44,209
S79895,Ural Airlines,2024-04-02,14:29:40,295
N49607,Ural Airlines,2024-01-16,09:54:58,171
DP6529,Pobeda,2024-09-20,13:57:40,247
UT591,Rossiya,2024-09-02,09:36:59,130
U62392,S7 Airlines,2024-10-10,12:41:23,52
UT5164,Aeroflot,2025-11-05,10:42:42,127
DP1892,S7 Airlines,2025-05-01,15:29:45,81
SU1940,Pobeda,2024-08-12,22:17:16,1
FV9031,S7 Airlines,2024-04-16,09:42:12,277
N43021,Aeroflot,2025-11-06,09:39:20,160
U66558,Rossiya,2025-09-09,03:05:41,52
FV4590,Pobeda,2024-03-01,08:41:09,93
SU749,Utair,2025-09-14,09:48:25,202
SU6708,Ural Airlines,2025-07-18,12:44:30,230
N48614,Ural Airlines,2025-10-10,17:22:46,228
N43779,Pobeda,2025-06-15,05:23:32,217
SU8192,Aeroflot,2025-07-21,21:43:46,295
FV7297,Pobeda,2025-05-02,10:05:39,126
U66384,Aeroflot,2024-08-19,08:36:15,75
WZ4081,Rossiya,2024-04-07,06:16:04,29
WZ948,S7 Airlines,2024-04-19,02:57:14,203
SU475,Aeroflot,2025-07-04,21:04:13,88
UT7066,Utair,2024-04-07,20:05:52,36
N46736,Nordwind,2025-03-05,16:58:36,220
N49117,Red Wings,2025-03-05,23:45:26,60
N45025,Red Wings,2025-07-18,06:34:04,48
WZ4189,Red Wings,2025-02-20,19:09:53,44
WZ8269,Ural Airlines,2024-01-25,08:23:47,239
FV198,Rossiya,2025-05-12,20:54:32,118
U68237,Ural Airlines,2025-08-09,09:32:23,112
N45155,Ural Airlines,2024-02-11,06:51:42,20
S7457,Utair,2024-02-23,19:37:55,270
DP2691,Rossiya,2025-05-15,16:14:51,216
WZ5665,Nordwind,2024-09-13,00:48:41,47
U64307,Red Wings,2025-04-06,17:50:41,272
U6580,Nordwind,2025-03-25,15:13:32,227
UT7423,Utair,2024-05-06,09:56:14,44
N44868,Pobeda,2025-08-17,07:45:19,235
S79880,Utair,2025-05-01,23:45:26,263
FV6262,Utair,2024-02-16,20:51:12,259
U61513,S7 Airlines,2025-07-22,08:20:41,137
N44970,Utair,2024-11-11,09:35:01,227
WZ3093,Ural Airlines,2024-11-10,01:46:13,200
S79364,Rossiya,2024-08-27,09:41:22,28
SU7360,Red Wings,2024-03-23,23:33:04,145
SU7128,Rossiya,2025-04-05,16:27:31,281
WZ1662,Rossiya,2024-12-02,08:25:57,81
N4630,Rossiya,2025-11-13,10:42:33,284
WZ7614,Utair,2025-09-09,16:48:23,201
S78320,S7 Airlines,2025-03-09,12:44:43,246
UT5684,Nordwind,2024-06-01,04:36:42,88
FV5139,Pobeda,2025-03-09,12:05:34,174
DP6054,Utair,2024-06-03,16:58:58,80
DP2889,S7 Airlines,2025-12-24,19:38:07,93
U69269,Nordwind,2025-04-25,02:36:54,82
UT8594,Utair,2024-03-22,16:00:21,144
N47104,Utair,2025-02-24,08:08:40,197
DP3988,Rossiya,2024-10-26,07:10:11,126
DP637,Utair,2024-09-05,01:43:25,225
UT4140,Utair,2024-05-16,14:18:06,288
U63992,Ural Airlines,2024-09-07,22:33:25,1
N45526,Utair,2025-05-03,17:32:28,233
FV5600,Aeroflot,2025-03-12,13:25:00,157
FV7459,Rossiya,2024-04-10,09:38:15,212
S79173,Pobeda,2024-06-27,11:32:01,127
SU1222,Nordwind,2025-10-21,04:52:16,199
SU9580,Rossiya,2025-08-11,12:38:51,60
N45468,Pobeda,2025-11-22,09:33:08,124
N47462,Rossiya,2024-02-07,03:06:31,35
U66827,Pobeda,2024-06-27,12:37:33,288
DP7497,Utair,2025-11-02,04:04:45,25
DP4919,Ural Airlines,2025-06-01,01:34:54,162
N46840,S7 Airlines,2024-12-18,16:50:14,53
S74503,Rossiya,2024-07-16,14:25:41,268
U67369,Nordwind,2025-01-14,21:03:50,234
N46805,Nordwind,2025-10-25,13:42:57,293
S71738,Nordwind,2024-09-19,01:14:37,203
N47013,Pobeda,2024-10-01,06:47:50,248
U68680,Pobeda,2025-09-03,08:23:56,37
S79696,S7 Airlines,2024-09-26,05:01:59,90
UT1913,Rossiya,2025-01-22,09:04:54,196
DP6025,Rossiya,2024-10-17,22:00:50,22
N47107,Aeroflot,2024-03-20,19:52:41,245
FV1737,Red Wings,2024-10-28,07:40:45,169
WZ1981,Nordwind,2024-02-13,12:01:31,14
S73158,Utair,2025-12-20,19:17:23,281
UT5606,Rossiya,2024-02-05,14:40:33,149
N41859,Nordwind,2025-02-28,13:56:21,183
DP9736,Rossiya,2025-02-23,20:15:33,209
U6827,Pobeda,2024-06-26,08:59:53,39
WZ1500,Nordwind,2025-02-07,22:54:17,245
SU6243,Nordwind,2024-06-22,01:30:19,125
UT4109,S7 Airlines,2025-02-23,12:54:45,55
DP4329,Pobeda,2025-07-13,18:39:19,115
S76978,Rossiya,2024-03-16,05:37:17,23
SU8404,Nordwind,2025-09-02,06:16:12,251
UT4557,Aeroflot,2025-11-10,14:02:31,164
SU1204,S7 Airlines,2024-01-16,10:16:36,289
U67621,S7 Airlines,2025-12-01,11:28:20,96
DP9645,Aeroflot,2025-01-06,13:53:36,153
SU9471,Rossiya,2025-04-12,07:39:43,43
SU2711,Utair,2025-11-27,03:05:14,54
WZ2696,S7 Airlines,2024-08-04,16:33:52,27
N43325,Red Wings,2024-07-11,07:46:50,20
S73847,Pobeda,2025-11-13,12:19:04,159
SU4956,Red Wings,2024-10-11,17:21:10,290
FV9435,Aeroflot,2024-03-20,02:26:07,190
U62174,Aeroflot,2025-11-01,06:05:23,191
SU4325,Red Wings,2024-12-28,06:25:37,264
DP2958,Pobeda,2025-04-26,08:54:29,230
U63068,Nordwind,2024-11-18,15:26:18,148
FV4659,Nordwind,2025-07-24,16:44:12,40
WZ8239,Aeroflot,2024-02-18,13:16:58,163
FV3334,Utair,2025-10-28,15:56:02,37
S73744,Ural Airlines,2024-04-23,20:23:52,48
S78573,Utair,2025-09-08,19:06:43,59
N44628,Nordwind,2024-07-03,14:12:48,192
DP6743,Red Wings,2024-12-13,15:42:33,83
S71484,Red Wings,2024-08-18,02:02:15,66
SU4228,Ural Airlines,2025-11-20,03:11:41,96
WZ5225,Red Wings,2025-09-17,16:51:34,107
UT9814,Rossiya,2025-08-10,10:28:24,220
SU9163,S7 Airlines,2024-09-01,06:32:18,194
FV4240,Rossiya,2025-01-05,22:53:58,45
UT6174,S7 Airlines,2025-02-10,22:09:42,176
DP6620,Ural Airlines,2024-03-09,07:48:55,164
N47448,Utair,2025-09-01,15:04:45,275
DP7313,Utair,2024-10-02,02:53:15,84
SU7304,Rossiya,2024-06-05,10:18:05,111
WZ7514,Ural Airlines,2025-01-10,09:03:36,2
UT7091,S7 Airlines,2025-05-07,10:14:56,141
U64143,S7 Airlines,2025-12-09,13:50:54,210
UT355,Pobeda,2024-02-12,18:22:03,8
WZ4135,Rossiya,2025-11-11,09:20:16,216
N49979,Rossiya,2025-06-02,21:27:52,78
FV8616,Aeroflot,2024-05-25,23:11:53,123
FV5744,Nordwind,2024-06-21,09:01:54,258
WZ6373,Red Wings,2025-12-05,01:50:47,99
SU430,Utair,2025-01-25,16:40:03,42
DP6269,Red Wings,2024-05-01,14:03:03,55
DP1967,Utair,2025-09-27,21:55:36,273
S7227,Nordwind,2024-03-28,11:35:33,201
U65629,Aeroflot,2024-08-13,17:20:10,295
S78015,Red Wings,2025-02-07,04:13:04,290
FV7808,S7 Airlines,2025-12-09,12:43:21,220
N45532,Red Wings,2025-03-04,17:57:01,239
S73490,Red Wings,2024-06-19,18:45:18,72
N42349,Rossiya,2025-09-07,23:32:30,143
UT6365,Nordwind,2024-03-03,22:10:25,119
N42520,Ural Airlines,2024-08-19,04:13:04,283
S72022,Red Wings,2025-11-13,08:31:35,125
FV773,Nordwind,2025-10-04,21:19:19,161
WZ6946,Aeroflot,2024-07-06,19:40:46,3
SU2561,Utair,2025-07-03,03:13:08,251
N43511,Red Wings,2025-07-05,07:53:49,271
DP105,Ural Airlines,2024-11-01,15:53:02,72
WZ8380,S7 Airlines,2024-01-16,19:02:27,114
WZ7515,Ural Airlines,2025-06-15,07:21:12,93
SU6784,Ural Airlines,2024-05-08,20:53:41,51
SU5568,Red Wings,2025-06-24,00:18:00,60
WZ6216,Nordwind,2024-06-15,20:08:09,45
DP2881,Rossiya,2024-04-04,10:39:40,19
DP7108,Pobeda,2025-09-26,05:17:23,104
UT9297,Rossiya,2024-04-12,17:05:32,112
WZ4185,S7 Airlines,2025-01-25,09:44:10,43
SU5421,S7 Airlines,2024-10-08,03:43:03,290
U62466,Rossiya,2025-01-02,05:15:50,30
WZ3712,Nordwind,2024-12-11,15:27:29,264
DP2886,Ural Airlines,2024-02-28,14:31:21,225
FV4996,Nordwind,2024-11-09,19:23:47,111
U67973,Rossiya,2024-11-21,01:41:46,155
SU1965,Nordwind,2025-09-21,09:05:50,113
UT3797,Pobeda,2025-11-12,06:35:22,92
SU9074,S7 Airlines,2025-08-25,12:07:02,64
DP4515,S7 Airlines,2024-12-06,07:14:14,94
N46252,S7 Airlines,2025-07-02,01:27:18,234
N49657,Rossiya,2024-01-25,08:12:54,98
S74825,Nordwind,2025-02-08,17:08:04,33
DP1680,Utair,2024-06-19,09:19:34,223
FV987,Utair,2024-06-01,21:35:09,258
N41270,Red Wings,2025-03-28,18:47:06,168
UT9967,Nordwind,2025-09-17,22:31:13,1
DP938,Red Wings,2024-08-14,23:05:21,38
UT5482,Ural Airlines,2024-08-17,03:25:51,70
WZ1247,Ural Airlines,2025-12-22,22:48:15,283
UT9517,Pobeda,2024-06-19,03:07:33,183
WZ6820,Utair,2025-11-07,11:34:04,244
DP3033,Red Wings,2025-03-23,08:43:52,181
DP4595,Red Wings,2025-06-03,21:24:54,25
FV702,S7 Airlines,2025-02-13,04:40:58,85
SU9768,Aeroflot,2025-02-07,11:35:24,92
N41408,Pobeda,2024-12-18,17:04:53,244
SU8390,Aeroflot,2025-02-09,12:36:10,177
UT9544,Red Wings,2025-02-24,06:32:52,147
WZ9244,S7 Airlines,2024-04-15,09:24:09,233
S7434,Red Wings,2024-07-05,16:40:33,88
WZ1835,Utair,2024-07-15,18:54:34,250
S74891,Ural Airlines,2025-01-18,07:15:08,223
SU2605,Nordwind,2025-08-02,11:21:14,65
SU8895,Aeroflot,2025-10-24,03:10:04,75
N41590,Utair,2024-01-10,05:01:49,59
FV4797,S7 Airlines,2025-12-20,01:36:55,292
S78896,Aeroflot,2025-05-09,23:34:39,284
N44329,S7 Airlines,2024-09-28,22:38:45,85
U68408,Ural Airlines,2025-07-17,23:35:53,295
S76160,Utair,2025-03-23,12:08:19,175
U61614,Nordwind,2025-04-22,17:58:56,1
SU3424,Utair,2024-11-28,19:15:18,182
S72793,Rossiya,2025-05-19,07:10:00,181
WZ8162,Red Wings,2025-10-07,09:57:33,10
S75692,Pobeda,2025-11-17,23:06:19,182
DP9942,Red Wings,2024-03-10,20:32:30,128
UT7099,Pobeda,2025-03-18,20:14:27,238
N4191,Pobeda,2024-04-10,23:33:49,260
N43601,S7 Airlines,2024-06-22,09:11:44,133
WZ943,S7 Airlines,2024-10-23,10:58:05,260
S78930,Nordwind,2024-01-19,00:49:45,231
S78790,Aeroflot,2025-07-28,00:10:37,249
UT3017,Rossiya,2024-03-11,15:17:53,81
S7212,Ural Airlines,2025-11-14,07:52:27,273
UT9124,Nordwind,2024-10-13,21:35:45,15
U65034,S7 Airlines,2025-11-24,21:06:29,62
S74659,Utair,2024-09-23,09:02:02,270
U69369,Rossiya,2025-10-20,02:10:03,248
S7703,S7 Airlines,2025-01-08,11:53:21,36
FV3998,Ural Airlines,2025-02-02,20:38:48,113
U6966,Red Wings,2024-10-10,00:17:22,102
N4342,Red Wings,2024-06-26,11:46:13,137
N47549,Nordwind,2024-02-03,18:59:50,80
N43035,Pobeda,2024-07-01,12:50:01,86
SU8308,Pobeda,2024-07-28,00:15:28,84
S71198,Red Wings,2024-08-16,22:23:32,117
N49823,Ural Airlines,2025-10-22,07:35:01,95
SU1194,S7 Airlines,2024-02-05,06:49:04,69
FV5365,Utair,2025-03-26,11:42:24,246
WZ6684,Aeroflot,2024-04-06,21:41:37,45
FV6944,Red Wings,2024-05-06,14:39:43,7
U66704,S7 Airlines,2025-08-27,05:53:09,12
S71479,S7 Airlines,2024-10-08,08:57:04,277
UT9396,S7 Airlines,2025-04-26,21:35:59,34
DP9584,Nordwind,2024-06-13,21:01:33,148
WZ5358,Rossiya,2025-11-21,07:40:57,76
SU3544,Rossiya,2025-08-23,16:33:04,111
N45224,Aeroflot,2025-05-25,05:50:55,18
U63125,Aeroflot,2024-03-26,03:39:44,73
DP4661,Red Wings,2024-02-28,06:37:36,122
FV3115,Rossiya,2025-02-21,12:01:12,206
S78345,Pobeda,2025-10-09,11:29:08,252
WZ4703,S7 Airlines,2024-03-03,08:38:46,86
S77480,Nordwind,2025-04-27,06:30:34,19
DP6930,S7 Airlines,2025-01-18,01:59:44,152
SU7475,Red Wings,2025-02-05,01:35:16,70
N44253,Nordwind,2025-12-17,13:06:27,58
U66277,Pobeda,2024-07-02,14:45:44,124
FV2439,Nordwind,2025-03-19,09:05:41,135
S76562,Ural Airlines,2025-09-21,12:39:43,282
DP1711,Aeroflot,2024-02-04,08:31:10,249
S7709,Pobeda,2024-10-09,06:51:58,272
SU7449,Aeroflot,2025-02-14,20:32:32,224
FV494,Nordwind,2024-04-04,22:12:32,10
DP9291,Rossiya,2024-11-23,23:19:31,283
N42153,Ural Airlines,2025-05-26,13:31:16,81
SU9771,Nordwind,2025-02-11,13:09:49,161
SU584,Nordwind,2024-05-03,16:33:11,43
UT4861,S7 Airlines,2024-01-21,03:39:55,146
WZ9433,Pobeda,2025-04-03,23:42:14,264
WZ1160,Red Wings,2025-07-14,03:35:36,277
DP7119,Rossiya,2024-09-27,10:30:45,262
FV146,Nordwind,2025-12-04,12:14:29,259
S76833,Nordwind,2024-02-07,20:18:15,228
SU2810,Ural Airlines,2025-05-16,02:13:56,152
FV9475,Aeroflot,2024-12-20,00:14:20,62
DP4598,Aeroflot,2024-09-21,20:58:08,40
FV7065,Ural Airlines,2025-08-22,21:37:38,94
FV9331,Nordwind,2025-03-06,01:50:15,127
FV8634,Nordwind,2024-10-11,07:41:02,77
SU2401,Red Wings,2024-08-13,17:16:50,263
DP8371,S7 Airlines,2024-12-03,16:40:12,71
S73354,S7 Airlines,2024-11-06,21:18:27,212
SU6131,Utair,2025-02-10,03:03:47,227
WZ7372,Aeroflot,2025-05-04,15:38:24,259
DP5207,Rossiya,2024-11-21,17:44:32,30
U68917,Ural Airlines,2025-01-24,09:20:18,22
U62509,Ural Airlines,2025-03-06,03:39:57,86
S75549,Aeroflot,2024-10-25,08:40:46,269
N46821,Red Wings,2024-07-09,02:56:30,299
DP3029,S7 Airlines,2025-09-16,13:43:36,230
WZ3943,Utair,2024-01-23,17:26:18,165
FV539,Ural Airlines,2025-05-03,12:26:29,203
SU3212,Utair,2025-07-05,18:02:31,25
N48973,Nordwind,2025-10-18,22:33:49,245
SU9910,Ural Airlines,2024-03-16,17:55:15,129
WZ1259,S7 Airlines,2025-05-04,09:07:03,94
SU3871,Aeroflot,2024-10-03,12:26:40,273
N41263,Utair,2024-07-15,23:40:49,49
S7390,Ural Airlines,2024-03-27,01:47:39,27
FV3430,Nordwind,2025-10-03,17:58:28,211
SU9781,Pobeda,2024-08-21,07:39:37,77
U64545,S7 Airlines,2024-10-19,10:21:39,199
SU9318,Rossiya,2025-11-10,23:14:45,72
WZ9558,Ural Airlines,2025-06-06,02:40:15,69
UT6267,Utair,2024-02-12,08:00:26,72
S75793,Utair,2024-12-09,19:34:55,83
FV6001,Ural Airlines,2025-03-02,09:15:42,64
WZ5999,Nordwind,2024-02-15,08:57:04,177
UT4304,S7 Airlines,2024-10-18,11:38:30,151
S78636,Nordwind,2024-06-21,19:14:08,212
SU3057,Utair,2025-10-11,08:33:59,71
N43598,Aeroflot,2024-09-05,09:47:15,293
DP4471,Ural Airlines,2024-02-12,09:54:35,130
DP4048,Utair,2024-10-23,11:25:39,154
S73311,S7 Airlines,2024-05-07,06:32:03,29
U68394,Red Wings,2025-06-07,11:26:47,271
FV811,Utair,2024-09-11,17:02:21,225
DP7763,Ural Airlines,2024-05-19,22:09:22,293
DP5207,Rossiya,2024-06-23,11:57:52,13
U62243,Ural Airlines,2024-01-18,17:12:31,152
U61557,Pobeda,2025-02-17,23:16:33,157
S74644,Rossiya,2024-04-18,19:58:38,36
WZ9060,S7 Airlines,2025-10-12,06:17:55,261
FV879,Aeroflot,2025-04-01,04:44:23,239
UT7162,Ural Airlines,2025-10-13,22:10:33,165
N49276,Red Wings,2025-01-24,11:15:37,267
U69120,Pobeda,2025-03-19,04:43:32,254
N42901,Aeroflot,2025-05-03,04:25:07,290
SU4110,Ural Airlines,2024-11-20,09:43:57,195
UT6090,Aeroflot,2024-12-25,11:56:21,211
UT1256,S7 Airlines,2025-03-26,18:09:31,214
WZ7525,Utair,2024-03-15,13:57:02,240
S75099,Pobeda,2025-10-07,23:08:56,163
N49965,Rossiya,2024-04-07,09:04:26,94
S75981,S7 Airlines,2025-12-25,03:25:32,265
N49462,Nordwind,2025-11-22,01:51:46,107
S75280,Nordwind,2025-01-05,23:55:57,247
SU3577,Pobeda,2024-12-25,00:48:15,219
DP8978,Utair,2024-07-25,22:06:00,102
SU7074,Ural Airlines,2024-04-18,12:56:05,114
SU3666,Aeroflot,2025-07-13,16:20:54,107
SU504,Nordwind,2024-02-05,13:19:22,182
WZ5092,Rossiya,2024-10-05,08:28:46,113
N4335,S7 Airlines,2024-06-01,03:18:46,124
FV3354,Rossiya,2025-06-09,06:46:45,143
UT248,Pobeda,2024-11-20,04:30:07,225
U62916,Utair,2025-06-03,08:46:41,121
SU1850,Pobeda,2024-10-09,18:40:21,250
SU3115,S7 Airlines,2025-08-28,01:39:31,285
S73432,S7 Airlines,2024-07-09,22:21:38,221
UT9689,Pobeda,2025-06-22,17:54:41,48
FV5101,Rossiya,2025-11-04,08:22:10,180
DP1596,Ural Airlines,2024-12-09,13:20:23,82
WZ1937,S7 Airlines,2024-05-16,00:04:26,262
WZ8631,Ural Airlines,2024-01-08,02:53:09,126
U63813,S7 Airlines,2025-12-03,00:47:49,41
U66683,S7 Airlines,2025-01-25,19:08:42,46
DP4834,Utair,2024-05-11,22:12:20,117
U67415,Utair,2024-03-19,18:14:15,76
UT2200,Ural Airlines,2024-08-14,06:44:25,205
U61214,Nordwind,2025-01-16,08:12:15,14
UT7194,Utair,2025-02-01,05:30:14,24
DP3770,Rossiya,2025-05-21,06:14:34,218
UT4994,Aeroflot,2024-11-27,05:35:14,294
FV9528,Aeroflot,2025-03-03,09:31:11,89
U69863,Ural Airlines,2024-01-01,23:33:27,284
UT2606,Pobeda,2024-09-18,14:45:14,268
FV9516,Rossiya,2025-08-15,22:25:12,185
U66134,Pobeda,2024-09-19,08:43:42,149
S77324,Ural Airlines,2025-04-17,16:02:36,204
UT3232,Utair,2025-09-10,06:06:07,213
WZ3102,Rossiya,2025-06-21,23:02:16,135
UT2516,Red Wings,2025-12-19,23:49:01,241
UT7130,Rossiya,2024-01-24,02:53:12,70
UT7791,Utair,2024-12-28,02:54:42,176
UT6345,Aeroflot,2025-03-11,23:35:03,234
UT4362,Ural Airlines,2024-10-01,21:08:57,137
S76834,Rossiya,2025-03-14,04:01:24,145
FV7945,Ural Airlines,2024-08-10,09:59:09,59
UT5565,Ural Airlines,2024-05-10,03:28:45,76
U62557,Red Wings,2024-02-26,06:01:01,55
DP3908,Utair,2024-12-24,13:50:44,20
WZ8707,Pobeda,2025-12-07,22:36:41,248
S73920,Rossiya,2024-12-07,13:05:21,264
WZ3038,Ural Airlines,2024-06-28,17:13:21,258
SU4891,S7 Airlines,2025-08-13,00:52:02,203
FV5204,Utair,2025-05-23,13:57:50,29
U69745,Aeroflot,2024-12-13,05:25:47,154
U68729,Utair,2025-11-11,01:06:47,20
SU7078,Utair,2024-02-18,04:27:19,6
SU1017,Pobeda,2025-10-17,23:36:25,159
SU206,Ural Airlines,2025-12-16,05:57:05,184
DP5205,Utair,2025-12-15,15:13:06,199
U62181,Rossiya,2025-09-28,06:36:27,244
S73447,Pobeda,2024-12-03,22:38:41,220
U65663,Utair,2025-01-03,09:15:05,292
SU2861,Rossiya,2025-04-27,22:13:22,162
N45251,Utair,2025-07-06,16:27:09,24
UT5837,Pobeda,2025-11-19,23:27:00,60
S7909,Rossiya,2025-11-11,23:21:15,228
U65950,Pobeda,2024-12-09,15:17:50,101
WZ284,Red Wings,2024-12-23,10:34:20,251
U63507,Nordwind,2024-02-03,07:24:58,278
WZ8079,Pobeda,2025-11-27,15:09:36,189
U65026,Utair,2024-09-28,08:12:14,89
DP6044,Pobeda,2025-04-12,03:48:31,80
WZ8110,S7 Airlines,2025-01-13,15:57:40,7
S79419,Red Wings,2024-11-23,02:55:21,28
SU6478,Rossiya,2024-09-14,17:13:02,23
UT3134,Aeroflot,2024-10-07,18:46:43,134
UT9071,Pobeda,2024-12-11,02:54:46,267
DP9843,Nordwind,2025-06-18,02:15:40,15
UT8764,Nordwind,2025-07-23,13:08:09,151
UT5170,Pobeda,2024-09-18,09:52:02,15
S72549,Utair,2025-09-18,07:59:57,24
S72219,Utair,2024-01-12,06:13:50,13
S77237,S7 Airlines,2024-11-05,07:50:22,29
WZ6201,Red Wings,2025-10-28,06:15:48,120
WZ8931,Aeroflot,2025-04-28,23:53:36,154
N47280,Rossiya,2024-07-28,10:11:37,168
SU8551,Pobeda,2024-04-24,00:19:14,21
S72137,Red Wings,2024-06-21,21:00:00,162
FV8139,Utair,2025-06-12,22:31:56,5
N47502,Utair,2025-02-05,01:03:34,135
N45513,Aeroflot,2024-06-14,16:00:31,9
WZ1753,Rossiya,2024-02-02,08:31:07,172
N44683,Rossiya,2024-05-06,14:28:18,135
U62869,Utair,2025-05-12,23:56:26,283
FV4257,Pobeda,2025-10-20,06:58:17,67
S77951,Pobeda,2025-10-15,03:16:54,252
UT9535,Rossiya,2025-10-13,05:06:42,27
DP5879,S7 Airlines,2025-02-08,15:41:18,29
UT4862,Ural Airlines,2025-08-09,02:49:17,209
S75983,Red Wings,2025-09-06,04:21:53,130
UT9798,Utair,2025-05-20,11:43:07,211
SU8645,Ural Airlines,2024-02-16,17:31:01,120
UT5956,Rossiya,2024-09-23,07:45:22,206
UT9305,Red Wings,2025-10-08,07:30:55,190
FV9054,Ural Airlines,2025-12-27,00:24:56,148
WZ5762,Utair,2025-10-23,02:38:16,278
SU7190,Utair,2024-07-25,07:37:29,289
SU9289,Nordwind,2024-05-22,17:05:02,240
FV2086,Rossiya,2024-02-21,20:17:17,163
FV4641,Pobeda,2024-07-20,18:50:10,12
FV6809,Nordwind,2024-04-05,23:53:59,287
WZ9991,Utair,2024-07-22,09:22:20,138
N42210,S7 Airlines,2025-01-22,23:52:49,15
N46682,Pobeda,2025-12-01,14:39:26,149
UT8917,Nordwind,2024-11-13,03:08:38,242
UT6437,Aeroflot,2024-03-14,20:48:47,268
FV9171,Ural Airlines,2024-04-16,13:53:02,294
S74466,S7 Airlines,2025-02-14,01:25:07,230
WZ5708,Pobeda,2025-04-25,19:52:45,46
S73427,Pobeda,2024-03-24,12:32:37,294
FV2053,Rossiya,2025-02-02,10:53:09,229
FV5625,Pobeda,2025-10-25,08:10:33,268
WZ5563,Nordwind,2025-09-05,04:32:20,49
S74412,S7 Airlines,2024-10-28,21:18:48,185
U64414,Pobeda,2024-01-12,14:02:18,83
DP4154,Ural Airlines,2024-11-13,18:32:38,95
S79295,Nordwind,2024-02-23,22:55:10,267
N41424,Nordwind,2025-04-08,17:12:50,78
DP5248,Pobeda,2025-02-20,07:14:10,234
N45930,Nordwind,2025-10-08,17:45:12,136
N44805,Ural Airlines,2024-07-22,00:58:11,60
SU3339,Ural Airlines,2024-04-16,15:25:39,190
UT2075,Pobeda,2024-03-08,10:51:09,63
FV3600,Utair,2025-04-20,22:43:22,218
FV3200,Ural Airlines,2024-03-27,06:22:09,93
WZ3675,Nordwind,2024-04-18,09:36:14,216
WZ6649,S7 Airlines,2024-03-18,20:44:49,116
FV1054,Red Wings,2024-10-23,10:02:23,118
FV4329,Red Wings,2024-09-04,06:29:09,45
WZ4789,Red Wings,2025-09-01,10:28:22,300
S78595,Rossiya,2024-11-02,11:26:00,190
S73878,Nordwind,2025-05-20,22:49:11,245
WZ3561,Pobeda,2024-08-05,20:40:52,40
FV631,Pobeda,2025-09-16,12:21:47,98
DP1750,S7 Airlines,2025-04-20,13:21:39,39
SU3638,Pobeda,2025-03-13,04:50:39,232
S77809,S7 Airlines,2024-06-12,07:57:14,129
U63372,Aeroflot,2024-09-23,13:48:46,166
UT2549,Ural Airlines,2025-01-10,14:54:46,231
SU473,Utair,2024-11-28,07:07:55,278
WZ4081,Aeroflot,2024-02-15,12:25:08,53
UT3332,Pobeda,2025-05-03,02:32:37,38
UT1921,S7 Airlines,2024-09-17,01:40:05,127
SU8442,Aeroflot,2024-04-03,01:07:26,218
WZ1909,Ural Airlines,2024-12-28,12:58:58,251
S79598,Pobeda,2024-01-07,00:21:58,2
DP3337,Nordwind,2024-06-17,21:15:56,241
WZ7692,Ural Airlines,2024-02-21,22:40:12,17
S73692,Utair,2025-04-22,13:24:07,60
UT9991,Red Wings,2024-08-16,16:15:28,198
UT3940,Utair,2025-03-28,08:34:24,286
DP3220,S7 Airlines,2024-12-01,08:29:46,298
N47703,Utair,2025-06-19,10:05:37,187
N43840,S7 Airlines,2024-09-23,07:47:26,164
SU4014,Nordwind,2025-04-28,09:15:00,279
SU6075,Aeroflot,2024-08-07,22:28:17,98
S77606,Aeroflot,2025-09-13,03:55:53,107
U6767,Nordwind,2024-05-24,16:26:57,37
U62570,Aeroflot,2025-01-17,19:58:30,133
S74441,Utair,2025-12-17,00:46:35,294
UT3542,Ural Airlines,2024-12-02,13:07:06,220
SU2003,S7 Airlines,2025-03-25,16:33:29,168
SU2173,S7 Airlines,2024-11-01,00:01:47,162
S72811,Pobeda,2025-12-03,19:11:19,257
S77506,Ural Airlines,2024-07-11,05:02:18,161
U65723,Pobeda,2024-05-28,20:00:38,278
FV502,Ural Airlines,2025-05-22,01:24:08,250
S73460,Red Wings,2024-12-08,21:02:15,221
WZ9558,Rossiya,2024-10-08,00:33:35,102
S79985,Utair,2025-12-23,04:59:49,30
FV9927,Ural Airlines,2025-05-22,11:10:32,100
DP6242,Rossiya,2025-05-17,20:00:42,186
FV7312,Aeroflot,2024-10-13,21:11:48,167
WZ3451,Red Wings,2025-12-08,03:29:24,176
UT2270,Utair,2024-07-22,19:31:47,122
DP2122,Utair,2025-06-04,18:27:13,97
FV6891,S7 Airlines,2025-09-26,20:12:08,230
U63277,Utair,2025-12-24,06:45:45,285
N43016,Pobeda,2024-11-22,16:07:04,29
WZ6701,Ural Airlines,2024-03-15,19:06:14,219
S77143,Aeroflot,2025-10-20,03:15:05,268
N49956,Utair,2024-04-24,21:01:33,239
SU3482,Red Wings,2025-02-01,02:28:15,282
U67143,Pobeda,2025-12-28,15:40:56,24
SU4597,Aeroflot,2025-03-22,16:28:00,78
SU8093,Ural Airlines,2024-06-28,00:43:52,222
SU481,Pobeda,2025-10-01,04:46:11,82
WZ4900,Pobeda,2025-06-11,11:56:24,150
SU7494,Pobeda,2025-05-25,06:45:12,156
S77726,Utair,2025-04-04,06:35:09,199
N41578,S7 Airlines,2024-06-11,21:09:34,140
SU4852,S7 Airlines,2025-02-08,09:11:23,150
N47223,Nordwind,2025-09-04,08:54:54,192
SU7186,Rossiya,2025-11-14,15:31:48,228
S7939,Pobeda,2025-05-23,06:20:56,218
N48186,Utair,2025-03-21,22:49:43,153
WZ8054,Utair,2025-03-08,17:44:42,279
U64990,Ural Airlines,2024-01-17,18:05:01,80
N44080,Utair,2024-07-28,04:13:42,187
U69560,Nordwind,2024-02-10,04:59:46,173
UT4970,Red Wings,2024-08-10,13:09:35,194
DP1721,Utair,2025-07-06,17:42:53,249
WZ2499,Red Wings,2024-03-24,05:03:15,174
U6867,Rossiya,2025-05-27,23:14:17,180
UT9463,Utair,2024-07-01,21:36:16,136
U65111,S7 Airlines,2024-05-14,04:44:31,235
WZ214,Pobeda,2025-04-20,23:49:08,145
UT3606,Red Wings,2025-08-11,21:14:42,101
S7540,Ural Airlines,2025-06-25,18:50:49,78
S77647,Utair,2024-07-13,18:46:35,5
SU1087,Red Wings,2025-04-11,19:11:29,233
UT7531,Rossiya,2024-03-26,06:03:07,227
S77055,Nordwind,2024-04-25,09:37:53,154
N41371,Rossiya,2025-02-22,04:04:34,12
S7636,Red Wings,2024-01-01,04:07:31,295
FV5547,Pobeda,2024-08-28,20:45:41,130
DP502,Pobeda,2025-06-03,08:42:12,221
U6117,S7 Airlines,2025-12-07,19:30:32,239
SU9674,Red Wings,2024-04-14,05:25:43,119
WZ8573,Aeroflot,2025-05-07,20:21:16,33
DP8967,Pobeda,2024-05-18,13:35:22,49
UT5200,Nordwind,2025-05-17,11:46:16,293
U68363,S7 Airlines,2024-09-03,11:18:40,145
U63235,Ural Airlines,2024-08-04,12:39:59,106
DP7188,Pobeda,2024-09-02,00:46:37,111
FV7291,Red Wings,2025-06-19,01:34:19,180
FV7625,Utair,2024-08-21,01:58:11,144
WZ339,Rossiya,2025-07-21,05:06:28,152
S77094,Utair,2025-03-24,00:35:35,135
N4581,Utair,2024-09-16,19:50:23,171
WZ8541,Red Wings,2024-06-09,13:45:52,5
DP2711,Nordwind,2025-12-20,17:12:32,121
DP7610,Red Wings,2025-07-22,01:13:27,8
FV4271,Aeroflot,2024-05-01,15:12:33,232
U68060,Utair,2025-03-07,05:07:45,185
SU2548,Utair,2025-10-17,22:45:28,5
S74970,Aeroflot,2024-04-01,17:51:38,25
DP2770,Ural Airlines,2024-05-14,22:27:33,0
DP4084,Utair,2024-04-14,08:28:51,120
SU2196,Red Wings,2025-10-09,16:53:15,159
FV3881,S7 Airlines,2025-11-09,08:07:14,195
N49208,Nordwind,2024-07-16,19:16:34,244
U65820,Ural Airlines,2025-07-05,00:35:59,39
SU7450,Ural Airlines,2024-02-11,05:34:56,145
FV8980,Utair,2025-11-19,04:58:52,284
S74831,Ural Airlines,2024-02-12,12:23:00,100
S76867,S7 Airlines,2024-12-14,10:13:08,76
WZ2357,Rossiya,2024-02-20,07:51:10,201
FV4525,S7 Airlines,2025-10-01,02:40:33,163
S73238,Red Wings,2025-11-07,10:37:08,291
U63248,Aeroflot,2025-10-26,14:04:17,7
SU7361,Ural Airlines,2024-10-24,01:16:21,98
FV7196,Pobeda,2024-09-23,15:10:55,255
WZ4200,Utair,2025-07-11,22:51:15,40
S75835,Ural Airlines,2025-11-07,09:50:50,92
S73782,Rossiya,2025-09-23,21:32:40,70
WZ1420,S7 Airlines,2025-03-02,01:44:21,173
WZ5733,Ural Airlines,2024-04-18,15:19:33,208
UT3492,S7 Airlines,2025-11-24,16:56:26,278
WZ7530,Ural Airlines,2024-03-08,08:39:24,18
SU9576,Aeroflot,2025-10-21,09:12:17,4
U6756,Ural Airlines,2025-05-05,14:04:18,296
N48046,Pobeda,2025-11-09,22:00:05,123
FV635,Ural Airlines,2024-08-18,08:48:14,227
UT5453,Pobeda,2024-10-08,21:11:37,239
U61772,S7 Airlines,2025-07-11,02:45:36,253
FV5343,Utair,2025-05-24,19:06:19,130
UT2378,Ural Airlines,2025-06-18,05:14:37,32
WZ4835,Red Wings,2024-08-23,09:14:44,217
FV1335,Ural Airlines,2025-12-04,08:45:09,55
U62861,Utair,2025-01-10,01:43:51,239
SU8557,Ural Airlines,2025-07-05,07:09:51,28
FV925,Rossiya,2024-01-24,17:53:44,270
S7750,Utair,2024-12-09,17:13:32,19
FV6244,Utair,2024-01-25,19:07:30,268
N4913,Ural Airlines,2025-01-01,17:25:29,82
FV6682,S7 Airlines,2024-04-28,09:12:33,259
UT9127,Red Wings,2024-05-13,01:05:34,44
SU7970,S7 Airlines,2024-02-18,22:04:42,193
SU9564,Nordwind,2025-07-09,18:49:26,189
FV4555,Ural Airlines,2025-09-18,09:18:24,196
N44600,Nordwind,2025-04-13,04:18:16,138
UT904,Aeroflot,2025-06-24,14:24:04,37
N48563,Utair,2025-06-22,12:29:17,142
UT3703,Red Wings,2025-11-18,09:02:15,62
UT9627,Aeroflot,2025-02-05,18:41:34,188
N48096,Pobeda,2025-09-03,03:25:18,275
DP3707,Ural Airlines,2025-07-26,19:51:39,90
FV8019,Utair,2025-03-25,12:55:23,191
S75226,Pobeda,2025-09-04,08:16:34,215
DP1735,Utair,2025-12-24,13:43:27,225
DP2006,Red Wings,2025-06-25,01:54:02,253
FV2452,Utair,2024-04-05,21:12:34,107
WZ5341,Nordwind,2024-11-18,08:16:30,142
SU8670,Ural Airlines,2025-03-25,18:19:54,103
SU2750,Rossiya,2025-03-22,04:27:23,177
U65563,Ural Airlines,2025-01-19,10:43:32,63
DP2782,Rossiya,2024-08-02,04:09:26,98
N44554,Nordwind,2024-10-21,05:54:24,175
U65009,Ural Airlines,2025-12-11,07:57:14,151
U63886,Nordwind,2025-01-19,18:37:01,130
WZ618,Pobeda,2025-01-24,09:08:18,55
WZ1123,Pobeda,2024-06-16,06:35:00,27
UT4787,Utair,2025-06-08,19:19:43,174
WZ3138,Ural Airlines,2025-08-27,17:34:19,3
U61329,Aeroflot,2025-11-06,07:58:27,273
N48120,Aeroflot,2024-08-04,18:55:40,176
SU5354,Rossiya,2025-11-28,16:41:25,35
U64060,Aeroflot,2024-03-19,23:52:13,87
U6741,Ural Airlines,2024-02-22,22:13:17,195
DP1159,Aeroflot,2025-07-14,21:27:41,89
S76042,Rossiya,2024-06-17,16:30:07,241
N46202,Nordwind,2024-10-22,15:12:47,19
U63833,Pobeda,2025-11-19,09:44:54,117
N43306,Rossiya,2024-06-21,02:25:19,222
WZ5072,Nordwind,2025-09-09,07:40:22,253
S77873,Red Wings,2024-03-15,03:49:14,146
UT3045,Pobeda,2024-04-20,13:30:23,267
UT1080,Rossiya,2024-06-14,17:08:52,57
WZ4935,S7 Airlines,2024-11-14,06:12:19,22
U61989,Red Wings,2024-04-08,21:55:53,160
WZ7945,Red Wings,2024-08-25,01:11:09,65
WZ3500,Pobeda,2024-12-08,23:24:38,6
SU2037,S7 Airlines,2024-01-05,15:21:33,219
DP7654,Rossiya,2024-06-16,00:34:26,57
SU1151,Aeroflot,2025-09-01,13:12:57,262
UT2492,Rossiya,2025-03-18,22:43:09,213
U6623,Rossiya,2025-01-16,20:09:10,102
DP4441,S7 Airlines,2025-03-19,11:50:12,231
S75478,Utair,2024-07-14,23:52:59,284
FV9234,Aeroflot,2025-04-25,20:42:17,177
U67271,S7 Airlines,2024-07-17,18:55:24,37
SU680,S7 Airlines,2024-11-27,01:18:32,298
UT5928,Nordwind,2024-04-14,10:57:17,89
S72420,Red Wings,2024-03-15,18:07:03,264
N48311,Rossiya,2024-11-04,15:45:49,116
FV266,Aeroflot,2025-01-28,09:16:03,78
FV3984,Nordwind,2024-08-18,18:09:46,295
N44519,Rossiya,2024-12-02,15:20:52,181
FV513,S7 Airlines,2025-06-25,04:52:09,183
S77963,S7 Airlines,2024-07-22,17:43:14,279
UT9860,Aeroflot,2025-08-27,05:10:19,86
U67851,S7 Airlines,2025-04-21,08:03:55,77
FV5785,Utair,2024-07-14,22:38:57,192
DP2274,Aeroflot,2024-10-06,01:52:54,192
SU1890,Red Wings,2024-03-12,19:46:11,202
SU3519,Ural Airlines,2025-12-12,20:40:27,276
FV2670,Utair,2025-06-17,13:40:22,34
FV6274,Red Wings,2025-08-13,04:36:10,190
U66352,Aeroflot,2024-06-28,17:41:53,76
UT4961,Aeroflot,2024-02-11,07:56:26,198
N47272,Utair,2024-07-25,21:25:20,80
U68155,Utair,2025-01-05,13:48:14,185
UT8823,Pobeda,2025-07-12,10:53:52,245
DP1134,Utair,2025-01-14,03:43:30,124
U6270,S7 Airlines,2025-11-21,04:09:53,69
N49030,Red Wings,2025-09-28,03:56:50,97
FV1678,Pobeda,2025-01-27,12:07:42,77
WZ8054,Ural Airlines,2024-08-06,12:29:20,47
UT998,Utair,2025-06-24,11:31:03,51
N4784,Aeroflot,2025-03-23,19:42:59,167
S72934,Utair,2025-06-15,19:52:45,79
DP8960,Aeroflot,2024-03-11,13:30:53,81
FV5342,Nordwind,2025-04-07,19:50:08,286
S74087,Rossiya,2024-05-11,18:50:03,79
U64837,Red Wings,2025-11-02,04:29:37,154
DP3586,Pobeda,2025-07-25,11:20:45,68
FV8356,Nordwind,2024-09-26,10:19:46,89
UT2133,Pobeda,2025-01-09,22:05:11,225
WZ6205,Utair,2025-07-07,15:35:19,141
U66413,Ural Airlines,2025-05-03,04:43:22,109
U61390,Red Wings,2025-02-24,17:57:42,125
FV5717,Nordwind,2024-02-02,13:37:31,25
FV7545,Ural Airlines,2024-12-12,23:31:57,248
N4535,Nordwind,2024-09-15,20:24:08,238
FV9443,S7 Airlines,2025-04-08,09:11:02,24
DP5136,Red Wings,2024-09-13,22:57:55,2
FV1087,Utair,2024-03-18,22:53:36,106
SU4015,Aeroflot,2025-06-26,07:33:43,236
N47247,S7 Airlines,2024-04-28,03:23:07,282
SU2125,Red Wings,2024-01-10,07:34:20,290
SU3466,Red Wings,2025-03-13,21:44:09,60
WZ7819,Utair,2025-11-03,10:00:52,127
SU6898,Nordwind,2024-06-04,15:40:24,203
S74377,S7 Airlines,2024-03-11,07:42:31,230
U6642,Utair,2024-02-07,01:05:28,146
S73067,Utair,2024-01-08,09:25:30,94
DP191,Ural Airlines,2024-06-28,00:34:07,231
U65649,Ural Airlines,2024-11-24,14:46:41,157
N46144,Pobeda,2024-08-23,06:07:34,236
DP7327,Utair,2024-02-12,04:04:51,31
U6536,Aeroflot,2024-10-02,22:48:43,73
DP9356,Utair,2025-09-13,10:05:34,139
DP9669,Utair,2025-04-01,02:09:26,32
DP5557,Red Wings,2025-09-09,09:00:14,113
WZ6608,Pobeda,2024-12-12,21:17:58,265
FV1319,Rossiya,2024-06-15,06:02:05,29
WZ501,S7 Airlines,2024-06-12,04:25:09,288
S77471,S7 Airlines,2025-12-10,18:30:34,292
UT997,Red Wings,2024-03-03,23:06:14,1
FV3586,Utair,2024-03-27,00:48:06,117
N4837,Pobeda,2025-09-09,10:38:36,162
SU7933,Utair,2025-04-25,18:38:05,152
S76327,Nordwind,2024-01-16,11:07:29,227
UT8269,Nordwind,2025-02-14,22:53:17,299
DP4034,Nordwind,2024-08-12,12:59:51,125
SU8192,Aeroflot,2025-03-11,04:59:30,164
S74540,Ural Airlines,2024-06-27,18:26:24,39
U62247,Ural Airlines,2024-08-15,10:17:50,49
DP8168,S7 Airlines,2025-06-01,02:43:42,69
SU7194,Ural Airlines,2025-12-03,18:36:59,257
N45506,Utair,2024-09-16,10:32:55,65
WZ2802,Utair,2024-11-11,13:41:36,117
N44776,Pobeda,2024-01-06,13:43:45,42
UT7770,Ural Airlines,2024-07-01,06:50:54,17
WZ2094,Aeroflot,2025-08-09,13:56:23,42
WZ3476,Pobeda,2025-07-09,08:54:40,260
SU2323,Utair,2025-01-27,22:45:51,85
SU1525,Aeroflot,2025-03-05,09:13:34,222
U64305,Utair,2024-06-17,14:28:13,107
FV5423,Utair,2024-08-07,20:40:12,8
FV3845,Red Wings,2024-06-01,10:47:56,179
FV7257,S7 Airlines,2024-03-10,01:50:08,201
U62347,Aeroflot,2025-04-15,16:27:26,96
WZ8803,Ural Airlines,2024-03-10,04:10:28,120
U69568,Red Wings,2024-04-26,05:15:26,18
UT3881,Red Wings,2025-10-02,15:17:27,240
N4610,Ural Airlines,2025-04-04,19:01:39,109
U67410,S7 Airlines,2024-10-24,04:54:18,213
FV1748,Aeroflot,2024-11-11,19:15:57,83
S78754,Rossiya,2024-01-01,23:34:00,105
N48614,Utair,2024-07-25,17:00:39,268
SU5752,Pobeda,2025-09-27,15:19:28,295
U61731,Utair,2024-11-21,07:18:39,202
FV985,Ural Airlines,2025-11-12,19:21:58,110
FV8153,Aeroflot,2024-07-10,11:13:00,152
U65148,Red Wings,2025-07-01,08:55:51,54
UT7545,Utair,2025-03-08,12:31:33,173
UT1993,Red Wings,2024-10-20,19:01:54,242
UT5670,S7 Airlines,2025-10-03,16:07:39,29
U6506,Pobeda,2025-05-08,11:41:16,26
DP3286,Aeroflot,2024-01-02,20:40:32,117
WZ1801,Aeroflot,2025-05-19,08:19:39,87
SU7073,S7 Airlines,2025-02-01,21:03:36,145
U61193,Nordwind,2024-06-24,00:32:41,41
WZ7198,Ural Airlines,2024-10-18,07:04:56,158
UT8758,Nordwind,2025-08-20,22:04:58,157
WZ223,Nordwind,2024-11-04,13:20:38,235
WZ8233,Red Wings,2025-04-15,00:17:12,237
DP4358,Red Wings,2025-02-28,13:44:15,103
S71283,Aeroflot,2025-09-12,23:15:49,235
UT7735,S7 Airlines,2025-07-13,02:37:19,105
DP4599,Pobeda,2025-01-12,18:45:39,8
S71354,Aeroflot,2025-03-12,00:26:32,112
DP7810,S7 Airlines,2025-11-27,09:06:20,235
U6325,Ural Airlines,2024-01-02,18:54:58,163
WZ2092,Ural Airlines,2025-10-26,06:28:55,242
S75258,Pobeda,2024-06-10,16:59:02,29
SU7287,Pobeda,2025-10-04,18:14:30,234
SU3533,Aeroflot,2025-07-12,18:34:46,187
N41686,Utair,2025-07-27,18:23:56,36
SU3310,Rossiya,2025-08-21,00:24:49,131
DP6743,Ural Airlines,2025-10-20,22:08:55,26
UT7576,Red Wings,2025-01-26,07:24:55,42
SU3296,Ural Airlines,2024-12-10,21:36:09,59
WZ3500,Nordwind,2024-06-19,15:15:29,33
DP5977,S7 Airlines,2024-08-15,15:54:29,113
S75106,Pobeda,2024-04-24,09:16:03,253
WZ9511,S7 Airlines,2025-09-08,20:00:48,148
N42932,Ural Airlines,2024-08-13,03:13:34,230
S76890,Pobeda,2024-09-22,07:48:24,158
DP1043,Utair,2024-05-14,18:36:25,290
U63258,Red Wings,2024-06-01,23:53:41,11
DP8964,Nordwind,2024-01-22,06:22:24,256
WZ152,Red Wings,2024-06-12,23:53:52,177
WZ8649,Rossiya,2025-01-01,23:31:07,149
U68016,Nordwind,2025-03-09,04:38:50,125
DP5422,S7 Airlines,2024-03-24,10:10:54,151
S78071,Pobeda,2024-04-14,23:09:16,246
S73406,Utair,2024-06-11,11:26:00,80
WZ7794,Red Wings,2024-10-23,12:55:27,46
WZ9502,S7 Airlines,2025-02-12,00:04:30,232
S71997,Nordwind,2025-01-06,12:50:14,236
WZ6610,S7 Airlines,2025-12-18,14:39:13,230
DP3339,Ural Airlines,2025-06-12,20:16:11,212
SU6231,Red Wings,2024-01-12,09:58:34,51
WZ9070,Ural Airlines,2025-10-15,09:15:33,28
FV7674,Nordwind,2025-06-02,10:18:59,113
FV8260,Red Wings,2025-12-16,22:55:25,273
FV4408,Red Wings,2024-04-12,15:25:05,179
SU8805,S7 Airlines,2024-11-19,20:47:45,266
SU8822,Aeroflot,2025-08-28,01:10:50,103
S71034,Aeroflot,2024-12-12,05:11:23,118
SU3251,S7 Airlines,2024-02-25,16:39:42,130
DP5261,Ural Airlines,2024-03-10,11:12:46,252
UT580,Pobeda,2025-09-17,09:13:06,223
SU7966,Ural Airlines,2024-02-19,15:46:22,162
N49410,Pobeda,2024-01-22,03:05:58,32
S73136,Rossiya,2025-05-17,07:00:49,285
SU293,Rossiya,2024-08-22,03:18:50,137
S77820,Aeroflot,2024-11-21,01:51:14,1
WZ4229,Utair,2024-11-22,03:16:18,289
S75952,Red Wings,2025-09-01,08:34:52,266
SU6276,Ural Airlines,2024-10-10,14:24:50,115
SU425,Rossiya,2024-09-25,05:32:50,213
N4316,S7 Airlines,2024-08-02,18:04:39,278
UT5764,Pobeda,2024-06-16,02:53:29,231
UT2917,Utair,2025-06-05,07:35:19,13
N4318,Red Wings,2024-10-21,08:42:08,0
S74553,Rossiya,2024-01-15,10:48:01,99
FV8188,Nordwind,2025-03-27,09:24:33,154
N49092,Aeroflot,2025-09-20,07:01:35,25
SU6970,Pobeda,2025-07-20,07:29:19,136
U61442,Aeroflot,2024-10-19,19:14:35,297
SU1454,Utair,2025-01-25,03:14:31,182
FV7191,Rossiya,2024-04-09,08:28:11,92
U67920,Ural Airlines,2024-03-17,15:38:39,211
U67278,Aeroflot,2024-12-27,03:00:45,263
UT541,Aeroflot,2024-05-11,14:08:42,280
DP5528,Aeroflot,2025-02-27,20:32:17,29
DP4619,Aeroflot,2025-10-10,19:50:33,1
UT2917,Red Wings,2025-01-14,11:36:28,226
FV5228,S7 Airlines,2024-05-08,04:07:33,144
UT1808,Rossiya,2025-07-24,13:24:56,273
DP4082,Pobeda,2025-09-08,05:51:33,291
U63470,Red Wings,2025-01-07,15:02:14,293
WZ1047,Ural Airlines,2024-12-27,06:17:21,100
N44507,Nordwind,2025-06-16,15:13:19,76
SU7525,S7 Airlines,2025-01-07,17:26:29,153
N42732,Nordwind,2024-05-14,23:51:28,91
DP1526,Rossiya,2025-10-21,23:18:39,266
N4229,Rossiya,2025-12-10,00:32:29,78
FV1446,Pobeda,2024-09-09,15:19:08,41
N45574,Rossiya,2025-07-24,16:24:02,248
UT7651,S7 Airlines,2025-09-05,01:29:33,225
UT9982,Ural Airlines,2025-12-09,12:32:29,139
N46336,Red Wings,2025-12-17,06:03:52,289
DP8493,Aeroflot,2024-03-02,10:07:43,162
SU5396,Rossiya,2025-11-19,22:41:44,266
FV3485,S7 Airlines,2025-12-11,18:20:50,248
N42643,Pobeda,2025-05-07,09:00:21,297
UT690,S7 Airlines,2024-06-24,02:01:15,243
FV4741,Red Wings,2025-03-17,23:31:34,67
SU3006,Aeroflot,2025-04-15,12:47:47,112
N47100,Utair,2025-01-28,18:20:53,112
SU7138,S7 Airlines,2024-12-18,06:28:31,81
DP7340,Utair,2024-04-04,08:53:35,105
UT2861,Pobeda,2024-11-14,05:53:55,215
FV7171,Rossiya,2025-04-27,01:34:39,25
DP7606,Pobeda,2024-10-27,23:12:07,33
FV1484,Pobeda,2025-06-15,20:46:46,239
N44456,Red Wings,2024-05-04,00:36:06,212
FV761,Rossiya,2025-10-27,04:54:15,293
WZ1309,Ural Airlines,2024-01-06,14:13:59,86
WZ5391,Pobeda,2025-04-09,12:47:48,202
N43020,Pobeda,2025-06-19,11:38:57,86
WZ417,S7 Airlines,2025-07-04,19:55:15,56
FV7272,Aeroflot,2025-11-23,08:23:59,57
U68280,Pobeda,2025-03-05,06:58:42,87
FV5154,S7 Airlines,2024-12-22,16:26:08,281
SU4343,Red Wings,2025-07-07,12:42:50,8
S74552,Red Wings,2024-07-24,00:41:54,208
SU2655,Rossiya,2024-02-08,11:54:55,52
DP3665,Ural Airlines,2025-06-25,14:40:14,264
U67410,Pobeda,2025-06-25,08:17:15,6
S72143,Nordwind,2025-11-24,12:40:38,154
N4217,Ural Airlines,2025-12-04,09:35:15,193
UT3796,Ural Airlines,2025-01-19,18:46:40,257
SU8482,Utair,2025-02-12,22:28:40,132
S76088,Rossiya,2024-10-28,06:20:44,84
WZ8212,Utair,2025-02-07,01:20:55,88
U65495,Red Wings,2024-03-06,11:22:35,175
WZ7472,Pobeda,2025-08-14,01:39:29,172
N4524,Pobeda,2024-06-15,06:39:44,93
WZ708,Red Wings,2025-01-27,19:10:17,40
U64095,Ural Airlines,2024-07-08,19:38:35,21
N45589,S7 Airlines,2025-05-14,03:23:45,91
FV8965,Pobeda,2025-07-17,23:11:26,247
SU8603,Red Wings,2024-05-12,02:09:31,14
N49511,Rossiya,2024-02-14,19:02:22,117
SU1813,Utair,2024-08-20,00:04:15,11
WZ2716,Red Wings,2025-01-21,12:09:31,51
DP4283,Red Wings,2025-08-03,03:44:50,157
DP6305,Red Wings,2025-02-19,14:24:20,28
UT8116,Utair,2025-09-28,23:43:22,43
UT9460,Rossiya,2025-08-03,17:46:11,134
FV615,Aeroflot,2024-03-03,23:44:25,169
UT7719,S7 Airlines,2024-12-16,04:54:52,136
DP6396,Aeroflot,2025-07-16,14:13:19,215
SU5182,S7 Airlines,2025-04-28,16:32:48,217
FV1377,Nordwind,2025-10-27,14:17:02,291
U63230,Pobeda,2025-12-03,04:31:36,184
S77482,Aeroflot,2024-06-01,00:34:26,65
N42567,Red Wings,2024-09-20,11:33:55,4
U64219,Aeroflot,2025-01-10,10:28:35,118
DP8636,Red Wings,2025-09-16,11:53:04,41
UT8052,Rossiya,2025-10-07,22:18:43,44
U61449,Aeroflot,2024-10-02,09:19:54,56
FV5326,Nordwind,2024-08-10,15:42:08,159
S79913,Aeroflot,2024-07-09,00:09:58,5
UT1222,Aeroflot,2025-06-22,21:44:01,153
FV6150,Pobeda,2024-07-02,09:30:23,221
SU4802,Ural Airlines,2024-09-27,13:59:52,25
S74873,Nordwind,2024-12-26,18:15:19,202
S79864,Rossiya,2025-05-11,11:04:34,157
SU418,Rossiya,2025-09-28,03:29:13,259
N41325,Utair,2024-03-07,22:49:05,88
N45148,Pobeda,2024-02-13,10:20:08,115
UT1406,Pobeda,2024-01-28,00:15:54,16
WZ268,Rossiya,2024-01-12,09:59:54,110
U68877,Utair,2024-11-15,13:19:25,107
SU9549,Pobeda,2024-11-21,13:56:19,152
UT6186,Rossiya,2024-01-08,10:54:46,6
U69817,S7 Airlines,2024-02-28,23:56:42,187
U61271,Aeroflot,2024-07-04,06:15:47,207
S75540,S7 Airlines,2025-09-07,20:23:44,275
DP7260,S7 Airlines,2024-12-01,05:39:28,105
U69183,Nordwind,2024-07-27,23:43:01,0
WZ549,Pobeda,2025-05-23,08:29:42,91
U6172,Nordwind,2025-12-08,00:09:04,194
N49622,Utair,2025-12-20,12:03:13,117
U66548,Utair,2025-08-23,16:46:18,254
FV7349,Ural Airlines,2025-02-09,08:25:12,226
FV8649,S7 Airlines,2024-05-01,08:53:57,84
WZ7114,Pobeda,2025-10-01,09:35:15,4
S74020,Red Wings,2024-06-21,03:17:36,143
FV407,Nordwind,2024-08-26,09:18:58,114
UT1937,Aeroflot,2024-08-20,19:48:06,99
N4851,S7 Airlines,2025-06-20,20:36:08,89
SU6008,Aeroflot,2025-02-12,01:53:46,277
FV3430,S7 Airlines,2024-09-12,02:05:50,33
FV7963,Utair,2024-06-15,17:51:15,180
UT3981,S7 Airlines,2025-06-28,04:00:43,134
DP2336,Ural Airlines,2024-06-11,00:38:45,123
SU3638,Nordwind,2024-03-22,20:21:47,176
U62722,Pobeda,2025-11-13,18:51:10,252
U65218,Pobeda,2025-07-27,18:49:42,204
S77966,Utair,2024-05-28,11:06:43,113
UT9925,Utair,2024-11-12,13:40:29,146
S75539,Utair,2024-03-10,13:18:23,261
SU6209,Ural Airlines,2025-03-24,04:06:00,157
UT4260,S7 Airlines,2024-10-28,12:26:24,238
UT1926,Pobeda,2025-11-28,02:08:19,51
WZ8459,Nordwind,2024-07-12,03:42:08,175
UT2347,Aeroflot,2025-09-12,06:40:23,73
N43118,Ural Airlines,2025-11-21,22:06:11,270
FV6986,Utair,2025-09-18,03:38:58,62
UT4032,Rossiya,2025-01-10,08:44:01,247
FV3339,Aeroflot,2024-04-17,17:14:14,91
UT7544,Ural Airlines,2025-08-01,12:48:14,102
S72122,S7 Airlines,2024-06-24,09:54:57,249
S72275,Nordwind,2024-04-21,12:54:49,160
UT3350,Pobeda,2025-05-28,20:44:32,91
FV1329,Utair,2024-01-07,21:01:52,58
U62879,Utair,2024-09-14,08:23:35,147
N48218,S7 Airlines,2024-01-19,16:19:16,137
DP5737,Pobeda,2025-07-20,01:40:49,35
SU4546,S7 Airlines,2024-08-02,04:47:55,141
SU4582,Utair,2025-02-10,12:17:40,270
UT8452,Nordwind,2025-09-18,23:13:25,161
SU1436,Nordwind,2025-07-14,00:49:10,165
FV1596,Utair,2025-07-19,01:12:20,173
SU8927,Nordwind,2025-02-09,03:10:24,11
S7614,Utair,2025-11-14,15:19:05,16
N43828,Pobeda,2024-03-22,07:57:20,177
WZ8504,Rossiya,2024-11-04,21:10:05,139
SU5824,Pobeda,2025-12-02,07:59:39,23
S71128,Red Wings,2024-12-20,02:08:27,138
FV9956,Ural Airlines,2025-10-21,15:05:52,18
U65303,Pobeda,2024-12-01,00:33:49,194
WZ3999,Nordwind,2025-09-19,08:18:51,252
SU2994,Nordwind,2024-02-18,01:39:52,283
U69489,Nordwind,2025-05-12,19:42:28,82
DP2909,Aeroflot,2025-06-13,21:47:50,239
FV4961,Ural Airlines,2025-04-02,20:37:42,153
N48121,Ural Airlines,2024-11-28,23:12:06,257
SU9520,Ural Airlines,2025-11-21,11:34:06,202
S7889,Red Wings,2024-04-07,19:18:13,40
FV5762,Utair,2024-09-20,15:03:42,258
U6693,Rossiya,2024-07-05,09:19:20,62
U6352,Ural Airlines,2025-06-18,16:14:31,88
S75214,Aeroflot,2024-11-10,19:25:46,144
WZ3736,S7 Airlines,2025-03-02,16:09:25,154
FV2894,Utair,2024-12-06,13:39:22,22
U67676,Red Wings,2024-10-07,23:07:44,176
SU4714,S7 Airlines,2024-06-02,20:21:42,245
FV7058,Aeroflot,2024-06-18,04:27:15,213
DP4722,S7 Airlines,2025-12-19,14:46:12,188
U63020,Pobeda,2024-10-12,19:19:11,241
WZ4502,Aeroflot,2025-08-25,14:34:37,73
SU9342,Nordwind,2024-12-13,09:38:16,219
N43973,Nordwind,2025-12-13,20:32:38,205
UT9688,Rossiya,2025-02-23,20:53:07,46
U63512,S7 Airlines,2025-04-25,20:07:17,25
S72485,S7 Airlines,2024-02-12,15:04:54,297
WZ6567,Aeroflot,2024-05-09,01:02:00,235
FV104,Rossiya,2025-02-04,16:46:23,75
S74088,Red Wings,2024-06-04,12:29:11,225
FV7588,Pobeda,2024-11-15,06:37:06,78
N4301,Rossiya,2024-12-04,16:44:53,47
WZ8114,Nordwind,2025-05-10,09:38:58,129
S78566,Utair,2025-02-01,03:11:56,15
SU1490,Rossiya,2025-09-11,12:33:46,49
SU3602,Aeroflot,2024-10-19,06:49:31,171
U65756,Nordwind,2024-12-03,22:24:30,212
FV6785,Ural Airlines,2024-11-26,16:05:32,27
N48054,Utair,2025-04-15,17:59:39,36
N46616,Pobeda,2025-03-19,14:54:44,278
UT1686,Pobeda,2025-12-04,19:22:54,23
SU6817,S7 Airlines,2025-11-07,22:03:35,105
SU9202,Aeroflot,2024-10-28,00:01:15,259
U68605,Utair,2024-10-08,10:40:55,7
DP3940,Pobeda,2024-12-02,00:13:02,168
SU4827,Red Wings,2024-03-12,09:22:16,40
UT918,S7 Airlines,2025-07-06,08:29:05,129
UT4491,Red Wings,2024-06-21,00:31:05,298
WZ3085,Pobeda,2025-06-13,02:07:21,289
SU1527,Utair,2025-07-01,13:55:57,199
U63574,Aeroflot,2025-05-05,00:19:00,297
FV6751,Red Wings,2024-05-21,11:08:37,218
DP2806,Red Wings,2024-12-15,13:43:06,62
WZ1014,Pobeda,2025-12-23,05:35:03,77
DP6472,Utair,2025-01-05,08:40:03,114
N47459,Rossiya,2024-02-15,00:16:04,154
N46037,Ural Airlines,2024-07-05,22:36:31,175
DP710,Nordwind,2024-01-05,10:55:22,120
U6605,Nordwind,2024-02-23,20:38:26,211
S76299,Pobeda,2024-06-01,19:21:47,192
U62111,Aeroflot,2025-02-15,04:15:16,180
FV3783,Utair,2024-04-13,23:23:32,186
S77305,Utair,2024-05-26,02:45:11,113
N47419,Nordwind,2025-10-16,02:49:38,283
UT408,Nordwind,2025-12-17,22:52:28,85
SU2049,Ural Airlines,2024-02-05,04:52:14,177
DP6045,Nordwind,2025-01-22,23:43:58,105
SU3919,Red Wings,2025-02-10,04:02:32,131
SU7509,Utair,2025-02-12,14:35:40,14
N48829,Utair,2025-02-12,19:52:29,249
DP1009,Utair,2024-02-10,18:48:42,179
N42006,Rossiya,2025-04-07,11:25:15,173
DP7916,Nordwind,2024-12-13,04:12:45,246
DP1069,Nordwind,2025-05-22,23:36:58,191
N45494,Red Wings,2024-09-10,02:31:20,85
S77138,Pobeda,2024-04-24,12:35:01,50
SU4961,S7 Airlines,2025-11-15,12:23:06,255
S7560,S7 Airlines,2024-01-19,12:14:29,183
WZ4253,Nordwind,2025-10-03,04:34:38,123
N42507,Rossiya,2025-11-14,12:52:55,146
S72358,S7 Airlines,2025-11-13,22:14:47,276
N43632,Utair,2025-07-24,17:14:17,292
N41432,Pobeda,2025-03-24,08:53:48,251
N41169,S7 Airlines,2024-10-09,19:47:01,51
FV762,Rossiya,2024-07-16,09:24:06,186
FV8226,S7 Airlines,2024-02-24,19:02:14,132
N48855,S7 Airlines,2025-05-08,21:46:17,182
FV3012,Aeroflot,2024-12-28,00:21:37,260
WZ8169,Pobeda,2025-06-14,18:39:51,250
U65008,S7 Airlines,2024-10-07,22:42:12,243
DP696,Utair,2025-01-03,00:50:59,46
N46717,Red Wings,2024-11-14,15:47:47,167
N41755,Utair,2024-09-05,21:52:51,229
SU7427,S7 Airlines,2024-06-23,05:10:29,285
WZ6290,Red Wings,2025-07-09,17:54:56,106
N46923,Ural Airlines,2025-11-08,10:09:36,275
U64590,S7 Airlines,2024-04-08,05:51:09,40
N42662,Pobeda,2024-03-09,04:02:55,129
DP9898,S7 Airlines,2024-05-21,17:19:47,295
FV5359,S7 Airlines,2025-05-05,09:14:47,154
UT2621,S7 Airlines,2024-02-02,12:50:47,267
N49749,Red Wings,2025-01-06,14:03:43,102
U61857,Red Wings,2025-01-20,18:29:24,284
WZ4728,S7 Airlines,2024-01-04,09:38:04,217
N46191,Utair,2024-01-26,18:04:10,65
U62153,Rossiya,2025-12-07,02:41:39,221
N41643,Pobeda,2024-02-28,06:02:19,257
S78688,Nordwind,2025-03-17,05:55:24,146
FV185,Nordwind,2024-03-03,06:35:45,144
DP1427,Pobeda,2025-06-24,11:40:53,238
FV5520,S7 Airlines,2025-07-11,13:04:39,251
S79185,S7 Airlines,2025-11-04,22:48:16,58
S79981,Ural Airlines,2024-03-18,07:46:46,43
UT6852,Ural Airlines,2025-09-27,09:39:09,297
U68816,Utair,2025-09-27,10:53:21,27
UT9570,Ural Airlines,2024-12-18,13:24:25,0
DP9227,Aeroflot,2025-04-24,22:52:54,173
S77036,Aeroflot,2025-05-14,20:50:10,120
SU9008,S7 Airlines,2024-12-20,13:20:54,86
FV9086,Red Wings,2024-01-13,10:22:22,187
S72951,Red Wings,2025-09-06,08:18:09,8
SU4361,Nordwind,2025-09-07,19:05:33,194
S79834,Aeroflot,2024-09-16,07:09:46,132
S76732,Ural Airlines,2024-01-19,11:36:49,237
N43387,Aeroflot,2024-12-27,08:06:39,21
DP9401,Aeroflot,2024-11-10,15:45:08,230
FV322,Pobeda,2024-05-21,18:37:00,214
N46216,Ural Airlines,2024-06-07,12:06:19,226
S74630,Ural Airlines,2025-12-09,17:20:37,183
S78035,Ural Airlines,2024-07-21,09:34:21,201
WZ973,S7 Airlines,2025-09-03,23:25:32,140
UT6486,Rossiya,2025-09-13,14:24:48,194
S79645,Pobeda,2025-10-01,11:58:03,297
WZ1914,Red Wings,2025-03-18,21:26:39,298
N44660,Ural Airlines,2024-01-19,14:18:43,263
S7814,Aeroflot,2025-10-23,12:55:53,39
SU2820,Nordwind,2025-01-22,15:11:04,231
S74001,Pobeda,2024-10-08,22:50:31,148
WZ7329,Ural Airlines,2024-02-16,21:22:34,56
WZ2589,Rossiya,2025-01-06,18:11:04,263
UT6133,Rossiya,2024-02-10,22:20:28,194
FV4949,Rossiya,2025-02-19,06:10:18,178
FV9934,S7 Airlines,2024-04-15,04:43:34,50
FV3630,Ural Airlines,2025-06-23,06:27:51,243
S78008,Ural Airlines,2025-10-24,11:33:19,60
WZ9273,Ural Airlines,2025-08-04,04:31:26,72
UT3406,Utair,2024-01-13,02:49:18,189
U65706,Pobeda,2025-07-26,09:32:06,112
SU2389,Ural Airlines,2025-09-15,19:11:47,260
U63327,Ural Airlines,2025-04-10,16:20:28,116
SU5213,Ural Airlines,2025-09-28,03:26:58,227
SU4385,Red Wings,2024-11-14,21:04:21,122
SU2026,Rossiya,2025-03-23,20:55:41,154
SU5781,Rossiya,2024-08-15,16:44:29,24
N43929,S7 Airlines,2024-04-20,11:06:43,135
U61676,Ural Airlines,2024-07-05,09:26:49,117
WZ6484,Ural Airlines,2024-03-23,06:58:27,212
U6447,Aeroflot,2025-03-17,21:59:12,283
SU3096,Pobeda,2025-07-08,06:57:14,283
WZ4723,Nordwind,2024-02-12,17:38:37,80
SU5919,S7 Airlines,2024-07-08,17:42:25,153
N47602,Aeroflot,2024-02-06,12:23:34,257
UT9924,Ural Airlines,2025-07-18,23:37:43,173
N48203,Ural Airlines,2025-05-02,09:59:42,232
WZ6617,Nordwind,2024-02-22,20:16:17,78
N43491,Utair,2025-11-11,16:39:48,72
SU5264,Utair,2025-09-16,16:14:59,106
N46294,Utair,2024-05-04,20:19:55,259
DP2734,Ural Airlines,2025-03-05,20:01:43,178
FV8710,Aeroflot,2025-08-03,16:30:57,251
U69032,Rossiya,2024-11-01,23:18:25,118
UT2826,Pobeda,2024-08-15,00:52:06,281
U63827,Red Wings,2024-10-05,22:14:35,150
DP9361,Red Wings,2024-11-08,20:45:22,13
U6437,Red Wings,2025-08-12,14:25:40,81
UT5419,Nordwind,2025-05-12,12:56:10,81
WZ106,Aeroflot,2025-07-22,02:44:19,182
U62859,Rossiya,2025-02-23,04:43:59,14
DP3799,Ural Airlines,2024-08-28,09:39:17,272
UT7401,Pobeda,2024-05-19,07:03:25,291
WZ3905,Ural Airlines,2025-02-06,19:28:17,182
N4352,Ural Airlines,2024-09-02,11:49:33,215
SU9352,S7 Airlines,2024-04-12,23:01:18,50
WZ5725,Rossiya,2025-12-19,15:56:26,276
UT9816,Nordwind,2024-02-08,18:24:13,78
WZ4148,Aeroflot,2024-02-22,17:52:45,291
N46507,Rossiya,2025-04-22,23:17:43,179
WZ3760,Utair,2025-11-18,03:57:42,46
N41241,Nordwind,2025-08-17,06:36:26,200
FV6831,Red Wings,2024-12-20,16:36:45,96
WZ6714,Red Wings,2025-12-22,16:09:45,252
U62973,Red Wings,2024-10-07,05:32:46,174
SU2043,Pobeda,2025-06-09,13:14:13,147
N49665,Ural Airlines,2025-11-10,12:52:10,104
UT2793,Ural Airlines,2024-10-26,09:26:58,85
UT4762,S7 Airlines,2025-05-14,10:14:39,234
SU5639,S7 Airlines,2025-05-28,14:47:54,139
N44384,Pobeda,2025-01-15,14:13:40,227
N42746,S7 Airlines,2025-03-24,02:59:09,45
DP8389,Utair,2024-05-14,05:32:30,135
UT4547,Pobeda,2024-03-17,23:02:52,248
FV2646,Rossiya,2024-04-04,16:54:21,141
UT5033,Pobeda,2025-10-07,07:34:06,72
U61168,Ural Airlines,2024-07-04,22:10:49,174
FV831,Nordwind,2025-11-07,02:24:46,223
FV7062,Nordwind,2025-02-24,00:42:03,135
N49398,S7 Airlines,2025-01-01,07:46:26,189
UT3633,Nordwind,2025-03-24,14:14:18,248
S76759,Red Wings,2024-10-14,05:27:08,112
UT4028,Ural Airlines,2025-02-26,12:14:40,193
DP2455,Aeroflot,2025-08-12,05:55:33,70
U62218,Pobeda,2024-12-17,03:32:25,169
N43612,Nordwind,2025-02-24,02:21:48,84
N46087,Aeroflot,2024-10-10,11:34:26,24
N41881,Pobeda,2024-12-19,10:49:56,110
N4277,Red Wings,2025-01-12,17:37:17,76
DP1666,Utair,2024-10-20,11:38:46,176
WZ9154,S7 Airlines,2024-11-09,17:47:29,117
U62278,S7 Airlines,2024-01-21,11:05:14,125
S76244,Pobeda,2024-02-02,03:27:18,156
UT9480,Red Wings,2025-07-26,01:37:25,204
WZ6656,Utair,2024-05-20,08:10:40,181
WZ4604,Rossiya,2025-06-12,06:34:15,264
SU3950,Red Wings,2024-06-02,18:30:43,263
SU4539,Nordwind,2024-05-09,14:00:57,255
DP8865,Utair,2025-04-28,14:56:39,276
U69707,Ural Airlines,2024-06-08,13:27:43,217
WZ1831,Red Wings,2025-11-03,08:50:07,48
DP9449,Nordwind,2024-05-16,02:44:45,252
U64468,Rossiya,2024-06-02,19:38:18,160
S72150,Nordwind,2024-02-28,22:34:54,16
DP4282,Aeroflot,2024-10-09,09:22:54,167
SU2376,Red Wings,2024-01-24,23:24:34,68
N44025,Rossiya,2024-06-02,10:34:27,279
UT8385,Utair,2025-05-13,01:11:13,49
WZ5474,Red Wings,2025-05-01,00:53:40,166
DP3443,Red Wings,2025-07-22,17:42:21,101
WZ5726,Pobeda,2025-02-13,03:47:33,65
S73887,Aeroflot,2025-07-28,16:11:40,127
S78978,Red Wings,2025-02-18,10:49:04,151
SU8050,S7 Airlines,2025-10-10,01:47:39,190
S76695,Rossiya,2024-09-02,21:06:33,256
WZ9333,Red Wings,2025-06-26,10:05:02,93
DP9727,Pobeda,2024-06-10,21:23:24,171
FV7783,Rossiya,2025-07-24,00:24:26,13
WZ3759,Red Wings,2025-10-28,20:49:33,197
UT6940,Nordwind,2024-12-23,17:08:35,155
SU5977,Rossiya,2024-12-16,04:42:20,195
SU1648,Red Wings,2025-05-23,15:08:13,190
DP3044,Red Wings,2024-06-13,09:54:40,208
SU6715,Aeroflot,2024-12-15,23:57:02,78
UT8415,S7 Airlines,2025-10-01,08:34:25,273
DP1541,Rossiya,2024-12-07,23:33:53,82
N4455,Utair,2025-05-07,04:20:46,189
N47730,Rossiya,2024-07-25,04:25:38,101
UT1063,Nordwind,2025-10-11,16:49:21,57
SU7630,Rossiya,2025-02-12,20:23:58,122
FV8570,Pobeda,2025-05-21,16:47:32,226
U61004,S7 Airlines,2025-01-24,11:43:17,286
WZ2178,Utair,2025-12-21,06:53:25,147
WZ130,Red Wings,2025-12-14,09:35:41,245
SU8694,Rossiya,2024-04-02,02:27:04,79
S79611,Pobeda,2024-12-11,21:07:56,260
WZ9045,Ural Airlines,2025-11-13,09:29:14,269
S77041,Aeroflot,2024-06-20,10:27:25,220
N42797,Pobeda,2025-08-18,10:09:27,29
WZ5560,Rossiya,2025-09-18,02:25:52,275
N45572,Red Wings,2024-03-19,00:29:07,244
UT5654,Rossiya,2024-02-16,23:57:04,38
FV7198,Red Wings,2025-06-09,15:22:31,121
U67440,Ural Airlines,2025-02-08,23:57:16,102
N45526,Utair,2024-11-28,13:51:39,188
WZ5979,Rossiya,2024-12-02,10:35:15,152
DP7006,Aeroflot,2025-06-17,16:49:17,1
SU9068,Red Wings,2025-04-11,03:44:59,206
S72458,Rossiya,2024-03-13,18:16:18,261
WZ6280,Utair,2025-08-11,04:04:43,246
S79738,Red Wings,2025-05-03,08:34:16,84
UT6761,S7 Airlines,2025-11-21,19:18:25,288
S72812,Utair,2025-02-15,19:48:06,36
FV8057,Aeroflot,2025-04-23,18:03:21,247
SU4188,Pobeda,2025-08-18,09:08:19,212
UT1169,S7 Airlines,2025-10-12,17:53:36,45
WZ3379,Pobeda,2024-12-04,02:17:44,68
SU6132,S7 Airlines,2025-05-19,01:14:33,141
SU1576,Nordwind,2025-03-05,15:17:21,234
UT9393,S7 Airlines,2025-10-27,14:14:11,70
N42779,Utair,2025-11-16,14:57:39,269
WZ8939,S7 Airlines,2025-11-10,18:44:20,300
FV5052,Rossiya,2024-11-22,04:48:33,143
U65226,Nordwind,2024-09-21,17:56:58,172
U62750,Ural Airlines,2025-04-11,09:54:56,182
WZ1063,Pobeda,2024-04-19,16:09:37,45
S79154,Red Wings,2025-09-19,14:44:49,8
UT1186,Pobeda,2025-11-05,18:28:17,68
SU8144,Utair,2025-04-21,06:08:04,180
SU499,Aeroflot,2024-10-08,23:55:37,173
SU4271,Aeroflot,2024-12-02,08:34:18,176
U64416,S7 Airlines,2025-11-23,15:53:46,142
S79027,Pobeda,2024-02-24,22:23:34,216
S73062,Rossiya,2024-01-11,10:54:35,69
DP5087,Rossiya,2024-06-26,21:57:35,218
U67723,Red Wings,2025-10-16,20:00:23,231
WZ7753,Aeroflot,2025-05-09,11:17:24,233
WZ8728,Pobeda,2024-10-14,00:00:11,152
WZ947,Rossiya,2024-03-17,22:36:38,171
SU6619,Rossiya,2025-04-16,11:41:32,39
FV8217,Ural Airlines,2025-09-27,21:08:31,193
S75336,Red Wings,2025-02-09,03:09:54,223
S79702,Pobeda,2025-04-03,22:32:44,279
U65596,Utair,2024-02-25,20:09:57,275
S78593,Ural Airlines,2025-12-15,20:56:55,211
UT9477,Ural Airlines,2024-07-24,16:01:22,143
DP9893,Utair,2024-01-21,18:26:59,65
DP6293,Aeroflot,2024-09-23,18:07:32,208
WZ1410,Nordwind,2024-06-07,14:17:20,39
UT3282,Rossiya,2024-01-27,12:37:22,105
N44344,Utair,2025-03-27,21:29:34,252
N43615,Nordwind,2024-06-10,11:27:33,156
UT7264,Ural Airlines,2024-04-24,20:10:51,60
N43654,Nordwind,2024-10-28,01:17:01,164
WZ1043,Pobeda,2025-11-20,17:35:40,231
N46902,Nordwind,2024-05-13,02:07:41,236
DP926,Utair,2025-12-15,04:01:29,162
DP5341,Aeroflot,2025-01-03,13:19:22,14
WZ3194,Red Wings,2025-07-13,10:48:17,240
FV5462,Nordwind,2025-09-23,01:03:43,8
SU9028,Ural Airlines,2024-12-06,22:06:47,284
S71707,Pobeda,2025-01-22,01:20:29,270
FV6208,Red Wings,2025-08-09,19:42:35,293
N43849,Utair,2024-11-19,18:57:01,124
DP5471,S7 Airlines,2025-05-08,23:39:00,168
SU7261,S7 Airlines,2024-01-10,11:46:37,4
N47300,Red Wings,2024-02-08,15:41:57,29
S74901,Aeroflot,2025-03-21,23:45:13,189
S76816,Nordwind,2025-07-20,09:43:59,250
S7984,Rossiya,2025-09-11,23:47:06,17
FV2262,Utair,2025-06-14,07:03:53,201
FV8711,Rossiya,2024-09-16,22:32:15,29
U65099,Rossiya,2024-11-22,10:22:36,189
FV2217,Utair,2024-05-11,00:27:41,115
FV9561,Red Wings,2024-06-05,17:37:06,75
S77243,Rossiya,2024-01-11,07:02:39,39
U65754,Aeroflot,2025-10-21,12:04:37,216
FV1354,Nordwind,2025-01-16,22:00:59,241
DP3682,Ural Airlines,2024-01-27,18:15:00,181
UT9120,Utair,2025-12-01,06:07:37,92
WZ6523,Aeroflot,2024-09-01,02:10:04,133
WZ4595,Aeroflot,2025-04-12,06:49:03,64
DP7510,Red Wings,2025-03-14,22:14:23,250
U64278,Ural Airlines,2024-03-18,20:05:45,16
DP9166,Red Wings,2025-09-21,00:10:43,188
SU3327,Rossiya,2025-11-12,09:55:28,264
U65495,Utair,2025-12-24,04:17:47,101
WZ1144,Pobeda,2025-11-27,01:49:07,293
DP9782,Pobeda,2025-03-08,23:01:26,205
U67660,Aeroflot,2025-08-14,14:57:14,183
SU9528,Pobeda,2024-05-26,18:45:55,179
DP569,Aeroflot,2025-07-02,18:17:30,273
U67133,Red Wings,2025-02-13,22:32:20,271
N45106,Pobeda,2025-12-10,01:37:56,121
WZ7526,Rossiya,2025-08-20,07:03:29,13
WZ5341,Nordwind,2024-11-11,10:24:00,175
SU4037,Ural Airlines,2024-01-08,08:09:44,212
N48001,Pobeda,2025-09-25,16:03:33,185
S74948,Aeroflot,2025-03-14,04:02:37,247
U66809,Ural Airlines,2024-02-02,17:12:12,162
FV2421,Nordwind,2024-07-09,09:38:57,20
WZ4863,Red Wings,2024-06-24,22:00:53,134
N42068,Utair,2025-12-14,07:09:08,278
DP7131,Rossiya,2024-05-21,10:31:22,300
WZ6603,Ural Airlines,2024-08-22,20:39:30,30
N42491,Utair,2025-09-24,03:36:30,35
N47715,Ural Airlines,2025-08-20,15:13:40,294
UT9195,Ural Airlines,2024-10-12,22:05:51,5
SU6450,Aeroflot,2025-08-12,21:52:19,227
U68568,Rossiya,2024-07-18,16:16:24,111
FV4408,S7 Airlines,2025-06-18,22:50:28,187
SU639,Rossiya,2025-10-08,07:13:40,3
WZ2223,S7 Airlines,2024-07-13,22:56:35,250
N41854,Ural Airlines,2025-01-21,15:58:57,151
SU4856,S7 Airlines,2025-04-13,14:25:14,118
SU7935,Aeroflot,2024-10-24,03:09:38,106
WZ6273,Aeroflot,2025-08-26,10:43:15,273
U66075,Rossiya,2025-02-09,22:38:34,31
U61881,Pobeda,2024-02-22,23:46:52,266
N4639,Pobeda,2024-05-17,16:09:47,253
S77842,Pobeda,2024-02-23,14:32:06,113
DP4997,S7 Airlines,2025-06-03,11:46:43,81
UT5522,Pobeda,2024-01-03,07:19:59,74
DP4500,Ural Airlines,2024-01-21,19:03:28,299
DP4582,Aeroflot,2024-12-26,16:59:04,30
U63954,Nordwind,2025-11-24,16:19:18,34
WZ2935,Rossiya,2025-04-12,13:02:22,296
U68012,Aeroflot,2024-06-17,11:19:24,70
SU3021,Red Wings,2024-04-28,11:03:11,165
S78059,S7 Airlines,2024-03-03,08:17:55,191
N49972,Nordwind,2024-09-08,05:02:01,96
N45568,Ural Airlines,2024-09-17,00:49:25,169
FV1214,Utair,2025-11-11,01:35:56,104
SU5046,S7 Airlines,2024-05-04,17:20:16,41
DP485,Ural Airlines,2025-12-24,06:35:07,242
SU4787,Pobeda,2024-03-06,12:39:34,283
SU4770,Aeroflot,2025-08-04,05:57:35,75
FV5355,Nordwind,2024-09-02,21:01:29,252
DP6457,Aeroflot,2024-04-05,14:34:55,73
U68672,Utair,2025-06-26,06:08:23,171
DP2520,Aeroflot,2025-08-20,18:55:04,22
DP8953,S7 Airlines,2025-09-23,20:58:47,210
WZ5958,Nordwind,2024-03-21,09:07:47,276
S72148,Ural Airlines,2024-02-04,11:56:51,44
U61860,Aeroflot,2024-01-26,04:47:21,59
FV3713,Red Wings,2024-09-15,18:01:32,207
WZ8878,Nordwind,2025-09-13,13:49:52,288
N43588,Pobeda,2025-10-09,17:03:50,3
FV1015,S7 Airlines,2025-04-07,09:14:41,114
DP537,Rossiya,2025-03-27,00:20:13,283
UT4488,Aeroflot,2024-04-23,22:11:12,43
N43888,Rossiya,2024-01-13,17:31:36,135
SU5170,Red Wings,2025-05-12,01:09:45,255
DP5564,Rossiya,2024-02-19,07:55:07,90
S77093,Nordwind,2025-01-02,06:07:05,228
N48994,Red Wings,2024-08-11,21:43:36,254
DP4572,Red Wings,2025-07-04,16:38:29,22
S71818,Red Wings,2024-07-06,08:01:04,41
FV3051,S7 Airlines,2025-03-03,04:15:19,109
N42294,Ural Airlines,2024-04-16,13:40:04,263
U65380,Red Wings,2025-06-21,06:27:36,264
SU2294,Utair,2025-03-16,00:28:37,142
WZ6582,Pobeda,2025-05-10,00:20:03,29
S75522,Utair,2024-12-05,16:10:45,261
SU1071,Utair,2024-09-06,02:27:49,157
N4786,Ural Airlines,2025-07-03,01:18:54,260
S78077,Aeroflot,2025-07-08,14:38:32,138
SU8780,Ural Airlines,2024-06-28,14:47:52,59
U64288,Nordwind,2025-03-15,13:39:15,64
U68366,Utair,2025-08-09,13:55:55,291
DP3304,Rossiya,2024-02-06,10:24:01,120
U65431,Nordwind,2024-07-06,04:44:12,152
U67725,Utair,2024-01-07,17:27:19,172
U68564,Red Wings,2024-05-24,23:40:40,15
DP5529,Nordwind,2024-11-04,16:58:48,85
U69107,Nordwind,2024-03-21,02:30:36,164
S77740,S7 Airlines,2025-08-14,03:33:43,238
WZ3071,Pobeda,2025-01-04,14:37:28,46
WZ5622,Nordwind,2024-04-14,10:27:10,223
FV8384,S7 Airlines,2025-06-04,10:46:53,130
WZ2634,Pobeda,2024-01-10,18:52:55,253
N45057,Red Wings,2024-12-05,21:10:25,214
N48475,S7 Airlines,2024-12-04,12:48:44,179
FV7665,Nordwind,2024-10-07,22:14:36,283
UT1054,Ural Airlines,2025-12-04,10:58:25,120
U63301,Red Wings,2024-04-28,20:31:42,121
N42190,Nordwind,2025-04-26,07:02:54,82
UT6495,Red Wings,2024-02-06,16:10:44,286
S71388,Aeroflot,2025-01-14,15:31:22,287
SU1724,S7 Airlines,2025-02-22,20:35:49,180
S77659,Red Wings,2024-07-11,07:34:20,108
UT9168,Red Wings,2025-08-04,02:03:12,289
N49374,Utair,2025-02-04,16:30:15,148
DP8496,Red Wings,2024-08-14,11:09:35,72
DP3769,Aeroflot,2025-04-20,15:52:03,206
DP6156,Rossiya,2025-02-23,19:44:51,138
U6600,Ural Airlines,2024-06-09,13:07:36,45
WZ8817,Pobeda,2024-12-10,23:16:03,115
FV2888,Utair,2025-04-20,14:56:32,236
FV9826,Pobeda,2024-05-08,19:16:02,297
N43659,Aeroflot,2025-02-28,07:28:10,217
S79349,Nordwind,2025-08-10,12:05:46,26
WZ5453,Pobeda,2024-09-04,07:45:06,215
UT9460,Rossiya,2025-05-01,19:12:32,137
N45481,S7 Airlines,2024-04-15,00:51:36,81
DP2557,Utair,2024-03-09,15:24:08,129
FV7588,S7 Airlines,2024-05-06,08:14:10,236
SU2233,Rossiya,2025-08-02,05:00:41,253
S76974,Ural Airlines,2024-11-22,13:56:26,287
N43642,Aeroflot,2025-03-07,15:37:05,108
S79863,Nordwind,2025-12-27,16:12:43,218
WZ3000,Rossiya,2024-07-18,05:01:38,257
SU9915,Utair,2024-03-20,04:27:48,37
N43395,Nordwind,2025-07-11,12:28:39,104
DP3773,Aeroflot,2024-12-08,03:28:24,155
SU8247,S7 Airlines,2025-05-24,22:04:54,171
SU4486,Rossiya,2024-07-14,06:30:33,159
UT8569,S7 Airlines,2025-09-16,04:20:48,275
N44355,Utair,2025-06-16,22:42:55,259
U68848,S7 Airlines,2024-07-20,17:50:55,196
FV5862,Aeroflot,2024-06-01,20:19:54,284
SU5794,Aeroflot,2024-10-17,13:56:13,224
S72219,Rossiya,2024-06-01,13:17:44,299
UT3168,Aeroflot,2024-12-28,03:34:46,23
WZ436,Rossiya,2025-12-23,11:15:01,101
DP556,Nordwind,2025-06-18,07:37:11,49
FV1938,Nordwind,2025-10-18,21:22:22,170
FV5923,Red Wings,2024-04-07,00:23:59,42
UT4804,Nordwind,2024-08-10,18:52:43,243
FV9930,Nordwind,2025-06-03,15:42:09,66
S7841,Utair,2025-12-23,12:44:12,80
UT6491,S7 Airlines,2024-10-18,23:41:46,220
DP4880,Utair,2025-05-18,13:18:49,192
U64853,Nordwind,2024-02-27,08:17:30,85
DP8556,Rossiya,2025-05-21,17:52:13,131
DP2065,Pobeda,2024-10-03,07:10:51,152
FV8820,Utair,2024-09-13,21:25:42,207
UT7912,Nordwind,2024-05-27,07:01:39,156
SU976,S7 Airlines,2025-08-13,11:09:41,50
DP3163,Pobeda,2024-01-07,04:20:20,110
FV8932,Aeroflot,2024-05-18,09:56:31,25
WZ7375,Utair,2024-02-02,17:49:40,193
SU3786,Utair,2025-08-13,04:50:59,99
S78715,S7 Airlines,2025-01-22,23:36:57,256
SU8812,Rossiya,2025-05-21,03:05:40,203
UT4116,Aeroflot,2025-03-24,21:38:50,141
N46557,Nordwind,2025-05-15,06:25:50,294
DP5501,Rossiya,2024-07-12,13:46:41,213
S77293,Red Wings,2025-07-08,15:46:59,237
S74770,Rossiya,2024-11-02,23:34:38,153
UT3843,Ural Airlines,2025-10-15,03:35:03,116
WZ4363,Aeroflot,2024-10-20,01:16:28,40
S73477,Rossiya,2025-08-15,07:17:13,295
N48771,Utair,2024-04-28,02:18:13,191
DP2186,Pobeda,2024-12-16,02:39:03,14
U65105,Utair,2025-03-16,12:04:30,217
U66557,Utair,2025-02-02,01:46:08,105
UT9867,Ural Airlines,2025-07-03,16:13:37,77
U69777,S7 Airlines,2024-05-04,14:35:28,121
DP808,Rossiya,2025-03-19,00:56:41,240
N44450,Ural Airlines,2024-03-24,22:22:09,39
FV5125,Aeroflot,2025-07-10,09:16:34,109
SU7243,Utair,2024-10-22,15:16:33,98
S73757,Nordwind,2024-09-17,14:37:03,54
SU8584,Red Wings,2024-09-02,04:59:25,231
N45566,Nordwind,2025-04-25,13:18:31,188
UT3153,Red Wings,2024-12-16,09:18:30,130
WZ8384,S7 Airlines,2025-03-24,04:30:25,205
SU5057,Aeroflot,2024-07-16,17:36:03,15
N43009,Aeroflot,2024-05-03,03:17:18,250
WZ4481,S7 Airlines,2024-09-27,02:29:07,254
N45066,Ural Airlines,2024-09-11,00:22:52,110
S7884,Ural Airlines,2025-05-27,11:03:51,162
DP416,Red Wings,2025-03-22,22:54:40,93
FV8533,Pobeda,2024-09-28,01:07:22,218
UT4493,Pobeda,2024-01-27,22:05:44,227
DP1336,Red Wings,2025-03-02,09:40:21,5
N45131,Ural Airlines,2025-08-20,07:04:13,197
U6391,Ural Airlines,2024-12-12,22:04:55,78
DP571,S7 Airlines,2025-03-25,20:29:20,3
FV587,Pobeda,2025-03-21,09:22:07,42
UT2185,Red Wings,2024-06-11,19:52:36,238
S7698,Nordwind,2025-12-04,15:40:37,190
WZ4344,Red Wings,2024-09-11,14:41:10,1
UT5957,Red Wings,2024-04-24,23:25:57,248
FV8117,Pobeda,2024-07-06,13:18:18,220
WZ3473,Ural Airlines,2025-04-24,17:15:35,245
SU6808,Rossiya,2025-07-21,17:36:41,169
S71140,Pobeda,2025-02-03,01:21:39,145
SU9174,S7 Airlines,2025-04-11,06:19:33,267
U62596,Nordwind,2025-05-20,05:33:49,150
SU9238,Ural Airlines,2025-06-02,03:15:43,26
DP5588,Nordwind,2025-07-09,07:52:33,88
U67562,Nordwind,2025-10-17,10:38:03,102
U61088,Utair,2025-04-07,10:11:02,146
DP2581,Red Wings,2024-08-04,03:54:28,90
UT4415,Nordwind,2025-06-10,01:41:34,148
FV3286,Nordwind,2025-01-02,02:20:00,190
U69291,Utair,2024-06-08,21:06:06,55
S71798,Red Wings,2025-10-15,02:15:33,243
N41203,Rossiya,2024-03-19,01:27:18,232
WZ1629,Ural Airlines,2025-04-14,23:29:45,127
N43375,Rossiya,2024-04-12,05:23:29,169
N4193,Rossiya,2025-02-21,21:39:40,210
SU9754,Utair,2025-12-12,04:56:29,47
S76694,Aeroflot,2025-06-28,22:51:29,106
S77563,Nordwind,2025-06-04,15:25:01,281
UT9334,Utair,2024-07-26,07:01:12,59
FV6087,Ural Airlines,2024-03-03,19:32:39,66
WZ9183,Aeroflot,2025-02-08,00:23:35,109
UT2135,Nordwind,2025-12-08,21:41:16,8
U63394,Rossiya,2025-12-18,16:39:38,223
WZ5208,Nordwind,2025-04-11,10:52:53,170
S76013,Utair,2025-07-02,23:36:55,82
S72931,Aeroflot,2024-04-09,18:28:14,200
UT8541,Ural Airlines,2025-12-19,12:04:50,17
U63064,Ural Airlines,2024-06-22,07:41:12,65
SU9577,Utair,2025-01-20,04:44:16,96
SU1709,Nordwind,2025-12-22,23:55:27,66
DP9464,Nordwind,2024-02-22,06:04:00,64
WZ6711,Nordwind,2025-05-06,19:07:29,209
UT4120,Pobeda,2025-10-11,19:06:06,237
DP9500,Ural Airlines,2025-08-10,22:05:58,146
DP2369,Rossiya,2025-03-20,19:54:33,231
FV8429,Pobeda,2025-03-23,20:46:31,265
UT1641,Nordwind,2024-03-09,18:42:36,156
N43489,Rossiya,2024-11-16,01:02:06,22
DP3246,Rossiya,2024-03-26,06:41:19,222
N45117,Nordwind,2025-10-26,06:28:20,76
FV7153,S7 Airlines,2024-01-24,23:03:25,148
S77389,Pobeda,2024-02-16,15:38:34,194
S71139,Nordwind,2025-12-03,07:16:04,240
SU2343,S7 Airlines,2024-04-22,22:34:51,287
SU4558,Rossiya,2024-03-14,04:19:37,154
DP8336,Ural Airlines,2024-12-19,20:29:49,184
SU9633,Red Wings,2025-01-09,00:07:31,8
FV1268,Red Wings,2025-01-13,17:13:51,55
UT418,Pobeda,2024-06-05,04:28:05,70
N46177,Nordwind,2024-12-17,15:15:08,63
DP2577,Red Wings,2024-10-04,07:08:32,169
UT6356,Ural Airlines,2024-12-22,03:39:49,25
WZ1904,Red Wings,2025-09-15,07:51:08,35
FV124,Aeroflot,2024-02-04,04:23:48,57
WZ9238,S7 Airlines,2025-06-16,08:16:23,300
DP5758,Ural Airlines,2025-11-12,05:22:35,114
DP8000,S7 Airlines,2025-10-09,03:28:04,139
U61262,Ural Airlines,2024-05-12,23:48:31,214
WZ2213,Rossiya,2025-04-10,11:48:14,5
U67627,Nordwind,2025-04-23,23:10:01,174
S78304,Aeroflot,2024-06-16,00:18:40,147
S72323,Utair,2025-02-03,21:57:13,199
U67866,Red Wings,2024-04-20,23:07:31,157
DP7907,S7 Airlines,2025-11-08,20:25:35,200
WZ9163,Red Wings,2025-07-13,09:47:47,163
WZ571,Rossiya,2024-10-22,21:51:59,243
WZ4634,Rossiya,2024-11-16,22:05:55,192
UT8489,Utair,2024-10-28,09:38:41,32
N46011,Ural Airlines,2024-10-24,02:10:27,168
DP3362,Ural Airlines,2025-09-03,07:15:16,22
DP7187,Rossiya,2025-11-18,03:22:27,177
WZ6356,Ural Airlines,2025-08-13,10:49:31,141
FV4450,Nordwind,2025-08-17,18:22:08,31
SU8987,Rossiya,2025-10-01,23:06:02,249
FV6481,Pobeda,2025-12-21,15:56:46,65
FV9612,Rossiya,2025-08-14,06:19:27,207
N4219,Utair,2025-01-24,10:18:43,122
S75417,Pobeda,2025-04-09,18:37:49,91
DP9823,Aeroflot,2024-03-15,22:41:12,295
UT2660,Red Wings,2025-12-05,13:17:30,47
WZ9029,Aeroflot,2024-02-15,02:39:20,4
N4985,Aeroflot,2024-07-21,17:45:28,183
N48077,Red Wings,2024-04-19,07:40:47,42
FV8884,Aeroflot,2025-01-06,21:08:32,162
U65797,Utair,2025-02-28,00:21:33,205
U69218,Rossiya,2025-11-06,01:25:48,282
S71139,S7 Airlines,2025-11-02,08:39:56,37
N42742,S7 Airlines,2025-03-26,05:07:51,83
U6636,Ural Airlines,2025-12-02,08:15:06,69
FV3589,Nordwind,2024-04-04,13:44:35,259
WZ703,Aeroflot,2025-02-08,23:46:53,31
U68201,Nordwind,2024-03-23,09:11:20,184
S79680,S7 Airlines,2024-05-26,22:55:07,193
U67551,Utair,2025-10-26,05:26:50,101
N47667,Rossiya,2025-09-28,04:22:18,189
N42048,Ural Airlines,2025-01-25,21:32:16,225
S71298,Ural Airlines,2025-05-23,13:37:08,293
UT6885,Red Wings,2024-11-24,17:52:24,226
U67085,Ural Airlines,2025-09-27,16:01:26,156
SU4497,Pobeda,2025-08-24,23:29:15,288
WZ2914,Nordwind,2024-04-03,09:28:18,157
S76525,Aeroflot,2024-04-18,12:52:46,193
U63757,Red Wings,2025-05-06,01:28:43,190
SU701,Rossiya,2025-10-05,05:21:55,7
U68801,S7 Airlines,2024-06-01,08:48:43,39
SU9572,Red Wings,2024-01-10,11:32:33,175
S78184,Ural Airlines,2025-11-22,20:50:17,97
DP2308,Ural Airlines,2024-05-20,00:44:44,298
WZ3343,Red Wings,2025-03-16,17:43:08,91
SU169,Aeroflot,2025-11-25,23:43:57,170
S71463,Rossiya,2025-06-02,04:26:51,205
SU4746,Red Wings,2025-02-11,13:04:32,229
WZ4866,Ural Airlines,2024-10-05,00:59:07,73
U68695,Nordwind,2024-01-11,15:16:40,4
S75318,Utair,2024-08-04,19:02:39,20
DP6668,Pobeda,2025-01-06,01:56:37,26
S75919,Nordwind,2025-06-19,11:28:16,293
SU8600,Aeroflot,2024-08-25,21:53:34,249
S73229,Utair,2025-04-09,07:09:41,22
SU710,Aeroflot,2024-12-10,19:41:56,97
N47454,Pobeda,2024-06-26,19:35:41,31
N43703,Pobeda,2024-07-07,19:40:28,263
N43579,Utair,2024-12-07,14:38:58,189
N4725,Rossiya,2024-11-03,07:04:17,291
N47883,S7 Airlines,2025-03-18,15:21:40,40
N45443,Red Wings,2024-03-01,10:55:14,197
N41141,Pobeda,2024-12-23,23:00:50,266
WZ5031,Red Wings,2024-07-23,02:12:27,265
SU4652,Rossiya,2025-06-25,04:33:08,103
FV6236,Pobeda,2024-06-07,00:43:02,148
WZ5557,Pobeda,2025-02-15,20:13:22,207
WZ9263,Aeroflot,2025-06-06,19:43:02,278
WZ1777,Ural Airlines,2024-03-10,01:14:07,105
SU3149,Utair,2024-11-24,04:08:07,203
SU8448,S7 Airlines,2025-08-27,06:22:57,165
S72903,S7 Airlines,2025-01-27,09:22:56,211
FV3432,Ural Airlines,2024-10-28,08:29:58,40
N44283,Ural Airlines,2025-03-14,11:20:18,277
U66144,Red Wings,2024-03-12,08:03:56,188
DP6297,Rossiya,2024-07-27,00:28:01,285
S7868,Rossiya,2025-05-04,00:23:02,153
FV4087,Pobeda,2025-02-21,08:48:51,237
UT6679,Ural Airlines,2024-01-18,00:22:13,142
U68241,Rossiya,2024-08-18,17:49:50,234
WZ672,S7 Airlines,2024-04-26,00:35:28,279
WZ7628,Pobeda,2025-04-06,12:20:36,30
UT4268,Rossiya,2025-08-19,02:17:58,95
SU1794,Ural Airlines,2025-07-16,12:25:55,124
DP5691,Aeroflot,2025-10-17,00:30:23,81
SU5889,Aeroflot,2025-09-28,18:31:27,228
S74364,S7 Airlines,2025-10-07,21:18:54,115
WZ2709,Nordwind,2025-09-24,12:23:49,267
UT1077,Aeroflot,2024-03-14,19:14:58,21
SU6759,Nordwind,2025-05-16,11:46:54,162
FV2879,Rossiya,2024-06-23,06:08:53,166
U69309,Rossiya,2024-08-17,08:47:51,181
DP2462,S7 Airlines,2024-10-17,07:25:59,82
UT8819,Red Wings,2024-10-27,02:00:59,240
WZ5514,Nordwind,2024-11-17,19:40:15,228
UT5969,Aeroflot,2025-05-28,02:07:16,284
U67094,Pobeda,2025-01-20,05:32:36,24
U66787,S7 Airlines,2025-12-06,15:41:40,106
FV613,S7 Airlines,2025-01-14,19:16:26,173
DP4598,Utair,2024-10-14,14:00:39,58
SU2821,Utair,2024-12-28,04:53:29,101
FV2675,Nordwind,2025-08-22,21:02:37,59
S74874,Ural Airlines,2025-10-04,00:53:03,28
WZ2120,Nordwind,2024-10-17,14:38:46,34
N44925,Aeroflot,2025-09-14,20:45:52,6
S71912,Nordwind,2024-03-26,03:49:59,157
DP7811,Pobeda,2025-12-15,07:58:46,259
WZ4707,Ural Airlines,2025-11-20,00:08:33,228
SU4463,Aeroflot,2025-08-23,00:22:38,76
DP5757,Utair,2025-02-01,01:52:15,21
SU8728,Aeroflot,2024-11-21,04:53:27,285
FV9517,Rossiya,2025-12-11,06:54:38,222
WZ8940,S7 Airlines,2025-04-12,07:06:26,175
WZ8003,Red Wings,2024-02-23,07:08:49,132
FV3457,Nordwind,2024-08-07,03:21:48,138
S79364,Aeroflot,2025-12-17,14:13:34,86
S7964,S7 Airlines,2025-03-14,20:53:42,128
WZ3889,Aeroflot,2024-01-03,22:56:52,275
S75520,Red Wings,2024-12-02,19:51:50,135
WZ4260,Utair,2024-04-09,11:28:19,54
SU5745,Pobeda,2024-07-08,08:48:50,129
N41565,Utair,2025-05-27,02:12:59,246
N43376,Nordwind,2024-05-25,12:43:57,224
FV3559,Red Wings,2025-03-11,18:16:14,251
FV8263,Pobeda,2025-07-13,08:33:47,278
UT5639,Red Wings,2024-12-08,13:24:10,276
SU1173,Red Wings,2025-08-21,14:54:29,212
SU9791,Utair,2025-12-23,11:27:47,31
U63463,Ural Airlines,2025-06-16,02:23:47,295
U69036,Ural Airlines,2024-03-28,20:31:22,150
UT6553,Nordwind,2024-08-20,17:59:27,145
N41556,S7 Airlines,2024-12-03,06:45:44,194
SU3869,Nordwind,2025-10-05,10:04:25,134
DP6452,Red Wings,2025-01-15,08:17:58,197
DP7812,Nordwind,2025-07-22,06:03:03,128
N42236,Utair,2025-10-06,21:23:17,294
UT762,Utair,2025-07-07,10:28:19,272
N46012,Pobeda,2025-05-02,11:10:46,56
SU2939,Red Wings,2024-01-11,14:44:56,270
FV7036,Pobeda,2025-09-24,03:44:28,223
N43539,Aeroflot,2025-04-21,22:23:41,149
UT1851,Aeroflot,2024-09-19,07:34:52,42
U61481,Pobeda,2025-03-07,22:07:19,57
FV2257,Rossiya,2024-02-15,01:58:31,71
DP1466,Red Wings,2025-08-14,20:11:03,207
S79507,Ural Airlines,2025-05-28,01:51:14,62
WZ5059,Rossiya,2025-03-24,07:36:32,260
FV8588,Red Wings,2025-06-25,14:53:41,274
U68561,Aeroflot,2024-10-14,11:19:34,189
FV6689,Utair,2024-06-12,00:02:33,47
SU7084,Nordwind,2024-02-23,13:47:42,227
DP8810,Ural Airlines,2024-10-18,05:08:46,121
S73316,Nordwind,2024-11-23,13:10:03,268
N45560,S7 Airlines,2024-09-25,14:49:22,125
UT4615,Utair,2025-10-05,09:25:54,185
UT3411,Pobeda,2025-05-21,02:02:58,149
S77593,Pobeda,2025-08-06,15:35:09,90
U69604,Pobeda,2025-01-28,09:30:35,289
DP8948,Utair,2025-07-25,08:32:13,267
S72361,Pobeda,2024-11-15,08:20:46,228
DP2101,Pobeda,2024-04-18,00:49:01,150
S73346,Utair,2025-07-15,04:46:46,129
S72932,Ural Airlines,2024-05-21,02:50:15,73
SU2600,Red Wings,2025-01-13,22:52:48,63
N49420,Rossiya,2024-04-24,08:58:50,219
U66011,Nordwind,2025-11-17,01:20:50,104
FV2537,Nordwind,2025-06-10,05:54:26,159
FV7404,Nordwind,2025-11-08,23:03:02,75
SU8184,Ural Airlines,2024-09-03,22:07:20,80
DP4047,Ural Airlines,2025-09-16,03:50:01,111
U65620,Pobeda,2024-07-03,18:38:50,101
DP1375,S7 Airlines,2025-08-24,10:36:23,63
UT6924,Aeroflot,2024-11-11,18:07:23,125
WZ4556,Rossiya,2024-03-04,14:02:16,120
N46118,Ural Airlines,2024-04-28,00:12:21,300
S79727,Aeroflot,2025-11-09,02:42:58,14
SU6582,Red Wings,2025-01-10,05:14:09,35
WZ6204,Nordwind,2024-03-16,07:37:58,121
WZ9219,S7 Airlines,2025-09-19,21:03:03,257
SU3294,Rossiya,2024-02-24,16:00:41,103
FV4286,Nordwind,2025-05-26,06:11:00,64
DP1420,Nordwind,2025-06-02,10:00:26,203
N42451,Utair,2024-06-21,19:58:43,206
U65244,S7 Airlines,2025-05-01,01:11:30,40
FV8995,Rossiya,2025-10-23,20:44:28,130
UT1731,Nordwind,2025-01-07,01:31:33,294
U63937,Pobeda,2025-11-12,17:30:43,243
UT4575,Nordwind,2024-03-08,11:30:56,100
DP5473,Pobeda,2025-04-18,06:43:40,209
WZ6308,Red Wings,2024-02-06,19:09:53,87
N45972,Ural Airlines,2024-07-04,23:02:05,280
U62320,Aeroflot,2025-09-08,17:46:39,102
DP8712,Pobeda,2025-10-01,15:51:43,158
WZ963,Ural Airlines,2025-06-21,20:02:21,268
FV4501,Rossiya,2024-02-08,03:55:17,295
U62008,Pobeda,2025-09-11,15:33:28,81
DP3526,S7 Airlines,2024-11-09,13:08:50,37
UT4852,Aeroflot,2024-09-08,04:40:44,122
WZ7104,Aeroflot,2025-08-22,19:28:33,26
UT3794,Aeroflot,2024-03-07,13:48:03,164
U63721,Aeroflot,2025-06-07,06:17:30,79
UT5027,Rossiya,2024-06-25,18:55:41,289
SU8222,Pobeda,2025-02-19,20:36:57,84
DP3329,S7 Airlines,2024-10-22,03:15:47,18
WZ4524,Nordwind,2025-02-11,00:15:09,41
S76705,Ural Airlines,2024-02-19,03:21:47,270
U62957,Utair,2025-03-09,22:03:44,75
FV7992,Red Wings,2025-04-23,04:01:43,223
DP9182,S7 Airlines,2025-04-16,01:14:16,234
SU695,Red Wings,2025-01-23,10:56:23,182
SU6668,Aeroflot,2024-10-06,14:26:34,61
WZ4105,Red Wings,2025-11-05,09:16:46,37
U6602,Ural Airlines,2025-06-08,00:23:55,95
N41932,S7 Airlines,2024-12-08,03:47:12,224
FV3075,Nordwind,2024-05-22,17:13:31,132
U66761,Aeroflot,2024-05-08,23:22:19,142
S72124,Rossiya,2024-06-08,21:15:50,20
S71754,Rossiya,2025-01-22,04:27:59,273
DP1069,Pobeda,2025-08-25,06:43:57,32
SU131,S7 Airlines,2025-05-19,15:33:55,106
WZ7444,Nordwind,2024-12-08,02:51:12,245
UT7050,Ural Airlines,2024-12-15,01:01:07,255
UT3106,Rossiya,2025-11-04,03:06:55,98
DP5267,Nordwind,2024-03-18,15:40:51,57
FV8571,Red Wings,2024-04-18,07:13:57,227
FV9801,Aeroflot,2025-01-23,09:53:12,70
FV9110,Utair,2025-10-06,06:33:25,233
U62514,Aeroflot,2024-05-18,01:05:11,244
UT7132,Nordwind,2024-07-09,04:09:27,105
U64365,Rossiya,2024-01-25,22:06:06,227
WZ8535,Aeroflot,2024-10-14,17:56:43,184
U69221,Aeroflot,2024-11-19,22:12:50,233
FV5128,Utair,2024-09-20,23:10:22,147
WZ3761,Utair,2025-01-09,14:43:52,238
UT650,Aeroflot,2025-01-28,01:12:26,22
S72650,Pobeda,2025-09-04,05:31:55,137
N4869,Nordwind,2025-10-07,17:00:52,281
DP4603,Red Wings,2025-12-18,10:53:32,85
S75655,Nordwind,2024-07-08,01:18:59,70
N43738,Ural Airlines,2025-07-05,17:34:18,280
S75815,S7 Airlines,2024-01-09,05:16:10,60
N48977,Utair,2025-12-25,15:55:42,181
FV1485,S7 Airlines,2024-07-19,13:56:59,198
U65079,Ural Airlines,2024-09-21,20:54:12,162
U64659,Rossiya,2025-01-07,18:33:50,121
N42981,S7 Airlines,2025-04-22,17:51:50,33
DP246,Aeroflot,2025-02-05,17:24:14,255
N42502,S7 Airlines,2024-10-13,11:08:07,239
FV176,Red Wings,2024-12-08,10:01:01,65
SU1214,Pobeda,2025-06-20,02:57:36,273
S79889,Rossiya,2024-02-12,16:12:24,2
UT1112,Ural Airlines,2024-07-16,20:44:20,97
U64589,Aeroflot,2024-03-26,04:58:34,97
WZ8008,Ural Airlines,2024-11-02,11:16:20,298
N47238,Rossiya,2024-12-09,05:06:49,243
N49854,Red Wings,2024-03-06,18:42:45,41
S79835,Pobeda,2025-06-10,13:49:57,136
S7300,Aeroflot,2025-07-02,20:50:55,88
UT3167,Nordwind,2024-10-06,04:25:32,198
DP5031,S7 Airlines,2025-07-24,07:02:58,108
UT3095,S7 Airlines,2024-12-20,09:41:02,246
UT5079,Aeroflot,2025-08-02,17:34:17,206
WZ9815,Pobeda,2025-07-03,17:12:17,5
FV2870,Utair,2025-09-16,01:39:49,3
WZ1837,Rossiya,2025-05-26,04:19:29,268
UT8046,Utair,2024-05-20,22:28:35,15
UT1429,Pobeda,2025-06-23,12:03:06,96
N46943,Aeroflot,2024-08-06,21:12:00,91
N44700,Pobeda,2024-12-04,00:59:18,68
WZ2604,Ural Airlines,2025-03-11,10:26:09,156
UT1530,Pobeda,2024-06-07,23:10:06,246
U66465,Utair,2024-08-27,23:41:08,11
DP7103,Red Wings,2024-01-15,12:47:11,34
SU6581,Utair,2025-07-07,20:14:25,125
DP9559,Pobeda,2025-11-07,05:11:32,46
DP8941,Ural Airlines,2025-09-05,03:44:48,242
N47335,Ural Airlines,2025-09-16,04:11:24,77
SU9536,S7 Airlines,2024-04-23,16:47:27,67
N41169,Red Wings,2025-12-24,15:00:08,189
S77930,Nordwind,2025-12-12,19:13:50,162
S75029,Pobeda,2024-07-23,04:10:23,194
WZ7435,Ural Airlines,2025-11-23,15:18:27,280
U66599,Nordwind,2025-08-28,19:49:17,198
U69759,Utair,2024-05-17,01:09:48,131
FV5816,S7 Airlines,2024-11-16,20:35:57,57
U68985,Pobeda,2025-02-16,11:31:19,179
WZ6918,S7 Airlines,2024-01-11,02:35:52,71
S77442,Nordwind,2024-09-13,00:11:02,198
N41602,S7 Airlines,2024-05-19,12:28:09,73
U66603,Aeroflot,2025-02-23,06:35:16,107
U61816,Rossiya,2024-02-19,07:16:02,56
N46461,Ural Airlines,2024-12-04,22:39:17,29
WZ525,Pobeda,2025-02-21,09:13:40,219
DP4882,Ural Airlines,2024-09-05,21:58:47,113
SU2619,Aeroflot,2025-03-02,06:43:55,63
U64404,Pobeda,2025-09-21,06:13:42,200
FV790,Rossiya,2025-10-27,07:52:10,214
SU2956,Utair,2024-02-17,12:38:50,291
N46938,Ural Airlines,2024-07-22,08:24:45,0
S73253,Utair,2025-12-13,01:11:36,270
U63815,Ural Airlines,2025-05-01,17:07:06,238
UT3331,S7 Airlines,2025-06-18,23:35:13,120
N43292,Nordwind,2024-09-22,03:45:54,90
UT9873,Pobeda,2025-09-04,13:07:38,142
UT2017,Aeroflot,2024-05-20,04:35:24,8
N44567,Ural Airlines,2025-05-20,07:28:01,114
WZ2113,Rossiya,2024-01-11,03:29:29,255
N46813,Pobeda,2024-05-07,07:11:13,62
SU8933,Nordwind,2025-06-08,19:32:32,40
DP5509,Pobeda,2025-07-09,08:10:42,80
DP8605,Utair,2025-02-15,20:46:48,180
U61595,Red Wings,2025-04-06,15:51:44,221
S76172,S7 Airlines,2025-11-04,12:30:52,294
DP8520,Rossiya,2024-12-19,17:44:42,279
N41731,Red Wings,2024-12-20,20:50:26,44
U6323,S7 Airlines,2025-11-11,15:05:28,170
S72802,Rossiya,2025-11-17,09:10:31,118
WZ9229,Rossiya,2024-02-28,06:44:11,292
S78855,Aeroflot,2024-12-19,23:27:31,73
UT8321,Red Wings,2024-08-07,07:29:11,257
UT9830,Aeroflot,2024-11-09,17:23:08,255
FV5589,Ural Airlines,2025-09-10,03:25:11,5
U61911,Rossiya,2024-07-28,02:56:50,68
UT7988,Ural Airlines,2025-03-11,05:06:43,129
N47235,Pobeda,2024-09-20,17:14:30,137
WZ1862,Utair,2025-10-16,13:41:00,224
N49970,S7 Airlines,2025-06-03,23:59:15,14
UT2839,S7 Airlines,2024-11-09,10:54:38,220
DP8505,S7 Airlines,2024-02-08,16:45:52,166
S72652,Aeroflot,2024-01-06,12:53:11,220
SU8174,Ural Airlines,2025-11-24,08:40:50,98
FV4326,Nordwind,2024-06-12,03:33:27,278
U63391,S7 Airlines,2024-01-07,00:56:08,197
DP9074,Pobeda,2025-04-02,19:53:07,248
S72791,Ural Airlines,2024-07-03,19:56:16,163
UT4565,Nordwind,2024-07-22,20:42:43,106
S79509,Rossiya,2025-01-02,18:13:10,150
WZ6468,Utair,2024-03-02,16:40:40,231
SU8788,Rossiya,2024-08-07,03:20:57,101
S74345,Rossiya,2025-03-08,04:57:29,138
WZ3338,Nordwind,2024-05-01,01:43:47,177
WZ1927,Pobeda,2025-02-25,01:51:24,16
WZ628,Pobeda,2025-11-10,06:32:44,141
DP6836,Aeroflot,2025-11-26,20:58:45,228
UT5499,S7 Airlines,2024-10-04,01:43:49,108
N42154,Ural Airlines,2025-02-02,17:53:42,166
WZ7109,Ural Airlines,2024-08-02,01:46:33,298
FV6239,Pobeda,2024-03-19,00:16:33,117
S7146,Pobeda,2024-01-11,16:09:22,55
FV4043,Pobeda,2024-12-19,09:01:30,44
WZ6029,Utair,2025-04-22,16:37:51,230
SU8211,S7 Airlines,2025-10-02,15:57:47,263
N41384,Red Wings,2025-04-21,15:21:20,22
U68753,Utair,2024-07-26,15:18:48,163
N48338,S7 Airlines,2025-01-18,04:52:59,122
S7958,Ural Airlines,2024-03-06,17:00:15,274
DP8502,S7 Airlines,2025-10-12,03:25:41,210
WZ4984,Nordwind,2025-06-18,00:17:57,266
WZ263,Pobeda,2024-05-22,19:57:46,10
UT4111,Nordwind,2024-12-16,08:21:34,47
N48806,S7 Airlines,2025-04-05,02:49:35,140
WZ9288,Red Wings,2025-05-23,06:41:01,147
SU5200,Red Wings,2024-06-10,05:51:54,37
U66493,Red Wings,2024-12-24,00:52:02,81
FV1395,Aeroflot,2024-09-02,04:41:18,274
FV984,Ural Airlines,2024-04-28,10:27:04,255
S75494,Ural Airlines,2025-12-15,13:47:45,98
SU3730,Rossiya,2025-02-07,04:49:25,183
UT6935,Rossiya,2024-01-04,09:05:18,15
N42494,Nordwind,2024-10-14,20:22:00,119
N41631,Aeroflot,2025-10-07,03:55:36,40
WZ4372,Rossiya,2024-06-17,21:38:59,184
UT2276,Aeroflot,2024-08-26,00:48:35,248
N44042,Rossiya,2024-05-25,00:20:45,269
U63314,S7 Airlines,2025-02-26,21:57:06,81
WZ7562,Utair,2024-04-09,11:37:34,150
FV6569,S7 Airlines,2025-06-01,14:22:25,144
U66655,Red Wings,2025-11-26,14:32:41,296
UT5622,Ural Airlines,2024-11-14,13:38:53,267
UT3909,Nordwind,2025-07-28,07:09:16,76
WZ3348,Pobeda,2025-01-13,12:11:05,160
S75488,S7 Airlines,2025-12-21,05:25:34,232
WZ1362,Ural Airlines,2025-09-14,19:36:51,149
DP5274,Nordwind,2024-08-16,01:59:38,300
DP7003,S7 Airlines,2024-04-20,15:36:20,42
SU6272,Rossiya,2024-05-13,06:24:06,2
N43944,Ural Airlines,2025-11-27,05:33:04,109
U61705,Utair,2024-07-03,13:20:13,192
UT424,Aeroflot,2024-02-21,22:40:48,298
FV1330,Red Wings,2025-04-25,05:56:45,293
WZ8365,Ural Airlines,2025-01-27,11:39:56,207
N47893,Utair,2024-08-12,06:06:39,182
UT6684,Rossiya,2025-10-24,13:13:20,107
WZ9304,Nordwind,2025-09-16,03:13:21,108
WZ1593,S7 Airlines,2024-01-18,04:31:24,212
WZ2193,Red Wings,2025-12-20,21:26:58,278
S77752,Ural Airlines,2024-09-25,23:56:08,134
N4869,S7 Airlines,2024-07-18,20:20:48,20
SU1332,Rossiya,2024-09-24,00:50:47,32
FV6237,Aeroflot,2024-04-19,16:36:23,112
N45824,Pobeda,2025-08-18,19:38:42,165
S78461,Utair,2025-01-13,04:49:54,226
N47433,Nordwind,2025-07-28,13:01:49,210
N45339,S7 Airlines,2025-12-10,10:01:49,208
S74755,Utair,2024-07-22,18:09:19,116
DP4192,Pobeda,2025-04-03,23:37:06,287
N42116,Pobeda,2025-11-21,05:02:59,170
SU7363,S7 Airlines,2025-06-23,03:28:11,113
U68176,Rossiya,2024-01-14,22:02:32,13
U64876,Pobeda,2024-10-16,20:29:54,122
UT9848,Ural Airlines,2024-09-12,22:18:19,275
SU8506,S7 Airlines,2024-04-16,13:00:29,215
UT997,Utair,2025-05-20,04:00:03,117
WZ2074,Ural Airlines,2024-02-12,00:44:02,55
SU5481,Aeroflot,2024-08-01,16:51:33,209
DP6539,Rossiya,2025-01-17,14:24:33,286
N46285,Pobeda,2024-02-05,21:00:47,200
FV8191,Ural Airlines,2025-04-12,07:07:17,133
FV5052,S7 Airlines,2024-10-28,17:37:06,55
FV7364,Pobeda,2024-12-12,11:33:33,232
N46794,Red Wings,2025-12-24,01:40:59,231
S72899,Pobeda,2025-05-16,19:47:09,283
N41930,Aeroflot,2025-10-17,00:44:01,84
N42278,Nordwind,2025-12-10,11:24:56,145
N45127,Utair,2025-03-20,19:43:46,18
UT3097,Aeroflot,2025-05-25,04:30:34,41
S74048,Aeroflot,2025-03-13,11:05:51,200
SU3731,Aeroflot,2025-07-14,11:22:20,277
WZ2928,Nordwind,2025-05-18,04:07:52,156
UT4859,Nordwind,2025-04-10,17:05:22,240
U6260,Ural Airlines,2025-04-15,04:58:31,285
N42053,S7 Airlines,2024-05-06,08:23:00,192
DP1106,Red Wings,2024-07-01,19:30:10,294
S79619,Aeroflot,2024-05-10,15:57:37,242
WZ7798,Utair,2025-03-22,01:33:24,8
WZ6965,Ural Airlines,2024-03-07,00:45:15,197
N44173,Pobeda,2024-11-06,02:20:57,207
WZ9894,Ural Airlines,2024-05-05,15:14:23,29
U65999,Rossiya,2024-11-23,18:16:41,7
UT7858,S7 Airlines,2024-07-27,14:14:40,81
DP7347,Utair,2025-11-19,23:56:39,85
SU629,Red Wings,2025-06-20,14:22:04,256
S76250,Ural Airlines,2025-10-11,01:11:44,166
WZ6643,S7 Airlines,2025-05-01,05:57:09,292
SU9316,Nordwind,2024-05-04,13:24:55,5
SU838,Nordwind,2025-11-14,19:42:25,299
N45948,Rossiya,2024-10-28,14:57:55,13
N43107,Utair,2025-11-26,03:07:34,44
U64503,Rossiya,2024-09-28,21:42:36,274
U68787,Aeroflot,2025-07-03,15:55:59,254
WZ9692,Pobeda,2025-06-13,23:35:19,243
UT8078,Pobeda,2025-03-27,17:03:27,215
FV7944,Rossiya,2025-07-26,14:05:45,257
DP1339,Aeroflot,2025-02-04,17:13:40,241
N49454,Ural Airlines,2024-03-04,13:09:40,190
WZ7690,Ural Airlines,2024-01-13,10:24:57,126
N43463,S7 Airlines,2024-06-17,18:45:02,70
WZ7534,Utair,2024-06-03,15:55:07,81
WZ2868,Ural Airlines,2024-10-19,18:57:01,167
U61255,Ural Airlines,2024-11-04,14:25:18,295
U69352,S7 Airlines,2024-07-08,13:08:23,291
U68892,S7 Airlines,2025-05-06,20:08:49,273
N48141,Pobeda,2025-03-11,15:58:22,284
S72338,Aeroflot,2025-10-04,18:53:56,196
FV8426,Red Wings,2024-03-02,11:11:15,187
N46385,Nordwind,2024-12-17,06:56:28,100
SU4765,Pobeda,2025-08-19,15:09:23,143
N43098,Aeroflot,2025-02-03,12:27:09,6
UT3744,Rossiya,2024-03-14,10:09:09,286
U67337,Nordwind,2024-09-02,02:34:24,241
S77038,Pobeda,2024-05-23,06:26:05,290
UT5651,Ural Airlines,2025-04-07,07:21:34,191
WZ2666,Ural Airlines,2025-03-03,03:36:14,61
FV7470,Nordwind,2025-09-19,12:45:36,56
UT4800,Red Wings,2024-05-13,07:31:29,238
SU8937,Utair,2024-07-15,13:59:06,128
UT4285,Rossiya,2024-04-13,16:02:10,206
N43304,Aeroflot,2025-05-19,02:01:48,146
S74774,Utair,2024-08-26,20:58:25,136
U66753,Ural Airlines,2025-10-20,19:20:48,243
FV9722,Rossiya,2025-04-24,02:29:06,180
DP9340,Aeroflot,2025-03-28,17:56:20,79
U61088,Rossiya,2025-01-22,20:24:23,33
S79358,Rossiya,2025-05-24,08:32:38,30
DP5545,S7 Airlines,2025-02-06,22:10:56,90
WZ3680,Utair,2024-12-05,17:29:22,60
S76942,Pobeda,2025-09-18,11:10:52,27
SU3339,Ural Airlines,2024-02-01,19:56:54,254
N43683,Red Wings,2024-12-12,13:59:36,75
FV981,Red Wings,2025-11-02,02:40:54,49
DP6583,Nordwind,2024-04-03,01:14:29,287
DP3093,Utair,2025-09-03,07:27:43,78
FV1801,Rossiya,2025-12-23,15:41:39,155
FV1625,Nordwind,2025-09-20,12:44:45,131
WZ5759,S7 Airlines,2025-06-20,00:13:08,62
UT662,S7 Airlines,2025-11-17,21:44:14,274
FV6585,Nordwind,2024-09-11,21:14:26,164
U61729,Ural Airlines,2025-07-11,11:29:47,211
UT3975,Ural Airlines,2024-11-16,21:39:37,100
UT7274,Pobeda,2024-05-20,08:44:09,290
SU5665,Pobeda,2024-06-23,02:10:15,135
N4696,Ural Airlines,2025-03-19,16:40:43,12
DP8883,Red Wings,2024-03-07,09:03:17,114
SU8738,Utair,2025-05-26,07:21:39,181
N44005,Rossiya,2024-04-25,08:30:23,104
U62258,Red Wings,2024-03-05,09:41:02,71
SU4785,Pobeda,2024-06-25,09:56:22,173
N41466,Rossiya,2025-02-19,19:16:33,173
DP5060,Red Wings,2025-10-06,16:07:39,28
U65862,Ural Airlines,2024-01-27,23:46:29,159
N4636,Ural Airlines,2024-11-16,02:39:37,211
UT9804,Nordwind,2025-06-16,21:10:25,129
S7883,Pobeda,2025-08-20,12:23:24,209
FV4813,Pobeda,2024-03-26,16:20:45,188
S77776,Utair,2025-08-16,02:14:19,89
FV1819,Rossiya,2025-08-15,17:41:19,256
S78890,S7 Airlines,2024-07-10,13:16:49,295
WZ1854,S7 Airlines,2024-07-26,22:16:53,110
S78800,Ural Airlines,2024-06-12,21:29:33,223
S73950,Nordwind,2025-04-11,10:00:03,91
WZ4593,Pobeda,2025-02-08,15:17:49,163
DP523,Utair,2024-08-03,12:09:58,254
SU4772,Utair,2024-12-10,21:54:27,260
SU1202,Rossiya,2024-01-07,03:40:58,245
WZ4235,Red Wings,2025-07-27,08:11:00,29
DP4635,Aeroflot,2025-02-13,13:42:13,126
U66941,Rossiya,2025-06-28,12:02:05,298
DP8551,Nordwind,2024-07-08,11:18:42,102
S76152,Utair,2025-05-15,12:16:26,236
UT6994,Ural Airlines,2025-02-25,18:30:57,9
WZ6407,Nordwind,2025-11-21,17:40:59,76
U68389,Red Wings,2025-07-20,03:17:09,279
UT7705,Pobeda,2024-04-16,19:05:56,289
FV8529,Ural Airlines,2025-02-15,14:46:00,127
N46062,Red Wings,2024-04-18,01:01:41,26
S73190,Utair,2025-01-15,07:18:09,86
S77413,S7 Airlines,2024-10-27,04:35:56,98
WZ1581,Red Wings,2024-03-27,19:47:04,144
FV5497,Red Wings,2025-05-13,16:38:45,150
U61371,Ural Airlines,2025-08-12,16:14:46,200
UT9610,Utair,2025-05-20,00:37:15,18
S76767,S7 Airlines,2025-07-07,21:25:35,258
UT6902,Utair,2025-05-03,21:29:07,224
U65217,S7 Airlines,2025-08-16,08:23:41,241
DP3065,Red Wings,2025-05-05,05:34:47,87
N48887,S7 Airlines,2024-10-21,12:48:38,43
FV1631,Rossiya,2025-10-25,17:32:04,32
N44422,Nordwind,2024-04-25,15:25:45,292
FV3176,Rossiya,2024-03-07,01:14:00,40
FV9728,Rossiya,2024-05-21,16:22:06,64
UT8307,Aeroflot,2025-11-28,00:20:32,101
UT6347,Rossiya,2024-07-03,16:33:23,101
U66666,Aeroflot,2025-09-15,16:48:08,138
SU5372,Pobeda,2024-09-17,05:39:04,195
UT4040,Rossiya,2025-09-21,20:06:46,111
FV7254,Ural Airlines,2024-02-01,20:37:24,152
DP8094,Red Wings,2025-03-25,17:05:02,99
U69157,Nordwind,2025-07-05,18:20:01,198
DP6723,Aeroflot,2025-08-11,08:32:04,300
DP6235,Red Wings,2024-04-01,02:09:53,260
S75312,Aeroflot,2024-03-22,06:50:08,227
SU837,Pobeda,2025-03-27,16:18:06,255
N49359,Rossiya,2025-08-12,20:44:46,273
N45707,Rossiya,2025-05-22,14:09:37,83
N43512,Nordwind,2025-03-09,11:10:06,284
SU4839,Red Wings,2025-01-18,03:04:21,48
N49699,S7 Airlines,2024-03-19,14:47:31,201
S79126,Red Wings,2025-11-11,10:40:41,288
SU4708,Ural Airlines,2024-07-24,12:27:10,52
N42885,Aeroflot,2024-02-08,10:38:19,116
UT2359,Nordwind,2024-12-23,06:14:23,137
N41677,Utair,2024-11-15,12:28:10,88
N47068,Rossiya,2024-01-16,01:51:09,139
WZ9877,Red Wings,2025-04-04,05:59:19,32
N48958,S7 Airlines,2025-03-26,12:24:01,16
SU5441,S7 Airlines,2025-07-21,01:32:34,270
FV4153,Pobeda,2024-03-25,13:40:55,297
S74531,Red Wings,2025-10-05,23:11:27,292
WZ4424,Ural Airlines,2025-12-04,21:23:56,118
U64816,Red Wings,2024-04-07,06:53:38,123
WZ8561,Nordwind,2024-03-27,04:42:07,6
N44054,Rossiya,2024-03-15,16:36:24,18
UT9647,Pobeda,2024-01-26,03:01:02,195
S77158,Rossiya,2025-03-20,20:31:47,55
S7488,Ural Airlines,2025-12-18,07:26:15,87
N45269,Aeroflot,2024-04-20,06:33:27,265
UT8359,S7 Airlines,2024-09-26,13:05:46,56
DP8237,Utair,2025-08-15,22:25:14,273
N43507,Nordwind,2025-06-26,10:20:27,72
UT3815,S7 Airlines,2025-12-03,17:09:44,98
S77890,Red Wings,2025-08-17,12:45:30,148
UT814,S7 Airlines,2025-11-03,17:02:58,157
SU841,Red Wings,2025-03-10,19:45:09,45
DP1602,Red Wings,2024-08-26,10:15:12,207
WZ428,S7 Airlines,2024-08-14,10:06:28,6
U63551,Rossiya,2024-09-27,16:13:22,260
DP4986,Red Wings,2025-10-22,20:52:49,17
S73447,Ural Airlines,2025-08-19,02:08:29,14
UT8016,Utair,2025-07-03,00:50:31,152
FV6350,Aeroflot,2024-12-14,22:35:55,202
WZ9444,Nordwind,2025-08-07,21:46:00,211
WZ2996,S7 Airlines,2025-03-21,18:44:09,196
N43797,Rossiya,2024-01-06,22:09:50,112
U68673,Rossiya,2025-03-06,19:12:24,4
DP4271,Rossiya,2024-09-09,11:08:29,272
U69089,Red Wings,2024-02-10,09:01:09,17
UT6700,Ural Airlines,2025-03-15,18:29:32,269
FV9153,Aeroflot,2025-10-17,00:08:36,41
U66582,Nordwind,2025-08-28,15:21:08,233
UT8113,S7 Airlines,2024-06-26,01:28:18,264
DP3131,Pobeda,2024-01-27,03:45:27,296
UT4010,S7 Airlines,2025-04-27,01:10:58,28
N48358,Aeroflot,2025-08-01,21:17:34,108
UT285,S7 Airlines,2025-01-25,04:19:09,147
FV122,Red Wings,2024-01-05,21:09:42,229
UT4322,Pobeda,2025-06-10,10:16:14,187
U64747,Pobeda,2025-03-25,20:02:57,24
FV4825,Utair,2024-10-01,00:19:45,2
N49445,Ural Airlines,2024-01-04,05:23:54,17
SU9680,Rossiya,2025-03-14,04:30:16,10
DP7398,S7 Airlines,2024-07-20,05:49:05,178
U69387,Red Wings,2024-11-27,19:25:47,261
FV5042,Rossiya,2025-04-06,22:16:55,244
N45840,Red Wings,2025-05-23,04:51:31,264
U6585,Ural Airlines,2024-04-12,07:15:47,291
N43506,Rossiya,2025-08-08,05:10:18,20
UT7630,Nordwind,2025-01-15,19:19:34,274
FV3157,Utair,2025-08-18,15:24:03,269
S77492,Aeroflot,2025-10-21,23:23:06,184
WZ9106,Red Wings,2025-02-01,19:18:36,17
WZ6967,Utair,2025-01-05,21:34:45,282
S72720,Utair,2024-12-25,15:24:33,187
N49928,Aeroflot,2025-11-15,02:49:17,203
S79684,Utair,2024-06-11,06:45:27,239
U66637,Nordwind,2025-07-24,14:10:51,77
S73689,Pobeda,2024-05-21,17:31:58,262
U67606,Utair,2025-01-11,23:50:09,267
N49321,Aeroflot,2025-05-22,08:09:16,286
DP4197,Nordwind,2025-10-19,10:35:52,131
N42892,Ural Airlines,2024-10-19,13:48:22,100
UT6192,Nordwind,2025-05-06,14:49:02,154
U68398,Nordwind,2025-06-02,15:48:27,243
N44230,Ural Airlines,2025-02-26,00:23:11,202
WZ5767,Red Wings,2025-02-01,22:07:33,173
WZ5782,Aeroflot,2025-10-13,05:22:22,204
S72222,Pobeda,2025-12-19,09:04:57,55
UT1952,Aeroflot,2025-11-03,07:16:02,24
DP6231,Nordwind,2024-12-05,08:26:49,6
DP7100,Ural Airlines,2024-10-21,09:10:24,116
DP4398,Red Wings,2024-09-08,18:16:52,263
N41730,Utair,2025-03-19,20:37:09,56
S79605,S7 Airlines,2025-08-09,20:00:02,70
N47109,S7 Airlines,2024-01-17,18:18:17,173
SU3221,Ural Airlines,2024-08-26,07:07:09,67
UT9760,Red Wings,2024-03-15,09:59:38,281
DP1188,Pobeda,2024-06-06,18:31:26,268
U62972,S7 Airlines,2024-12-06,08:28:50,96
FV1473,Aeroflot,2024-01-21,04:04:21,231
UT438,Red Wings,2025-12-16,06:49:06,137
UT5233,Nordwind,2025-10-09,01:25:03,187
UT3974,Utair,2024-07-22,12:41:42,288
N4881,Nordwind,2024-08-03,02:50:34,185
SU7082,Nordwind,2024-05-01,19:25:30,192
S76753,Rossiya,2024-10-19,11:12:43,163
FV8442,Rossiya,2025-03-24,21:32:12,108
U62281,Rossiya,2024-11-16,00:32:17,163
S79636,Aeroflot,2025-04-24,18:41:57,73
S76731,S7 Airlines,2024-05-05,06:27:22,173
UT9940,Ural Airlines,2024-02-19,03:58:19,248
SU4283,Aeroflot,2024-03-07,09:35:10,69
DP6435,Aeroflot,2025-09-20,00:08:00,41
FV4839,S7 Airlines,2024-11-26,03:20:24,57
N49929,Rossiya,2024-10-27,20:32:17,12
UT5552,S7 Airlines,2025-10-26,23:41:33,110
S77839,S7 Airlines,2024-03-22,15:20:26,7
WZ4121,Aeroflot,2025-01-23,04:10:01,254
DP2655,Red Wings,2024-04-04,06:39:07,64
UT7305,Utair,2024-08-23,16:34:20,282
WZ8460,Utair,2024-11-11,22:00:55,101
S74303,Red Wings,2025-01-07,04:12:20,249
WZ9455,S7 Airlines,2024-10-01,13:58:14,129
UT3922,S7 Airlines,2024-01-21,19:48:37,208
WZ1037,Nordwind,2024-12-21,17:01:09,207
N42785,Red Wings,2025-03-27,21:38:23,245
WZ5830,Pobeda,2024-07-06,20:12:28,278
FV7264,Rossiya,2025-03-11,11:02:07,262
WZ6810,Ural Airlines,2024-06-15,12:14:28,61
S75177,S7 Airlines,2024-06-23,12:26:12,59
FV5335,Ural Airlines,2024-02-21,21:31:39,50
N49528,Aeroflot,2025-03-19,15:42:00,213
WZ3264,Pobeda,2024-09-13,01:38:55,288
S74710,Rossiya,2024-06-07,09:24:03,10
SU9174,Nordwind,2024-03-21,09:04:59,119
S73679,Red Wings,2024-04-14,16:13:59,205
S7885,Utair,2025-11-18,22:21:54,250
SU8860,Pobeda,2024-08-06,04:56:17,220
S77353,Ural Airlines,2024-11-02,14:21:01,99
DP8750,Red Wings,2024-06-28,10:17:48,135
UT4816,Red Wings,2024-06-07,15:54:04,198
DP5295,Aeroflot,2025-12-23,18:53:24,131
FV3410,Nordwind,2025-04-26,16:36:14,3
N4789,Utair,2024-07-08,11:02:56,74
WZ6670,Pobeda,2024-03-07,12:11:53,276
SU6256,Ural Airlines,2024-05-22,03:23:27,294
DP9935,Aeroflot,2024-11-10,21:26:11,223
FV421,Ural Airlines,2024-06-18,09:49:03,76
FV820,Aeroflot,2024-06-26,12:37:41,117
DP8985,Nordwind,2025-07-22,13:13:38,237
U66265,Ural Airlines,2024-01-19,07:37:48,50
UT6026,Nordwind,2024-04-01,03:03:19,204
FV3460,Aeroflot,2024-10-01,18:35:09,250
DP530,Pobeda,2025-03-09,16:10:14,186
DP3232,Rossiya,2025-04-05,19:59:58,230
DP2916,Utair,2024-01-08,04:47:44,242
S71621,Red Wings,2025-05-14,02:34:36,193
U61005,S7 Airlines,2024-02-25,22:16:08,115
UT3833,Pobeda,2024-06-26,17:42:33,246
WZ2058,Nordwind,2024-01-04,03:59:40,45
DP3262,Utair,2024-03-02,06:46:02,52
SU9456,Nordwind,2024-09-07,16:51:53,13
S73618,Nordwind,2025-12-17,08:40:23,285
SU5080,Ural Airlines,2024-11-16,14:43:36,66
UT2533,S7 Airlines,2024-03-20,03:49:31,36
SU7817,Utair,2025-06-05,14:06:37,220
UT9502,Rossiya,2024-08-28,14:58:28,82
DP6966,Utair,2024-12-28,05:23:45,85
FV255,Ural Airlines,2024-12-07,00:02:55,59
S7393,Ural Airlines,2024-03-27,13:47:26,225
DP4972,Rossiya,2025-04-09,02:48:17,22
UT5604,Ural Airlines,2024-07-16,21:18:50,217
U64773,Nordwind,2024-01-18,19:09:23,3
U63877,Ural Airlines,2024-01-07,05:33:43,138
DP348,Aeroflot,2025-03-08,21:59:49,72
WZ6192,Pobeda,2024-09-15,15:40:23,232
S73736,Aeroflot,2025-01-12,01:21:36,155
UT4487,Utair,2024-02-02,09:57:44,59
UT7295,Red Wings,2024-10-27,14:03:31,83
N43714,Utair,2025-09-10,10:39:16,255
N42914,S7 Airlines,2024-04-25,07:28:38,102
N49042,Pobeda,2024-05-05,14:15:50,56
UT575,Nordwind,2025-10-10,02:40:18,212
S74259,S7 Airlines,2024-07-25,06:09:45,12
SU7231,S7 Airlines,2024-10-23,14:32:36,209
S72889,Red Wings,2024-01-10,03:00:36,61
SU5120,Aeroflot,2025-09-04,11:11:05,160
U66475,S7 Airlines,2025-12-03,09:34:13,260
UT9611,Red Wings,2024-08-11,05:28:14,71
N41117,Red Wings,2025-04-10,01:39:33,65
UT1459,S7 Airlines,2025-01-04,02:37:16,37
SU1524,Pobeda,2024-12-25,22:07:02,130
N49779,Nordwind,2024-12-27,01:56:28,103
FV1847,Rossiya,2024-05-05,18:06:04,15
UT2363,Rossiya,2025-04-08,09:20:51,224
SU9108,Rossiya,2025-01-18,13:27:01,249
WZ8072,Red Wings,2025-10-18,13:21:43,287
U63264,Aeroflot,2025-01-15,07:53:54,281
DP8714,Ural Airlines,2025-07-21,13:56:19,232
WZ3451,Red Wings,2025-10-14,18:30:55,89
WZ5416,Aeroflot,2024-10-20,03:13:27,296
WZ4608,Rossiya,2025-12-13,23:43:01,7
U68356,Ural Airlines,2024-03-19,08:00:26,1
FV7237,Pobeda,2024-04-10,10:34:34,149
S71039,Red Wings,2024-09-11,22:43:26,227
SU7261,Aeroflot,2024-02-01,20:39:29,258
N49307,Aeroflot,2024-04-26,22:10:17,51
DP5418,Red Wings,2024-03-07,16:03:06,31
N44802,Utair,2024-10-13,10:51:31,226
DP5135,S7 Airlines,2024-12-12,13:47:45,189
SU9377,Red Wings,2024-03-19,20:35:56,117
N44116,Pobeda,2024-01-21,04:13:39,260
SU4839,Nordwind,2024-03-09,16:20:22,53
U68095,Pobeda,2025-03-14,21:41:24,248
S78226,Pobeda,2024-03-15,04:29:16,115
UT6391,Aeroflot,2024-11-01,05:08:57,253
DP5361,Red Wings,2025-03-10,01:00:56,280
S76035,S7 Airlines,2025-01-27,04:07:47,269
DP9579,Nordwind,2025-02-16,18:04:06,187
SU304,S7 Airlines,2025-12-03,12:00:40,179
U67095,Nordwind,2025-10-27,13:08:33,167
UT2997,Nordwind,2025-06-12,04:42:31,210
WZ3315,Rossiya,2025-08-05,18:23:22,79
N4350,Red Wings,2025-05-08,05:09:26,28
DP9436,Aeroflot,2024-09-28,06:51:16,104
N47369,Red Wings,2024-02-21,17:13:39,54
N42774,Rossiya,2025-04-06,05:34:32,241
U62952,S7 Airlines,2025-08-04,22:33:56,285
S73384,Red Wings,2024-01-06,12:42:01,43
DP1347,Ural Airlines,2024-02-25,15:37:48,159
SU3325,Pobeda,2025-05-19,00:45:40,246
WZ8439,S7 Airlines,2025-05-04,10:12:02,292
S75075,Ural Airlines,2025-07-04,15:46:26,242
UT8240,Nordwind,2024-01-22,11:34:54,26
S71631,Rossiya,2024-05-19,18:42:48,153
SU3604,Rossiya,2024-11-17,03:59:20,108
S79594,Rossiya,2025-05-09,20:43:08,129
U6961,Ural Airlines,2024-10-16,05:20:36,196
WZ3918,Red Wings,2025-06-08,16:53:44,21
N48563,Utair,2025-04-20,22:35:53,27
FV929,Ural Airlines,2024-02-05,05:06:13,192
U62352,Utair,2024-01-01,19:09:59,70
N44863,S7 Airlines,2024-09-23,01:26:22,192
DP5197,Utair,2024-08-19,17:33:25,64
N46533,Ural Airlines,2024-10-26,00:42:31,260
SU3865,Nordwind,2025-05-19,02:10:20,55
UT3867,Nordwind,2024-12-10,14:13:31,111
U63673,S7 Airlines,2025-03-20,09:57:23,103
S72298,Aeroflot,2025-02-23,14:31:31,249
DP5623,Nordwind,2024-01-28,00:18:14,194
FV7198,Ural Airlines,2024-01-27,22:10:35,76
U61125,Ural Airlines,2025-03-16,16:43:36,25
WZ2992,Ural Airlines,2025-02-12,23:06:46,122
DP8889,Nordwind,2025-01-01,05:52:01,191
S73214,Utair,2024-03-26,12:38:57,205
DP8264,Nordwind,2024-05-19,03:08:47,64
U63802,Pobeda,2025-10-15,21:52:59,207
UT4117,Rossiya,2025-02-06,11:44:52,243
S73454,Ural Airlines,2024-07-26,04:35:54,183
FV2715,Nordwind,2024-02-10,13:16:57,260
SU2273,Red Wings,2025-02-15,03:43:50,26
U6484,Nordwind,2024-05-23,21:50:02,220
SU288,S7 Airlines,2024-12-28,23:00:37,62
WZ8795,Aeroflot,2025-04-09,01:54:35,170
DP1857,Red Wings,2025-03-24,13:30:43,223
WZ1730,Rossiya,2025-11-07,00:50:09,34
SU1423,Rossiya,2024-07-09,02:56:17,194
U66405,Pobeda,2025-06-04,21:22:46,257
UT3013,Nordwind,2025-02-27,18:55:41,270
WZ7864,Ural Airlines,2024-10-17,12:59:16,147
SU7167,Nordwind,2025-11-08,12:35:53,46
DP7980,Pobeda,2025-04-04,22:07:26,233
FV5995,Ural Airlines,2025-05-13,20:06:53,188
FV8144,Aeroflot,2025-01-11,22:04:30,290
WZ9636,Ural Airlines,2025-11-17,01:49:55,109
U6317,Nordwind,2025-10-09,20:23:44,295
U65953,Pobeda,2025-02-24,21:45:18,219
S72373,Red Wings,2024-04-03,03:31:28,247
SU8789,Pobeda,2024-05-26,22:48:01,295
N48826,Utair,2025-02-22,19:14:34,245
S74713,Aeroflot,2025-11-19,04:29:02,109
WZ6038,S7 Airlines,2024-11-06,21:55:44,288
SU4658,Ural Airlines,2024-01-27,07:12:55,38
WZ6566,Red Wings,2024-03-18,10:27:34,213
S71002,S7 Airlines,2024-04-24,19:15:20,212
SU6580,S7 Airlines,2024-01-28,18:55:35,99
FV2125,S7 Airlines,2025-05-07,07:50:11,240
U64016,Rossiya,2025-02-23,19:06:22,181
U68785,Ural Airlines,2024-02-10,11:01:14,140
SU9274,Red Wings,2024-11-25,08:58:03,64
WZ1157,Red Wings,2024-05-06,17:42:45,3
SU559,S7 Airlines,2024-05-28,06:24:40,75
SU8078,Ural Airlines,2025-08-11,21:20:20,203
SU8701,Ural Airlines,2025-09-17,21:20:15,139
UT9560,Aeroflot,2024-04-28,07:17:58,231
N41426,Rossiya,2025-11-09,08:34:14,244
S79044,Utair,2025-04-01,19:33:39,67
N49958,Aeroflot,2024-01-07,03:51:12,251
SU7024,Rossiya,2024-07-14,07:34:27,0
DP8587,Aeroflot,2025-10-10,14:14:45,107
U65996,Rossiya,2025-07-18,00:06:59,250
UT180,S7 Airlines,2025-01-01,19:00:05,2
SU4144,Pobeda,2025-07-10,11:51:58,4
N48172,Pobeda,2024-03-16,05:21:24,286
WZ1307,Nordwind,2025-12-15,23:53:38,78
S75486,Rossiya,2024-05-16,22:19:05,142
FV2990,Pobeda,2025-08-27,22:41:29,94
U63707,Nordwind,2025-01-22,09:04:38,6
S76792,Red Wings,2024-11-14,17:00:54,59
WZ908,Rossiya,2025-04-18,16:51:36,65
WZ6927,Rossiya,2024-02-27,21:12:47,36
U63569,Utair,2024-10-04,12:43:40,272
FV3934,Aeroflot,2024-10-08,06:15:13,110
WZ1087,Utair,2025-03-13,18:12:00,158
U62131,Pobeda,2024-01-22,19:45:48,63
SU6487,Ural Airlines,2024-03-07,11:14:56,74
UT1242,Rossiya,2024-04-20,07:14:38,237
FV998,Aeroflot,2025-06-14,08:49:28,218
UT9062,Utair,2025-01-21,10:39:25,103
S7869,Ural Airlines,2025-02-04,13:46:28,239
U62098,Red Wings,2025-08-13,10:36:09,177
FV6335,Nordwind,2025-12-20,10:27:31,227
DP7604,Utair,2024-10-19,04:57:54,105
DP4250,S7 Airlines,2024-08-01,16:38:40,7
DP4230,Ural Airlines,2025-02-08,17:17:53,285
UT237,Pobeda,2025-09-24,11:30:52,246
UT3245,Aeroflot,2025-06-07,06:31:35,241
SU5513,Ural Airlines,2025-05-07,01:40:03,91
SU6025,Utair,2024-11-17,03:46:37,236
S77274,Red Wings,2024-04-23,15:15:28,101
S71560,Rossiya,2024-03-08,04:32:46,4
U67210,Nordwind,2024-08-19,20:58:09,260
WZ3038,Nordwind,2024-09-24,18:51:48,118
U67634,Nordwind,2025-01-27,10:12:13,151
FV4824,Utair,2024-11-24,10:47:19,285
N49514,Nordwind,2024-04-19,02:47:30,179
FV2847,S7 Airlines,2025-09-07,20:15:27,209
S7261,Ural Airlines,2024-07-11,09:53:16,172
FV8415,Rossiya,2024-11-17,05:33:33,214
DP7984,Utair,2024-11-08,21:21:21,235
U62147,Utair,2024-12-19,20:59:18,255
WZ6833,Rossiya,2024-02-13,22:12:35,12
N47871,Utair,2025-07-04,07:00:47,16
U65354,Red Wings,2025-09-20,08:52:43,270
N47088,Red Wings,2024-01-13,16:41:00,53
N49745,Nordwind,2024-10-19,18:59:27,265
SU831,Rossiya,2024-10-01,07:26:21,65
WZ2166,S7 Airlines,2024-06-03,09:58:17,198
DP6328,Aeroflot,2024-06-24,19:34:47,140
S76813,Red Wings,2024-05-11,18:49:45,129
WZ6609,S7 Airlines,2025-10-27,14:48:47,203
N41434,Nordwind,2024-11-24,21:16:29,277
SU6585,Ural Airlines,2025-03-10,03:11:34,186
FV3702,Pobeda,2025-11-21,16:39:39,268
U64046,S7 Airlines,2025-11-24,22:02:24,1
U68155,Red Wings,2024-11-15,02:01:38,270
U6550,Red Wings,2025-11-27,06:42:55,115
UT8000,S7 Airlines,2025-02-04,19:12:01,8
S72963,Red Wings,2025-11-02,19:07:29,223
S78804,Utair,2025-03-20,17:02:18,171
WZ3278,Aeroflot,2025-04-14,04:07:19,21
WZ8196,Pobeda,2025-04-02,09:42:22,252
U61452,Rossiya,2024-10-10,18:07:11,239
SU6413,S7 Airlines,2024-09-10,05:17:55,152
N48786,S7 Airlines,2024-06-16,06:41:24,204
UT6223,Aeroflot,2024-11-05,22:04:20,287
FV6258,Ural Airlines,2024-10-15,01:51:38,141
WZ5784,Nordwind,2024-06-17,03:18:52,133
DP952,Utair,2025-10-18,15:49:51,177
DP3200,S7 Airlines,2025-04-24,08:10:49,182
UT342,Aeroflot,2024-11-24,12:18:08,205
DP9524,Red Wings,2025-05-21,06:13:11,125
N46183,Pobeda,2025-01-07,08:45:36,149
U62155,Pobeda,2024-02-21,16:41:28,241
WZ4549,Nordwind,2024-05-18,23:09:14,242
WZ3367,Red Wings,2025-06-24,15:17:47,10
UT7210,Utair,2025-09-26,03:43:49,48
WZ1315,Nordwind,2025-03-11,20:20:48,249
SU9016,Nordwind,2025-02-08,13:55:05,275
SU2362,Ural Airlines,2024-02-07,03:47:12,272
N43754,Aeroflot,2024-12-25,13:25:30,195
N41703,Ural Airlines,2025-01-17,19:59:51,295
SU4929,Rossiya,2025-06-20,22:46:00,25
FV1376,Rossiya,2025-12-26,14:34:00,38
SU1329,Aeroflot,2025-05-22,07:39:52,220
UT6148,S7 Airlines,2025-12-14,07:53:48,112
S78953,S7 Airlines,2024-09-24,21:56:03,55
SU8137,Rossiya,2025-01-04,20:50:30,61
S76229,Red Wings,2025-01-14,01:18:06,247
N43248,Utair,2024-02-10,00:48:57,128
U6961,Red Wings,2025-01-16,17:02:47,107
DP5399,S7 Airlines,2025-06-10,07:21:13,31
DP7914,Nordwind,2025-03-02,08:36:16,235
DP8145,S7 Airlines,2025-01-01,09:39:01,256
FV6016,Pobeda,2025-12-17,18:04:53,11
DP8571,Aeroflot,2025-05-24,23:20:03,159
S78762,S7 Airlines,2024-08-18,16:02:26,262
SU9416,Red Wings,2024-03-23,19:29:24,230
DP7817,Rossiya,2025-02-10,22:51:04,204
SU9331,Ural Airlines,2024-02-13,14:02:02,57
S71505,Red Wings,2024-01-21,12:42:44,113
N46817,Ural Airlines,2024-09-19,05:10:38,99
FV5486,Ural Airlines,2024-07-23,14:01:16,22
SU4672,S7 Airlines,2025-11-22,18:43:55,128
UT6849,Utair,2025-09-02,12:51:45,257
N49713,Rossiya,2024-10-20,16:34:43,263
U63247,Nordwind,2024-12-10,14:40:02,61
N42581,Ural Airlines,2024-11-09,00:59:51,219
SU9423,Nordwind,2025-02-07,10:38:21,131
DP3657,Rossiya,2024-02-12,02:07:53,70
S77941,Ural Airlines,2025-06-25,01:19:42,125
WZ2365,Utair,2025-12-08,00:38:30,13
WZ1575,Pobeda,2024-01-16,21:35:02,23
WZ8348,Nordwind,2024-09-03,05:33:52,189
U62581,Utair,2025-04-04,05:02:00,236
WZ5907,S7 Airlines,2024-10-26,21:52:36,293
DP8694,S7 Airlines,2025-08-27,17:24:35,48
FV1228,Ural Airlines,2025-12-07,11:19:16,222
UT1711,Aeroflot,2024-09-15,03:38:43,86
WZ1394,Red Wings,2024-08-16,13:20:53,266
WZ931,Rossiya,2024-12-03,10:31:37,77
U63272,Red Wings,2024-01-10,18:34:25,287
SU5164,Pobeda,2025-08-03,18:19:44,92
N47554,Pobeda,2025-01-10,04:36:34,214
SU2398,Pobeda,2024-09-11,20:57:13,217
DP8987,Ural Airlines,2025-01-07,17:46:20,288
WZ292,Pobeda,2024-05-25,23:40:42,86
N49060,Rossiya,2025-11-24,03:36:03,135
U6529,Pobeda,2025-01-12,10:24:55,32
FV1458,Rossiya,2024-11-09,15:11:58,150
N42632,Rossiya,2024-06-18,14:24:06,62
U68446,S7 Airlines,2024-12-21,00:49:38,19
U62400,S7 Airlines,2025-01-12,16:47:07,199
DP7876,Nordwind,2024-07-07,18:30:03,38
SU8339,Nordwind,2025-03-02,08:58:03,287
UT302,Rossiya,2024-08-23,11:44:13,182
DP1799,Utair,2024-02-27,05:43:18,12
UT7486,Pobeda,2024-12-25,18:50:16,27
U61974,Rossiya,2024-10-25,14:17:16,61
WZ2202,Aeroflot,2025-05-01,01:22:27,74
DP1363,Rossiya,2025-06-14,10:11:26,292
SU5013,Pobeda,2024-12-24,06:48:38,87
S78263,S7 Airlines,2025-11-09,20:42:10,11
FV1606,Red Wings,2024-01-21,04:48:27,279
U62451,Pobeda,2024-11-27,13:10:39,57
N42509,Rossiya,2024-09-03,18:58:53,182
FV6905,Pobeda,2024-10-02,20:49:11,35
SU841,Ural Airlines,2024-01-16,11:56:48,17
FV4357,Rossiya,2025-01-21,05:22:17,110
S78748,Red Wings,2025-11-10,06:55:59,246
WZ5032,Ural Airlines,2024-01-14,17:14:45,135
N48562,Pobeda,2025-06-02,11:51:51,259
S77695,Nordwind,2025-04-27,05:11:56,271
U61049,Rossiya,2025-09-11,02:55:34,185
U62054,Pobeda,2024-03-23,00:36:28,138
FV2573,Rossiya,2024-01-18,01:50:56,160
S75765,Nordwind,2024-03-04,13:58:02,126
S76372,Red Wings,2024-05-01,17:52:58,296
N44176,Ural Airlines,2025-07-17,02:50:03,151
SU6459,Red Wings,2024-03-23,19:04:44,298
UT1881,Red Wings,2025-11-20,19:16:53,59
DP737,S7 Airlines,2024-04-01,18:54:55,230
UT3687,Rossiya,2025-10-03,11:07:53,280
SU3358,Utair,2024-05-15,16:52:36,64
S77244,Aeroflot,2024-03-04,22:29:42,214
S76861,Pobeda,2024-01-15,08:29:11,282
UT9252,S7 Airlines,2024-08-04,01:21:29,254
DP8666,Rossiya,2024-04-17,03:01:37,206
FV3551,Nordwind,2025-02-22,22:10:05,204
WZ6875,Red Wings,2024-12-17,18:45:19,24
WZ6174,Pobeda,2024-04-14,04:36:35,246
SU7482,Red Wings,2025-10-20,18:03:58,102
SU5202,Pobeda,2025-06-07,15:34:18,151
N48848,Red Wings,2025-10-01,14:45:47,122
S79818,Nordwind,2024-10-13,10:23:00,190
S76188,S7 Airlines,2025-01-21,04:35:50,102
N46160,Nordwind,2024-06-27,23:50:39,156
WZ7359,Pobeda,2024-08-17,11:11:08,287
WZ1145,Pobeda,2024-01-23,01:37:05,166
N49316,S7 Airlines,2025-04-24,15:53:32,289
UT5105,Pobeda,2024-06-11,13:08:55,206
SU7171,Nordwind,2025-03-03,21:48:07,217
DP9197,Rossiya,2024-10-11,00:32:05,38
WZ3480,Ural Airlines,2024-06-09,05:52:37,238
UT471,Nordwind,2025-07-12,12:42:43,156
WZ1550,S7 Airlines,2025-02-10,10:28:25,216
WZ6742,Aeroflot,2025-07-09,12:45:52,284
DP2595,Red Wings,2025-07-22,23:39:08,258
U63308,Rossiya,2025-07-18,22:07:13,65
UT1569,Red Wings,2024-02-22,04:22:51,182
UT7697,S7 Airlines,2025-10-12,02:59:19,149
DP7905,Ural Airlines,2024-02-09,15:45:46,164
UT4626,Utair,2024-08-24,12:13:12,59
U62597,Red Wings,2024-03-21,21:22:27,57
N44177,Utair,2025-08-04,08:46:43,299
WZ3751,Pobeda,2024-02-20,19:51:37,143
U62119,Nordwind,2025-05-09,05:24:55,107
UT5718,Aeroflot,2025-03-14,14:27:44,207
U61382,Pobeda,2024-04-14,02:27:17,86
N49394,S7 Airlines,2025-07-01,16:34:22,9
WZ2119,Nordwind,2025-02-23,07:58:57,290
S75807,Ural Airlines,2024-09-12,01:21:35,258
WZ4554,Rossiya,2024-06-20,07:32:56,267
SU8809,Red Wings,2024-03-27,10:45:37,129
WZ3125,S7 Airlines,2024-02-14,10:00:07,37
U63415,Utair,2024-12-28,02:18:32,41
FV7224,Aeroflot,2025-01-05,08:53:35,20
DP1162,Pobeda,2025-03-06,19:47:16,264
WZ2720,Ural Airlines,2025-05-26,19:08:01,247
WZ8094,Rossiya,2024-10-02,02:21:50,70
N41243,Ural Airlines,2024-08-01,11:13:20,62
FV6644,Aeroflot,2025-07-11,21:07:33,212
FV6021,Rossiya,2025-06-20,00:14:11,24
U68453,Pobeda,2024-08-08,03:27:01,119
S74477,Red Wings,2025-03-23,19:09:40,212
U65204,Pobeda,2024-10-19,05:16:00,114
SU9358,Utair,2024-11-13,21:25:56,265
N4786,Ural Airlines,2025-04-11,07:29:51,6
N48489,Red Wings,2024-09-23,06:35:36,37
U69382,Red Wings,2025-06-28,17:21:19,260
SU3308,S7 Airlines,2025-04-02,00:24:24,248
N42156,Ural Airlines,2025-01-09,14:43:23,144
U64617,Red Wings,2025-01-09,21:31:46,246
S79199,Red Wings,2025-03-05,12:09:22,148
DP3561,Ural Airlines,2025-03-16,11:08:05,242
WZ3273,Aeroflot,2024-11-02,13:45:14,142
N48191,Nordwind,2025-10-06,13:41:28,259
FV3720,Nordwind,2024-06-01,15:02:23,217
DP2426,Pobeda,2025-01-24,18:04:47,146
SU4447,Red Wings,2025-02-24,00:06:45,264
UT8660,Red Wings,2024-01-21,16:16:26,25
WZ3032,Rossiya,2025-10-06,13:40:53,21
S76522,Red Wings,2025-09-03,16:37:08,83
FV4840,Aeroflot,2024-03-04,12:48:38,270
WZ8040,Ural Airlines,2024-05-02,07:43:05,272
FV4655,Red Wings,2024-04-14,01:27:17,84
UT8762,Pobeda,2024-01-13,11:34:57,56
SU1687,Rossiya,2024-04-12,18:19:46,56
SU2211,Rossiya,2025-03-01,05:00:01,8
U69895,Red Wings,2025-08-19,23:56:39,198
SU1031,Aeroflot,2025-07-24,14:03:04,31
WZ5254,Red Wings,2025-01-19,10:27:38,30
UT7753,Rossiya,2024-06-01,16:14:39,153
SU946,Red Wings,2025-08-25,15:16:05,111
N46567,Aeroflot,2025-10-16,23:11:34,182
DP8318,Ural Airlines,2025-04-19,02:48:53,187
U6494,Ural Airlines,2024-11-06,00:27:51,245
FV445,S7 Airlines,2024-11-07,13:33:56,104
UT3127,Ural Airlines,2024-02-07,00:31:01,207
WZ3557,Nordwind,2024-07-17,18:01:38,69
FV2674,Red Wings,2025-09-23,02:58:26,86
U64808,Nordwind,2024-09-16,08:01:53,116
DP8919,Rossiya,2024-02-17,01:46:29,146
DP9040,Aeroflot,2024-08-11,19:36:32,239
UT5769,Pobeda,2024-07-08,22:52:02,104
WZ2783,S7 Airlines,2024-08-09,05:38:02,164
FV562,S7 Airlines,2024-08-23,01:39:30,130
SU3964,Rossiya,2024-01-22,03:59:11,250
U68009,Pobeda,2024-01-03,09:28:25,232
N45399,Aeroflot,2025-04-07,22:41:44,295
FV6180,Rossiya,2024-12-21,06:44:24,147
U69417,Red Wings,2025-12-20,07:56:09,277
DP6212,Utair,2024-09-26,02:57:02,160
N45976,Pobeda,2024-05-22,05:58:18,110
S76646,S7 Airlines,2025-08-24,17:41:39,178
S79005,S7 Airlines,2024-06-12,22:01:55,109
DP1056,Pobeda,2025-11-10,03:49:06,160
S79408,Red Wings,2024-02-24,17:06:03,14
UT2405,Nordwind,2024-05-08,21:44:04,291
WZ127,Utair,2025-04-26,09:08:43,118
N43495,Pobeda,2025-08-27,14:19:32,245
WZ3537,Utair,2024-06-12,02:34:45,209
SU4189,S7 Airlines,2025-05-12,05:10:23,199
UT8373,Utair,2025-09-05,10:40:29,291
S78984,Pobeda,2025-09-27,08:00:24,259
SU6755,Pobeda,2025-11-19,00:23:22,275
UT7772,S7 Airlines,2025-04-24,02:23:00,106
U67979,Red Wings,2025-04-12,01:15:17,46
WZ8794,Rossiya,2024-05-02,03:13:11,94
FV5741,Pobeda,2024-03-15,07:33:31,59
UT9533,Rossiya,2025-07-10,07:37:42,190
N46369,Ural Airlines,2025-05-27,20:53:16,259
DP4658,Utair,2024-06-10,08:51:52,1
UT3850,Utair,2025-08-24,11:10:41,166
WZ6738,Aeroflot,2024-11-28,22:29:02,132
UT8287,Nordwind,2024-04-05,11:03:19,236
N49898,Red Wings,2024-11-11,08:06:53,285
SU8425,Utair,2025-03-25,19:44:41,66
DP9151,Red Wings,2024-07-09,14:08:23,69
U62563,Red Wings,2025-04-08,23:17:31,21
UT4530,Ural Airlines,2024-02-17,14:18:12,22
WZ9038,Pobeda,2025-12-10,08:22:06,74
N4257,Ural Airlines,2025-02-11,06:31:57,167
UT5698,Aeroflot,2024-07-22,16:42:17,159
SU8664,Aeroflot,2024-04-03,04:22:25,90
U65219,S7 Airlines,2024-12-08,02:36:56,290
DP1815,Red Wings,2025-06-25,17:13:02,201
UT1856,Aeroflot,2024-08-16,13:52:16,165
UT7054,Red Wings,2025-08-14,15:12:29,34
FV1268,Rossiya,2025-04-01,00:09:30,53
DP7439,Ural Airlines,2025-03-26,21:43:09,178
DP6748,Aeroflot,2025-05-20,08:12:42,272
DP5275,Rossiya,2024-07-13,13:30:44,268
WZ1835,Rossiya,2024-01-13,15:30:29,227
UT1136,Pobeda,2024-02-23,17:11:21,169
FV280,Ural Airlines,2025-01-26,13:01:41,142
FV8111,Ural Airlines,2025-07-11,18:52:11,7
FV746,Nordwind,2024-03-13,21:37:35,116
FV1344,Pobeda,2024-03-08,06:04:22,92
S7121,Nordwind,2025-11-24,01:25:37,252
FV1835,S7 Airlines,2024-05-21,20:33:21,254
FV7511,Rossiya,2025-03-19,16:51:44,252
N42585,S7 Airlines,2024-12-10,06:42:35,263
N4206,Aeroflot,2024-10-23,21:23:47,232
SU4420,Utair,2025-07-24,20:00:02,300
U61347,Aeroflot,2024-01-13,02:32:46,288
UT8696,Ural Airlines,2024-08-10,19:43:12,198
U61555,Red Wings,2024-10-18,16:59:50,278
DP6608,Nordwind,2025-03-16,12:46:52,299
SU5675,Ural Airlines,2025-09-22,23:09:58,88
DP3110,Ural Airlines,2025-03-24,01:05:07,10
DP5892,Ural Airlines,2025-04-20,13:18:13,5
SU1735,Red Wings,2025-11-13,16:22:21,113
DP1096,Red Wings,2024-01-21,05:39:44,287
S78573,Utair,2025-09-20,08:53:52,184
SU6949,S7 Airlines,2025-12-03,22:24:00,58
FV3032,Pobeda,2024-06-01,04:07:07,75
S71823,Nordwind,2025-10-09,08:33:20,206
N41559,Nordwind,2024-06-07,22:49:09,257
S71040,Red Wings,2024-07-13,08:56:12,70
FV7417,Rossiya,2025-10-27,12:12:42,266
UT2250,Rossiya,2024-08-16,04:52:16,243
SU2333,Rossiya,2025-09-09,08:27:12,196
UT5161,Rossiya,2024-02-21,17:20:55,95
FV5943,Rossiya,2024-03-06,10:29:35,102
DP4338,Nordwind,2024-07-22,07:12:40,281
N47963,Ural Airlines,2025-07-17,06:05:54,238
DP4364,Nordwind,2025-01-21,17:16:24,287
DP7877,Pobeda,2025-11-12,13:02:43,211
WZ1052,S7 Airlines,2025-10-01,17:03:54,38
S71924,Rossiya,2025-08-17,07:00:27,168
N46839,Rossiya,2024-11-07,03:15:26,9
DP3156,Red Wings,2025-04-21,07:20:32,83
S76471,Aeroflot,2024-10-14,07:10:42,94
U6227,Utair,2024-06-04,13:03:26,3
U65693,Utair,2025-09-03,14:50:07,276
UT8625,Ural Airlines,2025-05-26,00:30:05,82
U66419,Nordwind,2024-10-12,17:00:49,124
S75243,Nordwind,2024-08-14,22:37:56,165
FV4429,Nordwind,2024-08-14,16:55:15,33
DP9094,Rossiya,2024-12-22,17:26:45,192
S74638,S7 Airlines,2024-09-13,05:00:13,210
SU6409,Red Wings,2024-10-19,23:48:13,76
FV3611,Red Wings,2025-10-16,06:47:59,102
U69406,Ural Airlines,2024-07-01,00:02:06,214
S75337,S7 Airlines,2024-05-18,20:09:29,166
DP2853,Utair,2024-03-26,00:58:43,17
N45149,Nordwind,2024-01-09,08:50:07,166
U63445,S7 Airlines,2025-05-25,11:34:01,35
S71000,Ural Airlines,2025-06-01,05:00:53,127
SU9323,Red Wings,2024-09-14,04:47:46,96
FV8917,Ural Airlines,2024-05-06,03:19:54,141
N49885,Aeroflot,2025-11-12,03:48:20,188
DP9792,Red Wings,2025-06-24,19:19:37,165
U62694,Nordwind,2024-10-27,13:11:13,45
N4238,Nordwind,2025-12-02,18:58:57,240
N4272,Utair,2025-12-02,03:21:00,39
WZ7431,Pobeda,2025-12-12,07:54:13,80
FV4389,Pobeda,2025-09-25,00:19:03,217
S79779,Aeroflot,2025-05-05,06:29:36,105
WZ5150,Rossiya,2025-06-12,09:12:34,104
S75124,Aeroflot,2024-07-14,19:25:40,51
U64504,Pobeda,2024-02-28,13:32:36,261
FV2917,Ural Airlines,2024-08-21,09:16:29,36
N46976,Utair,2025-07-28,08:16:11,21
UT4513,Rossiya,2025-12-08,08:23:52,178
SU3455,Utair,2025-11-02,22:33:31,113
UT3368,S7 Airlines,2024-12-09,03:47:40,96
FV4516,S7 Airlines,2024-11-18,06:06:13,6
U61252,Red Wings,2025-01-07,07:35:24,241
S71907,Red Wings,2024-01-02,05:24:30,98
S75581,Utair,2025-10-05,11:57:36,260
SU3449,Pobeda,2025-12-07,00:07:17,256
WZ1024,Rossiya,2025-05-21,09:54:02,101
FV957,Utair,2024-10-09,09:51:12,22
S77060,Red Wings,2024-06-07,15:11:57,96
SU2889,Nordwind,2024-08-06,22:43:14,215
WZ387,Pobeda,2025-04-12,07:18:47,232
DP9752,Aeroflot,2024-03-23,14:08:37,107
SU4992,S7 Airlines,2025-11-24,19:47:56,44
N43384,Pobeda,2025-10-02,08:48:08,41
U68829,Red Wings,2025-02-21,15:52:58,2
N4834,Rossiya,2024-11-23,17:32:05,186
FV5936,Ural Airlines,2024-03-10,11:23:30,164
SU7203,Pobeda,2024-04-01,04:00:41,61
S75027,Ural Airlines,2024-01-07,21:47:30,266
DP5560,Nordwind,2025-02-06,18:14:15,278
U6290,Nordwind,2025-12-09,00:58:14,191
S78642,Red Wings,2024-07-08,10:04:40,143
N42942,Ural Airlines,2024-12-26,09:28:30,223
SU3248,Aeroflot,2025-02-08,08:03:38,233
WZ342,S7 Airlines,2024-07-15,10:57:43,18
U62779,Nordwind,2025-04-25,14:25:33,100
S73512,Rossiya,2024-05-21,00:16:17,3
UT859,Pobeda,2024-04-03,19:02:58,119
WZ9009,Rossiya,2024-03-24,07:53:42,156
SU6762,Utair,2025-03-04,15:05:06,254
S79531,Nordwind,2025-02-18,10:24:09,253
N41769,Aeroflot,2025-09-27,01:33:44,138
UT4664,Ural Airlines,2025-08-15,23:46:29,162
SU8198,Aeroflot,2024-02-07,05:45:46,186
SU2597,Pobeda,2024-12-26,04:43:35,263
FV4933,Rossiya,2024-09-25,11:14:47,22
N44828,Aeroflot,2024-04-26,17:10:10,14
SU4081,Pobeda,2024-09-16,08:30:10,187
SU4490,Pobeda,2024-03-10,11:05:53,45
SU5375,Pobeda,2024-12-06,04:08:30,286
S76687,Red Wings,2025-06-05,20:17:19,52
SU5031,Red Wings,2024-08-10,12:30:23,292
FV3462,Rossiya,2024-03-25,11:09:10,249
U66126,Red Wings,2025-02-27,19:06:43,217
S78285,Nordwind,2025-05-22,12:47:39,203
UT4061,Utair,2025-12-07,22:49:38,174
SU1605,Ural Airlines,2025-11-21,14:05:53,182
N43006,Red Wings,2024-11-07,06:07:42,118
WZ3234,S7 Airlines,2024-01-07,15:02:36,254
S71972,Ural Airlines,2025-09-04,00:01:11,27
S77695,Rossiya,2024-03-12,17:58:24,150
DP9478,Aeroflot,2025-01-26,05:53:13,141
U61976,Rossiya,2025-05-09,06:59:50,244
WZ3651,Aeroflot,2024-12-16,08:57:24,87
UT2730,Ural Airlines,2025-10-26,03:45:31,206
N49341,Aeroflot,2024-08-07,10:02:18,53
N41695,Pobeda,2024-07-25,20:30:13,278
FV5695,Utair,2025-02-13,11:07:32,290
UT5313,Utair,2025-11-09,07:48:04,92
U6166,Rossiya,2024-09-04,14:44:00,222
WZ8258,Pobeda,2025-07-16,13:24:43,30
S74471,Rossiya,2024-06-01,06:15:42,123
UT9168,Red Wings,2024-02-08,07:04:32,105
SU9366,Aeroflot,2024-02-18,02:33:26,215
SU1755,Aeroflot,2024-03-22,12:39:29,117
FV3117,Nordwind,2025-02-02,19:32:42,113
N49806,Aeroflot,2024-01-27,22:51:46,49
UT4055,Utair,2024-02-06,08:12:17,7
UT7938,Aeroflot,2025-01-22,20:36:11,249
SU8482,Red Wings,2025-12-27,08:00:31,138
UT6192,Aeroflot,2024-12-03,05:33:03,281
UT1244,Rossiya,2025-10-07,00:11:45,147
N49374,Utair,2024-09-20,11:13:07,61
FV6722,Ural Airlines,2025-05-28,17:23:42,169
UT7423,Ural Airlines,2024-03-27,10:32:42,45
WZ2743,Aeroflot,2024-03-13,18:20:00,117
SU9962,Rossiya,2024-08-26,16:15:14,285
FV2932,S7 Airlines,2025-05-02,10:14:27,8
UT3429,S7 Airlines,2024-07-13,04:12:12,279
N45670,Red Wings,2024-04-17,07:38:38,224
WZ9863,Utair,2024-09-26,04:53:34,81
N46604,Pobeda,2025-02-01,03:04:00,102
FV3550,Aeroflot,2024-01-02,23:51:15,282
S71301,Aeroflot,2024-09-27,21:50:53,31
SU3413,Ural Airlines,2025-05-25,00:30:11,14
WZ7250,Nordwind,2024-01-07,05:30:39,237
S74668,Pobeda,2025-12-20,09:37:00,170
DP4345,Rossiya,2025-12-18,17:27:17,65
N41331,Nordwind,2025-12-22,06:17:42,189
S71577,Red Wings,2025-01-01,20:08:02,19
U65974,S7 Airlines,2025-04-02,04:57:36,247
S7118,Utair,2025-09-04,13:52:17,104
WZ4946,Red Wings,2024-12-27,22:52:17,2
UT6810,S7 Airlines,2024-11-11,05:57:45,145
UT3095,Nordwind,2025-07-09,18:12:08,298
UT5514,Utair,2025-05-14,16:42:55,228
UT8296,Pobeda,2024-11-03,16:30:33,65
UT9747,Nordwind,2025-09-24,03:46:57,72
N46633,Pobeda,2025-03-08,13:46:57,182
N44720,Red Wings,2024-03-07,08:38:23,65
U68103,Utair,2024-09-12,23:59:32,249
S76520,Ural Airlines,2025-02-28,06:02:09,189
SU661,Pobeda,2024-07-18,10:13:21,71
DP2225,Utair,2024-09-14,02:00:16,269
S78818,Nordwind,2025-10-09,17:48:11,269
N45938,S7 Airlines,2024-01-08,16:14:13,293
UT1852,Ural Airlines,2025-10-16,07:23:04,44
FV4750,Ural Airlines,2025-12-03,09:59:17,278
N4946,Utair,2024-06-07,22:13:53,120
N41349,Utair,2024-12-09,09:44:11,20
FV536,Pobeda,2024-05-03,09:17:02,249
DP6681,Red Wings,2024-06-02,07:33:06,178
SU5587,Pobeda,2025-10-21,12:46:14,3
N44568,Pobeda,2024-07-10,06:36:19,229
U68168,Pobeda,2024-05-26,17:04:32,250
S7983,Red Wings,2024-04-17,15:53:40,155
SU1888,Nordwind,2025-12-20,23:04:17,27
FV3523,Nordwind,2025-10-19,15:18:19,3
UT1286,Ural Airlines,2025-02-09,11:08:46,244
DP1876,Aeroflot,2025-02-25,08:48:32,196
N42017,Utair,2024-01-04,17:46:58,90
SU3951,Rossiya,2024-03-02,05:33:19,118
U67884,Utair,2025-02-21,13:18:44,205
SU7826,Nordwind,2024-02-22,23:44:18,55
U64322,Ural Airlines,2025-02-05,08:59:59,101
N48173,Aeroflot,2024-08-12,22:42:46,206
DP2683,Red Wings,2024-09-03,14:17:01,2
FV2576,Red Wings,2025-04-08,00:31:46,264
DP5344,Aeroflot,2024-06-16,09:15:18,129
WZ9048,Ural Airlines,2024-08-05,00:47:01,163
SU9149,Pobeda,2025-12-13,09:43:53,278
N43778,Red Wings,2025-01-02,01:57:15,102
DP6294,Utair,2024-01-11,23:38:51,104
DP7926,Ural Airlines,2025-04-08,22:45:11,157
UT6554,Ural Airlines,2025-08-07,00:42:01,187
SU9326,Pobeda,2024-12-22,05:42:35,97
DP2932,Rossiya,2024-06-11,19:38:09,114
UT5057,Red Wings,2024-06-10,10:58:51,45
FV7840,S7 Airlines,2024-12-19,04:02:38,235
DP1943,Ural Airlines,2025-03-20,07:14:28,85
DP5128,Aeroflot,2024-12-27,22:54:59,28
UT4301,Red Wings,2024-03-15,14:09:42,225
UT7205,Pobeda,2024-07-06,11:09:05,15
N49622,Ural Airlines,2025-12-27,13:16:59,57
WZ3584,Pobeda,2025-07-09,01:59:26,27
S72392,Pobeda,2025-09-05,09:07:01,53
WZ3965,Ural Airlines,2025-08-18,07:15:50,12
DP653,Aeroflot,2025-08-12,17:18:50,298
N41535,Pobeda,2024-01-23,20:14:13,287
S7375,Nordwind,2025-01-05,22:50:36,137
SU8544,S7 Airlines,2024-07-09,02:37:21,163
UT6624,Rossiya,2024-11-19,16:06:37,259
SU4645,Ural Airlines,2024-08-20,19:06:30,204
UT6196,Ural Airlines,2025-01-09,19:26:54,169
U61685,Nordwind,2025-09-09,19:11:00,207
N4831,Aeroflot,2024-01-06,02:45:03,139
U67911,Pobeda,2025-02-08,12:51:58,236
N46381,Pobeda,2025-06-24,01:50:34,215
DP1452,Utair,2024-12-06,08:44:37,296
FV1317,Nordwind,2025-01-03,18:20:09,47
N44725,Pobeda,2024-02-23,14:25:40,7
FV685,Rossiya,2025-12-12,15:59:50,90
U68027,Ural Airlines,2024-01-08,18:06:14,123
DP8911,Pobeda,2025-01-22,14:28:03,105
N44654,Ural Airlines,2024-04-22,17:35:39,2
UT9829,Aeroflot,2024-10-01,07:07:48,30
S74034,Ural Airlines,2025-09-06,22:58:19,98
U69632,Red Wings,2024-05-27,19:13:05,201
DP2870,Red Wings,2025-10-05,18:03:22,218
UT8059,Aeroflot,2025-10-24,04:51:03,116
N4667,Pobeda,2024-08-02,00:05:00,171
UT3543,Aeroflot,2024-12-10,23:36:50,279
UT3813,Aeroflot,2025-07-13,10:33:16,47
DP5098,Ural Airlines,2024-04-09,15:27:01,131
U67336,Pobeda,2024-12-09,23:16:31,293
N46158,Aeroflot,2024-09-01,11:05:16,53
N44905,Pobeda,2024-12-05,16:13:04,47
DP7052,Rossiya,2025-06-15,04:50:03,98
WZ7063,S7 Airlines,2025-05-22,11:46:14,257
N45551,Red Wings,2024-03-17,02:31:54,127
WZ5302,S7 Airlines,2025-08-11,21:19:19,77
UT9045,Red Wings,2025-02-16,02:42:14,71
U68277,Nordwind,2024-04-25,19:33:29,180
DP6332,Red Wings,2024-05-20,22:37:58,231
FV2276,Rossiya,2024-12-24,15:35:01,18
S79648,Red Wings,2024-10-11,16:14:23,248
UT4533,S7 Airlines,2025-02-21,16:07:18,259
FV6643,Pobeda,2025-05-03,12:05:36,9
FV647,Red Wings,2025-09-26,11:36:28,91
WZ3120,Red Wings,2025-02-03,03:50:07,7
UT6333,Ural Airlines,2024-10-20,22:46:57,6
UT1801,Pobeda,2025-09-16,09:14:44,262
DP3658,Red Wings,2024-09-09,04:28:11,135
U6697,Aeroflot,2024-06-11,16:09:57,68
FV1871,Ural Airlines,2025-12-04,18:33:27,103
DP4626,Aeroflot,2025-07-25,04:05:22,20
S71922,Red Wings,2024-12-21,19:54:43,207
DP3679,Red Wings,2024-08-24,23:45:47,171
UT1291,Red Wings,2025-07-18,00:16:10,165
DP3534,Red Wings,2024-04-05,17:43:15,29
SU4247,Utair,2024-03-04,17:34:04,89
U65247,Rossiya,2024-02-24,04:19:00,222
WZ1834,Aeroflot,2024-12-28,07:18:52,48
FV776,Rossiya,2024-08-28,09:36:44,144
S71117,S7 Airlines,2024-08-10,07:43:24,49
DP7011,Pobeda,2025-03-24,08:50:12,148
N47413,Utair,2024-01-15,10:20:34,173
N46546,Rossiya,2024-02-21,12:51:58,81
FV1561,S7 Airlines,2024-02-23,22:59:11,7
UT5330,Utair,2025-11-23,04:01:36,101
SU4089,Red Wings,2025-11-24,04:11:51,11
N42529,Rossiya,2024-04-16,06:27:24,297
DP9959,Pobeda,2024-08-14,05:49:31,195
FV8197,Nordwind,2025-02-13,15:38:26,191
U6501,S7 Airlines,2025-08-27,07:45:17,224
WZ550,Utair,2025-05-15,18:16:02,222
UT8408,Ural Airlines,2025-07-27,18:47:21,26
U61560,S7 Airlines,2025-10-27,07:46:55,296
S79695,Red Wings,2025-05-04,10:44:02,119
N49255,Nordwind,2025-01-06,19:57:41,260
DP5004,Utair,2025-01-13,05:12:14,188
S74370,Ural Airlines,2025-01-28,19:29:06,72
U61008,Aeroflot,2025-02-13,00:26:13,60
U6394,Pobeda,2024-05-09,13:30:17,244
UT798,Red Wings,2025-03-27,14:17:59,300
FV9321,Rossiya,2025-10-08,12:23:21,243
SU4841,Rossiya,2024-10-09,13:33:06,208
N45508,Pobeda,2024-03-04,13:42:07,220
S75099,Nordwind,2025-04-16,16:54:48,182
DP5652,Nordwind,2024-03-13,18:18:17,17
U64294,Aeroflot,2024-05-17,09:48:29,295
FV3400,Pobeda,2024-04-01,07:26:57,134
DP7176,S7 Airlines,2024-02-11,15:30:53,174
SU7431,Ural Airlines,2024-03-18,18:58:08,213
U63140,Red Wings,2025-02-26,18:38:08,284
FV8638,Pobeda,2025-06-24,15:44:21,29
DP252,Rossiya,2025-09-15,09:36:40,90
FV6335,Ural Airlines,2025-02-12,21:50:44,188
U61073,Nordwind,2025-02-18,02:53:04,184
U69347,Ural Airlines,2024-09-16,15:13:40,174
UT2427,Aeroflot,2025-07-04,15:06:04,27
SU9490,Red Wings,2025-05-06,15:04:17,241
SU1649,Aeroflot,2024-06-06,00:22:17,90
UT3478,S7 Airlines,2025-01-18,11:51:36,218
UT4312,Pobeda,2024-03-06,02:27:47,135
N49930,Aeroflot,2025-10-28,19:50:19,171
S76439,Aeroflot,2025-06-06,07:23:28,156
UT4672,Nordwind,2024-12-01,16:32:01,179
U67025,Nordwind,2025-11-05,19:43:22,46
U68200,Nordwind,2025-05-22,02:26:59,282
S72030,Rossiya,2024-07-12,08:07:28,182
FV9688,Red Wings,2024-01-08,18:39:11,211
N46852,Ural Airlines,2024-06-25,17:57:37,61
U68366,Ural Airlines,2024-01-12,20:17:02,55
FV1862,Utair,2025-02-27,23:32:28,147
DP2012,S7 Airlines,2025-12-27,00:45:01,54
UT5072,S7 Airlines,2024-08-14,01:38:21,244
FV6258,S7 Airlines,2024-02-13,04:31:06,131
FV6841,Red Wings,2025-09-17,04:11:01,265
N49291,Rossiya,2025-04-24,11:31:11,206
UT438,Red Wings,2025-09-21,11:07:26,50
DP2994,S7 Airlines,2025-12-20,09:10:16,299
WZ6423,S7 Airlines,2025-05-02,22:10:40,216
DP5760,Nordwind,2024-08-12,14:59:45,3
U65523,Red Wings,2025-06-05,17:17:42,236
U6267,Red Wings,2025-08-17,08:11:22,29
WZ9869,Pobeda,2025-03-22,20:45:24,297
WZ5002,Red Wings,2025-03-07,04:44:55,60
UT4325,Pobeda,2024-10-16,07:38:18,73
UT4914,Aeroflot,2025-09-22,23:48:52,117
N43849,Rossiya,2025-07-13,18:36:46,262
DP7986,Pobeda,2024-10-17,07:11:04,92
FV1443,Aeroflot,2025-11-28,03:09:59,234
FV8799,S7 Airlines,2024-10-18,23:23:35,10
UT7043,Nordwind,2024-03-02,22:09:32,250
S7341,Pobeda,2025-09-02,22:22:43,203
FV1725,S7 Airlines,2024-01-26,10:03:36,180
WZ2112,Red Wings,2024-11-26,12:11:14,102
S71031,Red Wings,2024-02-04,15:11:35,35
S76083,Ural Airlines,2024-07-19,02:04:22,124
WZ4938,Ural Airlines,2024-02-23,22:57:20,175
U69068,Red Wings,2025-04-25,13:02:50,142
SU2813,Aeroflot,2025-06-08,22:50:41,85
UT9142,Aeroflot,2024-02-23,07:29:12,122
DP8161,Nordwind,2025-03-23,19:51:23,2
SU4410,S7 Airlines,2024-02-23,11:07:33,79
UT8856,Red Wings,2025-12-25,06:22:07,73
U65198,Rossiya,2025-05-21,22:28:54,97
WZ664,Ural Airlines,2024-10-09,06:03:00,196
SU5746,Ural Airlines,2024-05-06,03:16:22,126
UT6116,Red Wings,2025-04-15,14:30:09,187
S76558,Red Wings,2024-08-03,19:08:22,116
UT6788,Nordwind,2025-04-14,06:55:21,85
DP2318,Pobeda,2024-06-07,09:54:40,126
DP4205,Rossiya,2024-03-14,02:39:55,175
UT9627,Pobeda,2024-11-23,12:57:29,183
N46561,S7 Airlines,2025-01-25,22:01:54,286
N41686,S7 Airlines,2025-05-22,22:28:22,26
U65301,Red Wings,2025-01-04,18:30:21,219
UT1747,Pobeda,2024-01-23,05:20:11,90
UT2535,S7 Airlines,2025-03-10,20:45:12,227
U62377,Pobeda,2024-02-19,16:18:29,259
N42651,Pobeda,2024-04-24,22:21:01,54
FV8744,Red Wings,2024-07-19,20:36:06,17
U63044,S7 Airlines,2024-09-13,14:44:01,84
DP4917,Aeroflot,2025-04-13,05:25:49,23
SU5680,Rossiya,2025-01-17,11:50:21,229
U64953,Aeroflot,2024-01-07,19:47:09,92
N4912,Red Wings,2025-10-10,21:46:59,299
SU1866,Nordwind,2024-01-11,21:01:34,103
S78384,Nordwind,2025-03-16,15:22:57,254
WZ3101,S7 Airlines,2024-02-28,03:57:31,110
WZ8293,Ural Airlines,2025-06-28,04:15:34,13
UT9452,Red Wings,2024-04-24,18:25:24,56
SU3971,Utair,2025-09-12,04:49:14,211
U61727,S7 Airlines,2024-01-13,15:59:58,100
SU1418,Red Wings,2024-08-12,16:46:32,163
U61196,Rossiya,2024-12-23,23:53:02,237
S79424,Rossiya,2025-06-23,07:21:34,188
S76758,Red Wings,2025-09-19,06:53:38,232
FV9284,S7 Airlines,2024-05-13,03:02:45,86
SU667,Ural Airlines,2024-03-18,19:50:54,195
N49440,Aeroflot,2024-03-07,19:45:19,237
SU7092,Pobeda,2025-12-07,20:17:32,171
S78209,Utair,2024-11-11,16:33:11,119
UT4802,Pobeda,2025-02-05,18:04:51,118
FV6114,Red Wings,2024-08-08,05:55:26,269
S73746,Red Wings,2024-04-03,04:27:17,219
N4790,Utair,2025-04-08,23:42:03,183
WZ5753,Pobeda,2024-06-17,17:39:16,56
WZ9255,Utair,2024-01-20,08:14:11,30
S76693,Red Wings,2024-09-19,10:57:50,41
UT9221,S7 Airlines,2024-11-07,12:11:41,218
S74310,Utair,2025-11-01,06:41:36,97
DP5778,S7 Airlines,2025-10-04,00:40:22,107
DP1681,Pobeda,2025-05-28,09:27:57,82
U66744,Rossiya,2025-11-10,21:21:17,210
S78973,Aeroflot,2025-10-01,03:32:05,145
WZ9451,Ural Airlines,2024-09-19,09:56:54,282
S73374,Nordwind,2024-07-16,04:27:22,105
SU7797,Rossiya,2025-12-21,05:05:28,40
SU2307,Utair,2025-05-23,11:37:51,68
FV6686,Rossiya,2024-10-06,09:32:10,83
DP1987,Utair,2025-03-09,22:21:05,127
FV645,Utair,2025-04-27,03:22:39,129
U63073,Ural Airlines,2024-04-09,01:43:21,293
WZ7540,Nordwind,2024-12-03,16:56:04,107
S75854,Rossiya,2025-01-21,02:27:43,42
S77816,Nordwind,2024-02-06,18:50:52,15
SU6583,Utair,2024-10-18,16:37:56,20
SU1575,Red Wings,2025-10-15,12:37:28,250
SU9399,Rossiya,2025-08-28,03:43:34,20
S78326,Utair,2024-10-19,18:49:26,254
N47606,Utair,2024-09-10,03:53:53,180
DP200,Pobeda,2025-07-18,19:24:24,105
DP8187,Utair,2025-01-20,08:05:12,253
UT3608,Utair,2024-05-09,08:59:46,186
U69473,Ural Airlines,2024-12-22,06:45:23,185
DP4536,Red Wings,2025-05-25,16:39:30,227
WZ8532,Pobeda,2025-02-06,16:11:14,249
U63201,Utair,2024-03-06,13:39:21,230
N49984,Red Wings,2025-03-01,04:18:38,201
U64342,Pobeda,2024-05-04,06:00:32,34
UT4056,Pobeda,2024-10-17,15:04:03,191
FV1838,Utair,2025-03-12,22:45:31,73
U61441,Rossiya,2025-05-02,18:07:44,178
FV3542,Ural Airlines,2024-01-21,16:05:07,166
SU8604,Utair,2025-04-05,03:08:04,214
U66385,Pobeda,2024-09-08,16:34:05,92
FV2382,S7 Airlines,2025-04-11,06:49:58,81
SU2003,Utair,2025-11-14,12:47:15,9
SU6320,Aeroflot,2024-06-10,22:48:05,29
WZ7570,Rossiya,2025-11-07,10:34:35,167
S79677,Rossiya,2024-03-03,05:52:44,248
N49311,Rossiya,2025-12-28,04:35:38,148
WZ3363,Nordwind,2024-11-20,07:31:45,53
FV5884,Utair,2024-08-11,14:08:06,201
N43336,Red Wings,2024-01-23,17:43:03,61
FV1328,Utair,2024-04-21,17:13:13,142
N48107,Aeroflot,2024-12-19,20:43:16,256
U6651,Red Wings,2025-06-04,09:22:05,102
DP218,Aeroflot,2024-10-27,19:05:52,89
U62667,Red Wings,2024-08-06,12:57:38,62
U64056,Ural Airlines,2025-02-20,07:50:04,100
U68190,Pobeda,2025-11-06,16:43:49,204
U61886,Ural Airlines,2025-05-16,21:09:20,14
DP1893,S7 Airlines,2025-02-28,14:06:38,117
N43987,Rossiya,2025-09-12,02:04:40,185
WZ4465,S7 Airlines,2025-01-21,04:18:04,14
S73789,Rossiya,2024-02-07,10:08:25,230
N49301,Nordwind,2025-04-12,16:03:51,193
UT1323,Aeroflot,2025-03-15,23:37:33,196
DP6293,S7 Airlines,2024-07-20,17:46:41,112
N45690,Pobeda,2025-08-14,15:01:31,73
N48927,Nordwind,2025-08-13,20:33:57,87
UT1809,S7 Airlines,2024-10-04,15:53:23,151
U63903,S7 Airlines,2025-06-02,17:43:35,253
S75224,Pobeda,2024-02-14,21:57:37,67
WZ9369,Nordwind,2025-04-09,15:59:01,296
FV7059,Aeroflot,2025-09-17,20:03:27,231
DP4926,Rossiya,2025-10-27,11:52:41,59
DP3454,Aeroflot,2024-05-11,23:26:53,223
UT6387,Nordwind,2024-09-13,07:37:36,273
U66766,Nordwind,2025-12-10,19:06:45,214
SU4193,Red Wings,2025-06-06,15:13:33,68
S79120,Rossiya,2025-06-05,03:53:09,245
WZ4194,Aeroflot,2024-04-22,15:11:58,272
SU9701,Ural Airlines,2024-12-07,16:54:10,250
FV9952,Pobeda,2025-08-24,11:41:19,121
S71002,S7 Airlines,2025-07-14,07:22:28,217
DP2120,Aeroflot,2024-10-06,18:16:21,108
DP5531,Aeroflot,2024-09-20,11:26:50,284
WZ8354,Aeroflot,2024-10-17,07:31:52,287
SU2250,S7 Airlines,2024-04-07,00:40:01,134
S76686,Utair,2024-06-25,12:38:07,63
UT805,Rossiya,2025-01-25,06:20:30,14
U6925,Nordwind,2025-10-02,18:59:44,84
S72341,Nordwind,2025-07-09,04:21:56,193
FV5129,S7 Airlines,2025-09-16,23:06:03,76
WZ267,S7 Airlines,2024-08-15,00:50:54,17
WZ4533,Red Wings,2024-10-08,10:50:03,250
DP4540,Aeroflot,2025-08-06,00:37:57,290
S76893,Nordwind,2025-08-28,03:49:19,268
FV2330,Ural Airlines,2024-03-12,09:29:05,134
S77035,Red Wings,2024-01-17,08:54:22,44
DP8205,Utair,2024-09-15,20:05:46,30
S79479,Ural Airlines,2024-06-21,01:40:39,3
DP3536,Red Wings,2024-04-15,09:11:02,152
U68797,Pobeda,2025-08-25,17:36:48,254
DP6671,Nordwind,2024-11-20,08:33:43,250
WZ7464,Aeroflot,2025-04-13,23:47:59,140
SU3996,Utair,2025-03-05,01:41:56,193
WZ4713,Ural Airlines,2024-08-03,13:01:46,282
FV4079,Aeroflot,2025-09-17,18:35:25,155
UT3861,Nordwind,2024-08-23,11:29:50,228
DP3144,Ural Airlines,2024-01-08,16:31:05,119
U63747,Rossiya,2025-02-24,13:32:43,22
U64193,Utair,2024-10-10,21:56:23,219
SU3532,Pobeda,2025-03-15,16:47:40,259
DP1412,Aeroflot,2024-02-14,11:51:39,111
UT3816,Ural Airlines,2024-03-28,15:26:53,29
WZ6054,Pobeda,2024-03-23,05:44:45,157
FV6521,Aeroflot,2025-10-04,08:17:54,221
DP8124,Aeroflot,2024-12-20,15:51:14,20
DP8396,Utair,2024-04-07,15:00:25,44
SU5795,Utair,2025-09-12,03:05:27,273
DP3817,Ural Airlines,2025-12-15,14:39:58,265
WZ7720,S7 Airlines,2025-06-02,22:13:56,288
SU6925,Pobeda,2024-08-14,03:52:22,149
N45304,Red Wings,2024-07-12,05:25:29,71
WZ3382,Ural Airlines,2024-08-04,10:29:06,91
U67686,Rossiya,2025-01-24,10:41:43,135
U63187,Aeroflot,2025-10-27,07:02:39,220
S71211,Ural Airlines,2024-07-04,09:01:05,198
U65156,Utair,2025-05-26,09:53:34,219
DP4498,Pobeda,2024-03-10,19:57:26,104
DP3327,Ural Airlines,2024-03-07,17:55:31,50
FV9079,Nordwind,2025-10-28,19:40:36,288
SU5564,Pobeda,2024-03-18,18:04:29,10
UT9769,Rossiya,2024-12-04,11:46:52,183
SU3257,Rossiya,2024-03-07,08:37:30,112
N46031,Nordwind,2025-11-27,20:50:40,153
UT2238,Red Wings,2025-06-23,01:18:21,299
WZ6094,Utair,2024-08-23,12:01:19,277
SU7148,Aeroflot,2025-11-06,04:42:13,292
N49633,Pobeda,2024-08-27,21:09:34,76
S78253,Pobeda,2025-12-08,00:50:08,297
N46469,Pobeda,2025-05-10,03:36:30,191
S74690,Pobeda,2024-07-09,20:49:21,123
N47928,Aeroflot,2024-04-16,17:05:41,210
N47212,Pobeda,2025-10-09,04:26:17,116
U65793,Ural Airlines,2025-03-09,21:52:11,19
DP7948,Aeroflot,2024-12-10,15:29:39,125
N46463,S7 Airlines,2025-08-24,15:47:44,251
U67890,Ural Airlines,2025-11-26,04:40:10,98
FV7729,Rossiya,2025-03-22,08:23:41,106
SU3240,Rossiya,2025-03-07,01:59:00,103
N43157,Red Wings,2025-12-28,17:13:47,268
FV5791,Pobeda,2025-01-23,21:59:46,39
SU7350,Utair,2024-09-12,22:41:29,27
U6750,Ural Airlines,2024-06-07,02:45:53,94
WZ5011,Red Wings,2024-11-06,12:58:29,292
SU6885,Ural Airlines,2025-11-13,14:13:10,75
WZ3205,Red Wings,2024-11-17,11:25:25,137
U67584,Aeroflot,2025-10-19,07:02:39,4
SU5466,Aeroflot,2024-08-12,15:44:55,24
WZ1025,Rossiya,2024-04-08,07:39:11,95
S77717,S7 Airlines,2025-05-22,11:37:53,81
UT9153,Ural Airlines,2024-07-10,15:15:32,279
WZ418,Aeroflot,2024-03-01,02:07:52,28
U64563,Red Wings,2024-11-27,07:46:47,296
S76065,Nordwind,2024-04-01,01:25:33,196
FV5642,S7 Airlines,2024-01-20,09:10:42,292
WZ8089,Utair,2024-11-17,04:40:47,219
FV413,Rossiya,2025-07-26,05:35:42,8
S72402,Utair,2024-08-14,00:17:20,212
S75803,Utair,2025-07-06,09:17:50,66
SU9927,Nordwind,2025-03-15,04:43:24,215
FV5789,Ural Airlines,2025-07-22,20:54:39,241
DP5467,Utair,2025-04-27,09:48:21,51
N49459,Utair,2024-06-12,03:44:52,29
UT2397,S7 Airlines,2024-12-27,00:44:16,73
SU7925,Utair,2024-07-19,12:14:39,286
DP7182,Utair,2025-12-01,18:25:00,279
DP3657,Utair,2024-05-02,03:29:42,58
S77605,S7 Airlines,2024-09-04,00:39:56,189
WZ3576,Utair,2024-12-13,22:00:43,279
DP1694,Ural Airlines,2024-02-21,19:03:34,231
S74329,S7 Airlines,2025-08-12,06:26:51,34
U69567,Utair,2024-08-08,00:02:09,159
UT4947,Pobeda,2025-05-19,11:08:04,87
UT8409,Red Wings,2024-11-14,20:32:04,219
FV8646,Nordwind,2024-04-18,16:50:14,92
N49865,Rossiya,2025-02-01,08:29:11,73
WZ2398,Red Wings,2025-01-05,05:54:43,168
FV3620,Utair,2024-05-09,14:42:11,190
DP2287,Rossiya,2025-06-20,20:19:15,288
FV6357,Utair,2024-01-09,03:13:14,127
SU3647,Rossiya,2024-06-01,00:05:54,148
WZ5015,Nordwind,2024-05-18,22:20:13,141
UT2484,S7 Airlines,2025-07-16,18:29:13,256
UT1739,Ural Airlines,2025-05-05,22:12:03,2
FV5113,Ural Airlines,2025-12-14,09:05:54,0
SU8323,Rossiya,2024-05-17,20:55:02,231
UT9470,Pobeda,2024-11-14,05:24:56,221
S77465,Nordwind,2024-02-09,13:34:05,24
N4824,Rossiya,2024-02-12,23:08:26,137
N45914,Red Wings,2024-06-18,03:47:58,175
UT6722,Pobeda,2025-10-06,13:01:58,197
U68450,Nordwind,2024-12-01,02:18:44,93
DP2542,Pobeda,2025-03-11,06:49:51,62
UT3067,Nordwind,2024-03-27,11:50:45,119
FV1302,Utair,2025-07-25,04:57:05,245
DP3079,Pobeda,2024-04-17,02:28:44,219
FV9726,Nordwind,2024-05-25,09:55:25,268
WZ7158,Aeroflot,2025-08-04,10:20:11,53
SU9016,Pobeda,2024-09-04,00:54:38,233
SU8331,Red Wings,2024-05-21,15:38:50,186
UT7693,Red Wings,2025-07-26,02:33:33,180
SU7472,Pobeda,2024-11-03,20:45:58,279
WZ957,Rossiya,2024-01-06,04:47:53,170
UT8872,Utair,2024-08-02,10:42:39,53
N42892,Rossiya,2025-04-13,04:56:26,11
S7463,Nordwind,2024-07-05,21:00:21,244
SU9881,Red Wings,2024-08-17,16:25:41,27
FV4458,Nordwind,2024-08-11,23:25:16,40
S72058,Nordwind,2025-09-17,06:39:07,64
N48537,Utair,2024-01-13,06:34:28,224
N46204,Rossiya,2025-01-23,02:48:35,36
N47104,Ural Airlines,2024-03-05,10:26:05,216
UT4825,Aeroflot,2025-06-05,23:29:38,222
WZ4227,Ural Airlines,2024-06-09,21:54:15,92
WZ5757,Aeroflot,2025-10-17,10:05:10,129
U63524,Pobeda,2024-03-13,19:37:10,264
S79747,Utair,2025-02-02,20:52:56,81
DP3443,Utair,2024-03-06,15:02:28,288
S7350,S7 Airlines,2024-12-18,18:20:40,236
FV8319,S7 Airlines,2025-01-19,17:12:30,88
U66044,Nordwind,2024-03-14,07:44:20,121
SU9734,Red Wings,2024-10-02,08:41:56,173
SU2194,Nordwind,2025-05-03,00:38:23,232
SU3331,Rossiya,2025-10-13,22:44:51,85
WZ2662,Utair,2024-12-07,09:26:08,179
WZ7675,Aeroflot,2025-06-14,23:56:11,237
WZ6695,Ural Airlines,2024-12-01,01:55:11,141
S76291,Aeroflot,2025-01-04,13:00:40,209
SU9818,S7 Airlines,2024-06-25,06:08:42,1
UT6922,Nordwind,2024-11-02,04:41:33,79
WZ2014,Utair,2024-09-18,19:47:08,135
WZ5261,Pobeda,2024-10-12,17:38:07,148
SU2107,Utair,2024-06-09,10:29:21,11
N49688,Nordwind,2025-12-18,04:50:03,276
S76254,Red Wings,2024-12-24,00:25:40,143
SU5192,Nordwind,2024-09-24,23:18:41,83
FV6075,Pobeda,2025-09-08,05:02:15,281
U66036,Ural Airlines,2025-03-17,18:24:50,189
FV9231,S7 Airlines,2024-03-14,01:17:01,149
U68800,Nordwind,2025-01-10,20:51:56,57
N49969,Pobeda,2025-04-01,17:20:29,96
S76049,Red Wings,2024-08-14,22:05:44,237
DP9884,Utair,2025-01-26,21:41:49,84
U65875,Rossiya,2024-07-01,21:56:48,106
SU5392,Red Wings,2024-02-18,09:37:08,127
WZ5587,Rossiya,2024-03-03,08:57:17,291
FV5409,Aeroflot,2024-03-15,23:20:56,106
DP5961,Red Wings,2025-08-07,16:45:54,158
S72567,Utair,2025-12-16,23:11:09,63
UT5151,Nordwind,2025-12-13,06:26:00,91
FV3398,Nordwind,2025-02-15,05:07:40,4
U62084,Rossiya,2025-09-27,06:59:16,143
FV8404,Ural Airlines,2024-10-03,07:16:03,25
SU3945,Utair,2024-11-10,08:31:26,39
U64159,Rossiya,2025-12-25,02:43:16,218
UT6327,Pobeda,2024-07-20,20:59:04,163
N48071,S7 Airlines,2025-07-01,09:28:13,128
U69900,Ural Airlines,2024-04-15,13:35:45,38
U69570,S7 Airlines,2024-06-12,06:42:41,263
FV5184,Utair,2025-03-23,20:59:46,216
U62948,Red Wings,2024-05-04,07:23:00,187
S75832,S7 Airlines,2024-11-05,13:47:42,186
S73899,Red Wings,2024-05-13,15:11:08,59
UT6716,S7 Airlines,2025-02-02,16:24:56,91
S77119,Nordwind,2025-03-03,05:11:38,70
UT3380,Utair,2024-03-23,22:06:56,268
N4243,Red Wings,2025-01-17,01:41:31,68
DP5434,Utair,2024-08-11,14:16:11,207
SU1250,Aeroflot,2024-11-15,17:42:19,264
WZ9739,Pobeda,2025-04-20,10:19:24,158
WZ6933,Nordwind,2024-01-18,20:16:05,182
DP7321,Aeroflot,2024-06-09,01:28:23,145
WZ277,S7 Airlines,2025-04-03,03:21:50,35
WZ8039,S7 Airlines,2024-03-08,04:50:33,291
N41042,Ural Airlines,2025-03-10,18:04:47,129
S75142,Utair,2024-04-06,17:36:53,78
SU2473,Aeroflot,2024-10-19,09:25:02,249
SU3153,Nordwind,2025-06-03,21:54:53,47
N43901,Pobeda,2025-10-13,01:00:54,263
WZ9208,Ural Airlines,2024-10-12,09:34:24,106
WZ523,Pobeda,2025-02-03,21:34:01,277
N45572,Pobeda,2025-08-06,05:50:51,113
FV3647,Utair,2024-03-07,05:24:39,160
FV4598,Rossiya,2025-02-24,10:06:33,67
N42282,S7 Airlines,2024-11-17,17:35:26,143
N49626,Rossiya,2024-08-28,17:03:11,158
SU8519,Nordwind,2024-06-26,17:53:47,27
UT9077,Utair,2024-09-15,10:18:02,89
N45231,Nordwind,2024-05-21,04:26:00,61
FV9136,Rossiya,2024-05-19,03:23:38,147
UT9770,Aeroflot,2024-12-19,07:14:34,294
S79698,Nordwind,2024-09-27,07:20:31,177
N44992,Rossiya,2025-10-06,20:56:09,168
DP5557,Rossiya,2025-03-25,08:24:52,4
DP3012,Utair,2025-01-05,13:03:58,59
UT9781,Ural Airlines,2024-06-11,18:30:42,81
S72853,Utair,2024-01-09,16:15:27,142
N4592,S7 Airlines,2025-05-02,08:30:04,249
FV8523,Red Wings,2024-07-25,21:43:23,145
U65383,Utair,2025-11-14,11:03:17,142
WZ6736,Red Wings,2024-11-01,18:45:12,108
SU7517,Red Wings,2025-02-15,22:54:22,251
WZ7103,Pobeda,2024-01-24,04:18:40,85
SU4059,Rossiya,2025-06-06,23:03:04,137
SU3394,Ural Airlines,2025-02-16,11:13:33,237
DP143,Rossiya,2024-07-12,20:05:33,255
UT203,Rossiya,2024-09-14,07:34:13,72
N48241,Rossiya,2025-07-19,02:54:08,256
S73437,Ural Airlines,2025-09-03,23:53:39,53
SU6829,Aeroflot,2025-06-22,11:45:21,12
FV3666,Pobeda,2025-04-17,18:38:57,205
FV573,Aeroflot,2024-07-06,00:16:55,239
FV3649,Red Wings,2024-05-09,07:53:29,115
UT7841,Red Wings,2025-10-22,10:26:17,23
DP1134,Rossiya,2024-07-21,03:30:34,251
N44395,Aeroflot,2024-08-24,04:12:56,11
WZ1512,Rossiya,2024-05-22,00:21:12,53
UT6425,Utair,2024-06-19,07:31:14,177
FV1370,S7 Airlines,2025-06-23,02:25:43,225
FV8779,Aeroflot,2025-12-23,05:45:29,246
UT5705,Red Wings,2025-06-10,23:12:21,278
U65177,Pobeda,2025-07-22,05:05:11,117
S78163,Nordwind,2024-05-15,00:53:21,137
FV7161,Ural Airlines,2024-07-02,23:47:05,13
DP1771,Red Wings,2025-05-03,12:18:50,20
FV8766,S7 Airlines,2024-12-11,14:28:00,133
SU7351,Rossiya,2024-08-10,18:26:34,19
DP1968,Aeroflot,2025-01-19,11:05:57,182
UT3378,Aeroflot,2025-04-18,02:31:25,294
U63599,Red Wings,2024-03-10,09:36:09,95
S75187,Pobeda,2024-12-19,06:16:08,46
SU934,Rossiya,2025-06-12,23:29:16,71
DP3377,Utair,2024-05-04,23:51:15,234
WZ5662,Utair,2025-01-21,23:42:37,284
S79772,S7 Airlines,2024-05-06,21:28:03,29
S76040,S7 Airlines,2024-11-28,19:32:10,105
SU6400,Aeroflot,2025-02-12,13:26:24,142
U65356,Rossiya,2025-12-21,03:15:52,89
S72674,Nordwind,2025-10-21,10:26:36,2
UT9323,Red Wings,2024-12-21,11:49:09,52
N46879,Red Wings,2024-06-23,13:55:45,169
WZ6769,Ural Airlines,2025-12-10,01:26:27,269
DP9796,Ural Airlines,2025-08-28,18:47:59,121
FV9098,Red Wings,2025-03-04,09:23:25,119
U61611,Red Wings,2024-05-26,09:20:28,83
DP7129,Rossiya,2025-03-19,00:08:57,27
S75739,Red Wings,2025-04-06,15:37:59,258
N41860,Pobeda,2025-05-02,07:53:12,254
FV7203,Aeroflot,2025-07-13,15:51:07,28
S72631,Ural Airlines,2024-02-16,23:49:58,223
WZ5227,S7 Airlines,2025-11-20,07:52:03,237
WZ7639,S7 Airlines,2024-07-12,04:20:02,23
UT330,Pobeda,2024-11-04,12:02:49,15
N46361,Ural Airlines,2025-02-14,01:50:27,292
DP2770,Nordwind,2024-09-26,00:10:33,247
WZ2313,Nordwind,2024-03-13,12:58:41,27
U63402,Red Wings,2024-12-01,00:28:16,68
WZ1100,Rossiya,2025-04-01,14:46:51,186
SU5812,Aeroflot,2025-09-05,08:53:56,91
U64666,Rossiya,2024-02-18,05:18:48,245
WZ2337,Rossiya,2025-09-04,01:55:48,59
DP5712,S7 Airlines,2025-01-22,19:58:57,230
UT3399,Rossiya,2024-07-17,12:15:57,128
SU7727,Nordwind,2024-06-15,08:16:45,134
UT7866,Pobeda,2024-12-23,13:18:26,174
FV3101,Pobeda,2025-03-07,23:15:56,44
DP1458,Utair,2024-06-09,13:21:20,267
FV6360,S7 Airlines,2025-04-22,12:48:22,117
SU3870,Nordwind,2024-05-10,12:16:28,51
S75908,Nordwind,2024-07-09,21:01:54,169
N49098,Rossiya,2025-02-27,02:07:54,186
UT9834,Rossiya,2025-05-08,21:55:46,38
U68086,Rossiya,2025-04-17,07:29:51,164
N48553,Rossiya,2024-06-09,13:52:50,272
SU6082,Rossiya,2025-12-27,17:05:07,75
U66037,Utair,2025-03-14,09:26:38,197
DP3071,Utair,2025-10-02,14:30:58,111
SU8608,S7 Airlines,2025-10-21,20:06:55,116
UT6780,Nordwind,2025-05-13,16:33:23,286
U69183,Ural Airlines,2024-11-13,00:33:58,295
DP8291,S7 Airlines,2025-12-22,01:01:23,269
S76166,Aeroflot,2024-04-17,15:58:18,149
SU8768,Red Wings,2025-02-01,00:48:31,290
UT6554,Pobeda,2024-04-03,11:47:04,119
U67196,Aeroflot,2024-01-06,12:50:10,200
S73822,Aeroflot,2025-07-19,09:44:48,238
U64703,Ural Airlines,2024-07-22,15:16:33,153
DP9164,Utair,2025-12-21,16:55:58,86
DP7201,Rossiya,2024-06-03,18:05:31,235
WZ975,Red Wings,2025-03-11,01:51:06,40
S73750,Pobeda,2024-04-07,15:58:41,270
S79522,Pobeda,2024-08-02,17:33:17,157
S71311,S7 Airlines,2025-01-25,12:01:58,206
DP8996,Red Wings,2024-02-25,22:36:54,263
FV8758,Ural Airlines,2025-09-03,18:16:33,164
N49992,Utair,2025-08-28,11:23:30,73
N44131,Red Wings,2024-02-27,11:43:54,198
U65911,Rossiya,2025-03-25,10:26:41,195
FV2570,S7 Airlines,2024-01-07,00:57:22,53
U61930,Ural Airlines,2025-04-15,07:05:38,13
S75709,Aeroflot,2025-06-03,01:51:45,207
UT3847,Nordwind,2024-02-23,02:39:56,84
WZ6423,Aeroflot,2025-12-25,00:14:27,50
DP4373,Pobeda,2025-05-13,06:13:46,138
N42986,Rossiya,2025-10-03,06:03:22,181
N46165,Pobeda,2024-01-15,13:39:01,178
FV8513,Utair,2025-06-15,00:15:21,287
FV2678,Ural Airlines,2025-07-03,18:33:10,112
SU5877,Red Wings,2025-06-23,18:42:59,60
S77393,Ural Airlines,2025-08-16,17:11:50,195
DP4844,Aeroflot,2024-12-28,13:32:57,79
WZ9064,Rossiya,2025-12-01,21:55:58,143
N47573,Nordwind,2024-03-14,07:59:10,265
WZ7226,Ural Airlines,2025-09-10,17:45:29,28
U67314,Rossiya,2025-10-17,09:14:26,258
WZ877,Aeroflot,2024-01-10,21:20:33,227
S77622,Red Wings,2025-09-09,11:19:31,129
U63818,Rossiya,2025-09-12,15:39:52,100
DP5716,Red Wings,2025-08-14,08:24:56,140
DP7169,Ural Airlines,2025-03-07,20:45:35,163
SU8983,S7 Airlines,2024-08-14,00:00:30,38
FV5257,Pobeda,2024-08-06,07:08:53,167
U66692,Ural Airlines,2025-10-25,01:39:05,2
FV3111,Utair,2024-08-16,10:32:42,6
DP4214,S7 Airlines,2024-03-23,19:36:30,157
WZ3601,Rossiya,2025-10-02,21:59:42,193
N4932,Nordwind,2025-06-18,07:51:47,207
FV9544,S7 Airlines,2025-11-03,07:44:36,234
U68507,S7 Airlines,2024-03-09,22:08:44,155
U61506,Nordwind,2024-05-16,20:13:00,177
WZ9631,Aeroflot,2025-05-15,05:18:37,286
U65761,Utair,2024-05-24,18:00:58,72
WZ5141,Ural Airlines,2024-12-02,23:52:54,284
DP7106,Ural Airlines,2025-03-25,12:22:22,40
UT6588,Ural Airlines,2024-07-12,18:13:14,231
FV8718,Ural Airlines,2024-01-03,00:05:48,18
SU3554,Red Wings,2024-07-01,18:07:46,81
N45186,Ural Airlines,2025-08-28,07:04:51,53
DP8495,Aeroflot,2025-04-13,07:55:17,259
UT9517,Red Wings,2025-11-23,08:05:28,283
DP6220,Aeroflot,2025-07-23,10:31:32,209
SU9935,Ural Airlines,2025-03-07,18:29:41,39
N46060,Red Wings,2024-10-18,22:35:50,16
WZ3136,Nordwind,2025-02-09,21:07:05,124
N45471,Aeroflot,2024-04-26,22:13:50,176
FV137,Aeroflot,2024-05-11,19:20:47,285
DP9059,Ural Airlines,2024-12-17,05:22:53,187
DP1346,Red Wings,2024-11-10,08:27:06,49
DP577,Ural Airlines,2024-10-04,11:05:02,218
FV7405,S7 Airlines,2025-08-05,08:35:35,237
UT6935,Red Wings,2024-02-13,18:30:05,4
UT8626,Nordwind,2025-04-01,00:58:13,295
U63720,Utair,2024-08-15,05:50:06,133
S78475,Utair,2025-11-13,05:54:47,230
U68854,S7 Airlines,2025-12-23,21:09:05,39
WZ9403,Nordwind,2025-01-05,07:16:36,242
FV8480,Nordwind,2025-04-17,11:56:47,107
N41977,Rossiya,2025-09-10,12:15:43,106
UT9025,Aeroflot,2025-01-04,08:43:01,97
FV3898,Red Wings,2024-04-21,14:20:21,193
S77064,Ural Airlines,2025-10-23,01:28:08,266
UT1961,Pobeda,2024-04-16,01:46:01,11
UT170,Rossiya,2025-05-08,13:33:52,80
N42928,Rossiya,2025-07-09,01:40:39,156
SU5176,Nordwind,2024-03-26,02:14:48,191
FV5194,S7 Airlines,2025-06-01,19:10:56,29
N43847,Rossiya,2024-07-09,01:08:59,214
S72549,Utair,2024-10-02,10:46:54,280
DP9659,Aeroflot,2025-12-16,16:14:46,221
DP1067,Pobeda,2024-11-23,03:19:59,296
N47418,Rossiya,2024-11-06,20:15:22,243
N48948,Aeroflot,2025-06-01,08:03:57,284
SU5097,Pobeda,2024-06-07,16:49:08,199
SU565,Aeroflot,2024-09-13,21:19:15,186
DP9233,Red Wings,2025-01-07,03:54:44,63
DP7092,Ural Airlines,2024-04-16,23:41:08,220
U66188,Red Wings,2025-11-15,13:33:56,216
S76507,Utair,2025-09-24,17:49:15,279
WZ7434,Nordwind,2025-04-25,23:16:04,73
S73912,Aeroflot,2024-09-06,21:08:59,246
U69689,Ural Airlines,2025-04-13,23:16:24,226
UT2722,Rossiya,2025-11-06,01:23:25,155
DP3858,Utair,2024-04-27,10:05:19,209
UT1304,Red Wings,2025-08-12,08:26:37,42
S79704,Nordwind,2025-11-14,08:07:00,162
SU8338,Aeroflot,2025-09-08,04:05:30,124
WZ5106,Nordwind,2024-06-23,02:13:38,130
N47678,Nordwind,2025-11-08,11:48:34,89
U68153,Red Wings,2025-07-19,18:15:23,273
FV647,Ural Airlines,2024-12-12,17:02:51,100
N45095,Aeroflot,2025-06-13,11:21:19,21
FV6256,Red Wings,2025-10-19,07:08:57,274
U65266,S7 Airlines,2025-03-01,05:53:53,72
SU155,Nordwind,2025-10-13,23:41:04,96
N47942,Utair,2024-09-10,06:20:50,240
FV3988,Red Wings,2024-06-23,09:36:21,187
DP8752,Red Wings,2025-04-25,13:35:20,240
U68296,Rossiya,2024-05-03,08:03:51,252
UT3780,S7 Airlines,2025-03-20,15:58:26,167
WZ2393,Pobeda,2024-04-07,18:13:55,84
DP1289,Red Wings,2025-07-21,06:24:29,77
N43784,Pobeda,2024-04-09,13:53:16,11
DP6732,Ural Airlines,2024-12-05,10:33:47,200
DP4440,Utair,2025-05-26,20:08:19,263
U64908,Utair,2024-01-17,21:20:01,132
S72833,Pobeda,2024-01-02,17:58:26,55
WZ2940,S7 Airlines,2025-03-04,04:57:52,178
N44368,Nordwind,2025-03-16,13:28:32,145
U63211,Rossiya,2024-10-10,15:09:46,135
SU1807,Rossiya,2024-06-09,10:57:38,15
SU2023,Pobeda,2025-04-04,06:11:00,136
S74552,Nordwind,2025-02-07,16:25:46,110
U63930,Utair,2025-05-08,07:43:08,78
SU4541,Nordwind,2025-01-02,21:56:25,270
DP8141,Utair,2025-05-20,22:57:17,148
UT8525,Nordwind,2025-04-11,17:06:12,149
S76103,Ural Airlines,2024-11-04,11:32:12,238
SU4252,Ural Airlines,2024-11-07,01:07:28,93
U67220,Ural Airlines,2025-12-22,00:08:06,231
WZ2820,Ural Airlines,2024-10-20,21:49:10,175
U69654,Ural Airlines,2024-07-27,15:47:47,20
S74445,Utair,2024-11-23,20:09:34,164
FV1822,Pobeda,2025-01-01,17:12:08,276
DP7638,Red Wings,2025-05-08,14:20:41,93
DP2158,Rossiya,2024-09-10,02:26:41,69
UT8787,Red Wings,2024-06-20,02:03:56,292
S7387,Pobeda,2025-07-03,00:16:47,278
S72888,Ural Airlines,2024-10-05,23:59:18,240
DP7089,Pobeda,2025-02-23,05:20:23,18
UT5512,Utair,2024-11-28,23:41:16,64
FV5860,Rossiya,2025-08-01,09:44:17,216
SU2614,Rossiya,2024-07-26,09:17:26,291
U67651,Aeroflot,2025-05-23,09:39:06,92
S79286,S7 Airlines,2025-06-18,10:21:58,273
WZ1587,Red Wings,2025-11-28,04:20:50,218
WZ1534,Aeroflot,2025-10-19,10:21:58,242
N4239,Aeroflot,2025-12-15,21:20:05,153
U63125,Nordwind,2024-12-06,19:46:20,299
WZ7055,Pobeda,2025-05-04,05:15:43,183
UT2514,Pobeda,2024-12-20,05:52:45,120
FV3704,Ural Airlines,2024-12-08,18:31:01,104
S79377,Aeroflot,2024-11-09,18:58:23,5
U65789,Utair,2025-09-01,20:44:01,124
FV4848,Aeroflot,2024-08-05,20:33:53,6
WZ5382,Aeroflot,2025-03-04,05:22:07,203
S75063,Ural Airlines,2024-10-20,22:59:26,286
WZ2425,Ural Airlines,2025-04-16,04:47:13,211
N45813,Aeroflot,2025-06-28,08:13:18,151
WZ605,Nordwind,2025-01-27,07:51:00,80
S74511,Red Wings,2025-05-16,22:36:46,272
DP4768,Rossiya,2025-03-17,18:06:01,46
WZ9536,Red Wings,2024-03-13,04:00:41,72
SU6449,Pobeda,2024-06-03,08:44:34,227
FV5729,Utair,2024-03-08,13:04:47,111
WZ7977,S7 Airlines,2025-09-19,08:48:40,38
UT8389,Ural Airlines,2025-04-16,12:42:33,117
FV3419,Aeroflot,2024-03-12,01:49:01,186
WZ3519,Pobeda,2024-01-25,11:56:46,171
N42792,Rossiya,2024-06-20,00:09:05,263
SU6285,Utair,2025-07-14,10:58:20,105
DP3131,Pobeda,2025-06-19,06:08:12,26
N47407,S7 Airlines,2025-01-03,19:08:09,228
WZ3054,Red Wings,2024-11-23,09:48:22,96
SU3663,Rossiya,2024-03-08,18:45:09,7
DP6165,Rossiya,2025-06-11,14:53:39,298
UT2872,Utair,2025-05-15,15:35:34,229
N4695,Rossiya,2024-06-18,03:57:27,280
FV5516,S7 Airlines,2024-01-12,12:20:05,180
FV3798,Aeroflot,2024-04-27,15:47:41,69
N4625,Nordwind,2025-09-17,13:31:41,288
N49777,Ural Airlines,2024-10-17,20:50:11,171
S72618,Pobeda,2025-05-04,18:47:54,181
UT7450,Nordwind,2024-04-01,16:13:01,135
U61769,Ural Airlines,2025-12-27,23:14:54,95
SU3516,S7 Airlines,2024-10-07,20:52:33,34
DP5368,Aeroflot,2025-07-04,16:06:20,28
WZ1264,Rossiya,2025-11-13,06:40:09,68
DP2583,Pobeda,2024-08-06,16:52:43,205
N43790,Nordwind,2024-01-26,09:49:44,199
U64075,Rossiya,2025-02-08,02:55:26,7
SU9519,Utair,2025-08-08,04:59:10,104
N47284,Red Wings,2025-07-11,17:37:03,103
WZ6625,Ural Airlines,2025-07-21,10:04:45,7
FV5145,Aeroflot,2025-06-23,21:40:21,264
N46653,Utair,2025-12-14,19:06:43,171
DP5303,Nordwind,2025-03-26,07:26:54,287
U65505,Red Wings,2024-06-06,05:16:29,250
DP2850,Nordwind,2024-12-06,16:22:06,169
N41929,Red Wings,2024-05-08,16:15:01,209
U65832,Red Wings,2025-06-26,13:20:32,32
U61798,Ural Airlines,2024-10-02,23:12:44,237
SU910,Aeroflot,2024-07-02,14:03:33,233
N49004,Utair,2024-11-26,18:38:05,20
UT9117,Utair,2024-05-13,17:43:19,252
FV6283,Utair,2025-10-07,19:31:54,6
S73496,Utair,2025-09-23,12:47:42,76
DP6164,Pobeda,2025-03-01,16:14:58,130
UT8458,Ural Airlines,2024-08-01,08:24:28,64
N49017,Nordwind,2024-10-24,23:04:58,43
WZ7336,Red Wings,2025-08-11,18:31:52,78
UT1727,Red Wings,2024-08-20,09:13:29,156
FV9829,Pobeda,2025-01-21,15:25:38,40
DP1405,Red Wings,2025-06-22,04:10:13,259
FV1601,Pobeda,2024-08-15,16:36:17,247
UT6361,Utair,2024-11-18,08:36:39,43
N46949,Pobeda,2024-05-07,16:49:19,226
DP2768,Rossiya,2025-02-28,18:19:45,222
SU6313,Utair,2025-11-24,18:23:38,214
N41913,Aeroflot,2024-05-03,22:43:57,25
SU5803,Aeroflot,2024-01-10,16:40:57,22
U67185,Utair,2024-03-19,21:45:20,289
S76132,Nordwind,2025-12-19,19:00:27,265
UT7574,Rossiya,2025-06-20,23:48:13,152
DP6641,Utair,2025-12-10,00:28:01,253
SU1443,Nordwind,2024-11-14,21:16:30,221
N48644,Rossiya,2024-01-14,03:56:56,128
N45073,Nordwind,2024-09-01,03:06:44,222
U68379,Pobeda,2024-08-16,07:22:03,277
S72966,Rossiya,2025-10-03,23:04:01,70
FV6532,Aeroflot,2025-01-18,19:57:26,284
WZ7378,Utair,2025-07-02,08:35:16,225
WZ6850,Utair,2025-02-01,23:14:55,21
S79349,Rossiya,2024-05-24,10:44:17,184
WZ9218,Utair,2025-12-27,17:22:48,206
U67861,Ural Airlines,2025-06-09,13:49:51,286
SU6406,S7 Airlines,2024-07-04,02:20:55,90
DP5503,Pobeda,2024-10-06,03:28:39,116
S73770,S7 Airlines,2024-04-28,18:29:04,274
FV7487,Rossiya,2025-04-27,10:08:14,159
U64236,Pobeda,2024-07-28,14:44:31,232
S7547,Aeroflot,2024-09-15,01:48:36,199
FV9647,S7 Airlines,2025-11-02,01:30:20,179
FV5243,Nordwind,2025-06-02,09:40:09,17
SU7191,Red Wings,2024-08-05,09:05:51,0
N4172,Utair,2024-01-21,05:00:48,259
FV8672,Pobeda,2025-08-28,10:45:47,296
FV2736,Nordwind,2025-06-02,18:07:47,165
SU6650,Nordwind,2025-02-27,18:52:54,183
U63085,Red Wings,2024-11-12,09:18:15,1
UT6727,Nordwind,2025-10-10,11:42:49,16
WZ3482,Ural Airlines,2025-05-14,06:23:35,258
SU6834,Nordwind,2025-03-27,13:22:19,224
WZ9945,Utair,2024-07-23,14:45:52,258
S74435,Rossiya,2024-02-25,18:56:05,11
U69228,Nordwind,2024-09-16,10:57:37,289
FV1215,Utair,2025-12-04,15:40:03,113
UT9417,Nordwind,2024-03-08,14:21:18,21
SU3065,Aeroflot,2025-02-04,02:11:55,133
WZ1385,Red Wings,2024-02-09,03:19:55,273
N45447,Nordwind,2025-09-22,03:58:54,246
S72755,Nordwind,2025-01-11,06:43:38,215
S78277,Ural Airlines,2025-03-15,17:41:44,136
SU9969,Utair,2025-09-02,16:31:30,199
UT9860,Nordwind,2025-05-16,03:11:52,241
DP6020,Pobeda,2024-07-27,05:08:44,272
UT3578,Red Wings,2025-07-17,08:25:46,152
WZ8945,Nordwind,2025-02-07,21:39:44,31
FV2878,Ural Airlines,2025-09-20,06:34:03,116
U61024,Utair,2025-07-05,06:40:40,186
UT4119,Ural Airlines,2025-06-03,04:23:51,174
U67949,Utair,2025-04-22,20:42:10,258
S79051,Ural Airlines,2024-02-23,10:36:38,79
N47620,Rossiya,2024-10-11,04:35:22,36
N44474,Utair,2025-10-08,15:00:01,39
WZ8988,Pobeda,2025-06-14,16:27:11,263
FV1285,S7 Airlines,2025-05-08,22:48:18,88
DP3640,Rossiya,2025-09-05,22:59:27,276
UT9141,Rossiya,2025-01-23,07:40:07,144
DP9366,Nordwind,2025-09-16,06:17:22,50
DP5071,Aeroflot,2025-01-04,09:19:56,140
DP3734,Red Wings,2024-04-17,11:19:49,76
S78026,Red Wings,2024-01-23,23:09:52,297
SU9131,Ural Airlines,2024-12-10,12:11:03,127
DP4236,Utair,2024-03-16,03:14:39,258
U66978,Nordwind,2025-11-19,08:23:26,184
FV1478,Nordwind,2024-12-17,12:45:13,149
U65775,Utair,2025-07-23,04:20:21,243
N42543,Red Wings,2024-06-15,09:10:32,294
U64853,S7 Airlines,2025-02-22,12:57:34,167
WZ4349,Utair,2024-03-19,12:58:51,62
S78114,Aeroflot,2025-10-24,04:53:08,149
S74170,Ural Airlines,2025-02-12,16:48:17,225
UT7277,S7 Airlines,2024-02-20,17:25:58,178
SU7223,Nordwind,2024-08-16,20:07:51,40
N43079,Rossiya,2025-07-19,10:37:10,100
FV5929,Aeroflot,2024-05-28,20:07:12,0
DP2722,Rossiya,2024-11-16,21:16:00,81
S75447,Rossiya,2024-07-07,07:40:31,160
S7562,Nordwind,2025-07-09,20:45:00,66
S73964,Ural Airlines,2024-11-02,07:37:46,290
WZ7628,Nordwind,2025-07-27,01:48:08,79
DP9186,Ural Airlines,2025-02-07,06:04:21,162
U66250,Aeroflot,2025-02-16,07:54:00,218
N49290,Utair,2025-08-28,02:48:39,79
SU723,Aeroflot,2025-10-27,21:46:44,131
WZ402,Ural Airlines,2024-11-16,09:42:26,7
DP5571,Pobeda,2024-12-07,08:48:09,154
FV6922,Utair,2024-10-04,08:51:45,164
N47860,Rossiya,2024-12-01,07:07:48,160
WZ7939,Pobeda,2024-10-19,12:27:55,145
WZ3573,Aeroflot,2024-05-26,05:18:44,172
S73907,Rossiya,2024-09-13,05:35:26,246
S72549,Rossiya,2025-01-02,12:00:47,17
UT8491,Red Wings,2024-01-24,01:45:46,59
SU8644,Aeroflot,2024-04-14,09:07:26,208
U63955,Ural Airlines,2024-07-03,08:15:10,249
SU9688,Pobeda,2024-01-12,22:04:30,116
WZ5058,Aeroflot,2024-08-26,06:08:38,131
FV8533,Aeroflot,2024-06-13,04:10:22,53
S72447,Utair,2024-06-22,02:59:40,113
U6681,Nordwind,2024-10-03,17:41:31,111
UT9916,Rossiya,2024-09-18,18:58:39,61
WZ3650,Nordwind,2024-11-16,02:57:10,145
S79559,S7 Airlines,2025-06-18,18:16:45,274
DP237,Utair,2025-04-06,07:01:10,164
DP2017,Red Wings,2025-06-17,06:39:45,291
FV9687,Nordwind,2025-12-28,19:53:39,241
UT7022,S7 Airlines,2025-09-27,05:18:30,103
UT5422,Rossiya,2024-05-16,12:29:56,291
FV6714,Pobeda,2025-01-12,19:19:14,280
FV8797,Pobeda,2025-06-03,05:55:26,163
U67750,S7 Airlines,2024-07-22,20:31:20,46
S77771,Pobeda,2024-05-20,00:19:01,98
U66686,Rossiya,2024-01-10,16:42:51,11
U68743,Ural Airlines,2024-04-14,22:08:01,166
FV9755,Nordwind,2024-09-23,14:32:23,14
N46805,Pobeda,2024-02-19,15:26:04,111
WZ4871,Red Wings,2025-02-04,01:11:49,80
WZ7082,Ural Airlines,2024-08-03,23:33:14,55
UT7920,Rossiya,2024-09-01,03:48:19,185
N41696,Nordwind,2024-03-22,14:32:55,293
UT5210,Pobeda,2024-06-14,15:26:07,102
SU9170,Rossiya,2025-05-02,12:12:57,57
SU5280,Aeroflot,2024-11-15,10:08:09,283
WZ6651,S7 Airlines,2025-11-04,04:44:30,93
DP4733,Utair,2024-09-19,21:50:15,228
FV4872,Ural Airlines,2025-06-16,15:58:37,242
S73463,Ural Airlines,2025-12-08,00:26:06,279
SU5426,Rossiya,2025-10-13,02:14:40,77
N48275,Utair,2025-05-14,16:28:57,267
UT157,Aeroflot,2025-11-11,20:39:29,110
FV9144,Pobeda,2025-03-06,01:21:56,189
DP5232,Red Wings,2025-01-02,22:05:45,129
DP9481,S7 Airlines,2024-11-25,19:18:31,182
SU2397,Aeroflot,2024-02-22,00:11:14,226
DP8684,Rossiya,2024-04-09,03:33:12,204
SU341,Pobeda,2025-12-18,14:17:31,245
U68152,Rossiya,2025-05-27,17:29:13,219
DP3068,Ural Airlines,2025-02-09,12:56:30,73
N48409,S7 Airlines,2025-03-28,00:25:13,32
UT6478,Ural Airlines,2025-10-20,23:06:04,156
UT2094,Utair,2024-08-27,06:59:03,289
DP6250,Utair,2024-02-13,08:25:06,172
FV8643,S7 Airlines,2024-06-03,09:25:51,54
UT7000,S7 Airlines,2025-08-22,10:50:40,104
FV7739,Aeroflot,2024-05-16,14:28:33,272
SU156,Pobeda,2024-11-17,10:41:29,55
UT5160,Aeroflot,2024-05-09,05:49:35,266
UT317,Nordwind,2025-08-08,20:34:42,232
WZ2859,Pobeda,2024-02-03,09:15:30,208
DP5398,Utair,2024-07-26,04:09:40,202
FV5006,S7 Airlines,2025-08-14,16:47:50,159
U66198,Aeroflot,2025-03-18,21:07:38,61
FV6472,Utair,2024-12-28,11:10:28,295
DP7963,S7 Airlines,2024-07-18,05:42:02,298
S77994,Red Wings,2024-08-08,08:57:23,76
FV5154,Pobeda,2024-11-12,05:54:12,266
U63476,S7 Airlines,2025-02-08,02:33:08,13
SU575,Utair,2025-09-27,08:40:20,218
U66170,Nordwind,2024-05-28,01:24:15,194
FV8461,Pobeda,2024-03-21,06:50:33,28
N41553,Aeroflot,2025-09-24,18:42:17,1
SU1870,Red Wings,2024-08-13,14:39:44,204
N48311,Ural Airlines,2025-05-15,13:16:31,112
UT8991,Utair,2024-08-08,01:51:35,14
N41675,Rossiya,2024-07-02,11:25:42,139
SU1928,Ural Airlines,2024-11-01,18:19:12,239
WZ5699,Rossiya,2024-10-11,11:57:27,186
UT2203,Utair,2024-10-17,04:06:55,283
WZ2897,Utair,2025-01-15,17:11:07,9
U67234,S7 Airlines,2025-05-11,08:48:31,260
WZ8247,Utair,2025-08-14,07:00:01,210
U68512,Pobeda,2025-04-10,05:46:31,203
FV5873,Aeroflot,2025-04-16,00:45:10,198
WZ4262,Red Wings,2025-08-02,01:14:26,35
UT9814,Ural Airlines,2024-06-05,06:47:23,84
SU2832,Nordwind,2024-10-02,15:29:28,287
DP4987,Nordwind,2025-04-21,15:50:45,113
UT2865,Aeroflot,2025-12-17,11:19:26,205
U63804,Rossiya,2024-11-26,18:09:19,9
S73683,Nordwind,2024-04-10,02:31:26,21
U66192,Rossiya,2025-01-26,20:49:04,154
UT3254,Nordwind,2024-06-22,20:57:05,36
DP963,Red Wings,2025-02-13,16:35:51,261
WZ9197,Pobeda,2024-02-22,20:02:49,266
SU6629,Utair,2024-11-13,05:18:22,256
FV3428,Rossiya,2025-12-21,14:06:35,102
FV9502,Rossiya,2024-10-17,21:59:06,139
DP7557,Utair,2024-04-24,13:12:32,115
FV4194,Aeroflot,2025-11-16,02:13:32,260
U69481,Red Wings,2024-02-14,00:22:40,33
S75022,Rossiya,2024-01-11,20:30:52,253
FV572,Rossiya,2024-06-27,19:54:50,126
N46630,Nordwind,2025-06-28,13:15:11,88
DP9923,Nordwind,2024-12-21,17:53:51,51
N44908,Aeroflot,2025-04-17,19:45:01,70
N43065,Ural Airlines,2025-05-02,05:14:05,149
WZ4764,Utair,2025-07-20,21:14:50,253
N48936,Ural Airlines,2025-11-08,14:28:06,247
S7428,Red Wings,2025-01-06,02:39:44,178
WZ6156,Pobeda,2024-04-01,19:57:59,153
N4596,S7 Airlines,2025-09-13,16:09:41,144
DP7500,Pobeda,2024-01-07,02:04:47,69
N44698,Utair,2024-07-16,07:24:31,191
S7638,Rossiya,2024-09-23,00:34:18,17
FV5774,S7 Airlines,2025-09-02,19:08:18,132
SU8289,Red Wings,2024-05-03,02:01:53,109
SU7177,Red Wings,2025-07-17,17:34:36,54
N45599,Nordwind,2025-10-05,19:24:22,221
DP7974,Utair,2025-09-11,03:59:13,200
N46017,Pobeda,2024-06-23,19:26:48,24
WZ5647,Nordwind,2025-08-20,06:24:40,152
S79766,Rossiya,2024-06-17,11:21:08,39
SU7820,S7 Airlines,2025-09-22,20:31:08,264
N48433,Red Wings,2024-05-22,14:18:50,193
S75622,Ural Airlines,2024-02-12,01:11:47,63
U62734,Pobeda,2025-11-02,07:24:10,244
U61177,Nordwind,2025-05-15,01:06:42,206
N46507,S7 Airlines,2024-07-01,00:18:44,234
FV8802,Pobeda,2024-10-05,23:53:58,184
S78296,Nordwind,2025-09-05,16:13:10,114
DP6498,Aeroflot,2025-08-12,07:05:13,124
S77395,Red Wings,2025-06-13,07:52:12,48
UT9107,Nordwind,2025-08-15,12:37:19,214
S77160,Utair,2024-11-14,14:18:57,45
S79367,S7 Airlines,2024-07-14,15:07:32,41
WZ500,Ural Airlines,2025-08-15,10:00:08,293
U69891,S7 Airlines,2024-09-16,04:49:59,78
SU1580,Ural Airlines,2025-01-10,19:24:01,14
SU1276,Rossiya,2025-10-20,11:33:20,298
FV4666,Ural Airlines,2024-07-22,11:49:55,14
WZ5716,Red Wings,2025-02-18,17:26:36,114
S71462,Utair,2025-07-17,08:46:30,95
S75561,Red Wings,2025-11-26,13:15:26,186
DP5481,S7 Airlines,2024-12-08,19:45:46,193
FV4463,Red Wings,2024-08-09,00:10:20,285
SU1779,Ural Airlines,2024-05-27,12:21:17,1
WZ1668,Aeroflot,2025-02-13,13:00:28,115
DP2039,Ural Airlines,2025-03-12,01:40:12,87
DP5503,Rossiya,2024-06-17,23:40:52,296
DP6977,S7 Airlines,2025-03-13,19:46:24,104
S79289,S7 Airlines,2025-09-16,23:08:36,167
S78531,Aeroflot,2024-01-01,19:53:32,182
DP8014,Nordwind,2025-02-12,14:56:56,69
N42688,Aeroflot,2024-07-08,19:14:25,235
FV9089,Ural Airlines,2024-04-02,15:22:43,86
WZ5726,Rossiya,2025-03-08,01:21:55,82
U68962,Nordwind,2025-12-11,19:54:36,118
SU7277,S7 Airlines,2025-09-17,20:54:05,145
U67096,Utair,2025-08-14,23:58:00,45
N43458,Rossiya,2025-02-25,20:12:17,139
WZ3107,Utair,2025-01-06,12:30:12,23
U62338,Nordwind,2025-06-11,07:40:21,66
WZ6306,Red Wings,2024-03-18,23:51:10,299
SU8895,Pobeda,2024-06-07,17:06:24,244
S75928,Rossiya,2024-01-25,22:49:14,79
U69173,S7 Airlines,2025-08-11,02:06:38,197
U63559,Ural Airlines,2025-02-04,21:48:22,95
U67617,Aeroflot,2025-11-17,15:12:55,110
N44911,Nordwind,2025-01-24,16:17:32,99
U64072,Utair,2024-10-26,02:23:18,88
WZ3069,S7 Airlines,2024-12-19,23:35:56,42
FV783,Aeroflot,2025-05-17,08:17:39,36
DP1740,Aeroflot,2024-04-10,13:48:18,17
FV1167,Red Wings,2025-03-25,11:09:10,176
SU2647,Pobeda,2024-08-07,01:57:12,80
U66490,Ural Airlines,2025-01-04,00:07:27,293
DP2976,Nordwind,2025-02-07,11:09:49,246
N46849,S7 Airlines,2024-06-18,16:19:23,121
DP2557,Rossiya,2025-07-20,18:12:42,41
SU9640,Pobeda,2024-12-10,15:41:18,272
DP8800,Rossiya,2025-01-13,18:20:22,283
SU1118,Aeroflot,2024-11-09,03:51:52,291
S72287,Red Wings,2025-08-11,15:48:49,292
DP7834,Aeroflot,2025-11-17,10:35:37,204
UT5501,Aeroflot,2024-05-27,07:40:10,4
WZ4849,Utair,2025-04-26,02:47:35,95
WZ5564,S7 Airlines,2025-11-13,07:49:51,95
N47079,Red Wings,2024-06-07,15:23:59,54
FV4117,Pobeda,2024-04-05,05:54:58,77
UT2317,Red Wings,2025-03-06,03:15:33,97
SU9076,Nordwind,2024-04-25,03:51:06,19
DP4002,Aeroflot,2024-03-22,17:10:28,6
S76095,Rossiya,2024-08-20,03:58:35,271
S75515,Nordwind,2024-06-18,17:34:43,274
FV7784,S7 Airlines,2024-02-28,14:56:03,90
SU4158,Red Wings,2025-06-09,03:24:26,6
S78839,Pobeda,2025-10-07,15:07:38,34
WZ2191,S7 Airlines,2025-04-13,20:24:58,161
N41452,Rossiya,2025-12-05,23:53:22,137
SU9705,Nordwind,2025-01-10,22:50:05,200
U62187,Ural Airlines,2024-12-12,02:43:59,55
N46269,Aeroflot,2025-04-01,23:08:49,101
N49627,Nordwind,2024-08-17,02:07:08,127
FV2744,Red Wings,2025-08-16,07:18:21,26
WZ342,Rossiya,2025-10-22,15:02:09,262
DP1598,Pobeda,2024-06-22,12:49:56,292
DP573,Utair,2024-06-02,13:00:03,5
UT4941,Ural Airlines,2025-03-20,23:59:30,218
UT9617,Pobeda,2025-11-06,16:33:47,172
N47877,Aeroflot,2025-05-20,14:58:11,82
S79376,S7 Airlines,2024-11-20,13:14:38,197
UT7918,Ural Airlines,2024-02-17,05:06:17,191
SU1086,Nordwind,2024-03-09,00:55:24,291
DP6910,S7 Airlines,2024-11-16,07:28:36,108
UT7427,Red Wings,2025-11-16,19:52:26,191
WZ112,Rossiya,2024-05-24,16:16:54,31
N43993,Ural Airlines,2025-04-07,12:47:55,85
S74945,Red Wings,2024-06-27,15:27:53,296
DP1513,Rossiya,2024-08-23,03:50:32,129
SU5527,Red Wings,2024-11-13,11:32:09,112
FV1260,Aeroflot,2024-08-11,17:11:44,114
DP5840,Aeroflot,2024-04-19,21:56:17,217
DP6622,S7 Airlines,2024-01-20,22:21:48,289
UT8514,Utair,2025-02-28,01:35:54,181
UT8742,Rossiya,2024-11-08,17:20:18,269
FV8086,S7 Airlines,2025-10-21,04:43:09,215
FV3393,Red Wings,2025-04-14,00:19:14,64
DP7976,Ural Airlines,2025-12-06,04:08:26,12
S75988,Pobeda,2024-05-04,00:36:47,44
DP1503,Utair,2025-06-03,09:51:50,196
WZ4425,Ural Airlines,2025-06-28,08:08:17,78
UT1068,Red Wings,2024-10-14,09:20:04,52
U63756,Rossiya,2024-01-23,01:09:03,260
N42462,Utair,2024-11-13,07:17:22,242
UT4206,Ural Airlines,2025-08-20,06:27:30,238
FV2871,Aeroflot,2025-08-23,05:23:37,291
N46922,Ural Airlines,2025-08-21,20:21:19,291
SU6162,Pobeda,2025-08-11,17:44:17,166
FV4161,Nordwind,2025-08-22,12:49:54,233
UT9531,Rossiya,2025-06-05,05:15:52,216
S7517,Aeroflot,2025-01-16,03:24:55,142
SU8642,S7 Airlines,2025-07-13,21:59:10,192
SU431,Ural Airlines,2024-09-16,00:09:01,136
WZ9248,Nordwind,2024-02-06,10:32:52,180
DP6394,Aeroflot,2025-06-04,00:51:31,234
UT9591,Aeroflot,2025-03-13,17:29:27,280
S79327,Rossiya,2024-09-14,12:52:35,113
S76656,Nordwind,2025-03-21,13:11:01,85
UT2976,Nordwind,2024-12-08,01:35:45,66
N49869,Ural Airlines,2024-08-03,07:08:52,189
DP6317,Nordwind,2025-01-27,18:04:40,182
UT1569,S7 Airlines,2024-10-20,22:25:28,237
SU689,Aeroflot,2024-08-19,07:03:09,121
SU405,Red Wings,2024-12-21,23:46:59,49
S78829,Ural Airlines,2025-10-22,07:13:03,168
WZ7951,S7 Airlines,2025-04-16,06:37:47,79
SU1107,Pobeda,2025-10-28,10:32:33,248
S79480,Pobeda,2025-06-03,12:26:30,252
FV484,S7 Airlines,2025-11-19,05:33:04,180
N46469,Red Wings,2024-09-12,00:49:23,236
WZ1104,Pobeda,2024-04-19,13:19:38,284
DP3814,Aeroflot,2025-05-15,01:53:22,263
SU157,S7 Airlines,2025-08-02,07:14:36,185
WZ3434,Aeroflot,2024-09-19,19:15:25,100
DP7182,Utair,2025-02-23,22:02:40,191
UT406,Pobeda,2025-07-12,12:40:13,138
FV7843,Utair,2025-05-07,23:39:29,166
FV467,Ural Airlines,2024-04-27,14:50:15,15
S74618,Red Wings,2025-08-23,12:22:30,120
WZ2295,Nordwind,2025-05-13,21:16:18,181
U66781,S7 Airlines,2025-02-07,18:35:13,145
U68380,S7 Airlines,2024-07-09,12:23:28,14
N47364,Red Wings,2024-03-20,16:14:35,215
WZ2179,S7 Airlines,2025-07-16,09:58:31,107
WZ3391,Pobeda,2025-07-11,04:45:30,18
UT9918,Red Wings,2024-08-19,15:55:38,93
U69483,Pobeda,2024-05-15,16:54:28,17
UT9296,Utair,2025-07-26,12:51:30,282
U67583,S7 Airlines,2024-12-01,21:06:32,27
DP6443,Red Wings,2025-09-19,06:18:21,101
WZ3718,Aeroflot,2025-01-22,01:39:25,120
WZ5544,Ural Airlines,2024-06-02,22:34:59,272
S71221,S7 Airlines,2025-10-27,10:09:37,9
FV3749,Aeroflot,2025-02-04,20:15:36,282
U68781,Pobeda,2025-07-19,12:54:51,216
DP247,Rossiya,2024-09-19,03:35:37,232
N42983,Aeroflot,2025-04-18,06:41:25,168
S73602,Ural Airlines,2024-04-16,07:51:18,197
N42429,S7 Airlines,2024-01-21,03:13:44,208
U69234,S7 Airlines,2025-07-02,16:15:23,238
N49854,Aeroflot,2025-06-22,16:57:54,200
UT290,Nordwind,2025-07-08,09:16:55,182
UT7939,Aeroflot,2024-03-06,18:57:59,126
N44255,Pobeda,2024-03-28,16:52:14,145
DP1524,Red Wings,2024-03-08,21:12:16,213
UT1566,Ural Airlines,2024-05-16,00:37:20,258
U65225,Ural Airlines,2024-04-28,13:28:28,198
U68680,Nordwind,2025-07-16,11:51:42,4
SU5276,Utair,2024-03-28,05:21:41,268
N44443,Pobeda,2024-07-01,16:46:05,0
UT2744,Aeroflot,2024-01-10,23:12:41,154
N46364,Pobeda,2025-07-16,23:09:38,181
SU1858,Rossiya,2025-12-15,11:03:42,5
WZ9803,Nordwind,2025-02-10,21:22:54,151
N47077,Red Wings,2024-11-28,18:36:02,80
UT8940,Pobeda,2025-06-18,22:55:02,91
UT4426,Pobeda,2024-08-13,20:06:02,10
S71455,S7 Airlines,2024-10-14,20:50:55,76
SU7768,Ural Airlines,2025-03-11,10:37:31,40
UT4501,Utair,2024-09-06,16:33:28,223
U67669,S7 Airlines,2025-11-01,09:52:00,166
SU4858,Red Wings,2024-05-25,02:36:23,98
DP8092,Aeroflot,2024-11-20,05:18:20,56
UT3462,Utair,2025-11-16,01:33:05,36
UT1255,Red Wings,2024-04-09,09:31:25,1
UT9755,Aeroflot,2024-08-08,11:28:36,148
N48406,S7 Airlines,2025-08-08,14:44:53,220
U63882,Rossiya,2024-12-21,07:58:36,298
N42258,Red Wings,2025-12-11,15:19:07,5
N49567,Aeroflot,2024-09-17,00:45:27,6
SU9428,Pobeda,2025-02-07,13:44:40,12
U62875,Rossiya,2025-03-02,09:25:58,119
SU1131,S7 Airlines,2024-10-04,11:41:34,284
S75406,Nordwind,2024-05-01,03:50:55,218
FV6970,Pobeda,2025-03-20,12:11:01,243
UT8730,Nordwind,2025-10-18,20:16:08,272
FV829,Rossiya,2024-01-07,07:45:46,243
DP7004,Red Wings,2025-11-07,20:55:13,251
UT5762,Aeroflot,2024-11-16,14:00:00,263
S77364,Rossiya,2024-06-23,05:25:42,158
WZ2877,Rossiya,2024-09-22,03:14:56,245
DP6086,Pobeda,2025-02-19,22:18:26,214
WZ2698,Nordwind,2024-10-11,05:05:22,216
FV104,Ural Airlines,2024-04-04,12:13:02,165
SU991,Utair,2024-02-09,23:36:13,109
DP8867,Pobeda,2024-01-11,15:18:49,189
FV8891,Red Wings,2025-04-26,09:28:06,224
DP8144,Ural Airlines,2025-02-12,09:08:31,280
SU7622,Nordwind,2025-10-06,15:24:26,109
N45100,Aeroflot,2024-06-08,23:14:47,223
FV8524,Rossiya,2025-08-18,10:14:26,85
SU2860,Utair,2025-10-03,17:51:47,220
N47877,Aeroflot,2024-03-23,14:30:00,164
N49036,Ural Airlines,2025-11-07,08:15:31,163
FV8871,S7 Airlines,2025-11-06,17:48:45,214
U62228,Ural Airlines,2024-05-21,05:13:48,117
FV421,Pobeda,2024-12-09,22:37:09,196
S76122,Aeroflot,2025-04-08,17:45:24,273
FV3271,Nordwind,2024-06-22,21:21:02,234
FV4625,Nordwind,2025-12-01,02:38:34,201
U65402,Rossiya,2024-07-02,15:09:50,141
N44699,Utair,2025-08-15,06:39:07,175
U69263,Pobeda,2024-02-17,21:29:25,138
WZ2366,Nordwind,2025-12-12,06:00:33,113
S78993,Utair,2024-01-13,01:31:55,298
S72270,Aeroflot,2024-12-11,22:02:50,39
N41349,Pobeda,2024-11-14,04:13:55,257
DP967,S7 Airlines,2025-04-01,14:56:30,165
WZ2039,Red Wings,2024-08-03,07:34:58,217
WZ5544,Red Wings,2024-10-05,03:51:35,32
S74401,Rossiya,2025-10-08,16:01:39,75
FV3926,S7 Airlines,2025-01-11,00:35:13,180
DP9999,Pobeda,2024-10-10,09:07:06,133
FV5351,Nordwind,2025-11-02,23:41:28,220
U63424,Rossiya,2024-07-16,12:37:10,105
S78878,Ural Airlines,2024-11-15,22:49:26,246
UT7207,Utair,2024-05-09,18:06:04,245
UT1733,Rossiya,2024-04-10,05:41:48,200
SU5665,Aeroflot,2025-05-23,06:44:13,85
U65717,Pobeda,2024-01-10,09:15:09,89
N46363,Red Wings,2024-03-12,05:27:26,247
SU7943,Pobeda,2024-03-24,10:09:52,86
U66315,Aeroflot,2025-02-07,21:04:27,60
N4530,Pobeda,2025-08-07,23:53:02,223
FV4665,Ural Airlines,2024-11-11,12:16:38,86
N44207,Aeroflot,2025-04-04,00:58:54,99
N4650,Ural Airlines,2025-03-04,03:15:29,279
UT9781,Aeroflot,2024-10-16,05:01:56,74
S74584,Rossiya,2024-10-12,09:10:42,101
SU8166,Ural Airlines,2025-10-19,17:50:01,173
WZ1855,Rossiya,2024-07-24,11:37:47,11
U67897,Red Wings,2024-08-28,11:48:59,36
DP5334,Rossiya,2024-04-04,03:12:10,235
DP731,Utair,2025-06-03,06:12:17,87
S7136,Ural Airlines,2025-02-15,23:58:06,59
FV1019,Aeroflot,2024-11-03,10:10:37,199
N44595,Red Wings,2025-07-28,11:59:52,147
FV3050,S7 Airlines,2025-03-08,08:23:08,201
N41358,Aeroflot,2024-11-25,12:46:20,245
DP4335,Pobeda,2024-12-19,11:33:52,284
SU3104,Nordwind,2025-01-07,03:12:40,279
WZ2231,Utair,2025-03-21,02:08:09,125
UT5922,S7 Airlines,2024-04-21,10:30:51,180
UT3754,Red Wings,2025-07-20,19:18:23,130
UT2116,Nordwind,2025-09-28,11:58:23,253
U64496,Rossiya,2025-10-16,13:03:21,209
WZ7486,S7 Airlines,2024-01-18,22:43:06,241
WZ5560,Utair,2025-10-14,07:37:57,195
DP4897,Utair,2024-03-10,16:16:09,138
U66264,Aeroflot,2024-04-01,05:05:58,279
DP2194,Rossiya,2024-12-07,19:44:59,156
N49593,Ural Airlines,2025-09-06,15:05:50,279
SU341,Ural Airlines,2024-04-19,18:21:09,97
FV7761,Red Wings,2025-09-08,09:49:33,258
DP3513,Ural Airlines,2025-02-10,08:13:39,95
S72450,Red Wings,2025-10-08,20:50:50,4
S75963,Nordwind,2024-05-26,22:22:21,237
FV4671,Rossiya,2025-08-20,15:09:50,147
WZ5063,Utair,2024-02-21,15:48:18,193
DP6977,Aeroflot,2024-08-14,18:04:27,256
DP1548,Ural Airlines,2024-11-25,06:58:35,148
FV175,Aeroflot,2025-12-04,21:45:21,262
N43900,Utair,2025-11-15,19:59:30,296
S73622,Aeroflot,2025-02-24,16:54:59,41
DP3399,Ural Airlines,2024-04-17,21:15:44,262
FV5879,Nordwind,2024-03-22,20:26:24,135
N46505,Aeroflot,2024-06-12,15:12:40,126
U64601,Red Wings,2025-10-14,14:51:29,197
SU1279,S7 Airlines,2024-01-22,04:21:56,8
FV4543,Red Wings,2024-07-28,08:23:58,125
U65455,Aeroflot,2024-08-19,11:40:53,222
UT9797,S7 Airlines,2025-01-22,05:14:05,254
N44661,Ural Airlines,2024-11-12,11:12:00,235
UT6653,S7 Airlines,2024-07-04,15:19:53,287
DP3297,Aeroflot,2025-12-15,09:05:03,28
S75936,S7 Airlines,2024-03-08,02:10:59,297
UT817,S7 Airlines,2025-11-12,10:33:26,149
U61097,Pobeda,2024-05-14,09:49:20,274
U64443,S7 Airlines,2024-10-05,08:31:35,258
N49196,Ural Airlines,2025-03-23,06:37:54,77
FV5911,Pobeda,2025-01-02,03:07:55,64
S75188,Ural Airlines,2024-11-25,21:48:47,138
N4694,Utair,2024-12-19,12:52:31,93
SU1022,Red Wings,2025-05-05,03:12:39,276
FV2461,Ural Airlines,2024-05-24,07:49:17,110
DP6456,Ural Airlines,2024-09-26,17:20:46,285
FV7445,Red Wings,2024-11-16,05:55:00,21
SU2427,Rossiya,2024-02-18,04:10:19,236
S78337,Pobeda,2025-04-01,18:04:31,123
SU9614,S7 Airlines,2025-09-16,20:38:27,232
UT8050,Aeroflot,2024-02-11,10:52:12,109
DP900,Pobeda,2025-01-10,10:35:19,214
SU1801,Utair,2024-01-19,21:53:08,236
S73650,Pobeda,2025-01-07,09:55:06,121
N48731,Utair,2025-01-02,19:33:36,258
SU9147,Nordwind,2025-12-06,17:27:03,195
UT3067,Red Wings,2024-03-14,01:56:07,226
FV3925,Ural Airlines,2025-10-04,23:29:46,297
FV5426,Pobeda,2024-07-20,02:55:40,55
N41097,Pobeda,2025-11-14,18:18:38,206
WZ862,Pobeda,2024-04-04,05:15:48,164
FV2839,Aeroflot,2024-06-06,19:27:55,144
UT3195,Rossiya,2024-09-16,09:15:22,289
WZ5360,Aeroflot,2025-10-09,05:30:36,251
SU6510,Nordwind,2025-02-25,06:18:58,259
DP3613,Nordwind,2025-12-09,16:30:35,154
DP7092,S7 Airlines,2025-07-18,00:17:11,266
DP7752,S7 Airlines,2024-10-13,11:07:20,59
SU195,Nordwind,2025-07-14,11:41:19,13
DP3244,Red Wings,2025-11-13,02:42:59,112
SU2999,Red Wings,2025-02-09,16:52:36,219
SU608,S7 Airlines,2025-12-06,15:42:06,109
N47433,Pobeda,2024-03-02,01:10:35,60
WZ6416,Nordwind,2025-06-07,22:28:23,65
WZ5263,Red Wings,2025-06-26,12:16:53,246
S75757,Pobeda,2024-03-18,03:04:26,233
WZ5564,Utair,2025-09-21,20:17:16,221
DP8321,Pobeda,2025-02-05,16:26:37,252
N41741,Aeroflot,2024-07-28,20:33:26,100
N46777,Pobeda,2025-09-01,06:57:27,149
UT415,Red Wings,2024-05-10,02:46:55,123
SU4912,Red Wings,2025-08-24,18:01:55,202
WZ4740,Aeroflot,2024-08-09,05:55:44,62
FV2802,Pobeda,2025-08-14,09:28:01,105
FV6838,Aeroflot,2024-07-07,05:43:21,70
WZ6249,S7 Airlines,2024-06-24,12:38:31,207
U66447,Nordwind,2025-02-13,14:17:21,46
SU6018,S7 Airlines,2024-02-15,23:04:57,194
U61006,Red Wings,2025-02-11,11:04:23,190
S71887,S7 Airlines,2024-08-07,13:47:05,161
S74475,Rossiya,2025-02-02,05:41:08,292
WZ6462,Utair,2025-11-22,22:54:45,36
N44340,Ural Airlines,2025-07-16,00:00:04,276
UT8976,Utair,2025-09-06,21:23:15,262
N47175,S7 Airlines,2024-08-16,10:33:19,292
FV3450,Nordwind,2025-10-09,23:08:59,296
SU4777,Pobeda,2024-03-22,03:26:47,38
FV5386,Ural Airlines,2025-07-15,17:38:07,199
DP4546,Ural Airlines,2024-04-04,17:12:14,272
S72984,Ural Airlines,2024-06-12,20:52:42,39
UT1314,Ural Airlines,2025-03-11,16:55:37,206
WZ2359,Ural Airlines,2024-11-20,07:23:49,280
S76132,Utair,2024-03-11,03:44:41,33
UT2084,Utair,2024-10-02,09:21:01,3
U6141,Pobeda,2024-10-13,20:54:37,199
SU9521,Aeroflot,2025-04-26,00:53:09,99
WZ4080,Aeroflot,2025-07-16,18:36:25,12
WZ1835,Red Wings,2025-11-15,05:38:13,74
U63145,Red Wings,2025-04-25,04:25:54,251
U61142,Utair,2025-02-19,18:56:08,143
UT4172,Aeroflot,2025-11-11,05:50:27,48
DP6909,Ural Airlines,2024-04-04,08:20:26,151
SU9065,S7 Airlines,2025-11-06,18:26:14,14
FV3664,Ural Airlines,2025-04-03,08:42:27,238
S77399,S7 Airlines,2024-09-07,05:58:41,136
U65447,Red Wings,2025-05-08,19:52:45,27
SU9881,Utair,2024-05-17,06:37:20,38
S73386,Utair,2024-04-08,14:34:40,72
FV6500,S7 Airlines,2025-04-23,19:02:37,2
FV609,Aeroflot,2024-04-20,20:45:22,165
N42381,Aeroflot,2025-12-03,02:15:54,201
SU5800,S7 Airlines,2024-07-08,13:06:47,216
N41479,Aeroflot,2025-08-17,06:48:38,156
N45467,S7 Airlines,2025-07-05,06:40:53,117
FV8059,Nordwind,2025-08-05,07:17:31,291
FV3786,Red Wings,2024-02-16,03:49:45,192
WZ2525,Utair,2024-05-26,15:30:12,180
SU6436,Rossiya,2024-09-17,02:08:16,295
N49434,Pobeda,2024-12-24,04:28:48,226
DP7506,Nordwind,2025-06-13,04:13:47,73
WZ3430,S7 Airlines,2025-01-05,04:13:12,13
DP1559,Red Wings,2025-10-13,12:19:25,161
UT7550,Pobeda,2024-01-07,03:46:10,60
N4198,Ural Airlines,2024-05-28,19:17:52,82
WZ7105,Aeroflot,2025-05-23,00:18:08,221
DP9845,Red Wings,2024-08-15,12:37:18,180
WZ2442,Pobeda,2025-12-14,11:06:59,152
SU5775,Red Wings,2025-11-06,12:58:53,283
FV5029,Red Wings,2025-10-20,18:33:52,59
WZ3183,Red Wings,2024-04-21,21:06:19,35
UT739,Pobeda,2024-01-16,20:33:48,35
U68126,Red Wings,2025-11-05,08:55:26,114
WZ9853,Red Wings,2024-06-04,16:08:42,24
FV5231,Red Wings,2025-08-12,07:49:13,170
U63156,S7 Airlines,2025-06-10,02:52:55,208
N43623,Aeroflot,2025-11-04,14:05:29,95
DP9570,Rossiya,2025-08-14,04:28:21,297
S73001,Rossiya,2024-03-27,10:16:09,288
U66178,Aeroflot,2025-06-25,08:34:23,60
S79716,S7 Airlines,2024-10-27,02:46:45,131
DP502,Rossiya,2025-09-04,19:36:57,285
UT8225,Utair,2025-12-22,07:33:05,170
U61992,S7 Airlines,2025-11-24,04:21:02,63
WZ4613,Ural Airlines,2024-06-16,02:15:12,251
DP261,Utair,2025-11-05,16:53:27,72
S79262,Aeroflot,2025-05-05,13:18:36,180
N44097,Pobeda,2025-05-17,18:02:21,60
FV6801,Ural Airlines,2025-02-26,06:02:45,127
U69846,Nordwind,2024-04-13,09:52:09,231
UT225,Aeroflot,2024-07-06,08:33:20,164
N42312,Utair,2024-06-12,04:20:25,238
WZ556,Red Wings,2024-04-11,00:04:56,224
UT6682,S7 Airlines,2024-12-24,01:01:22,238
FV8697,Pobeda,2024-01-11,11:52:44,81
N41657,Rossiya,2025-12-10,01:24:50,181
U63238,Ural Airlines,2024-10-01,10:32:06,170
U64648,Nordwind,2025-11-26,15:46:16,196
N43365,Aeroflot,2025-04-03,15:30:36,193
FV2741,S7 Airlines,2024-06-26,10:17:34,264
U67277,Nordwind,2024-02-01,03:23:38,262
WZ5573,Red Wings,2025-08-21,19:43:23,22
U66110,Pobeda,2025-08-07,07:04:59,261
SU3395,Ural Airlines,2025-05-28,09:19:47,231
DP500,Pobeda,2024-02-17,09:38:36,178
FV7406,Ural Airlines,2024-05-01,03:33:27,157
S78811,S7 Airlines,2025-08-25,21:18:57,173
DP754,Nordwind,2025-11-19,16:11:15,299
N49093,Pobeda,2024-12-11,14:34:08,187
FV8937,Red Wings,2024-03-24,14:54:22,270
UT1730,Utair,2024-05-06,17:25:46,11
U6363,Red Wings,2025-05-28,11:33:18,67
WZ8572,Nordwind,2025-05-09,19:19:08,144
S75943,Ural Airlines,2025-07-26,14:08:25,34
S77511,Pobeda,2024-01-09,22:33:57,141
FV5200,Aeroflot,2025-06-20,13:24:03,88
S72109,Aeroflot,2025-07-20,23:11:38,242
UT6101,Nordwind,2025-03-18,18:26:02,13
UT6605,Pobeda,2024-09-21,01:12:10,145
N41616,Pobeda,2025-05-21,17:41:50,290
DP8334,Utair,2024-05-25,17:08:11,28
DP6559,Rossiya,2024-10-10,21:50:28,130
S76065,Rossiya,2025-01-23,15:25:26,77
FV2396,Utair,2024-12-11,13:14:38,257
FV2968,Red Wings,2025-03-08,10:12:29,200
U62584,Nordwind,2024-10-13,09:19:48,213
U66149,Rossiya,2025-03-21,08:28:19,40
N42741,Rossiya,2025-06-08,03:40:15,144
S74733,Rossiya,2025-06-26,05:14:20,278
N4800,Utair,2024-02-12,21:28:32,121
S78425,Utair,2025-05-20,12:11:53,127
S79735,Aeroflot,2025-12-09,07:50:46,99
SU4142,Pobeda,2024-10-12,01:54:02,222
N45550,Nordwind,2025-09-08,14:13:42,205
SU5045,Red Wings,2024-06-12,03:36:43,94
DP6286,Ural Airlines,2025-05-21,03:24:01,5
WZ4549,Utair,2025-01-01,13:00:46,83
DP5555,Rossiya,2024-03-18,10:58:25,221
WZ5725,Ural Airlines,2025-09-06,01:38:50,101
S79507,Rossiya,2024-02-01,15:39:30,139
DP8974,S7 Airlines,2025-10-26,16:44:28,166
S74364,S7 Airlines,2024-10-07,17:29:18,25
UT8966,Rossiya,2024-12-13,06:51:22,259
N41527,Utair,2024-06-16,20:35:44,185
SU9742,Pobeda,2025-12-21,21:04:26,284
DP3147,Utair,2024-09-05,06:37:22,241
FV9862,Ural Airlines,2025-12-17,14:03:43,172
SU3363,Pobeda,2025-06-26,21:42:08,136
UT372,Red Wings,2025-11-12,18:02:11,200
FV3684,Nordwind,2024-04-20,13:10:00,294
WZ7754,Ural Airlines,2025-06-15,17:41:24,217
N47621,Rossiya,2025-01-17,10:05:36,31
FV2193,Utair,2024-12-18,20:39:44,155
FV3083,Ural Airlines,2025-08-09,08:33:33,219
DP2338,Ural Airlines,2025-07-08,07:01:09,68
S78860,S7 Airlines,2024-10-11,01:06:06,137
FV1624,S7 Airlines,2025-04-20,15:39:49,286
U62385,Red Wings,2025-12-13,06:50:26,103
WZ2620,Ural Airlines,2024-10-05,05:54:51,40
UT9568,Ural Airlines,2024-01-10,22:17:01,157
WZ3059,Aeroflot,2024-07-05,13:22:28,226
DP2801,Ural Airlines,2024-09-21,02:54:03,139
UT6896,Ural Airlines,2025-03-16,10:13:53,146
U68364,Rossiya,2024-09-06,05:48:12,25
SU8527,S7 Airlines,2025-05-06,06:43:02,89
WZ4843,Aeroflot,2025-11-02,08:28:09,131
UT888,Ural Airlines,2024-07-19,06:28:11,101
SU1125,Nordwind,2025-04-16,03:57:40,182
FV2211,Red Wings,2024-01-01,08:03:20,85
S72652,Utair,2024-07-09,04:12:04,261
S78266,Ural Airlines,2025-05-09,22:49:03,9
N45506,S7 Airlines,2024-08-11,18:07:27,198
S76677,Rossiya,2024-01-13,23:14:47,58
UT3557,Utair,2025-10-03,06:13:51,65
FV8697,Utair,2024-11-28,07:55:39,56
WZ1665,Utair,2025-10-11,15:21:12,291
N49936,Ural Airlines,2024-11-18,12:47:44,222
DP711,Rossiya,2025-07-16,06:47:12,163
DP1586,S7 Airlines,2025-09-26,23:41:40,176
N41263,Pobeda,2024-01-02,10:32:54,149
U63530,Rossiya,2025-06-06,02:06:58,229
S77100,S7 Airlines,2024-03-19,22:07:42,71
UT8073,Nordwind,2025-07-12,09:26:28,264
SU1782,Rossiya,2025-03-19,12:41:41,109
WZ9067,Aeroflot,2025-09-22,15:07:39,207
S74993,Red Wings,2024-04-16,11:56:18,8
S74421,Pobeda,2024-08-13,08:20:24,237
UT7302,Pobeda,2024-11-24,14:22:03,106
FV4691,S7 Airlines,2024-04-01,08:49:59,96
FV7462,Aeroflot,2024-03-14,12:00:24,238
U63793,Aeroflot,2025-04-02,00:22:07,295
N49893,Red Wings,2024-04-15,19:20:39,150
S74690,Aeroflot,2024-08-18,22:21:24,291
N46366,Ural Airlines,2024-06-05,02:48:59,78
WZ6976,Pobeda,2025-01-07,21:16:32,160
N44342,Aeroflot,2025-03-13,11:35:41,138
S73836,Pobeda,2025-03-17,20:37:47,122
UT634,S7 Airlines,2025-02-18,10:17:36,260
WZ1740,Ural Airlines,2024-11-02,03:36:36,10
DP5273,S7 Airlines,2025-12-27,19:39:31,195
U69258,Rossiya,2024-09-03,16:21:36,70
SU3559,Utair,2024-09-28,04:04:02,104
DP5951,Ural Airlines,2025-02-22,07:57:06,2
SU7839,S7 Airlines,2024-10-28,01:09:18,207
WZ6586,Aeroflot,2024-02-22,01:36:17,22
DP4479,Nordwind,2025-11-14,14:55:13,283
FV5112,Ural Airlines,2025-04-26,07:52:08,14
WZ2476,Pobeda,2025-08-21,10:54:50,129
U67824,Pobeda,2025-05-12,04:46:40,50
FV6960,Utair,2025-07-28,10:26:09,285
UT6133,Utair,2024-10-13,23:09:28,290
U63385,Pobeda,2025-04-22,15:55:45,207
SU9101,S7 Airlines,2024-04-14,03:29:00,50
DP4866,S7 Airlines,2025-11-14,21:53:03,74
DP2326,Rossiya,2024-01-19,11:28:20,122
SU1694,Aeroflot,2025-02-10,15:31:20,99
S79100,Rossiya,2025-08-14,23:15:15,289
DP8165,Ural Airlines,2024-01-18,15:46:17,197
SU8366,Red Wings,2025-05-15,00:28:35,35
U69501,Utair,2024-01-10,00:55:33,161
S72427,Nordwind,2025-02-04,11:00:45,147
S7385,Aeroflot,2025-07-18,02:39:20,226
UT975,Utair,2024-11-07,18:12:01,92
SU3166,Aeroflot,2024-12-16,12:23:06,259
FV6509,Red Wings,2025-01-24,20:12:01,12
DP9510,Utair,2024-08-12,17:18:50,37
FV7239,Rossiya,2025-12-17,20:25:37,219
SU5665,Rossiya,2025-12-16,15:30:49,7
U62813,Pobeda,2025-09-17,17:42:51,114
FV200,Utair,2024-03-13,09:04:05,247
UT6142,Ural Airlines,2025-12-11,03:27:55,88
FV5489,Red Wings,2024-05-12,04:01:11,70
U66038,Ural Airlines,2024-03-25,18:13:31,211
DP2785,Ural Airlines,2025-10-22,01:46:29,53
DP6493,Pobeda,2024-07-10,13:49:10,72
DP1171,Aeroflot,2025-11-14,23:18:54,264
SU431,Red Wings,2024-05-12,02:00:48,93
WZ5732,Nordwind,2025-05-15,03:10:58,288
N4491,Nordwind,2025-07-08,13:52:39,75
S77192,Pobeda,2025-09-07,22:18:25,224
SU6702,Red Wings,2024-09-28,20:58:29,90
DP7910,S7 Airlines,2024-06-03,20:15:23,270
FV8926,Ural Airlines,2024-10-11,21:49:43,91
S79294,S7 Airlines,2025-09-07,07:27:13,260
N45484,Utair,2024-09-26,15:48:56,183
WZ1216,Red Wings,2025-04-28,17:42:59,192
DP6632,Aeroflot,2024-09-03,13:27:22,173
SU9909,Nordwind,2024-07-18,10:56:54,121
SU469,Red Wings,2025-12-22,10:52:55,197
U64664,Red Wings,2025-09-24,22:55:02,73
WZ8239,Ural Airlines,2025-04-22,07:47:00,151
S7305,Ural Airlines,2025-11-16,15:03:21,146
S78840,Pobeda,2025-04-23,18:08:32,104
WZ6921,Pobeda,2024-01-17,02:11:24,177
N43852,Utair,2024-02-13,07:25:19,199
U64695,S7 Airlines,2025-07-24,10:01:57,16
SU549,Utair,2025-05-15,08:56:34,114
U65548,Rossiya,2025-10-26,03:47:49,7
FV5095,Rossiya,2025-04-20,14:16:35,46
N47586,Ural Airlines,2024-09-06,04:07:32,214
S73329,Red Wings,2024-07-14,11:04:04,270
DP9193,Pobeda,2025-12-26,15:28:40,282
UT6876,Aeroflot,2024-09-14,06:27:27,111
U61323,Utair,2024-01-12,23:38:55,25
FV7266,Nordwind,2024-08-02,22:38:43,151
DP9549,Rossiya,2025-02-27,03:58:43,78
S76397,Ural Airlines,2025-07-09,12:31:02,254
SU3814,Pobeda,2025-03-03,23:56:28,223
UT4182,Red Wings,2024-05-19,08:43:32,154
FV2393,Rossiya,2025-10-04,10:44:11,111
DP1515,Pobeda,2024-06-28,17:25:20,244
DP4148,S7 Airlines,2024-11-06,17:42:06,229
U65024,Aeroflot,2024-07-16,13:38:28,118
SU5409,Nordwind,2025-08-06,15:51:08,56
FV2805,Ural Airlines,2025-04-26,01:37:55,231
DP5217,Pobeda,2025-01-21,14:25:36,104
DP1579,Utair,2025-06-24,01:34:40,188
S72920,Red Wings,2025-11-06,00:59:46,60
WZ1255,Aeroflot,2025-10-18,02:59:02,60
UT6556,Rossiya,2024-01-25,12:11:12,94
SU7067,Aeroflot,2025-05-22,04:11:55,149
UT3747,S7 Airlines,2024-03-27,23:47:18,91
SU9156,Ural Airlines,2025-05-20,13:50:18,108
WZ5153,Pobeda,2025-07-05,13:04:34,182
U67962,Nordwind,2024-09-03,20:59:28,71
S71283,Red Wings,2024-04-17,17:15:35,169
U68851,Red Wings,2024-04-28,07:38:08,94
FV7790,Ural Airlines,2025-04-04,17:23:49,60
S74934,Aeroflot,2025-07-24,05:04:12,204
UT9660,Red Wings,2025-11-10,21:02:13,168
N46734,Utair,2024-03-07,11:27:37,24
U62850,S7 Airlines,2025-12-07,23:55:06,275
S75608,Aeroflot,2024-07-13,03:32:46,154
U64066,Red Wings,2024-02-12,18:41:13,286
S76421,S7 Airlines,2025-04-22,20:45:06,91
FV416,Red Wings,2024-03-13,17:59:06,140
DP128,Red Wings,2025-08-17,14:40:30,284
N41002,Nordwind,2025-12-08,19:20:33,130
S78685,Red Wings,2024-06-15,10:49:55,249
WZ8432,Utair,2025-03-03,09:58:37,98
S75573,Rossiya,2024-08-28,14:08:41,203
U61248,Aeroflot,2025-12-01,15:27:42,74
FV9011,S7 Airlines,2025-04-16,21:58:02,241
FV2095,Rossiya,2024-02-19,20:04:04,143
S75543,Rossiya,2025-05-23,00:26:07,40
WZ233,Nordwind,2025-04-18,02:08:40,259
N47019,Utair,2025-05-14,07:16:38,91
N42420,S7 Airlines,2025-08-22,21:35:05,292
FV9787,Ural Airlines,2024-01-16,02:29:20,129
UT7714,S7 Airlines,2025-04-12,15:14:15,205
FV684,Red Wings,2025-12-08,13:32:42,118
N46561,Rossiya,2024-03-17,21:14:19,187
WZ9421,Ural Airlines,2025-10-13,17:35:03,215
S77586,Utair,2024-06-10,00:00:01,160
UT3392,Red Wings,2024-06-07,15:05:59,70
N49666,Ural Airlines,2024-09-04,15:44:05,211
UT8741,Ural Airlines,2024-06-18,12:57:15,75
SU6743,S7 Airlines,2024-04-06,09:27:00,182
U63098,Ural Airlines,2024-01-07,11:51:58,131
FV7654,Rossiya,2025-12-14,03:43:22,290
N43159,Aeroflot,2025-02-11,10:11:18,69
DP1522,Red Wings,2025-05-02,01:23:20,11
WZ1314,Ural Airlines,2024-05-02,23:16:33,225
UT2765,Utair,2024-05-22,05:54:39,119
U63579,Utair,2024-02-06,07:55:09,88
UT2679,Utair,2024-07-02,20:08:20,119
S76238,Utair,2025-08-20,16:49:39,58
S75924,Pobeda,2024-04-25,15:51:41,84
FV3116,Aeroflot,2024-12-27,08:06:21,122
DP4246,Aeroflot,2024-07-27,14:31:59,24
UT2499,Ural Airlines,2024-05-01,08:40:02,177
U64440,Ural Airlines,2024-01-24,12:29:01,19
UT2717,Ural Airlines,2025-01-02,07:09:46,261
WZ4903,Red Wings,2025-02-08,20:13:35,161
S7374,Pobeda,2025-09-06,13:21:31,112
FV1847,Nordwind,2024-08-13,14:31:13,127
DP8130,Aeroflot,2025-09-27,03:50:13,299
UT5194,Nordwind,2025-12-11,12:00:21,6
FV1746,Ural Airlines,2025-05-15,22:29:44,51
FV6321,S7 Airlines,2025-04-03,15:50:53,84
SU3595,Utair,2025-06-09,04:22:24,59
SU175,S7 Airlines,2025-09-11,04:00:40,192
FV4227,Pobeda,2024-03-06,18:27:15,165
SU4674,Pobeda,2024-07-13,16:13:38,35
S79357,Red Wings,2025-11-23,00:47:40,204
UT797,Rossiya,2024-10-15,02:56:25,69
U64090,Aeroflot,2025-10-24,00:10:17,143
DP1472,Nordwind,2025-04-22,23:09:58,246
U68807,Aeroflot,2025-10-06,15:30:40,236
UT527,Utair,2024-02-15,03:42:04,169
N46476,Aeroflot,2025-05-24,01:23:21,298
U68204,Nordwind,2024-10-28,19:07:12,236
UT4890,Rossiya,2025-03-27,08:39:58,221
U61314,S7 Airlines,2025-03-17,18:52:53,169
WZ2436,Ural Airlines,2025-02-19,17:55:31,239
N41794,Pobeda,2024-10-13,10:58:24,260
U66399,Pobeda,2025-02-17,04:53:35,278
FV2261,S7 Airlines,2024-09-07,17:33:49,109
FV2234,Red Wings,2025-07-22,17:03:34,139
FV9998,Ural Airlines,2025-06-11,20:07:26,199
WZ5052,Aeroflot,2024-11-25,12:20:01,179
UT1619,Rossiya,2025-12-20,09:40:00,137
WZ2311,Ural Airlines,2025-12-06,08:06:04,237
DP2758,Pobeda,2024-05-24,15:12:54,51
WZ9432,S7 Airlines,2025-10-17,21:27:27,194
S72803,Utair,2025-10-27,18:07:21,278
N43778,Pobeda,2025-01-11,12:19:00,43
SU6845,Pobeda,2025-08-10,04:11:41,168
WZ7565,Utair,2024-02-28,21:15:47,219
SU3025,Nordwind,2024-12-21,23:58:07,89
S7776,Utair,2025-03-27,12:13:05,230
UT542,Utair,2025-02-17,01:35:54,149
FV1873,Utair,2025-05-18,00:16:55,42
FV9807,Nordwind,2025-04-14,17:09:39,172
N45386,Red Wings,2024-04-08,02:32:20,32
S79132,Pobeda,2024-09-09,02:54:54,8
S72611,Rossiya,2025-02-10,00:26:20,176
S75885,S7 Airlines,2025-11-10,12:28:29,244
S78573,Nordwind,2025-07-22,00:07:54,80
U67595,S7 Airlines,2024-11-01,02:17:46,84
WZ8521,Ural Airlines,2024-08-19,21:35:34,91
WZ3626,Red Wings,2024-06-26,16:04:42,284
S76423,Red Wings,2025-12-11,21:28:25,193
WZ9885,Rossiya,2024-06-08,11:00:48,69
FV1183,S7 Airlines,2024-02-14,12:51:13,121
DP7988,Ural Airlines,2024-10-12,15:39:15,154
N42459,Nordwind,2025-07-16,11:30:49,146
U68831,S7 Airlines,2024-10-08,13:27:38,234
S74757,Nordwind,2025-10-10,10:36:07,241
FV4753,Red Wings,2025-03-27,22:36:11,208
DP1707,Ural Airlines,2024-11-11,04:36:02,75
WZ9518,Pobeda,2025-07-27,21:29:28,205
S71840,Rossiya,2024-04-07,23:07:56,242
S72522,Rossiya,2025-06-25,15:25:09,209
FV1946,Red Wings,2025-03-17,22:56:00,214
SU988,Utair,2024-07-28,04:00:31,35
N47014,Aeroflot,2024-09-09,12:43:50,92
FV7525,Red Wings,2025-01-22,11:12:46,90
UT838,Utair,2025-12-10,18:02:34,105
UT6008,Utair,2025-07-26,01:59:36,155
U66435,Aeroflot,2024-02-24,07:35:24,52
U67435,S7 Airlines,2025-03-23,05:17:31,85
SU2815,Pobeda,2025-02-02,03:24:10,248
U6719,Utair,2024-12-20,18:15:33,137
N45578,S7 Airlines,2024-01-01,14:00:26,280
WZ2855,Nordwind,2025-09-01,00:16:08,113
N46907,Ural Airlines,2024-03-12,13:34:53,291
N42988,Rossiya,2025-11-19,13:28:51,223
SU8134,Ural Airlines,2024-11-08,22:41:23,83
N41398,Pobeda,2025-06-08,16:23:28,8
FV5385,Utair,2024-09-19,11:21:54,211
N47950,S7 Airlines,2024-03-19,14:12:30,278
FV195,Rossiya,2024-08-25,09:16:01,122
DP1879,Utair,2025-02-02,09:21:36,21
SU2732,Rossiya,2024-03-14,05:33:47,252
WZ8464,Red Wings,2024-09-07,18:59:45,163
WZ146,Nordwind,2025-09-26,15:41:32,274
S7192,Aeroflot,2024-04-27,02:00:24,12
FV5564,Nordwind,2024-10-15,15:45:55,183
WZ1617,Ural Airlines,2025-12-10,18:29:49,139
FV1015,Red Wings,2025-04-28,16:15:09,74
SU9860,Rossiya,2025-07-16,23:03:34,221
S73475,Pobeda,2025-12-13,04:26:23,87
S75160,S7 Airlines,2024-07-15,02:13:06,238
WZ7950,Rossiya,2025-05-25,17:02:43,119
DP4301,S7 Airlines,2024-12-02,10:02:25,292
DP1051,Aeroflot,2024-02-06,00:34:29,85
UT7797,Ural Airlines,2024-09-11,22:17:17,142
N43213,Nordwind,2025-06-07,00:29:07,214
DP8334,Utair,2024-11-15,16:10:14,115
U69235,Rossiya,2025-02-26,18:52:51,14
SU2628,Nordwind,2024-09-12,16:51:33,73
U63116,Ural Airlines,2025-10-22,02:04:47,254
U65109,Utair,2025-12-16,00:32:19,280
S74040,Pobeda,2025-08-22,17:20:33,168
U64402,Aeroflot,2024-08-12,16:43:51,147
N45239,S7 Airlines,2024-06-14,08:54:16,111
U63528,Rossiya,2025-05-08,18:10:31,58
WZ8623,S7 Airlines,2024-07-24,01:54:59,280
FV1191,Ural Airlines,2025-09-26,02:30:38,257
N45053,S7 Airlines,2025-09-07,07:25:13,169
WZ1229,Nordwind,2024-04-15,02:03:45,137
DP5066,Nordwind,2025-05-28,19:32:06,142
UT1366,S7 Airlines,2025-10-23,06:25:09,222
UT2973,Red Wings,2025-11-22,13:35:10,80
U63660,S7 Airlines,2024-08-10,04:30:58,192
WZ6977,Red Wings,2024-08-18,00:52:15,73
N42713,Utair,2024-09-24,13:20:44,224
FV7063,Aeroflot,2025-01-03,08:54:41,276
WZ6894,Nordwind,2024-09-21,07:51:15,130
WZ7558,Rossiya,2025-01-12,16:58:00,164
FV8504,Nordwind,2025-08-05,10:51:45,39
SU8481,Rossiya,2025-06-24,03:01:33,293
SU1680,Nordwind,2024-02-26,18:15:28,283
S75033,Ural Airlines,2024-09-05,23:08:32,70
U64139,Red Wings,2025-08-19,10:51:11,162
SU4798,Rossiya,2024-12-13,10:39:27,83
SU9536,Rossiya,2024-07-25,21:50:39,156
FV2516,Ural Airlines,2025-09-01,20:17:44,231
U65161,Utair,2024-12-17,22:38:12,88
UT4111,Aeroflot,2024-10-12,18:41:51,10
UT7162,Red Wings,2024-02-15,07:24:57,52
U61104,Pobeda,2025-03-12,16:03:52,260
FV3431,Aeroflot,2025-01-02,12:13:56,156
S74583,Rossiya,2024-07-07,06:41:38,111
N45575,S7 Airlines,2024-11-19,05:19:35,210
U61384,Ural Airlines,2025-04-24,18:24:20,197
SU2295,Pobeda,2024-07-28,18:36:42,251
FV3128,Utair,2024-09-09,19:38:02,111
UT8439,Nordwind,2025-09-01,17:41:55,161
FV4133,S7 Airlines,2025-03-21,17:04:12,66
SU4952,Nordwind,2025-05-10,10:57:33,256
FV4160,Aeroflot,2024-10-09,18:04:02,64
FV6699,Utair,2025-12-11,05:12:49,66
WZ9797,Aeroflot,2024-01-12,08:19:49,122
N44358,Utair,2024-11-08,02:31:24,64
N43447,S7 Airlines,2024-08-15,09:42:27,283
S72887,Aeroflot,2024-10-16,02:55:50,146
S74171,Nordwind,2024-02-13,18:05:36,179
UT5288,Nordwind,2024-04-23,09:43:49,108
DP1224,Aeroflot,2024-07-16,06:24:36,77
DP1864,Rossiya,2025-10-11,13:41:41,233
SU8515,S7 Airlines,2024-05-13,16:04:48,274
DP7460,Rossiya,2025-07-25,03:21:43,78
WZ6833,Aeroflot,2024-01-23,08:04:05,107
FV372,S7 Airlines,2025-10-04,10:54:36,189
UT1233,Red Wings,2024-12-17,04:13:31,22
DP457,Ural Airlines,2024-10-08,11:25:47,184
WZ3019,Utair,2024-07-09,05:29:00,198
S72004,Pobeda,2025-12-22,09:50:52,147
S78452,S7 Airlines,2025-09-23,07:19:05,28
DP1036,Ural Airlines,2025-12-07,03:54:06,66
S72887,Ural Airlines,2024-10-27,09:55:09,32
U64064,Pobeda,2024-08-06,18:29:55,102
N43312,Ural Airlines,2024-05-27,16:33:13,161
FV5972,Utair,2024-07-22,01:42:13,195
UT2361,Ural Airlines,2024-08-03,01:45:53,217
FV113,Red Wings,2024-10-17,12:03:36,115
SU8651,Aeroflot,2025-01-19,04:53:55,219
SU7184,Rossiya,2024-03-06,18:19:43,93
N47664,Nordwind,2025-06-22,17:59:34,13
WZ7340,Aeroflot,2024-04-08,14:25:07,116
U69008,S7 Airlines,2024-02-20,21:23:15,38
FV5849,S7 Airlines,2024-07-07,02:12:17,62
U64223,Rossiya,2024-04-19,16:15:38,266
DP2177,Ural Airlines,2024-09-10,05:50:28,47
U61838,Ural Airlines,2025-06-18,03:44:32,35
WZ2758,Rossiya,2024-06-17,09:42:48,243
UT9249,Utair,2024-12-23,18:22:18,272
WZ3473,Utair,2024-03-05,08:20:46,249
S78910,Nordwind,2024-10-11,07:09:48,248
SU7508,Aeroflot,2025-04-16,18:21:26,216
FV5377,Pobeda,2025-10-27,01:06:04,253
UT3453,Utair,2024-06-05,10:00:11,80
S75725,Nordwind,2025-11-14,07:31:50,134
UT8334,Nordwind,2024-07-18,00:29:49,118
WZ7374,Pobeda,2025-10-21,17:04:05,133
FV1725,Rossiya,2024-10-24,02:24:14,209
SU9147,Ural Airlines,2024-11-23,23:45:55,193
WZ3259,Rossiya,2024-07-09,13:48:43,129
U66841,Ural Airlines,2024-01-14,18:56:25,47
FV5213,Utair,2024-02-25,13:38:19,235
FV3593,Rossiya,2025-02-20,10:57:04,85
UT6358,S7 Airlines,2024-04-12,12:28:57,265
N48423,Pobeda,2025-11-14,03:04:16,272
S72606,Rossiya,2024-03-01,15:37:12,54
WZ2790,Ural Airlines,2025-11-15,15:01:50,122
UT1946,S7 Airlines,2025-02-24,18:16:29,222
U61277,Ural Airlines,2024-03-22,11:58:30,97
WZ4426,Nordwind,2024-03-02,08:02:54,142
U6939,Red Wings,2025-05-03,01:50:18,23
N41880,S7 Airlines,2025-03-12,03:36:22,208
FV9770,S7 Airlines,2025-02-07,11:38:46,106
UT973,Rossiya,2024-04-08,01:01:51,258
UT6220,Nordwind,2024-07-04,06:51:29,86
S72948,Aeroflot,2024-02-15,16:50:31,62
UT6641,Utair,2025-01-24,01:38:31,94
SU1549,Aeroflot,2024-02-08,12:48:16,176
S72440,Red Wings,2025-04-17,05:39:56,282
N49839,S7 Airlines,2025-09-18,16:13:44,234
SU7040,Ural Airlines,2025-01-26,10:51:13,121
DP539,Rossiya,2025-08-20,09:59:36,146
UT6066,Red Wings,2025-06-28,08:53:49,239
WZ4640,Ural Airlines,2025-02-05,04:43:10,59
SU7106,Pobeda,2025-04-01,01:39:23,111
SU9784,Ural Airlines,2025-04-10,05:23:37,167
S72804,Rossiya,2025-08-16,15:20:50,194
SU872,Aeroflot,2024-08-26,21:14:53,47
N44647,S7 Airlines,2025-10-16,06:35:17,183
N46594,Ural Airlines,2024-12-04,08:23:06,60
N4210,Pobeda,2025-07-03,06:51:38,176
S76498,Rossiya,2024-11-14,18:38:21,189
SU5623,S7 Airlines,2024-01-20,13:16:14,297
S78277,Utair,2024-05-07,12:41:02,155
FV2701,Aeroflot,2024-10-06,14:20:03,78
UT4453,S7 Airlines,2025-11-21,02:39:09,290
SU975,Red Wings,2025-10-18,23:51:16,216
N48586,Utair,2025-09-12,01:01:18,57
FV1961,Nordwind,2025-01-01,18:24:03,39
SU8790,Rossiya,2025-01-13,03:09:14,67
FV5564,S7 Airlines,2025-04-19,02:45:23,112
DP6507,Ural Airlines,2025-10-04,15:06:29,134
S77574,Ural Airlines,2024-07-20,01:49:37,125
UT2745,Utair,2025-10-27,20:26:12,94
WZ7164,Pobeda,2024-01-15,16:04:33,269
SU3725,Red Wings,2024-03-15,08:01:08,288
WZ5818,S7 Airlines,2025-12-13,00:51:14,26
WZ6189,S7 Airlines,2025-02-26,23:08:11,210
N45583,Rossiya,2024-05-03,04:24:59,194
FV2694,Red Wings,2025-09-10,21:13:00,187
DP1826,Aeroflot,2024-12-09,16:24:27,276
DP3607,Utair,2025-07-05,16:43:47,70
U68136,Ural Airlines,2025-04-27,17:09:14,159
WZ5073,Nordwind,2025-09-05,09:27:21,71
FV1646,S7 Airlines,2024-06-11,08:00:22,196
DP7293,Ural Airlines,2025-01-14,17:01:58,258
FV5137,Nordwind,2025-09-25,22:32:21,54
U61557,Pobeda,2024-09-26,01:23:50,263
UT4424,Pobeda,2025-09-01,01:27:58,238
N48367,Pobeda,2025-01-15,22:06:51,172
UT2908,Aeroflot,2025-12-05,10:58:42,32
S74632,Utair,2024-11-26,09:51:17,118
N44664,Pobeda,2025-07-03,22:30:02,234
FV1862,Aeroflot,2025-08-21,23:17:44,271
S78710,Ural Airlines,2025-06-09,10:42:21,91
DP6295,Rossiya,2025-01-22,20:36:26,91
SU1357,Nordwind,2024-02-26,08:31:24,8
N43416,Pobeda,2024-11-09,02:00:09,299
N42602,Aeroflot,2025-11-08,00:15:04,218
UT5345,S7 Airlines,2025-02-09,09:51:26,157
FV2343,Rossiya,2024-06-04,04:49:05,197
DP2333,Red Wings,2025-10-12,04:51:48,172
FV3319,Utair,2025-11-28,00:44:02,43
S78215,S7 Airlines,2024-11-11,08:25:10,30
SU9947,Red Wings,2025-10-27,08:20:02,7
S77915,Aeroflot,2024-10-20,19:29:29,56
WZ810,Aeroflot,2025-04-22,15:09:26,7
WZ4241,Red Wings,2025-06-20,09:58:10,82
FV7908,Rossiya,2024-01-27,05:21:41,3
SU3533,Aeroflot,2025-12-28,23:46:24,3
S78876,S7 Airlines,2024-12-06,00:15:35,109
SU5754,Utair,2024-12-28,09:34:33,281
U63200,Ural Airlines,2025-07-06,23:25:24,47
UT3718,Pobeda,2025-03-07,06:14:13,210
U63370,Aeroflot,2024-09-17,03:54:35,40
N48849,Utair,2024-03-08,05:23:19,6
WZ5966,Aeroflot,2025-05-16,14:14:24,148
WZ8729,Red Wings,2025-01-27,19:22:08,156
UT9955,Red Wings,2025-06-06,19:27:58,246
WZ4866,Utair,2025-04-01,09:34:31,129
UT6781,Pobeda,2024-10-07,18:22:10,205
N42313,Red Wings,2024-08-05,01:04:21,55
WZ7935,S7 Airlines,2025-07-20,04:23:28,46
SU3867,Red Wings,2024-12-19,09:09:14,72
UT2432,Rossiya,2024-03-19,10:36:30,271
FV3569,Aeroflot,2024-02-17,01:25:12,24
U6790,Nordwind,2025-12-27,05:17:54,99
UT2916,Aeroflot,2024-08-04,16:58:57,181
N41498,Pobeda,2025-11-05,10:23:26,38
WZ3497,Nordwind,2025-05-06,17:15:26,265
WZ9874,Nordwind,2025-03-27,05:34:57,197
U63498,Pobeda,2024-11-13,06:37:44,289
S72833,Red Wings,2024-05-03,06:04:01,185
DP1803,Red Wings,2024-03-08,09:24:53,79
N48045,Pobeda,2025-08-12,16:05:23,180
S72707,S7 Airlines,2024-03-23,11:49:50,154
FV2558,S7 Airlines,2025-05-09,15:53:16,106
DP6955,Pobeda,2025-12-09,15:00:53,97
N46914,Pobeda,2025-08-17,06:20:51,193
DP7701,Utair,2025-10-02,22:55:35,213
U63982,Nordwind,2024-06-12,13:29:26,257
N49760,Nordwind,2024-07-21,19:27:41,73
FV335,Aeroflot,2024-08-24,17:20:35,251
S7628,Ural Airlines,2024-06-08,02:30:01,211
U6283,Nordwind,2024-02-23,17:10:51,300
SU4668,Aeroflot,2024-09-24,12:16:49,245
FV1648,Ural Airlines,2025-01-14,10:54:52,248
N44302,Pobeda,2024-07-20,13:23:41,109
SU3022,Ural Airlines,2024-08-13,21:32:30,204
WZ4351,Utair,2025-09-02,10:32:29,240
DP2274,Pobeda,2025-07-02,00:21:05,124
FV6874,Aeroflot,2025-08-12,19:43:50,95
S75561,Nordwind,2025-04-10,12:54:29,3
N41248,Red Wings,2024-09-20,17:38:26,214
SU4517,Red Wings,2025-05-13,06:09:07,270
FV3375,Aeroflot,2024-05-11,12:31:08,30
WZ7935,Aeroflot,2024-08-18,08:12:29,195
FV9257,Pobeda,2024-03-17,15:57:18,177
SU5176,S7 Airlines,2025-03-03,09:43:21,103
DP8626,Ural Airlines,2025-10-26,00:15:51,172
S78014,S7 Airlines,2025-07-20,23:30:10,215
UT6349,Red Wings,2025-05-23,10:25:15,214
SU7048,Aeroflot,2025-10-25,19:38:12,47
SU1255,Pobeda,2024-08-17,01:51:43,274
FV2591,Ural Airlines,2025-09-01,15:41:33,156
S71590,Ural Airlines,2025-05-17,04:36:17,89
U68931,Pobeda,2024-02-22,12:50:42,46
N49056,Ural Airlines,2024-11-12,18:13:52,17
FV5633,Red Wings,2024-10-08,03:37:52,18
U64016,Ural Airlines,2024-06-19,11:17:21,249
UT3787,Aeroflot,2025-06-10,02:20:04,266
U67040,Rossiya,2025-06-26,07:46:00,247
SU7061,Pobeda,2024-10-25,09:00:46,254
SU957,Utair,2025-04-11,11:21:36,88
S78273,Ural Airlines,2024-06-14,07:35:39,31
U64049,Utair,2025-10-12,16:02:08,41
SU1338,Ural Airlines,2025-07-24,18:25:07,161
DP4345,Pobeda,2025-05-08,04:29:22,164
U69015,Red Wings,2025-10-17,02:42:02,17
N49294,Utair,2025-06-27,00:12:59,96
DP5371,Rossiya,2025-09-12,18:27:29,72
UT6778,Pobeda,2025-05-03,01:01:05,154
FV3967,Red Wings,2024-05-20,16:49:52,261
UT966,Pobeda,2025-02-09,09:15:03,251
S78238,Ural Airlines,2024-12-25,04:00:34,84
FV5041,Aeroflot,2024-05-03,11:35:25,201
U68718,Pobeda,2024-08-12,06:54:30,24
S74823,Rossiya,2024-12-19,15:52:42,248
FV1321,Pobeda,2025-03-17,22:33:55,106
S73855,Nordwind,2024-07-20,21:54:57,129
S78136,S7 Airlines,2024-08-20,02:34:14,33
S75611,Red Wings,2024-06-09,12:37:01,25
WZ7852,Rossiya,2024-11-21,03:48:58,11
FV9457,Nordwind,2025-04-17,16:06:35,205
SU861,S7 Airlines,2024-01-25,23:12:24,271
N47408,Ural Airlines,2025-12-14,11:46:59,27
U66614,Red Wings,2024-07-22,14:11:20,148
FV162,Utair,2024-03-25,00:19:21,188
UT3964,Red Wings,2025-10-11,13:53:12,219
U62558,Ural Airlines,2024-05-10,03:54:55,112
UT4106,Aeroflot,2025-08-08,05:40:14,72
N48874,Aeroflot,2024-10-26,04:58:46,138
SU6156,Pobeda,2024-06-09,06:26:47,59
DP9238,Pobeda,2025-06-13,05:40:10,230
UT395,Utair,2025-06-22,23:46:09,241
S78896,Nordwind,2024-01-12,06:40:56,188
FV7649,Red Wings,2025-02-01,19:15:07,15
N41884,Rossiya,2024-05-13,08:07:49,133
U6331,Nordwind,2024-04-23,07:29:33,220
SU9083,Red Wings,2024-04-26,05:06:50,106
U64246,Utair,2025-02-16,03:47:41,137
FV9588,Rossiya,2024-07-20,19:01:15,102
WZ1008,Red Wings,2024-09-07,16:55:25,93
UT9911,Utair,2024-07-15,20:43:47,43
SU7708,Utair,2024-10-16,22:55:21,69
N41065,S7 Airlines,2025-01-27,11:31:13,162
N43523,Aeroflot,2025-04-18,13:25:03,46
UT351,Utair,2025-06-06,17:18:52,290
FV2789,Utair,2024-04-11,06:47:19,264
DP8317,Pobeda,2025-11-11,03:08:30,231
S74124,Utair,2025-04-02,11:21:53,20
UT1492,S7 Airlines,2025-01-23,11:33:15,37
S75823,Red Wings,2025-03-28,09:54:53,24
WZ1949,Pobeda,2025-06-22,10:17:50,204
UT1013,Aeroflot,2024-02-25,21:14:31,51
N44131,Rossiya,2024-01-15,18:16:51,254
S74694,Ural Airlines,2024-12-18,11:54:54,171
UT6003,Utair,2024-09-10,22:00:07,112
SU9644,Pobeda,2024-12-07,07:00:46,155
DP8140,Rossiya,2024-01-06,00:43:34,272
UT5703,Pobeda,2024-01-04,11:19:23,122
WZ6642,Utair,2025-01-27,10:47:11,298
N48913,Aeroflot,2024-01-10,04:55:29,150
WZ5317,Rossiya,2024-06-15,08:30:08,35
DP7389,Red Wings,2025-03-19,03:34:45,136
U69614,S7 Airlines,2024-05-13,08:58:17,136
U62351,Red Wings,2024-12-05,14:49:44,290
FV8496,S7 Airlines,2024-12-15,18:46:32,208
UT6973,Red Wings,2024-02-17,19:56:02,249
U64999,Utair,2024-02-16,20:46:45,91
N46787,Red Wings,2024-10-19,09:46:36,137
WZ7145,Utair,2024-02-20,17:43:29,296
N45505,Ural Airlines,2025-11-20,14:45:06,279
DP6327,Nordwind,2025-12-03,09:24:18,284
WZ1553,Rossiya,2024-01-08,02:23:17,60
FV1979,Nordwind,2025-12-28,17:51:42,132
N43229,Red Wings,2025-07-10,07:12:48,240
DP1157,Rossiya,2025-11-20,11:23:30,201
S78576,Aeroflot,2024-11-08,13:49:03,64
DP7571,Rossiya,2025-11-11,15:19:58,225
DP7117,Rossiya,2024-02-26,21:44:58,159
N4394,Red Wings,2024-02-22,00:48:37,149
WZ4363,Rossiya,2025-03-10,21:20:05,56
UT2087,S7 Airlines,2025-12-03,10:10:16,117
UT9651,Utair,2025-03-18,15:41:51,202
WZ8335,Pobeda,2024-10-14,07:50:48,269
UT8853,Nordwind,2025-04-04,08:44:17,8
FV302,Nordwind,2025-09-12,08:20:03,114
SU5317,Ural Airlines,2025-06-28,17:33:13,224
DP1945,Aeroflot,2024-10-04,10:45:38,213
S75119,Ural Airlines,2024-04-21,11:42:07,30
S79698,Pobeda,2025-03-28,08:28:17,19
N43919,Nordwind,2025-11-17,03:54:49,101
SU9013,Utair,2025-03-04,16:40:19,260
UT2326,Rossiya,2025-11-08,01:17:24,147
U64553,Utair,2024-08-13,05:04:20,274
FV428,Nordwind,2025-08-15,06:50:50,182
DP8175,S7 Airlines,2024-03-13,09:39:15,287
WZ9056,S7 Airlines,2025-11-26,18:02:41,5
SU5942,Pobeda,2024-12-03,08:36:32,37
S78500,Pobeda,2025-09-23,20:10:35,28
DP7235,S7 Airlines,2025-02-28,02:07:09,168
WZ2768,S7 Airlines,2025-11-06,22:39:53,221
N45378,S7 Airlines,2024-02-17,01:52:52,111
SU7070,S7 Airlines,2025-09-22,23:09:32,115
FV9371,Pobeda,2024-08-18,02:54:06,266
UT1539,Pobeda,2024-03-08,15:37:38,132
S72735,Utair,2025-09-17,12:01:02,110
S76961,Red Wings,2025-11-17,23:14:19,216
S74588,Utair,2024-06-13,09:07:04,246
UT8655,Ural Airlines,2024-01-15,10:24:18,117
SU6101,Red Wings,2025-10-08,23:16:45,23
S74344,Red Wings,2024-10-09,10:27:44,88
N4185,Ural Airlines,2024-11-09,06:44:19,104
U67463,Utair,2024-02-05,17:14:53,220
FV9036,Pobeda,2025-07-24,10:25:33,297
SU8461,Pobeda,2025-06-06,05:02:06,128
WZ8444,Red Wings,2024-06-02,15:49:50,284
UT8793,Pobeda,2025-11-04,08:34:07,241
DP115,Aeroflot,2024-09-21,05:21:46,118
DP5094,Utair,2024-03-11,13:14:48,171
WZ8175,Ural Airlines,2024-05-13,21:51:58,189
N46944,Red Wings,2025-03-01,19:33:51,219
S72291,Aeroflot,2025-01-08,07:53:44,136
SU5407,Utair,2025-06-26,22:43:41,211
WZ6896,Ural Airlines,2025-01-15,10:32:18,72
U64978,Pobeda,2025-05-27,11:12:44,47
WZ2352,Nordwind,2025-12-22,10:59:59,52
U66264,Pobeda,2024-04-09,03:33:51,221
FV4304,Ural Airlines,2025-04-04,19:52:52,60
WZ6588,Rossiya,2024-05-16,01:03:09,265
DP5109,Red Wings,2025-08-05,01:53:22,19
N43477,Rossiya,2025-07-21,15:51:04,152
DP4146,Pobeda,2024-05-25,02:39:00,6
U68911,Red Wings,2024-02-06,00:00:10,200
FV3434,Nordwind,2025-06-25,08:09:36,235
U69239,Utair,2024-03-22,07:11:52,202
FV3641,S7 Airlines,2024-05-16,09:46:00,245
WZ9744,Utair,2025-10-20,15:10:27,195
N41345,Rossiya,2025-08-03,17:10:53,87
N47070,Red Wings,2024-08-22,16:54:58,54
N45294,Red Wings,2025-10-24,15:53:35,43
WZ9203,S7 Airlines,2025-01-06,12:17:01,164
N4931,Utair,2024-11-15,05:45:59,205
DP1912,S7 Airlines,2025-10-01,13:52:30,167
UT6034,Utair,2025-05-05,05:53:15,145
DP2078,Nordwind,2024-04-08,21:49:34,297
U66935,Rossiya,2025-02-14,10:10:26,224
N46729,Nordwind,2025-05-03,23:18:19,57
WZ8646,Aeroflot,2024-12-02,08:50:06,100
FV2204,Ural Airlines,2025-04-22,21:36:15,219
U68523,Ural Airlines,2024-03-25,09:01:56,220
S74353,Red Wings,2025-04-07,11:24:56,295
DP2193,Aeroflot,2025-10-12,02:20:37,197
WZ3604,Pobeda,2024-05-21,06:49:16,120
DP5594,Rossiya,2025-10-03,04:55:17,244
SU8824,Utair,2024-04-27,00:34:37,44
S76973,Red Wings,2024-09-21,08:54:17,65
N4316,Red Wings,2024-07-08,23:13:13,259
U61058,Aeroflot,2024-03-14,11:18:50,200
SU7099,Nordwind,2024-09-10,15:32:33,142
SU228,Utair,2024-10-19,16:26:27,94
SU6642,Nordwind,2025-09-09,19:36:33,91
WZ2951,S7 Airlines,2025-05-17,17:33:22,143
SU1799,Utair,2024-09-12,04:54:10,147
WZ3586,Rossiya,2025-01-07,22:17:17,49
S76049,Nordwind,2025-08-07,21:04:53,187
U62263,Ural Airlines,2024-11-08,11:02:49,142
WZ3226,Red Wings,2024-09-20,00:17:25,16
WZ1195,S7 Airlines,2025-07-16,01:04:42,52
U69768,Rossiya,2025-08-11,07:03:26,163
WZ4194,Rossiya,2025-09-24,16:30:52,209
N44033,Nordwind,2024-07-09,01:55:08,263
U68046,Utair,2024-05-02,18:39:48,230
SU4684,Aeroflot,2024-07-07,20:08:52,198
UT2824,Utair,2024-06-12,23:26:14,38
S77290,Red Wings,2024-02-23,04:53:00,295
DP1716,S7 Airlines,2025-06-23,06:44:11,49
N41779,Utair,2024-07-18,01:34:25,3
FV6031,Red Wings,2024-08-04,13:22:41,65
DP2798,Red Wings,2024-06-08,06:57:48,40
FV2876,S7 Airlines,2025-08-22,15:09:21,255
N44698,Red Wings,2025-02-07,06:20:07,250
UT8319,Utair,2024-07-27,17:30:58,42
S78674,Ural Airlines,2025-02-09,09:39:37,135
FV9439,Ural Airlines,2024-05-25,23:16:51,299
FV217,Utair,2024-06-03,03:26:29,165
FV868,S7 Airlines,2025-11-23,17:19:37,118
FV4964,Rossiya,2025-09-17,13:57:08,163
U6747,Red Wings,2025-06-23,13:28:53,227
S75497,Nordwind,2024-10-13,01:32:39,263
N44481,Nordwind,2025-05-02,04:42:06,192
DP9616,Rossiya,2025-12-07,14:00:36,196
U62646,S7 Airlines,2025-11-19,06:07:38,20
N45837,Ural Airlines,2024-07-19,14:04:36,287
U62078,Rossiya,2025-01-06,11:14:02,242
N48677,Ural Airlines,2025-08-16,07:23:52,149
FV964,Ural Airlines,2024-08-16,12:47:27,1
WZ2096,Rossiya,2024-11-19,17:53:33,216
DP6351,Aeroflot,2025-01-25,22:57:01,31
WZ4469,Aeroflot,2024-02-17,23:14:57,40
U65126,Ural Airlines,2025-11-28,02:34:10,75
SU7911,Aeroflot,2025-04-03,07:22:25,143
FV1900,Utair,2024-12-23,08:23:48,53
WZ9111,Ural Airlines,2024-04-14,21:20:19,18
SU6496,Red Wings,2025-12-03,17:27:36,51
U61984,Pobeda,2024-05-02,01:55:58,63
N42688,Aeroflot,2025-11-09,16:01:04,183
S77958,Red Wings,2024-11-27,23:38:35,291
U62362,Aeroflot,2025-12-28,05:18:27,0
WZ9009,S7 Airlines,2025-05-19,14:08:04,178
UT8192,Aeroflot,2024-07-19,05:46:47,33
U6543,Aeroflot,2024-05-16,13:52:31,297
FV6232,Red Wings,2025-04-26,02:31:25,164
SU4094,Utair,2024-09-24,14:01:41,194
UT3642,Utair,2025-11-21,10:20:26,142
N44842,Pobeda,2025-06-12,17:26:55,110
DP489,Rossiya,2025-08-25,22:56:14,167
SU886,Rossiya,2024-07-28,15:00:10,13
N4314,S7 Airlines,2024-02-13,17:16:12,50
DP6116,Ural Airlines,2024-06-21,02:01:18,37
DP4325,Aeroflot,2025-03-05,09:34:22,145
U62787,Utair,2025-02-27,04:05:01,73
DP8314,Utair,2025-07-11,09:12:17,269
SU5349,Rossiya,2025-01-14,06:07:05,179
SU8266,Nordwind,2024-03-24,08:24:11,96
WZ9690,Aeroflot,2025-06-28,06:47:30,247
N48180,Aeroflot,2024-07-22,08:24:27,73
U63855,Aeroflot,2024-12-27,19:04:57,44
S79357,Red Wings,2025-03-25,23:51:13,6
U69860,Rossiya,2025-09-02,01:17:39,226
DP2576,Aeroflot,2025-09-27,15:48:11,138
WZ9671,S7 Airlines,2024-10-21,09:37:30,106
SU8057,S7 Airlines,2024-10-10,22:27:41,25
FV5942,S7 Airlines,2024-09-10,16:28:36,257
SU4276,Utair,2025-04-16,01:25:20,88
FV3444,S7 Airlines,2025-01-10,19:12:00,221
DP1306,Red Wings,2025-05-19,22:10:24,282
UT6067,S7 Airlines,2024-11-21,05:32:32,164
S77127,Pobeda,2024-03-22,17:09:16,58
WZ1552,S7 Airlines,2024-03-18,14:08:55,146
WZ6224,Pobeda,2025-07-10,02:08:51,252
UT8938,Aeroflot,2024-11-17,20:29:58,99
SU1056,Red Wings,2024-08-16,02:38:45,278
N43620,Rossiya,2025-03-17,16:07:52,132
S76490,Rossiya,2025-11-19,01:22:35,141
WZ7091,Pobeda,2025-04-24,05:06:32,3
N48149,Rossiya,2024-02-04,17:12:08,8
N49727,Ural Airlines,2025-07-11,15:52:35,233
WZ7017,Rossiya,2025-10-09,18:01:48,266
WZ2964,Aeroflot,2024-09-18,16:13:40,134
UT8065,Pobeda,2024-05-03,00:38:10,223
UT3961,Aeroflot,2025-06-17,11:27:33,155
N4533,Utair,2024-06-20,22:46:42,124
N48017,Nordwind,2025-07-06,02:13:12,18
WZ9831,S7 Airlines,2024-08-04,06:39:30,141
UT4203,Pobeda,2025-03-19,14:31:09,251
U64550,Rossiya,2025-07-07,19:14:39,69
FV1091,Rossiya,2024-05-23,11:49:44,240
FV9509,Nordwind,2025-10-06,18:18:26,219
S74167,Aeroflot,2025-01-26,21:53:31,83
S7267,Red Wings,2024-01-02,16:10:14,206
WZ7284,Red Wings,2024-05-18,16:48:30,100
UT6674,Red Wings,2025-11-27,02:05:18,8
UT1163,Nordwind,2024-06-09,13:53:05,82
SU9987,Nordwind,2025-01-11,07:57:55,6
SU1872,Nordwind,2025-07-23,18:30:40,239
S7391,Pobeda,2024-01-22,16:59:00,242
UT8726,Utair,2025-07-07,20:36:28,172
S79227,Rossiya,2025-05-17,18:15:59,132
SU5264,Utair,2025-07-02,07:07:58,109
S7352,Ural Airlines,2025-07-09,13:07:05,45
N4267,Red Wings,2024-10-11,10:10:26,112
WZ8195,S7 Airlines,2025-05-17,02:41:50,129
U66404,Nordwind,2024-10-07,12:33:17,57
SU7054,Nordwind,2025-11-21,02:24:34,68
DP3733,Nordwind,2025-05-05,00:06:43,298
UT3196,Pobeda,2025-03-08,18:05:22,258
UT127,Ural Airlines,2024-02-21,04:45:38,290
DP4369,Pobeda,2024-10-17,13:43:49,106
WZ3576,Nordwind,2025-11-16,05:31:37,51
DP4187,S7 Airlines,2025-10-10,16:16:57,16
WZ8562,Rossiya,2025-03-08,09:28:47,27
UT2683,S7 Airlines,2025-01-28,00:18:30,74
UT5493,Nordwind,2025-11-15,15:24:54,24
WZ3380,Utair,2024-08-03,16:53:08,230
N41864,Nordwind,2024-10-24,04:30:49,87
FV1064,Aeroflot,2025-06-18,23:57:27,287
FV4656,Pobeda,2025-04-23,16:23:18,260
WZ6731,Utair,2025-12-09,23:13:51,218
DP9696,S7 Airlines,2025-05-23,19:59:33,240
WZ8554,Aeroflot,2024-09-19,17:39:03,156
SU9925,S7 Airlines,2025-01-06,12:30:00,88
DP2021,Utair,2024-06-07,10:40:59,300
SU5504,Rossiya,2024-08-14,08:43:25,186
U61502,Pobeda,2025-09-04,02:48:28,222
S75975,Aeroflot,2025-03-02,18:58:08,234
WZ4039,Red Wings,2025-12-01,22:50:44,68
FV1650,Pobeda,2025-11-08,08:35:42,119
U67680,Pobeda,2025-09-25,02:57:00,144
U61652,Pobeda,2024-05-25,17:16:45,130
FV6827,Rossiya,2025-02-15,12:48:19,161
WZ5259,Aeroflot,2025-09-18,21:29:26,204
DP785,Rossiya,2025-05-28,02:36:43,95
S77019,Nordwind,2025-01-03,15:02:18,200
U68649,Aeroflot,2024-06-12,00:40:55,229
N43665,Pobeda,2024-05-11,07:53:36,164
U65842,S7 Airlines,2024-09-02,22:58:51,10
DP508,Aeroflot,2024-09-03,11:03:00,213
SU8208,Rossiya,2025-07-25,23:40:40,130
WZ3963,Red Wings,2024-12-08,20:50:58,245
UT8710,Nordwind,2025-12-21,07:09:18,150
SU7982,S7 Airlines,2024-02-12,13:04:59,128
U69925,Pobeda,2025-12-14,18:18:06,160
FV6889,Pobeda,2024-04-24,20:18:59,297
UT1151,Pobeda,2024-02-26,20:46:36,174
DP7114,Ural Airlines,2025-08-03,11:09:47,272
U63693,S7 Airlines,2024-05-26,08:09:04,145
FV3778,Pobeda,2024-07-23,14:31:41,149
SU8592,Nordwind,2024-07-21,01:41:21,23
S72445,Ural Airlines,2024-06-17,09:55:38,66
FV8332,Ural Airlines,2024-06-25,19:59:43,41
WZ6130,Pobeda,2025-05-05,00:49:19,229
SU7886,Red Wings,2024-02-05,14:23:48,282
U67191,S7 Airlines,2024-08-26,22:19:46,144
S78170,S7 Airlines,2024-12-04,04:22:49,196
N42973,Red Wings,2025-01-23,07:08:06,23
UT8377,Ural Airlines,2025-02-13,03:20:26,297
N4692,Aeroflot,2025-10-27,16:51:03,79
DP8151,Utair,2025-12-16,14:44:04,254
FV7896,Nordwind,2025-09-14,07:14:45,298
WZ1727,Rossiya,2024-05-26,19:21:45,32
SU8644,S7 Airlines,2025-12-15,21:36:19,106
FV1973,Nordwind,2024-06-17,08:41:45,148
WZ4840,Aeroflot,2024-02-19,10:39:59,97
WZ6775,Aeroflot,2024-09-20,23:49:42,84
UT1000,Pobeda,2025-01-14,03:14:00,281
DP3736,Utair,2025-11-28,17:11:25,103
UT705,Rossiya,2025-01-12,08:50:53,6
UT1917,Red Wings,2025-10-28,01:46:54,217
U66340,Rossiya,2024-09-20,00:27:20,70
SU2689,Utair,2024-10-11,17:36:56,26
UT609,Rossiya,2024-11-23,05:50:15,11
SU2732,Red Wings,2024-12-19,04:33:26,2
N43009,Nordwind,2025-05-11,22:21:05,240
N47388,Utair,2024-08-17,17:57:31,174
N44651,Nordwind,2024-01-15,18:11:34,139
S74757,Utair,2025-02-24,21:06:36,165
DP3899,Nordwind,2025-07-25,15:23:48,7
WZ2462,Ural Airlines,2025-06-14,05:27:28,294
SU6794,Pobeda,2024-06-07,00:10:42,229
FV5905,Ural Airlines,2024-06-05,12:33:34,136
SU3630,Pobeda,2024-03-04,00:16:13,117
UT5808,Red Wings,2024-08-25,12:32:26,22
S72672,Utair,2025-09-23,01:56:59,167
U68895,Pobeda,2025-07-04,00:06:37,246
S79646,S7 Airlines,2024-01-17,12:25:55,213
U66021,Utair,2024-06-04,02:42:59,287
DP4265,Red Wings,2025-08-27,16:46:43,149
UT9423,Utair,2025-10-08,07:11:30,237
SU6716,Red Wings,2025-04-23,06:14:13,152
N44941,Utair,2025-03-28,16:05:19,211
U62409,Rossiya,2024-01-19,14:53:53,230
S75303,Utair,2025-03-09,09:33:53,112
N41701,Red Wings,2025-01-25,11:29:29,244
FV1363,Pobeda,2024-07-14,03:29:05,134
FV4487,Aeroflot,2025-05-02,02:28:21,66
U61419,Utair,2024-02-05,06:22:41,156
WZ9729,Nordwind,2024-11-05,13:27:39,51
FV3974,Aeroflot,2025-11-06,08:09:40,141
N42094,Nordwind,2024-11-19,19:48:12,270
FV3534,Rossiya,2024-04-05,13:16:30,29
DP1964,Ural Airlines,2025-10-26,18:42:54,69
DP1383,Aeroflot,2025-12-16,10:55:16,111
FV7673,Nordwind,2024-12-04,21:04:32,219
N43132,Aeroflot,2025-11-04,12:14:59,192
SU9913,Ural Airlines,2025-12-19,11:30:10,124
DP3138,S7 Airlines,2025-11-08,21:39:35,147
U63175,Ural Airlines,2025-07-18,01:00:03,202
FV6968,Nordwind,2024-04-06,21:31:05,163
U68094,Ural Airlines,2024-12-04,17:38:04,250
WZ3425,Rossiya,2025-04-14,00:10:42,44
U62778,Red Wings,2024-01-24,17:35:45,12
FV905,Aeroflot,2025-03-21,10:14:18,240
U69743,Ural Airlines,2024-11-08,18:52:15,250
S74636,Utair,2025-02-12,07:52:40,145
SU9443,Nordwind,2025-01-28,17:54:08,103
UT7593,Aeroflot,2025-12-24,21:22:39,165
DP1272,S7 Airlines,2025-10-14,21:08:55,261
SU253,S7 Airlines,2024-06-08,04:56:03,139
WZ6856,Red Wings,2024-02-26,12:30:10,295
SU5688,Pobeda,2025-11-28,10:37:45,289
U64215,Nordwind,2024-01-12,00:15:52,33
SU9523,Rossiya,2025-12-11,07:47:41,70
SU5996,S7 Airlines,2025-02-20,23:59:18,231
SU8724,Red Wings,2025-07-10,04:57:33,281
S77514,Nordwind,2025-12-13,23:01:04,265
S73118,Nordwind,2025-01-14,09:11:37,72
N45174,Red Wings,2025-10-22,08:41:53,214
WZ4241,Nordwind,2024-07-20,01:40:53,99
N46769,S7 Airlines,2024-04-07,23:29:08,62
S78280,Rossiya,2025-10-12,12:25:32,285
FV2181,Ural Airlines,2025-08-06,12:40:18,27
U67472,Aeroflot,2024-03-05,09:40:01,276
SU4779,Rossiya,2024-05-22,23:58:13,206
SU871,Utair,2024-12-07,22:34:48,270
UT1732,Nordwind,2025-03-14,13:44:01,19
UT5459,Ural Airlines,2025-10-09,13:10:42,208
U6473,Aeroflot,2025-04-06,02:01:33,94
U66988,Aeroflot,2024-08-04,12:40:54,236
FV9477,Aeroflot,2025-01-19,17:33:39,243
DP8018,Rossiya,2024-11-28,19:08:22,164
WZ6924,Rossiya,2024-01-17,03:56:08,138
FV7164,Rossiya,2024-10-01,12:17:46,30
DP9846,Rossiya,2025-04-05,05:48:33,179
WZ4182,Nordwind,2024-06-02,12:27:31,122
UT2307,Aeroflot,2024-06-27,20:34:42,181
SU2259,Utair,2025-10-17,18:55:40,247
WZ6968,Ural Airlines,2025-07-03,04:18:17,111
U69984,Ural Airlines,2024-03-04,13:36:02,221
FV1903,Red Wings,2024-11-13,20:36:16,217
FV3205,Ural Airlines,2025-04-09,07:12:33,2
SU2282,Red Wings,2024-07-21,20:49:47,41
FV8873,Utair,2025-08-23,14:28:04,144
UT8026,Aeroflot,2025-04-07,22:22:29,253
FV6095,Aeroflot,2024-11-09,21:37:21,236
S73307,Red Wings,2025-02-13,20:42:33,162
S7163,Nordwind,2024-08-20,00:57:33,213
S72734,Ural Airlines,2024-09-03,14:05:56,22
WZ7982,Nordwind,2025-07-01,05:37:39,129
DP2732,Pobeda,2025-05-15,21:26:48,285
SU6560,Aeroflot,2025-11-04,03:04:15,7
U65072,Aeroflot,2024-08-26,13:00:58,1
U65934,Ural Airlines,2024-05-04,06:18:57,8
S77521,Utair,2025-05-19,09:48:08,172
SU983,Ural Airlines,2024-04-02,08:10:11,292
FV6550,Ural Airlines,2024-04-01,15:46:35,108
SU4018,Nordwind,2025-09-22,02:46:37,116
DP3676,Utair,2024-05-25,17:42:49,272
N43864,Pobeda,2024-04-05,22:05:01,10
FV9493,Rossiya,2025-08-05,10:14:22,198
U67550,Utair,2024-07-28,08:59:21,12
U62407,Red Wings,2024-10-09,00:44:05,10
WZ4366,Rossiya,2025-01-17,04:15:36,211
FV8255,S7 Airlines,2025-08-24,03:32:22,124
WZ502,Rossiya,2025-04-04,02:50:44,7
SU1430,Rossiya,2024-10-24,14:10:14,252
S75870,Nordwind,2025-02-13,23:16:24,13
DP3048,Red Wings,2024-06-03,04:58:13,80
SU8105,Aeroflot,2024-01-24,11:52:26,15
S79859,Pobeda,2025-08-28,23:22:34,270
WZ7335,Utair,2025-03-15,22:48:06,14
U65676,Nordwind,2025-08-28,07:41:34,179
SU3768,Pobeda,2025-11-09,11:16:39,21
UT409,Rossiya,2025-12-18,14:01:49,0
FV6996,Nordwind,2024-08-21,18:49:06,112
U66883,Red Wings,2025-10-05,05:26:29,128
U69484,Red Wings,2025-04-03,12:59:43,114
S76562,S7 Airlines,2024-10-17,17:21:34,40
DP1606,Rossiya,2024-07-01,16:08:51,274
FV952,Red Wings,2024-09-10,12:34:42,133
SU6872,Rossiya,2024-06-24,22:13:26,169
SU6125,Red Wings,2024-02-12,07:59:38,245
SU3947,S7 Airlines,2024-01-06,08:51:56,176
S75777,S7 Airlines,2024-03-24,22:52:21,195
SU6065,Ural Airlines,2025-05-28,15:00:21,150
SU4443,Aeroflot,2024-02-08,04:53:23,50
WZ1160,Aeroflot,2025-01-24,14:06:34,238
WZ9299,Rossiya,2024-09-11,23:48:02,139
DP8234,Pobeda,2025-02-08,20:03:02,41
U65046,Ural Airlines,2025-07-22,02:17:00,160
DP9693,Red Wings,2024-02-12,19:02:06,244
UT1222,Red Wings,2025-02-09,18:15:30,104
FV4892,Utair,2024-12-04,00:40:21,118
WZ1531,S7 Airlines,2025-03-08,07:22:33,176
DP262,Pobeda,2025-06-12,03:18:31,219
N4591,Utair,2024-06-11,01:17:17,295
WZ5474,Utair,2025-03-06,08:00:41,227
SU6332,Utair,2025-03-26,08:37:01,60
UT6805,Ural Airlines,2025-07-16,10:00:45,100
FV697,Pobeda,2024-10-17,16:27:55,276
DP940,Rossiya,2024-05-14,12:40:25,218
WZ4810,Pobeda,2024-03-14,05:28:10,153
SU7631,Nordwind,2024-05-15,00:53:35,136
DP1972,Nordwind,2025-05-27,01:56:37,34
WZ231,Red Wings,2024-05-15,23:20:48,216
N42124,S7 Airlines,2024-05-13,02:27:41,261
UT2584,Nordwind,2024-01-13,14:33:26,221
DP2763,Aeroflot,2025-04-11,03:57:46,167
N46650,Rossiya,2025-10-14,02:22:56,238
S76069,Pobeda,2025-01-20,21:56:07,163
U62806,Utair,2025-12-11,04:56:13,293
U61277,S7 Airlines,2025-08-07,06:53:53,64
WZ6113,Aeroflot,2025-03-12,01:06:40,31
U62951,Nordwind,2025-07-05,21:34:09,22
U67786,Pobeda,2025-01-20,14:15:41,17
S77207,Pobeda,2024-09-11,11:28:28,148
FV2464,Pobeda,2024-02-06,13:56:31,54
DP7265,Ural Airlines,2024-08-06,02:04:37,273
UT8146,S7 Airlines,2025-10-18,14:22:18,209
SU2047,Nordwind,2024-11-01,15:55:28,26
UT7757,Rossiya,2025-05-09,13:46:33,67
UT7301,S7 Airlines,2025-05-12,00:08:24,215
WZ591,Rossiya,2024-07-02,10:56:21,28
SU3625,Ural Airlines,2024-05-09,21:13:30,283
DP4088,Aeroflot,2025-12-12,00:02:37,164
N43206,Nordwind,2024-06-18,03:17:03,234
S77531,S7 Airlines,2025-04-22,20:29:05,97
U63584,Rossiya,2024-11-19,07:56:56,39
SU8316,S7 Airlines,2025-01-06,08:12:47,173
UT3382,Aeroflot,2024-01-22,15:51:17,23
S75257,Pobeda,2025-10-01,01:52:38,258
UT3338,Red Wings,2024-12-24,14:04:15,176
SU4766,Red Wings,2024-05-16,02:37:42,186
N42849,Rossiya,2024-01-13,07:54:30,267
DP452,Utair,2025-07-12,14:36:14,135
DP187,Aeroflot,2024-07-12,09:53:44,91
S73976,Ural Airlines,2024-08-17,23:30:09,20
FV2919,Red Wings,2025-12-02,05:39:42,72
N49808,Ural Airlines,2024-04-12,14:22:16,289
FV5680,Nordwind,2025-08-15,18:39:41,279
FV9813,Red Wings,2025-02-24,07:41:20,155
UT1353,Ural Airlines,2025-11-14,12:43:18,20
FV7539,Aeroflot,2025-12-06,21:38:48,41
WZ964,Pobeda,2024-10-14,19:35:28,38
FV6017,Utair,2025-05-01,21:01:59,237
UT3004,Red Wings,2024-01-21,05:38:48,175
UT1122,Ural Airlines,2025-04-24,06:06:29,68
U68235,Rossiya,2024-03-10,04:56:03,56
SU8626,Red Wings,2024-06-18,11:06:12,74
FV3288,Utair,2024-05-12,23:07:00,224
U68545,Utair,2025-04-03,03:37:29,148
N46854,Red Wings,2024-01-07,20:35:26,201
FV4603,Nordwind,2025-09-16,12:37:06,285
DP4836,Red Wings,2025-03-24,19:24:17,228
S72125,Aeroflot,2025-08-14,03:12:03,139
DP4470,Rossiya,2024-04-17,01:24:38,243
S77656,Utair,2024-02-12,05:06:59,202
UT1353,Utair,2024-08-12,15:15:08,31
SU1647,Aeroflot,2024-02-09,15:43:19,24
UT4215,Nordwind,2024-09-20,19:00:19,288
DP9575,Utair,2025-06-16,09:47:14,163
FV9912,Aeroflot,2025-08-13,00:59:58,284
U69955,Red Wings,2024-04-03,01:12:35,270
SU8239,Nordwind,2025-05-01,06:59:32,160
UT426,Aeroflot,2025-03-07,16:42:17,112
U67082,Pobeda,2025-06-26,03:30:05,194
S75974,Utair,2024-10-14,13:00:55,11
U68050,Aeroflot,2024-10-08,16:17:02,227
FV6477,Red Wings,2024-08-06,07:56:47,137
UT7216,Nordwind,2024-12-15,21:56:05,244
UT8734,Nordwind,2024-12-23,18:42:23,19
DP554,Aeroflot,2024-11-11,05:03:31,171
UT6276,Aeroflot,2025-07-19,09:38:19,81
WZ9112,Ural Airlines,2025-02-03,12:37:40,27
SU7188,Ural Airlines,2024-12-25,03:54:24,218
UT8890,S7 Airlines,2024-10-15,02:39:31,62
DP5442,Ural Airlines,2025-09-22,22:14:43,220
SU6199,Aeroflot,2024-10-25,06:28:27,287
FV5424,Utair,2025-03-18,01:19:30,252
DP2927,Aeroflot,2025-11-17,09:34:07,44
FV1332,Ural Airlines,2024-12-10,00:47:20,16
N47923,Rossiya,2025-07-19,20:21:37,118
DP3154,S7 Airlines,2025-02-27,13:02:09,210
FV1588,Aeroflot,2025-03-21,03:22:11,130
U65941,Ural Airlines,2024-05-09,12:52:13,39
UT2574,Nordwind,2025-02-15,06:24:58,250
WZ7743,S7 Airlines,2024-12-16,04:58:05,12
N47553,Pobeda,2024-01-18,17:29:52,110
UT142,Aeroflot,2024-01-02,08:16:58,276
UT5786,Pobeda,2024-09-24,15:36:38,52
WZ5256,Pobeda,2024-07-06,20:18:50,284
N45490,Pobeda,2024-02-21,13:31:23,93
DP1126,Rossiya,2024-11-28,21:11:04,175
S72027,Red Wings,2025-12-03,00:28:28,248
FV4944,Utair,2025-02-08,02:37:17,15
U66804,Ural Airlines,2025-03-15,04:11:23,26
U69849,Utair,2025-12-03,10:28:10,141
SU5100,Rossiya,2024-05-10,06:55:47,200
U68445,S7 Airlines,2025-01-09,01:26:37,91
N41062,Nordwind,2025-10-08,01:35:05,245
S78229,Ural Airlines,2024-02-01,23:49:50,98
U66756,Aeroflot,2024-05-15,23:29:31,287
FV2707,Rossiya,2025-06-18,11:45:47,30
UT9875,Rossiya,2025-07-19,02:49:21,110
DP2678,Aeroflot,2024-04-04,17:04:44,174
UT7690,S7 Airlines,2025-11-17,15:38:30,150
WZ943,Red Wings,2024-03-01,22:29:33,186
UT8051,Red Wings,2024-09-11,13:44:19,267
FV4438,Red Wings,2024-04-16,13:12:36,220
S7697,S7 Airlines,2025-09-01,06:09:46,251
DP5914,Rossiya,2024-03-02,12:48:31,191
FV425,Rossiya,2024-05-26,07:39:08,114
DP4028,S7 Airlines,2025-11-21,21:54:24,176
S77496,Red Wings,2025-06-18,22:07:20,7
DP5008,Utair,2024-12-08,16:33:26,199
FV5732,Pobeda,2024-05-26,06:15:36,249
FV1866,Pobeda,2024-06-20,00:02:52,249
U64707,Aeroflot,2025-07-07,11:22:45,261
N41453,S7 Airlines,2025-08-21,21:13:52,75
U69024,Aeroflot,2024-01-16,15:54:25,208
UT5445,S7 Airlines,2025-04-05,16:29:14,166
N47902,Rossiya,2024-04-05,22:45:44,80
FV8117,Rossiya,2024-10-17,03:17:29,292
WZ578,Red Wings,2024-09-23,04:34:12,144
SU463,Nordwind,2025-01-05,11:12:30,179
WZ1257,Utair,2024-09-12,18:06:12,136
N4680,Red Wings,2025-04-05,01:57:52,236
U62161,Rossiya,2024-10-02,22:38:17,148
WZ6215,Pobeda,2025-08-23,19:14:50,297
FV1579,Red Wings,2024-04-21,14:07:03,103
UT2536,Rossiya,2025-09-03,23:16:01,44
SU1443,Rossiya,2025-08-08,10:24:46,214
DP4587,Pobeda,2024-05-02,06:26:58,2
UT4355,Red Wings,2025-06-22,07:01:02,242
U62520,Pobeda,2024-07-05,17:33:34,194
WZ8078,Ural Airlines,2025-11-02,04:51:45,17
S78444,Nordwind,2024-11-22,18:09:35,219
WZ5808,Rossiya,2024-10-24,15:04:17,172
SU808,Red Wings,2024-09-12,05:33:39,277
U64877,Aeroflot,2025-11-06,20:43:06,156
U69260,Utair,2024-08-03,13:25:12,231
WZ104,Rossiya,2024-10-22,02:22:57,177
SU3369,Aeroflot,2024-01-19,12:42:12,31
N4675,Red Wings,2024-07-03,12:38:41,173
N45291,S7 Airlines,2025-10-25,10:04:16,250
N49191,Aeroflot,2024-09-26,08:51:50,85
U61967,Red Wings,2025-02-21,11:19:43,199
N49838,Ural Airlines,2025-02-08,20:18:12,132
SU3041,Pobeda,2025-01-24,01:18:40,104
DP6616,Pobeda,2024-04-15,17:38:51,280
WZ8049,Red Wings,2024-01-16,06:27:36,6
S73985,Rossiya,2025-04-16,16:10:47,107
S72319,Nordwind,2024-09-25,20:41:16,58
U65235,Red Wings,2025-04-13,23:07:23,145
WZ3419,Aeroflot,2025-01-28,18:13:19,140
DP7050,Rossiya,2024-01-03,02:35:41,198
WZ8195,Aeroflot,2025-03-07,19:26:10,2
DP2221,S7 Airlines,2024-02-20,00:37:56,83
S78361,S7 Airlines,2024-11-02,05:36:37,93
SU2965,Nordwind,2025-04-14,00:07:47,177
FV5791,Rossiya,2025-01-08,16:26:57,279
UT5772,Rossiya,2025-03-23,05:37:02,134
WZ7348,Aeroflot,2025-11-26,03:33:56,237
DP2110,Nordwind,2024-03-24,11:27:54,177
UT935,Aeroflot,2024-03-04,17:43:03,246
SU4364,Nordwind,2025-12-15,01:37:11,208
FV7342,Rossiya,2024-07-25,05:00:29,96
WZ9276,Aeroflot,2024-06-09,15:14:47,169
N4978,Ural Airlines,2025-08-27,06:25:34,78
UT8185,Rossiya,2025-06-12,02:58:40,51
UT5394,Nordwind,2024-12-09,02:48:44,196
S78207,Nordwind,2025-02-22,09:44:44,94
FV8769,Red Wings,2024-10-24,19:30:24,152
S72894,Ural Airlines,2025-07-06,22:46:19,173
U61189,Red Wings,2024-03-04,20:48:58,186
WZ8612,Aeroflot,2024-06-25,01:37:53,13
DP2717,Aeroflot,2025-06-28,08:24:06,210
U67131,Ural Airlines,2025-07-25,17:56:56,99
U63340,Pobeda,2024-04-14,15:53:02,280
N43503,Nordwind,2024-09-16,20:56:14,106
WZ8360,Utair,2024-12-16,11:47:24,201
S72670,Nordwind,2025-02-25,07:58:16,221
N48699,Nordwind,2024-10-14,09:12:58,48
UT9228,Utair,2024-09-08,14:10:51,275
SU2757,Aeroflot,2024-07-28,14:59:56,54
SU5759,S7 Airlines,2024-05-20,17:10:29,94
UT8294,S7 Airlines,2024-04-15,14:06:56,32
WZ8862,Ural Airlines,2024-12-27,07:18:50,298
S76948,S7 Airlines,2025-06-13,12:10:29,151
FV6072,S7 Airlines,2025-10-02,18:30:04,133
SU6884,Red Wings,2025-06-02,03:50:18,198
FV4959,Ural Airlines,2025-04-12,01:29:24,225
U69100,Rossiya,2025-06-27,04:52:36,265
FV5551,S7 Airlines,2024-08-28,00:34:37,65
UT664,Aeroflot,2024-02-04,09:05:00,30
UT8724,Pobeda,2024-11-26,05:48:04,272
FV6168,Rossiya,2024-05-07,23:25:52,98
S71648,Aeroflot,2025-11-11,08:35:37,241
U64704,Ural Airlines,2024-06-21,05:16:52,74
U68864,Pobeda,2025-02-04,07:56:48,151
N48331,Rossiya,2024-01-11,12:29:01,269
U6163,Rossiya,2025-07-10,21:35:14,255
S73252,Red Wings,2025-08-20,03:04:31,9
DP4901,Red Wings,2025-06-10,10:11:32,107
UT4952,Utair,2024-03-05,08:55:27,249
SU816,Utair,2024-07-26,13:22:01,135
WZ4158,Pobeda,2025-05-20,23:42:47,185
SU5084,Ural Airlines,2025-12-28,16:10:05,227
S76586,Utair,2024-08-10,11:53:46,265
SU6517,Red Wings,2025-04-06,21:26:47,109
N4802,Utair,2024-07-08,19:27:37,287
FV7523,Aeroflot,2024-11-17,06:26:09,293
FV9825,Utair,2025-08-04,19:14:33,212
U65959,Pobeda,2025-05-18,22:57:48,248
N44297,Nordwind,2025-04-02,12:47:51,203
DP3739,Pobeda,2025-04-13,22:42:39,90
UT3592,Rossiya,2024-07-18,00:03:08,56
DP1545,S7 Airlines,2024-07-24,12:28:35,298
FV5955,Pobeda,2024-10-06,22:41:33,296
DP5970,Utair,2025-08-07,04:39:09,41
SU4145,Aeroflot,2025-12-10,03:22:15,127
U67848,Rossiya,2025-12-26,09:43:35,178
S7265,Rossiya,2024-03-04,21:37:47,151
WZ6737,Pobeda,2024-03-22,16:56:43,169
DP8258,Utair,2025-05-16,02:51:02,120
DP7078,Rossiya,2024-02-23,11:46:07,212
S7719,S7 Airlines,2024-10-15,22:39:32,102
FV1554,Pobeda,2025-07-15,05:41:27,168
WZ1077,Utair,2025-06-13,10:57:01,261
WZ2102,Nordwind,2024-05-27,23:36:37,142
U69749,S7 Airlines,2024-06-07,03:13:03,276
U62705,Rossiya,2024-04-06,17:43:11,174
SU2235,Aeroflot,2024-08-23,03:04:03,294
S77703,Aeroflot,2024-11-17,21:32:48,55
U62074,Utair,2025-10-18,16:51:06,76
UT1017,Ural Airlines,2025-12-21,14:26:35,236
UT5455,Utair,2025-12-09,19:09:46,116
FV1820,Aeroflot,2024-09-23,19:20:32,91
U69164,Utair,2024-02-27,16:29:29,62
WZ8503,S7 Airlines,2024-09-11,16:49:15,140
UT6216,Rossiya,2025-03-10,12:42:18,44
DP8016,Red Wings,2025-12-26,21:19:19,190
UT7321,Ural Airlines,2025-09-11,00:14:57,233
S78714,Rossiya,2025-03-09,19:33:37,120
WZ1383,S7 Airlines,2025-12-12,20:42:45,257
SU1472,Ural Airlines,2024-01-09,17:16:36,201
S72177,Pobeda,2024-09-13,04:51:56,1
S71761,Nordwind,2024-06-16,13:01:00,66
S76182,Rossiya,2024-12-16,23:14:23,166
DP4191,S7 Airlines,2025-11-14,09:34:40,69
SU6738,Red Wings,2025-05-04,09:00:21,4
N49289,Pobeda,2024-01-11,07:36:36,229
S75344,Aeroflot,2025-10-02,01:16:29,121
DP521,S7 Airlines,2024-01-28,21:57:21,110
FV7379,S7 Airlines,2024-05-20,19:52:20,216
S77764,Aeroflot,2025-01-17,02:02:27,9
U64783,Aeroflot,2025-06-26,14:18:45,243
SU3009,Utair,2025-05-12,22:37:17,97
SU8204,Nordwind,2025-01-09,13:20:34,280
S77561,Rossiya,2024-07-21,14:52:31,53
N47485,S7 Airlines,2025-05-18,13:37:56,150
FV5596,Ural Airlines,2025-08-27,05:22:57,153
WZ1087,Pobeda,2025-04-22,13:30:56,193
N44108,Aeroflot,2025-04-23,20:00:17,246
U64448,Ural Airlines,2024-10-15,08:14:03,49
SU2348,S7 Airlines,2025-06-06,17:55:55,45
WZ983,Ural Airlines,2024-09-06,08:23:07,170
DP9745,Aeroflot,2024-11-28,02:03:33,224
DP3690,Rossiya,2025-04-01,04:20:21,265
FV1971,Rossiya,2024-07-10,19:05:34,131
UT136,Rossiya,2024-11-03,01:16:22,213
U69283,Pobeda,2024-04-02,05:34:06,188
SU4675,Utair,2024-08-20,10:03:03,118
S79904,Pobeda,2025-07-21,01:41:59,202
N49705,Ural Airlines,2025-02-07,19:44:21,33
SU6740,Pobeda,2025-06-22,19:32:45,158
U66810,Rossiya,2025-05-09,18:41:53,91
SU7969,Red Wings,2024-04-21,16:34:09,277
UT9239,Red Wings,2024-08-01,13:31:04,242
FV3308,Red Wings,2024-09-06,15:44:35,168
S75711,Utair,2024-01-03,04:32:55,247
DP3685,Rossiya,2025-06-27,03:17:22,52
SU8326,Red Wings,2025-04-07,08:27:38,38
SU4342,Pobeda,2024-12-02,18:13:04,233
S73463,Pobeda,2025-07-10,09:23:38,223
FV4807,Red Wings,2024-06-08,23:45:11,45
S76905,Rossiya,2024-11-19,16:52:45,61
U69080,S7 Airlines,2025-02-18,07:42:12,217
UT3758,Pobeda,2025-12-22,06:37:55,195
S73475,Red Wings,2025-02-13,20:40:56,1
SU8267,Nordwind,2025-01-03,14:19:43,97
FV5454,Nordwind,2025-10-11,09:08:57,103
SU7360,Red Wings,2025-01-26,16:54:22,222
WZ465,Aeroflot,2024-02-14,16:37:24,24
N42187,Ural Airlines,2024-11-09,23:24:09,203
UT467,Nordwind,2024-01-07,23:41:23,76
U67907,Pobeda,2024-06-20,20:38:30,138
U67024,S7 Airlines,2024-06-22,02:14:47,132
N4202,Pobeda,2024-01-09,13:36:42,211
SU1136,Nordwind,2024-08-18,18:35:11,210
DP230,Red Wings,2024-07-17,04:49:59,121
SU1647,Aeroflot,2024-03-02,01:59:38,284
DP2220,Nordwind,2025-05-06,03:39:02,298
U64327,Aeroflot,2025-06-03,04:44:55,178
S79864,Utair,2025-03-20,20:09:04,166
S76049,Red Wings,2025-04-02,22:20:11,299
FV6476,Ural Airlines,2024-10-21,09:15:17,176
FV8100,Pobeda,2024-03-08,16:34:23,18
DP7185,Nordwind,2024-06-18,17:50:11,58
N49551,Ural Airlines,2025-07-20,11:55:33,259
S77685,Red Wings,2025-08-07,01:12:16,8
FV8793,S7 Airlines,2024-04-04,16:37:28,172
U65390,Utair,2024-04-19,03:32:03,198
N48783,Rossiya,2025-12-26,13:37:38,12
UT5990,Nordwind,2025-08-22,05:10:10,214
SU3124,Ural Airlines,2024-06-02,22:33:53,30
SU1339,Pobeda,2025-01-20,00:13:24,201
SU9052,Rossiya,2024-02-11,06:21:40,44
UT397,S7 Airlines,2025-09-08,05:11:59,71
WZ3727,S7 Airlines,2025-11-18,12:05:35,57
WZ5555,Pobeda,2025-09-22,05:05:07,195
WZ9357,Aeroflot,2025-08-06,15:55:33,100
N48221,Rossiya,2025-04-09,13:01:39,106
U68793,Rossiya,2024-04-02,23:56:12,123
SU6928,Rossiya,2024-11-24,05:17:52,233
U62290,Rossiya,2025-12-14,05:42:21,131
FV6854,Utair,2025-04-06,03:23:24,28
DP3961,Rossiya,2024-03-14,06:19:13,22
WZ6443,Ural Airlines,2024-05-08,07:18:10,246
S74522,Ural Airlines,2025-12-23,15:48:13,40
UT9351,Red Wings,2024-12-28,08:25:05,96
DP2578,Aeroflot,2024-02-01,05:54:13,147
S79176,S7 Airlines,2025-03-03,09:39:56,131
UT9675,Aeroflot,2025-05-15,20:41:29,190
SU3014,Aeroflot,2025-11-26,13:10:34,33
UT9487,S7 Airlines,2024-05-17,11:50:58,162
SU8391,S7 Airlines,2024-10-21,10:44:06,192
FV1164,Rossiya,2025-01-17,02:55:21,181
S71809,Pobeda,2024-10-12,23:50:21,6
WZ2831,Rossiya,2024-04-16,14:35:50,173
WZ6686,Aeroflot,2025-06-28,19:20:44,250
U63621,S7 Airlines,2024-05-06,23:31:57,89
U62213,Red Wings,2024-11-16,05:37:26,40
U63057,Aeroflot,2025-03-10,22:26:54,26
U69637,Pobeda,2024-04-04,22:09:41,109
FV6687,Nordwind,2024-11-18,23:11:31,59
FV3907,S7 Airlines,2024-11-05,04:46:44,227
SU505,Ural Airlines,2024-06-16,10:47:03,27
WZ1919,Red Wings,2024-10-09,04:14:02,34
U65687,Rossiya,2025-02-21,07:53:53,286
FV8023,Nordwind,2025-12-16,07:08:08,255
UT1542,Rossiya,2025-06-20,03:24:47,232
SU4589,Red Wings,2025-07-16,11:25:27,121
UT3259,S7 Airlines,2025-08-04,12:22:25,120
S77927,Aeroflot,2025-02-23,02:09:54,156
U68956,S7 Airlines,2024-07-24,22:20:44,54
S78334,Ural Airlines,2024-02-11,10:17:55,32
WZ9853,S7 Airlines,2024-09-04,21:47:50,232
FV1801,Aeroflot,2024-08-01,01:13:30,62
DP867,Pobeda,2025-07-27,14:37:38,272
U66233,Utair,2025-07-07,04:07:16,181
WZ543,S7 Airlines,2024-08-22,09:33:27,232
N49207,Utair,2025-08-07,03:35:24,260
UT959,Utair,2025-07-12,22:45:50,145
FV7720,Ural Airlines,2025-10-09,13:16:01,97
UT9775,Aeroflot,2025-07-02,04:39:07,185
S76685,Utair,2025-07-24,04:21:51,188
WZ826,Nordwind,2024-06-20,20:13:44,33
S79169,Aeroflot,2024-03-20,22:11:09,65
DP2545,S7 Airlines,2025-09-11,03:06:15,6
SU430,Nordwind,2024-10-20,10:01:03,205
FV8061,Aeroflot,2024-02-03,09:57:13,95
DP2251,Rossiya,2024-12-23,04:01:02,20
N47900,Ural Airlines,2025-03-21,02:05:42,95
UT6572,S7 Airlines,2025-05-01,20:00:39,40
FV5426,S7 Airlines,2025-03-16,13:12:14,252
S72288,Nordwind,2024-07-20,04:23:06,166
U62883,Rossiya,2025-02-08,20:49:22,6
FV3482,Red Wings,2024-03-14,05:38:03,67
UT2459,Rossiya,2025-06-24,08:41:06,42
FV4300,Nordwind,2024-02-21,00:50:30,197
DP959,S7 Airlines,2025-11-07,06:11:43,70
WZ6586,Utair,2024-10-19,01:47:31,78
UT8716,Red Wings,2024-08-06,13:38:46,279
DP1695,Pobeda,2025-04-24,08:38:29,117
U67290,Nordwind,2025-06-04,03:58:21,87
UT905,Utair,2024-04-24,14:16:55,22
WZ2910,Nordwind,2025-11-21,07:33:31,77
FV4409,Red Wings,2025-09-26,10:44:48,14
UT713,Nordwind,2024-10-24,23:56:10,68
DP5534,Aeroflot,2025-06-01,23:56:34,171
UT5467,Red Wings,2025-07-08,05:06:56,277
UT370,Red Wings,2025-12-02,10:51:27,248
UT8227,Aeroflot,2024-09-08,11:28:03,205
N48241,Ural Airlines,2025-05-19,20:03:15,110
N46536,Nordwind,2024-05-04,17:56:34,284
SU5354,S7 Airlines,2024-09-26,05:07:43,8
FV3144,Red Wings,2025-04-18,05:10:46,110
S76147,Pobeda,2024-10-10,20:11:22,69
DP4487,S7 Airlines,2024-12-26,18:38:41,118
S74563,Pobeda,2024-11-06,06:06:15,60
UT3084,Rossiya,2024-05-12,05:25:33,7
DP875,Rossiya,2024-08-06,00:35:54,222
N44978,S7 Airlines,2025-07-26,14:42:31,20
SU966,Aeroflot,2024-02-08,04:58:28,3
UT7968,Ural Airlines,2025-09-13,11:26:49,50
UT7718,Red Wings,2024-08-14,22:12:35,31
SU9362,Ural Airlines,2024-04-28,10:12:59,135
DP5965,Aeroflot,2025-12-08,11:28:25,256
WZ5139,Red Wings,2025-09-09,11:15:42,236
FV4266,Nordwind,2024-10-07,16:31:43,131
WZ181,S7 Airlines,2024-02-02,22:37:36,36
FV3526,Red Wings,2024-04-17,16:47:17,133
DP2910,Utair,2025-07-02,12:23:34,248
N49437,Aeroflot,2025-03-23,02:23:48,71
N48381,Rossiya,2024-05-23,13:25:04,71
S77263,Utair,2024-06-03,19:23:36,116
WZ5615,Utair,2024-12-09,04:28:25,126
WZ7984,Red Wings,2024-03-09,12:51:51,83
SU6043,Aeroflot,2025-07-03,08:27:25,175
UT8336,Red Wings,2025-03-16,04:34:23,214
UT3244,Nordwind,2024-11-28,09:03:02,267
N47682,Red Wings,2025-12-20,22:35:57,109
SU398,Red Wings,2025-11-14,16:40:56,197
S7752,Rossiya,2024-09-07,10:04:33,15
DP9111,Red Wings,2025-04-11,00:54:11,91
N49061,Pobeda,2025-08-03,03:09:42,24
SU4614,Utair,2024-02-12,03:09:39,51
S73919,Rossiya,2025-07-15,02:12:14,110
S74580,Red Wings,2025-05-19,19:59:55,265
DP8686,Ural Airlines,2024-09-28,21:07:55,9
U64609,Utair,2025-03-22,05:26:42,144
U62165,Nordwind,2025-03-25,07:02:30,213
UT5935,S7 Airlines,2025-04-27,04:26:00,124
DP9978,Utair,2024-02-16,01:21:23,172
SU5368,Red Wings,2024-02-19,18:41:27,217
U68908,Nordwind,2024-08-07,06:50:45,182
WZ9877,Red Wings,2025-01-10,07:47:36,212
WZ8328,S7 Airlines,2024-05-17,14:14:24,90
S75917,Aeroflot,2025-01-12,03:23:20,0
FV4527,Aeroflot,2024-05-19,09:34:05,66
WZ9171,Rossiya,2024-06-24,09:42:34,52
U61467,Pobeda,2024-02-01,02:14:17,214
DP3489,Rossiya,2025-04-23,18:54:16,287
U68756,Utair,2025-10-17,02:08:27,232
N44010,Aeroflot,2024-11-17,00:13:17,57
UT6623,Ural Airlines,2024-09-28,00:29:49,115
UT4848,Red Wings,2025-09-01,20:59:08,152
SU7294,Aeroflot,2025-03-16,05:15:18,99
S73839,Red Wings,2025-04-26,13:20:40,226
WZ4795,Red Wings,2024-05-17,17:14:47,293
WZ7134,Pobeda,2025-04-10,23:15:07,10
S74382,Utair,2025-03-20,00:15:01,124
WZ9192,Aeroflot,2024-02-05,15:29:25,289
N48824,Ural Airlines,2024-06-12,01:46:09,279
DP1649,Utair,2024-09-15,22:22:42,79
U67838,Red Wings,2024-03-01,11:53:03,188
S7942,Nordwind,2024-01-14,12:45:12,33
U63126,Aeroflot,2025-05-18,13:32:05,271
S78684,Aeroflot,2025-05-24,19:55:04,257
FV1562,S7 Airlines,2025-09-22,18:34:58,154
U69847,Pobeda,2025-10-21,03:55:16,45
N46894,Ural Airlines,2025-01-27,18:52:40,222
UT6491,Red Wings,2024-01-23,15:28:43,167
UT2207,Aeroflot,2024-02-14,07:48:36,84
UT7734,Nordwind,2024-02-12,18:24:19,290
DP1182,S7 Airlines,2024-03-03,07:27:14,128
UT4076,Pobeda,2024-03-26,03:00:24,260
N44027,Ural Airlines,2024-09-04,01:10:04,96
SU1052,Pobeda,2025-04-09,02:16:07,164
SU6069,Aeroflot,2024-04-04,02:27:42,279
S71362,Rossiya,2024-05-10,01:13:25,119
FV7810,Utair,2025-10-17,10:32:57,212
DP8057,Red Wings,2024-03-15,19:51:29,92
UT8110,Pobeda,2025-06-05,11:09:25,150
SU2956,Nordwind,2025-08-03,08:00:04,290
WZ2285,Aeroflot,2025-12-23,19:37:41,229
FV5429,Nordwind,2024-01-14,04:18:13,194
S75828,Red Wings,2024-12-23,15:38:13,254
UT8493,Nordwind,2024-04-09,09:11:04,293
S77334,Ural Airlines,2025-08-16,09:38:02,279
UT9880,Aeroflot,2024-08-25,17:11:25,208
N44340,Rossiya,2024-05-27,02:33:48,27
FV1206,Aeroflot,2024-03-15,21:12:57,187
DP2854,Nordwind,2024-11-05,18:51:42,260
DP6754,Rossiya,2025-04-25,08:32:56,36
U68712,S7 Airlines,2024-11-25,12:29:12,185
WZ8813,Ural Airlines,2025-05-20,04:09:04,114
N48116,Utair,2025-12-10,16:19:59,76
S77308,Red Wings,2025-10-12,18:04:15,151
DP5473,Red Wings,2025-02-12,14:35:07,98
WZ4294,Pobeda,2024-09-09,19:17:19,9
SU3319,Nordwind,2024-04-03,20:07:09,132
WZ2507,Pobeda,2025-12-27,09:57:57,82
U6167,Rossiya,2025-02-15,10:07:38,87
S72550,Red Wings,2025-06-01,01:22:59,261
S78745,Ural Airlines,2024-03-07,16:39:32,248
SU2257,Nordwind,2025-03-03,19:53:54,18
SU6934,Ural Airlines,2024-10-05,21:49:20,3
WZ4803,Nordwind,2025-09-05,04:10:54,19
S76514,Pobeda,2024-04-06,19:12:21,3
N42011,Rossiya,2024-11-14,17:27:19,118
S75787,Utair,2025-06-11,02:34:12,277
DP3635,Red Wings,2025-01-08,09:48:13,144
S73512,Rossiya,2024-05-03,13:51:51,94
UT8843,Ural Airlines,2025-02-23,16:25:04,236
N42999,Aeroflot,2025-04-21,03:16:35,257
UT2835,Nordwind,2024-09-18,14:40:00,62
N45352,Pobeda,2025-12-01,21:18:30,107
FV986,Rossiya,2024-02-27,20:09:17,191
DP2442,Ural Airlines,2025-08-06,00:45:43,65
UT9424,Ural Airlines,2025-06-25,16:13:28,144
N43464,Utair,2024-07-25,18:30:11,268
SU8177,Pobeda,2024-03-14,23:00:49,214
U68793,Ural Airlines,2024-10-08,08:42:39,195
WZ4598,Rossiya,2024-02-16,13:16:23,220
FV342,Nordwind,2025-07-16,15:58:30,60
UT3322,Rossiya,2025-09-24,08:29:30,193
UT2527,Aeroflot,2024-02-21,04:06:16,183
S78741,Red Wings,2024-04-04,07:15:53,144
SU6955,Pobeda,2025-06-10,11:34:11,142
FV1715,S7 Airlines,2024-09-14,01:56:48,202
DP5887,Nordwind,2025-06-28,05:35:32,157
N41114,Nordwind,2025-01-08,02:57:46,1
SU1902,Rossiya,2025-12-05,00:40:02,98
S76145,Aeroflot,2024-12-22,23:21:01,298
SU6489,Nordwind,2024-12-27,03:53:59,226
N43898,Red Wings,2025-01-02,05:52:55,10
UT5562,Red Wings,2024-11-20,16:29:40,45
WZ7616,Ural Airlines,2024-02-28,09:31:52,94
DP680,S7 Airlines,2024-05-13,21:27:57,198
FV8103,Pobeda,2024-02-26,11:31:25,154
U61125,Aeroflot,2025-09-12,03:47:39,37
DP6677,S7 Airlines,2025-07-09,02:15:40,78
DP3416,Pobeda,2025-07-05,17:47:20,108
N4941,S7 Airlines,2024-04-07,12:42:00,277
WZ7540,Utair,2024-12-27,13:26:09,295
SU9947,Rossiya,2024-08-26,19:14:26,181
S79393,Nordwind,2024-12-13,23:25:27,34
WZ5790,Aeroflot,2025-09-12,17:25:32,112
UT3485,Rossiya,2025-11-17,10:28:26,186
UT2002,Red Wings,2025-05-01,11:00:08,65
U6565,Pobeda,2025-04-19,18:39:15,241
S74193,Ural Airlines,2024-02-16,22:32:07,254
N49551,Ural Airlines,2024-02-07,00:17:44,48
FV1008,Nordwind,2024-02-22,22:47:37,165
U63587,Utair,2025-09-23,20:10:30,17
WZ3638,Rossiya,2024-01-21,22:46:41,118
DP9604,Aeroflot,2025-03-14,10:53:16,117
U63577,Aeroflot,2024-05-24,00:20:15,256
S72356,Utair,2025-09-16,08:08:45,131
WZ6739,Utair,2025-03-12,08:18:10,229
U64670,Utair,2025-08-02,03:35:00,175
U6136,S7 Airlines,2024-11-07,17:47:42,171
WZ8204,Red Wings,2025-04-19,09:40:13,281
UT9111,Red Wings,2025-11-27,05:33:25,246
U67054,S7 Airlines,2024-02-06,01:33:16,205
DP4018,Nordwind,2025-02-08,11:41:01,280
UT2988,Rossiya,2025-07-19,16:03:59,58
FV9375,Nordwind,2025-12-24,00:33:43,260
DP9715,Nordwind,2025-10-03,06:11:18,195
DP3642,S7 Airlines,2024-02-23,23:40:35,279
SU1687,Red Wings,2025-11-28,02:12:43,95
FV5414,Nordwind,2024-02-24,08:50:01,34
DP3475,Rossiya,2024-12-04,22:44:07,131
FV4618,Aeroflot,2024-05-13,19:04:30,115
S73392,Pobeda,2025-12-20,04:02:35,283
DP4068,Utair,2025-02-23,06:42:21,23
DP7477,Ural Airlines,2024-06-06,21:58:06,146
S72452,Red Wings,2025-01-15,15:59:33,146
SU1126,Aeroflot,2025-01-08,18:52:14,224
S73019,Aeroflot,2025-05-18,16:22:17,3
S72331,Utair,2025-01-17,10:12:52,192
FV113,Rossiya,2024-01-02,22:44:40,288
UT2237,Pobeda,2025-10-23,01:22:56,185
FV8313,Ural Airlines,2025-05-22,16:01:08,14
SU9994,Nordwind,2024-04-10,11:00:47,298
U64926,Red Wings,2024-07-15,21:04:15,9
FV415,Rossiya,2025-10-10,19:28:31,20
U61001,S7 Airlines,2025-06-08,20:45:28,36
UT511,Aeroflot,2025-10-03,17:30:09,155
WZ4962,Aeroflot,2024-07-25,21:59:02,51
N42517,Rossiya,2024-03-21,10:14:41,176
N48623,Utair,2024-05-20,18:45:32,213
WZ2684,Ural Airlines,2025-06-16,19:25:17,166
DP2580,Pobeda,2025-09-18,15:05:24,35
FV1482,S7 Airlines,2025-01-16,16:51:18,168
FV7010,Pobeda,2024-01-25,05:14:24,57
SU3722,Red Wings,2024-09-11,06:18:28,86
FV2240,Ural Airlines,2025-08-07,22:04:22,179
N42063,S7 Airlines,2025-11-27,18:29:18,0
U69690,Rossiya,2025-10-27,11:17:16,51
FV8068,Aeroflot,2025-08-28,20:41:47,191
S73288,Utair,2025-12-23,04:42:19,168
N47939,Aeroflot,2024-01-04,12:30:33,218
UT4531,Pobeda,2024-01-25,16:22:26,31
WZ3086,Red Wings,2024-07-28,19:08:57,139
SU2851,S7 Airlines,2024-11-02,07:43:19,20
S78394,S7 Airlines,2024-12-09,00:22:58,190
S78909,Ural Airlines,2025-11-18,16:13:39,14
N4419,S7 Airlines,2024-02-28,08:46:33,76
U6132,Rossiya,2024-06-19,19:36:59,78
UT2901,Aeroflot,2025-05-26,02:03:11,157
N44552,Aeroflot,2024-07-17,12:21:32,53
UT4200,Nordwind,2024-06-11,00:32:05,144
U65805,Aeroflot,2025-09-25,05:20:31,82
N44916,Nordwind,2025-05-21,05:10:37,208
SU192,Aeroflot,2025-07-21,14:47:23,212
UT4265,Rossiya,2024-12-13,10:38:53,203
UT4457,Ural Airlines,2025-01-01,14:40:58,124
DP3021,Nordwind,2025-07-22,00:01:37,134
U68917,Ural Airlines,2024-11-24,17:09:27,9
UT834,Pobeda,2024-04-14,03:59:12,107
UT5244,Utair,2024-12-24,13:48:07,62
U61616,Utair,2025-05-09,22:39:48,42
UT1138,Ural Airlines,2025-11-22,16:11:07,288
U66781,S7 Airlines,2025-09-14,03:35:03,218
U65769,Pobeda,2025-12-24,10:25:17,55
WZ6469,S7 Airlines,2024-11-02,09:24:47,68
S74220,Rossiya,2025-09-17,11:50:20,212
S77784,Rossiya,2024-11-16,00:25:14,280
S78651,Pobeda,2025-05-17,03:15:19,175
DP5554,Red Wings,2024-03-04,12:09:50,166
U68034,Aeroflot,2025-03-01,11:09:16,121
FV2330,S7 Airlines,2025-09-13,09:47:06,0
UT8394,Aeroflot,2025-10-20,05:33:29,236
FV3904,Pobeda,2025-02-04,13:09:19,110
DP8415,Utair,2024-01-06,05:39:53,213
U66852,Rossiya,2025-07-04,01:09:31,229
U63783,Pobeda,2024-07-05,22:00:25,253
U68287,Nordwind,2025-12-17,20:18:59,5
S72393,S7 Airlines,2025-10-17,20:13:53,249
U61018,Pobeda,2025-02-08,16:37:18,48
DP2353,Red Wings,2024-04-15,10:59:53,167
WZ4388,S7 Airlines,2024-01-09,00:24:46,100
U68965,Rossiya,2025-02-26,10:30:29,110
N43583,S7 Airlines,2025-01-02,23:28:40,258
S72381,Ural Airlines,2024-10-21,21:20:01,151
N44191,Rossiya,2025-11-16,09:58:24,12
DP9691,Rossiya,2025-10-16,09:57:58,113
SU9486,Rossiya,2025-01-08,21:41:48,58
DP689,Nordwind,2025-11-21,03:41:27,113
SU9863,Rossiya,2024-08-01,12:31:13,198
DP554,Aeroflot,2024-01-20,22:05:23,19
N4430,Aeroflot,2024-12-14,14:41:23,118
FV4825,Utair,2024-05-27,10:14:03,71
WZ9696,Nordwind,2025-08-06,13:06:48,252
FV363,Aeroflot,2025-12-04,16:49:42,251
UT2376,Nordwind,2025-09-01,06:07:12,13
UT6081,S7 Airlines,2024-09-24,13:16:19,163
U65407,Red Wings,2024-12-04,05:51:08,264
N45876,Aeroflot,2025-12-04,03:26:16,262
DP1122,Rossiya,2024-06-06,22:39:26,23
SU4838,Nordwind,2025-11-08,20:11:15,14
S7662,Utair,2025-07-28,20:33:40,39
FV1546,Pobeda,2025-09-17,14:36:45,153
N46663,Nordwind,2025-02-05,04:51:40,261
WZ1564,Utair,2025-02-15,02:54:13,253
DP231,Utair,2024-04-16,18:08:06,103
N42747,Rossiya,2025-07-28,11:23:12,179
SU3276,S7 Airlines,2024-11-25,20:51:33,218
DP9594,Pobeda,2024-05-10,06:31:30,212
S77380,Red Wings,2024-03-26,18:53:18,121
DP264,Pobeda,2024-06-09,20:17:28,258
FV7848,Red Wings,2024-09-03,12:58:51,14
SU9212,Pobeda,2024-06-28,01:33:39,183
SU9528,Aeroflot,2024-05-16,02:18:11,165
U63023,Nordwind,2024-08-25,11:42:32,208
SU7678,Ural Airlines,2024-06-11,07:41:34,47
DP863,Rossiya,2024-11-11,09:51:58,85
DP6352,Aeroflot,2025-09-17,20:36:37,239
FV7754,Utair,2024-01-18,01:16:52,296
S74934,Nordwind,2025-01-13,17:25:41,138
WZ1383,Red Wings,2025-01-23,04:09:59,78
SU145,S7 Airlines,2025-03-17,01:58:58,93
WZ3597,Aeroflot,2025-06-06,23:33:37,187
UT8529,Aeroflot,2024-06-26,13:36:09,12
UT821,Utair,2025-01-28,00:45:49,115
UT9096,Rossiya,2024-08-14,04:56:09,48
WZ3886,Ural Airlines,2024-10-10,00:34:55,67
SU1019,Nordwind,2025-07-03,18:49:12,80
WZ3829,Nordwind,2024-11-26,15:49:17,46
FV9672,Rossiya,2024-07-16,17:17:48,218
FV3128,Pobeda,2024-05-12,09:31:35,87
UT5992,Ural Airlines,2025-02-27,21:59:56,246
UT6092,Rossiya,2024-06-27,09:41:45,32
FV8477,Rossiya,2025-04-18,16:42:31,198
S73281,Red Wings,2024-02-18,23:24:55,170
FV9509,Ural Airlines,2024-10-04,23:27:19,298
U64252,Nordwind,2024-11-10,15:03:22,264
DP4556,Pobeda,2024-01-01,07:04:56,295
U69763,Red Wings,2025-02-09,20:36:37,256
WZ3954,Aeroflot,2024-09-03,14:58:35,106
DP9641,S7 Airlines,2024-10-02,17:38:49,94
DP3934,Pobeda,2024-09-07,10:25:13,70
S74810,Ural Airlines,2024-02-09,09:11:19,140
SU1919,Pobeda,2024-03-28,10:20:20,65
FV3714,Nordwind,2024-12-22,16:07:33,213
DP1313,Pobeda,2024-03-12,13:13:03,248
N47323,S7 Airlines,2025-06-15,05:36:45,10
SU893,S7 Airlines,2025-07-23,17:07:13,71
UT2527,Pobeda,2025-10-07,09:14:09,123
FV2030,Utair,2024-11-03,18:52:38,125
WZ910,S7 Airlines,2024-01-24,01:47:56,104
WZ7926,Rossiya,2024-07-07,06:34:48,221
UT3438,Pobeda,2025-09-12,06:49:41,244
U62861,Utair,2025-04-01,17:41:10,265
S73456,Red Wings,2024-07-10,04:32:20,69
N47664,Aeroflot,2025-01-25,20:05:45,52
WZ6717,Ural Airlines,2025-01-27,15:25:56,49
U65323,Ural Airlines,2024-02-01,15:57:38,65
U65547,Utair,2025-07-02,06:57:56,171
DP4748,Red Wings,2024-02-19,13:25:26,101
FV5967,Aeroflot,2025-06-19,16:32:21,169
SU2486,Nordwind,2025-09-16,18:04:16,152
DP9333,Pobeda,2024-07-28,18:36:49,268
S73523,Pobeda,2025-06-24,13:19:36,14
S78953,Ural Airlines,2024-02-23,01:52:32,274
WZ5963,Nordwind,2025-04-18,23:01:00,212
SU6875,Aeroflot,2025-10-27,23:10:29,271
FV8197,Pobeda,2025-09-25,04:51:10,218
N48649,Aeroflot,2025-09-04,21:22:06,256
U6295,Rossiya,2025-06-20,04:54:26,34
U62136,Aeroflot,2024-02-02,05:35:56,103
WZ1110,Red Wings,2024-02-19,13:50:49,151
N47257,Nordwind,2025-02-10,14:09:47,211
S78408,Red Wings,2025-04-22,04:38:46,105
U66070,Red Wings,2025-10-24,09:56:59,79
WZ1319,Ural Airlines,2024-03-01,18:57:20,279
UT4988,S7 Airlines,2024-07-23,03:58:30,95
FV8771,Aeroflot,2024-11-01,01:55:51,94
SU5747,Pobeda,2024-03-04,03:30:59,235
N46029,Nordwind,2024-04-12,01:31:16,163
S72762,S7 Airlines,2024-07-12,20:04:14,298
S77273,Utair,2024-12-08,13:51:42,17
N4525,Pobeda,2024-05-16,14:22:24,299
N48806,Rossiya,2025-03-16,14:55:36,19
FV5727,Pobeda,2024-01-02,14:55:32,289
FV7599,Nordwind,2024-11-09,03:59:15,27
S78414,Rossiya,2025-03-20,04:08:01,175
UT4264,Ural Airlines,2024-05-11,08:15:23,174
FV176,S7 Airlines,2024-03-27,14:53:21,43
S76948,Ural Airlines,2024-12-12,05:09:57,89
DP6196,Aeroflot,2024-08-15,16:47:56,86
S7650,Nordwind,2025-03-20,04:49:01,297
FV2423,Red Wings,2024-09-03,23:01:00,43
DP4300,Red Wings,2024-03-06,17:08:30,128
U65137,Aeroflot,2024-09-27,21:11:57,163
UT7563,Pobeda,2024-09-18,01:51:54,293
DP4698,Aeroflot,2024-02-15,04:17:22,13
S74045,Rossiya,2025-02-10,10:01:01,42
SU7194,Aeroflot,2025-08-15,02:01:50,138
S79416,Red Wings,2024-10-01,13:34:22,236
DP4407,Utair,2024-07-19,06:12:38,121
DP639,S7 Airlines,2025-10-21,20:06:39,19
DP2147,Ural Airlines,2024-10-13,13:45:06,217
SU9117,Utair,2024-02-01,23:01:02,114
WZ7132,S7 Airlines,2025-10-06,19:00:08,244
DP3739,S7 Airlines,2024-03-01,09:55:36,174
S75458,Pobeda,2025-04-24,16:09:23,250
FV8442,Red Wings,2025-02-23,17:07:14,227
UT1546,S7 Airlines,2024-01-14,21:38:27,104
WZ345,Red Wings,2025-01-17,03:32:48,124
UT7326,Ural Airlines,2025-09-20,03:21:13,5
S72887,Aeroflot,2024-12-28,15:10:53,114
FV4636,Rossiya,2024-12-23,06:22:50,298
U62111,S7 Airlines,2024-09-20,00:46:00,133
U66371,S7 Airlines,2024-06-06,16:55:39,209
U62356,S7 Airlines,2024-10-28,22:42:48,249
FV4982,Ural Airlines,2025-03-25,07:18:05,281
SU791,Ural Airlines,2024-08-10,18:02:22,237
S75732,Nordwind,2025-02-25,06:55:09,215
S75978,S7 Airlines,2024-09-16,11:51:14,147
UT1873,Nordwind,2025-01-08,08:55:14,268
SU9078,Aeroflot,2024-09-04,21:18:46,196
UT5641,Pobeda,2024-04-15,03:03:26,204
UT7649,Utair,2025-11-28,16:59:03,43
WZ1165,Utair,2024-03-26,11:33:39,3
DP803,Rossiya,2024-05-03,19:28:37,101
FV9280,Rossiya,2025-12-22,12:31:33,117
SU926,Rossiya,2025-03-20,16:10:40,74
UT5393,Utair,2025-12-20,02:13:37,267
UT4864,Pobeda,2024-01-18,16:12:33,163
UT4683,Utair,2024-09-19,10:41:57,119
SU2000,S7 Airlines,2024-10-14,20:43:06,115
UT1838,Utair,2024-10-18,16:41:16,17
UT4942,Nordwind,2025-03-05,18:05:44,49
S71158,Ural Airlines,2024-03-01,16:34:42,142
WZ5032,Ural Airlines,2025-08-10,22:12:01,145
DP7317,Rossiya,2024-04-01,08:15:38,83
S76163,Rossiya,2024-01-26,17:43:27,2
WZ4967,Red Wings,2024-11-13,19:43:24,247
WZ484,Utair,2024-11-22,05:02:31,165
N46386,Aeroflot,2024-04-27,09:37:38,64
FV1054,Pobeda,2024-02-08,18:09:44,150
U64972,Nordwind,2025-09-18,23:27:25,115
U6968,Nordwind,2025-05-25,10:12:04,9
SU1344,Rossiya,2025-09-27,14:14:59,5
SU5689,Pobeda,2025-11-21,19:55:28,53
DP6973,Rossiya,2024-12-21,06:53:59,261
U6336,Aeroflot,2025-09-20,17:24:53,133
WZ187,Ural Airlines,2024-06-07,09:52:16,101
S76123,S7 Airlines,2025-12-09,05:07:10,67
S73287,S7 Airlines,2024-04-11,13:06:19,266
UT6414,Nordwind,2024-08-10,07:25:21,245
DP9241,Utair,2024-12-15,22:17:44,176
FV785,Pobeda,2024-09-02,03:42:48,190
S7312,Red Wings,2024-03-20,11:36:57,3
U61462,Aeroflot,2025-05-24,01:32:52,279
DP1126,Red Wings,2025-05-19,22:29:52,235
N47939,S7 Airlines,2025-07-11,23:30:12,109
U65885,Ural Airlines,2025-06-14,15:16:45,130
WZ9723,Nordwind,2024-08-08,01:53:53,290
DP4241,Pobeda,2025-06-24,23:52:39,107
WZ4436,Nordwind,2024-03-10,21:34:05,52
N46228,Red Wings,2025-12-27,12:06:52,114
FV3482,Aeroflot,2025-01-05,17:33:09,277
FV7590,Aeroflot,2024-06-03,06:08:15,10
UT2115,Utair,2024-09-17,18:53:58,109
DP5543,S7 Airlines,2024-07-22,17:20:05,173
N44900,Pobeda,2025-03-24,01:58:03,146
SU6300,Ural Airlines,2025-03-08,13:50:11,59
U65262,Aeroflot,2025-10-18,14:59:34,42
S79692,Ural Airlines,2025-05-12,17:47:36,84
U6358,Utair,2024-02-20,01:41:54,71
N49776,Utair,2024-07-04,13:05:40,93
FV8457,Aeroflot,2025-11-09,10:00:46,180
N43172,Red Wings,2024-09-02,02:05:05,209
S75217,Ural Airlines,2025-02-21,16:54:09,231
SU9593,Red Wings,2024-04-13,06:19:59,237
UT2747,Rossiya,2025-03-05,01:47:08,266
SU6295,Rossiya,2024-06-06,19:37:22,140
SU9862,Utair,2025-10-02,06:00:33,276
DP462,Utair,2024-03-03,14:29:06,60
FV7734,Pobeda,2025-05-22,14:24:00,234
S73839,Utair,2024-03-25,00:32:50,290
WZ2336,Aeroflot,2025-09-07,18:45:53,69
WZ3991,Ural Airlines,2025-08-02,08:03:16,62
WZ5082,Ural Airlines,2025-03-13,22:24:31,86
WZ7548,Rossiya,2025-01-22,16:56:14,258
UT3934,Aeroflot,2025-12-21,18:55:05,234
S73141,Red Wings,2024-05-18,11:21:48,277
FV4795,Pobeda,2024-05-18,23:05:03,194
S76251,Pobeda,2024-12-12,00:07:01,81
S71759,S7 Airlines,2024-01-02,00:02:51,154
N41338,Pobeda,2024-04-03,18:11:48,50
S78043,Rossiya,2025-06-12,06:46:51,54
FV5517,Pobeda,2024-12-20,05:38:06,186
FV2002,Rossiya,2024-05-11,14:17:35,187
DP6911,Ural Airlines,2025-06-10,23:42:08,138
FV6171,Nordwind,2025-01-02,20:45:27,239
U64219,Rossiya,2024-11-03,19:26:28,45
DP3410,Nordwind,2024-06-17,08:39:24,293
S78688,S7 Airlines,2024-02-14,11:18:08,163
N41246,S7 Airlines,2025-05-18,22:51:25,91
UT5341,S7 Airlines,2024-05-26,03:00:36,83
U64815,Pobeda,2024-02-14,16:21:53,129
S71429,Rossiya,2025-02-09,13:15:21,180
S78108,Aeroflot,2024-01-27,22:34:31,297
SU8898,Rossiya,2025-03-20,20:34:31,235
SU2222,Nordwind,2024-01-24,02:18:38,72
N4422,Utair,2025-11-10,10:19:32,22
SU7340,Red Wings,2025-07-14,02:44:46,82
S74139,Ural Airlines,2025-08-27,19:30:50,195
FV7826,Aeroflot,2025-05-10,09:16:13,122
SU1677,Aeroflot,2025-06-07,21:19:31,120
U64967,Rossiya,2024-06-08,08:08:10,93
SU4195,Utair,2024-05-08,00:33:02,106
WZ8978,Pobeda,2024-10-01,18:27:11,148
WZ4610,Rossiya,2024-11-26,14:44:31,212
N47219,S7 Airlines,2024-05-06,15:33:47,131
S75802,Aeroflot,2024-12-07,21:00:25,62
WZ6963,Ural Airlines,2025-06-09,10:44:12,29
U66291,Nordwind,2025-02-07,22:26:15,171
N44568,Ural Airlines,2024-01-08,11:47:37,179
U61835,Rossiya,2025-10-27,18:07:32,28
WZ7432,Aeroflot,2025-09-11,10:14:05,124
N49818,Utair,2025-09-28,13:12:40,71
WZ2138,Ural Airlines,2025-01-08,15:21:33,222
WZ7557,Pobeda,2024-09-08,06:25:18,112
U66303,Pobeda,2025-08-01,13:30:05,270
WZ5550,Nordwind,2024-08-06,06:24:59,239
UT5308,Nordwind,2025-03-22,12:39:56,143
U65271,Utair,2024-06-02,05:43:36,210
U68738,Red Wings,2024-04-10,11:44:33,281
DP2266,Aeroflot,2024-02-18,22:29:12,51
S79770,Utair,2025-10-09,07:18:26,4
WZ9891,Red Wings,2024-01-08,09:07:14,288
S78945,Ural Airlines,2025-06-26,09:39:32,145
FV6086,Pobeda,2024-05-16,03:11:07,244
SU4585,S7 Airlines,2025-08-02,09:04:09,32
UT2805,Ural Airlines,2025-02-06,07:04:27,201
N42514,S7 Airlines,2025-12-04,07:38:45,225
FV8772,Aeroflot,2024-02-12,11:14:52,298
N42946,Aeroflot,2024-06-18,14:04:23,187
FV1503,Rossiya,2024-10-11,12:17:24,169
WZ1940,Rossiya,2024-01-17,15:34:47,37
WZ2290,Ural Airlines,2024-03-12,06:14:44,281
S75414,Nordwind,2024-09-15,00:29:44,28
N45340,Utair,2025-06-22,06:29:18,118
DP2955,Pobeda,2025-09-23,12:17:36,67
FV5329,Aeroflot,2024-09-27,06:19:41,218
UT4435,S7 Airlines,2024-06-12,08:07:10,202
U61764,Red Wings,2025-07-08,12:57:52,26
UT8200,Ural Airlines,2025-12-24,17:48:13,240
S78703,Aeroflot,2025-09-26,02:50:10,176
UT1746,Pobeda,2024-03-13,03:39:52,31
SU9785,Red Wings,2024-10-06,00:53:53,41
U69860,Rossiya,2024-01-09,22:34:45,278
UT9781,S7 Airlines,2025-12-19,20:22:19,243
N46898,S7 Airlines,2024-10-27,12:09:22,282
N48320,Nordwind,2024-07-27,08:38:19,210
N48397,Ural Airlines,2024-08-18,22:34:55,63
DP6978,Pobeda,2024-07-04,06:35:13,179
SU5951,Aeroflot,2025-09-08,17:38:50,253
N4331,Ural Airlines,2024-11-28,02:32:09,137
WZ5727,Utair,2024-07-14,04:30:52,67
SU9048,S7 Airlines,2025-06-27,09:16:49,46
SU9765,Ural Airlines,2024-05-17,12:27:47,275
SU1259,Nordwind,2024-01-04,22:23:30,144
S79742,Ural Airlines,2025-05-17,10:32:24,18
DP359,Ural Airlines,2025-04-27,07:44:48,55
DP7920,Aeroflot,2024-10-28,11:47:31,157
N45239,Ural Airlines,2025-03-16,22:17:35,21
UT3829,Aeroflot,2025-07-25,03:13:17,104
N48971,Nordwind,2024-08-11,16:00:10,99
DP808,Nordwind,2025-02-09,23:43:08,85
WZ7635,Utair,2025-03-10,00:34:56,199
N49588,Rossiya,2025-01-10,21:27:25,259
U63089,Aeroflot,2024-03-12,23:42:48,290
S77624,Ural Airlines,2025-01-19,05:31:32,196
WZ4336,Pobeda,2024-03-13,13:52:15,183
U65718,Aeroflot,2024-07-28,20:28:51,216
N41204,Pobeda,2025-10-23,02:41:38,45
U65745,Rossiya,2024-05-18,14:17:50,15
WZ5939,S7 Airlines,2024-05-17,11:04:41,267
FV9652,Nordwind,2024-01-09,14:30:48,247
WZ7619,Rossiya,2024-11-18,11:12:43,284
WZ4934,Aeroflot,2024-01-28,23:02:30,254
SU3087,S7 Airlines,2024-06-18,07:48:15,146
UT3036,S7 Airlines,2025-12-14,11:42:57,198
U65066,Ural Airlines,2024-09-01,00:39:54,71
SU1056,Aeroflot,2025-12-07,20:57:04,91
S7474,Nordwind,2024-09-09,11:48:54,62
DP8699,Red Wings,2024-10-16,12:29:04,32
SU1734,Red Wings,2024-03-24,19:08:21,240
FV5887,Ural Airlines,2024-09-20,22:09:58,27
FV1720,Red Wings,2025-07-07,10:57:48,86
DP8734,Utair,2024-11-08,22:22:27,195
U67413,Aeroflot,2025-12-23,08:54:02,212
FV4091,Aeroflot,2025-11-16,09:35:43,113
UT9423,Utair,2024-09-24,10:08:28,92
N47165,Ural Airlines,2025-06-11,13:13:35,227
WZ9957,Ural Airlines,2025-06-21,12:14:21,144
UT7482,Utair,2024-12-02,03:07:15,120
FV5531,S7 Airlines,2024-06-14,01:19:10,131
N47462,Utair,2024-01-24,06:17:49,134
SU8695,Pobeda,2025-12-24,16:34:24,235
FV6139,Ural Airlines,2024-09-28,10:00:35,295
S7828,Utair,2024-10-17,11:11:44,230
DP5182,Red Wings,2024-08-08,20:58:44,39
WZ4301,Pobeda,2025-05-12,07:25:30,239
N42569,S7 Airlines,2025-06-01,23:15:51,72
WZ9390,Red Wings,2025-08-27,15:13:03,138
DP2067,Utair,2025-01-20,04:28:47,111
DP695,Ural Airlines,2025-11-17,17:52:39,234
U61275,Red Wings,2025-01-15,18:25:34,17
WZ2560,Nordwind,2025-05-12,02:44:25,24
U64218,Aeroflot,2025-01-17,07:05:54,200
SU3530,Rossiya,2025-05-20,00:02:19,4
DP740,Rossiya,2025-10-20,08:03:26,269
SU3808,Aeroflot,2024-06-05,19:04:17,166
WZ6289,Nordwind,2024-12-20,00:25:10,144
WZ2050,Red Wings,2025-03-27,23:33:20,124
DP8603,Pobeda,2025-02-26,03:52:21,200
N49389,Red Wings,2025-11-12,21:11:45,149
UT3685,Ural Airlines,2024-07-12,11:21:07,39
WZ8401,S7 Airlines,2024-04-17,17:41:07,114
FV9617,Aeroflot,2024-01-08,20:00:34,231
U61142,Aeroflot,2025-07-27,08:29:16,280
WZ1612,Nordwind,2024-05-27,13:42:33,235
N49799,S7 Airlines,2024-02-02,19:05:49,232
U6602,Aeroflot,2025-07-17,08:46:23,187
WZ2989,Nordwind,2024-01-02,12:20:26,186
DP1020,Utair,2024-05-03,07:27:45,175
U66592,Pobeda,2025-11-13,19:56:52,245
S7954,Aeroflot,2025-07-01,07:20:56,119
DP9467,Nordwind,2025-04-26,13:30:20,288
N44869,Utair,2025-09-18,16:08:32,287
S78931,Aeroflot,2024-07-05,15:10:02,156
N42390,Utair,2024-01-08,11:20:42,38
SU1685,Nordwind,2024-04-15,21:21:27,51
SU8846,Aeroflot,2025-12-10,18:17:01,192
SU4495,Rossiya,2024-09-04,13:04:35,119
DP8640,Ural Airlines,2024-08-01,03:52:22,17
U65170,Ural Airlines,2024-02-28,21:55:54,148
UT8557,Utair,2024-09-21,11:29:19,8
U62690,Ural Airlines,2024-04-19,14:20:04,141
U6603,Rossiya,2025-10-04,14:08:31,111
UT5112,Ural Airlines,2024-04-28,18:33:44,185
S7537,Nordwind,2024-12-11,06:55:35,264
SU5466,Ural Airlines,2025-09-20,09:35:44,279
UT8928,S7 Airlines,2025-05-27,10:54:48,223
U62434,Ural Airlines,2025-10-17,19:55:11,115
WZ3060,Red Wings,2024-08-04,02:59:22,202
U66955,Nordwind,2024-02-04,09:03:46,0
S79125,Pobeda,2025-10-06,21:12:23,182
UT6207,Utair,2025-07-24,10:53:02,166
UT3919,S7 Airlines,2025-09-04,13:29:00,238
U65563,Pobeda,2025-02-16,09:40:29,101
WZ7926,Rossiya,2025-08-18,00:48:11,8
UT1163,Rossiya,2024-06-10,02:21:44,208
S72523,Aeroflot,2024-05-05,23:38:06,206
S72552,S7 Airlines,2024-11-26,23:01:29,36
N44714,Rossiya,2025-07-15,16:06:49,275
N41794,Aeroflot,2025-07-16,11:58:38,200
UT8469,Pobeda,2024-12-15,13:12:04,247
FV5511,Utair,2024-11-07,17:45:36,111
UT7605,Aeroflot,2025-03-13,12:38:08,266
N48108,Pobeda,2024-03-26,19:16:23,264
N49118,Rossiya,2025-03-09,07:02:05,187
DP7572,Rossiya,2024-11-20,09:18:43,25
WZ5358,S7 Airlines,2025-02-27,05:02:09,246
N43919,Ural Airlines,2024-11-17,00:46:33,287
FV9192,Ural Airlines,2024-07-02,05:31:24,158
SU2262,Aeroflot,2025-06-16,04:45:32,54
DP7817,Rossiya,2025-07-05,11:08:14,56
N45402,Red Wings,2024-06-08,06:43:57,58
U62646,Ural Airlines,2025-01-18,18:48:17,205
N43928,Pobeda,2025-04-16,13:16:28,120
UT3047,Ural Airlines,2025-04-13,06:40:52,226
FV2417,Rossiya,2024-03-14,04:08:58,138
UT2270,Utair,2025-07-19,02:06:53,295
N49602,Ural Airlines,2024-07-10,12:07:02,228
FV9144,Utair,2025-03-13,07:08:21,216
WZ2474,Nordwind,2024-10-08,10:41:34,192
S78139,Ural Airlines,2024-02-23,10:53:28,32
UT6649,S7 Airlines,2024-09-06,12:41:03,119
DP2082,Ural Airlines,2025-01-07,01:48:46,202
N42957,Utair,2024-03-22,14:43:13,210
UT8322,Red Wings,2025-10-14,17:59:26,251
SU1583,Utair,2025-02-10,14:19:04,92
FV1662,Utair,2025-10-08,20:34:29,13
WZ4043,Nordwind,2025-06-15,18:58:38,154
N46693,Rossiya,2025-10-18,13:02:52,193
N44475,Utair,2025-10-28,03:47:47,35
SU7012,Utair,2024-12-25,17:11:26,109
WZ3927,Pobeda,2024-09-14,03:31:32,189
FV4383,Red Wings,2024-02-04,20:47:03,199
U67109,Ural Airlines,2025-02-22,10:58:29,127
S79437,Nordwind,2024-02-05,13:37:10,120
FV8060,Nordwind,2024-01-01,10:23:14,183
N43748,Red Wings,2024-02-06,06:11:43,259
UT9948,Aeroflot,2025-05-21,09:11:48,131
WZ8993,Aeroflot,2024-02-14,00:02:30,253
S7157,S7 Airlines,2024-06-19,15:57:42,189
FV1383,Utair,2024-12-19,22:20:51,8
FV9233,S7 Airlines,2025-10-06,22:11:45,44
S75631,Rossiya,2025-01-26,05:21:01,273
S7261,Red Wings,2024-05-26,21:16:43,239
FV8217,Aeroflot,2024-10-06,03:33:40,159
SU6761,Aeroflot,2024-05-10,09:29:36,38
S71664,S7 Airlines,2025-01-12,17:15:27,12
SU3712,Utair,2025-12-11,20:51:09,39
U63826,Aeroflot,2025-03-27,22:09:44,218
N41521,Nordwind,2025-09-03,13:39:25,187
SU3151,S7 Airlines,2025-07-28,08:14:41,216
S7694,Aeroflot,2024-07-25,09:12:41,260
U61274,S7 Airlines,2024-08-07,10:23:13,287
S76715,Red Wings,2024-01-17,02:38:51,191
U6269,Aeroflot,2025-02-16,21:20:17,72
U6895,Utair,2024-05-14,04:59:44,163
U63940,Aeroflot,2025-09-06,01:37:17,108
N48894,Rossiya,2025-11-11,16:43:44,162
UT327,Ural Airlines,2025-10-25,23:50:03,96
S73112,Utair,2024-05-02,11:45:08,211
N41192,Red Wings,2024-01-09,02:30:40,101
S76385,S7 Airlines,2025-03-16,13:34:10,253
N41220,Nordwind,2024-02-23,23:56:58,129
WZ9615,Ural Airlines,2025-03-20,00:29:54,108
U64629,Nordwind,2025-07-12,22:02:39,147
DP6148,Red Wings,2025-10-05,14:16:21,223
U66918,Ural Airlines,2025-11-03,23:59:56,257
FV381,Utair,2025-06-08,08:40:18,216
SU3345,Red Wings,2024-12-01,22:25:01,195
FV3442,Utair,2024-02-23,21:37:04,36
WZ8570,S7 Airlines,2025-04-26,20:38:23,113
SU8309,Rossiya,2024-12-13,16:34:51,209
FV4002,S7 Airlines,2024-03-07,13:42:29,140
DP2650,Nordwind,2025-05-09,06:44:13,37
SU4125,Aeroflot,2024-06-07,08:33:18,211
UT1949,Nordwind,2024-08-05,05:03:52,123
S72400,Pobeda,2025-09-22,15:43:03,170
SU9447,Utair,2025-04-12,02:04:21,178
FV261,Red Wings,2025-09-26,09:36:17,113
SU6513,Rossiya,2025-06-02,05:59:57,158
U6413,Nordwind,2024-12-23,14:52:11,228
UT9930,Red Wings,2024-08-03,02:42:38,64
WZ4407,S7 Airlines,2025-04-12,18:06:14,238
DP8936,Red Wings,2024-11-17,13:02:55,87
U64851,Rossiya,2024-12-05,14:17:25,232
FV5917,Pobeda,2024-02-23,18:22:27,153
DP9427,Utair,2025-02-18,17:40:17,281
UT4314,Pobeda,2024-08-20,23:07:55,94
S7288,Rossiya,2025-07-06,21:58:00,115
U67656,Utair,2025-09-09,14:10:34,3
S7642,Utair,2024-04-01,05:40:57,224
S75432,Pobeda,2024-08-22,18:46:51,286
DP3925,Nordwind,2024-03-16,23:30:40,36
FV9823,Red Wings,2024-03-22,21:30:55,220
S76838,Aeroflot,2024-09-18,22:57:50,203
FV7527,Pobeda,2025-04-11,23:24:51,45
WZ9729,S7 Airlines,2025-05-09,09:19:50,183
SU4085,Utair,2024-04-23,22:24:29,65
S79879,Pobeda,2025-10-21,11:50:24,176
UT610,Nordwind,2025-07-05,01:47:52,193
N41249,S7 Airlines,2025-11-18,07:16:54,158
UT5943,Red Wings,2024-07-10,07:47:13,298
S78118,Aeroflot,2024-02-27,09:51:50,60
DP9846,Rossiya,2025-01-22,06:01:43,30
WZ1318,Rossiya,2024-05-23,20:30:30,111
DP3168,Utair,2025-04-26,22:36:50,228
FV5302,Utair,2025-07-20,11:35:09,84
DP6435,Rossiya,2024-01-24,18:19:53,141
S75251,Utair,2024-10-15,08:58:49,275
WZ1857,Red Wings,2025-08-07,08:21:29,171
WZ4432,Pobeda,2025-02-12,22:19:56,27
UT4210,Utair,2025-06-06,20:40:58,31
SU1901,Ural Airlines,2024-08-10,16:30:37,142
N47512,Utair,2024-07-16,11:29:17,134
UT1929,Aeroflot,2024-11-17,04:55:06,128
SU3662,S7 Airlines,2024-05-02,00:59:49,249
FV1246,Pobeda,2024-09-21,12:50:33,225
SU8152,Aeroflot,2024-07-14,00:02:34,43
DP2751,Utair,2025-03-25,05:20:17,183
N46410,Aeroflot,2024-11-24,20:54:04,32
DP9055,S7 Airlines,2024-07-06,20:20:21,268
SU8499,Aeroflot,2025-10-07,17:26:48,89
SU2514,S7 Airlines,2024-04-14,21:36:13,0
U61996,Pobeda,2025-03-02,00:25:04,111
N47532,S7 Airlines,2024-01-08,22:51:53,221
S7290,Pobeda,2024-08-19,03:53:57,248
FV2323,Aeroflot,2025-03-03,07:08:32,19
UT6561,Aeroflot,2025-01-09,09:25:19,232
SU8775,Rossiya,2025-05-02,08:19:38,223
WZ2139,Ural Airlines,2025-09-05,06:41:39,294
FV5321,Rossiya,2025-08-08,10:29:45,2
WZ1631,S7 Airlines,2025-05-03,12:59:12,107
UT5167,Red Wings,2025-02-12,20:00:56,86
U69994,Aeroflot,2025-08-18,18:01:28,47
U69060,Pobeda,2025-07-24,02:48:01,19
S79874,Rossiya,2024-09-20,03:33:23,251
SU7674,S7 Airlines,2025-04-01,14:06:24,22
SU2947,Rossiya,2025-06-26,12:12:27,218
WZ3432,Pobeda,2024-10-11,02:58:17,13
UT5708,Utair,2025-10-06,11:23:22,186
WZ7066,Pobeda,2025-02-13,08:36:55,170
WZ8145,Aeroflot,2025-06-19,01:31:50,244
SU6733,Rossiya,2025-06-18,15:12:55,126
DP2832,Rossiya,2025-06-20,14:12:58,45
SU3248,Nordwind,2024-02-25,07:20:34,95
U6789,Red Wings,2025-10-21,12:03:40,247
SU9496,Utair,2024-04-26,22:43:11,146
WZ6360,Rossiya,2024-10-23,15:10:49,97
S73583,Pobeda,2024-12-08,21:34:36,169
WZ2377,Utair,2025-02-09,12:10:07,26
DP5188,Utair,2024-06-17,05:17:57,259
N46847,Utair,2024-01-27,00:39:05,169
DP1540,Ural Airlines,2025-03-10,09:20:43,195
SU6189,Nordwind,2024-04-03,00:04:46,24
UT9855,S7 Airlines,2024-05-24,14:19:08,22
N48238,Utair,2025-12-14,07:37:48,56
U6161,Nordwind,2024-01-14,09:21:21,9
S72299,Utair,2025-05-18,19:02:31,140
N47527,Pobeda,2024-11-13,10:39:25,262
WZ3446,Pobeda,2025-02-18,10:10:32,290
SU3872,Nordwind,2024-09-16,21:27:03,82
DP6539,Rossiya,2024-03-22,22:57:56,150
UT1630,Pobeda,2024-07-22,21:48:21,101
DP7455,Pobeda,2025-05-06,22:23:09,60
DP3805,Rossiya,2025-01-27,19:50:29,85
U6820,Red Wings,2025-02-02,15:27:14,232
S79721,Aeroflot,2024-05-06,05:39:44,58
FV1109,Nordwind,2025-01-03,05:09:52,227
WZ3626,Ural Airlines,2025-06-07,06:47:59,108
WZ8763,Aeroflot,2025-01-04,23:38:48,270
S78781,Red Wings,2024-07-21,16:45:51,256
DP719,Rossiya,2025-03-24,12:27:15,231
WZ7485,Pobeda,2024-04-25,19:30:50,151
WZ1433,Aeroflot,2025-01-22,16:44:00,12
SU5065,Red Wings,2024-11-21,04:23:27,226
FV4646,Pobeda,2025-05-24,15:23:55,89
DP6956,Rossiya,2025-12-08,05:42:28,156
SU7772,Aeroflot,2024-10-19,14:13:43,227
SU6230,Utair,2025-12-03,17:28:25,182
N47284,Rossiya,2024-01-20,09:29:07,159
U6508,Utair,2025-01-25,14:00:58,192
UT9210,S7 Airlines,2024-05-13,12:25:01,295
U61767,Red Wings,2025-07-11,09:11:57,171
SU1735,Aeroflot,2025-02-25,02:27:16,69
S72350,Ural Airlines,2025-09-19,00:35:25,131
DP4832,Red Wings,2025-01-10,15:53:34,7
U6357,Pobeda,2024-10-15,07:01:35,192
FV9632,Utair,2025-02-04,14:11:56,266
S79843,S7 Airlines,2025-03-11,04:12:59,31
WZ4603,Nordwind,2025-02-03,11:17:17,299
SU8089,Aeroflot,2025-09-22,20:43:19,125
SU539,S7 Airlines,2024-03-21,22:32:43,252
N46326,Pobeda,2024-04-03,14:48:13,78
U67261,S7 Airlines,2025-07-07,22:00:50,106
S79192,Red Wings,2025-05-02,22:15:34,164
DP9875,Pobeda,2024-12-25,22:23:41,125
WZ7819,Pobeda,2025-07-03,23:34:12,284
FV7064,Red Wings,2024-10-14,09:33:09,236
N49454,Aeroflot,2024-03-24,22:27:21,186
N45754,Pobeda,2025-02-12,06:37:41,147
N47750,Nordwind,2024-10-16,08:46:10,235
N43270,Aeroflot,2024-04-23,13:17:59,251
N42597,Red Wings,2025-04-04,13:15:51,235
UT5007,Nordwind,2024-02-05,06:48:26,139
SU8597,Red Wings,2025-11-27,21:55:57,91
UT7907,S7 Airlines,2025-11-05,14:46:54,109
DP6190,S7 Airlines,2024-10-13,16:58:20,227
DP9814,Aeroflot,2024-12-27,18:34:17,43
S72159,S7 Airlines,2024-05-14,00:23:19,150
WZ3042,S7 Airlines,2025-05-15,03:02:39,259
S73830,Pobeda,2025-09-22,14:42:19,94
N48517,Aeroflot,2025-01-09,22:15:57,167
WZ9007,Red Wings,2025-01-11,06:45:53,179
S74463,Red Wings,2024-05-06,11:44:05,142
N43637,Nordwind,2024-04-16,21:01:28,45
SU4667,S7 Airlines,2024-10-12,05:45:46,102
S71138,Aeroflot,2024-02-24,16:16:47,10
U65420,Rossiya,2025-05-13,04:44:01,257
WZ8570,Rossiya,2025-08-28,11:58:48,229
DP9518,Nordwind,2025-08-22,00:24:35,15
WZ7967,Nordwind,2025-08-27,07:48:22,213
SU5696,Red Wings,2025-12-24,08:59:54,185
U67639,Red Wings,2024-12-25,12:46:40,174
S76588,Rossiya,2024-05-10,02:19:17,280
WZ4590,Nordwind,2025-01-03,12:47:54,299
SU6371,Pobeda,2024-08-26,16:17:12,270
FV8428,Red Wings,2024-10-06,13:47:04,272
S79091,Nordwind,2025-01-27,06:49:34,291
UT7525,Nordwind,2025-08-18,08:55:31,70
U67963,S7 Airlines,2024-01-03,12:43:47,131
DP5223,Nordwind,2025-12-06,03:48:53,28
U65041,S7 Airlines,2025-11-03,00:54:54,10
SU5075,Red Wings,2025-02-21,22:23:30,188
UT550,Utair,2024-12-11,19:17:57,14
U64166,Nordwind,2024-08-09,21:33:37,176
FV454,Nordwind,2024-03-07,21:55:51,139
SU7366,Red Wings,2025-04-17,22:36:32,265
S76511,Pobeda,2024-02-16,22:51:19,95
WZ1326,Aeroflot,2024-04-11,10:46:18,181
WZ3719,S7 Airlines,2025-02-23,07:37:52,205
UT8236,Nordwind,2024-02-21,22:42:33,79
FV7299,Rossiya,2025-11-22,15:36:57,157
WZ786,S7 Airlines,2025-08-24,08:49:29,298
DP3479,Utair,2025-04-05,13:57:33,42
U68155,Ural Airlines,2024-04-07,04:33:35,45
FV9756,Aeroflot,2024-08-02,18:11:32,235
U67569,Red Wings,2025-09-02,11:59:30,164
U6582,Pobeda,2025-02-02,11:39:54,44
SU3431,Nordwind,2025-09-06,05:21:46,298
WZ7605,Red Wings,2024-04-08,19:17:38,82
FV3943,S7 Airlines,2024-09-04,08:24:37,166
U64585,S7 Airlines,2024-09-21,16:54:58,83
DP8134,Rossiya,2025-09-17,01:08:46,91
UT6383,Aeroflot,2025-04-21,14:04:19,18
WZ9057,Ural Airlines,2025-12-02,04:01:57,133
WZ633,Red Wings,2024-12-16,12:40:58,15
N41391,Aeroflot,2025-07-26,10:30:26,99
SU3860,Nordwind,2024-05-18,19:57:47,64
S73277,Pobeda,2025-10-18,04:10:52,118
DP6727,Rossiya,2025-06-22,12:23:07,216
UT1717,S7 Airlines,2025-03-19,07:11:45,188
N46434,Rossiya,2025-02-18,01:55:12,32
FV8963,Aeroflot,2025-06-10,23:25:30,239
WZ139,Red Wings,2025-10-06,21:27:34,110
N48178,Nordwind,2025-03-26,11:48:04,218
SU4614,Nordwind,2024-06-03,23:08:54,100
UT3326,Utair,2025-12-19,08:30:52,190
N46618,Red Wings,2025-11-16,21:57:42,108
S77060,Nordwind,2025-12-28,20:27:00,267
UT9779,S7 Airlines,2024-03-15,21:57:59,189
SU1667,Aeroflot,2025-08-10,05:11:06,241
FV5812,Red Wings,2024-06-16,22:43:20,264
U69307,Ural Airlines,2025-07-27,12:00:33,239
UT499,Pobeda,2024-09-06,08:53:43,201
WZ4436,Red Wings,2024-09-07,00:23:45,168
S73845,S7 Airlines,2025-01-08,01:42:20,186
N49735,Aeroflot,2025-03-25,09:38:59,171
U68032,S7 Airlines,2025-08-08,09:02:42,269
UT4404,Nordwind,2025-03-11,21:18:48,31
SU4455,Rossiya,2025-01-11,13:18:21,22
UT7274,Red Wings,2024-09-24,10:11:05,282
DP1060,Aeroflot,2024-08-16,21:15:56,213
N48065,S7 Airlines,2024-01-03,04:49:01,238
WZ9388,S7 Airlines,2024-01-22,06:22:10,137
U69738,Pobeda,2025-02-05,16:23:03,241
SU2088,Rossiya,2025-11-06,11:33:39,6
N46644,S7 Airlines,2024-11-01,02:35:43,249
SU1828,Rossiya,2025-10-09,23:12:59,25
DP9465,Utair,2025-11-12,02:24:35,261
S77965,Nordwind,2025-07-08,04:52:12,28
DP4153,Red Wings,2024-09-20,09:33:13,44
DP151,Aeroflot,2024-07-06,19:59:03,129
UT9463,Pobeda,2025-04-07,18:52:58,21
FV4566,S7 Airlines,2024-07-19,13:43:00,299
WZ4764,Ural Airlines,2024-03-10,02:54:33,175
S7293,Red Wings,2024-07-27,10:13:00,5
S77639,S7 Airlines,2024-07-10,05:32:25,275
DP3560,Pobeda,2024-09-18,23:17:50,41
S76814,S7 Airlines,2025-10-17,21:08:29,215
UT341,Pobeda,2024-09-13,19:39:37,255
N4918,Red Wings,2025-12-04,15:42:12,161
N4343,Rossiya,2024-01-14,22:58:24,265
S7467,Utair,2025-07-15,09:02:44,268
SU9620,S7 Airlines,2025-02-18,12:44:02,204
DP7597,Ural Airlines,2025-10-18,20:50:58,2
U67121,Ural Airlines,2024-10-09,20:37:23,1
SU9636,Pobeda,2025-06-20,12:33:51,135
N49666,S7 Airlines,2025-08-18,12:16:24,199
SU3096,Red Wings,2024-10-05,16:27:15,192
SU4648,S7 Airlines,2025-10-08,03:32:38,230
S78508,Pobeda,2024-11-25,03:19:21,260
N48732,Pobeda,2025-09-06,12:32:28,264
DP4354,Red Wings,2024-05-03,14:21:44,148
SU233,Pobeda,2024-11-21,06:19:23,225
SU1666,Nordwind,2024-04-09,22:57:44,97
SU9831,Aeroflot,2025-05-11,23:42:24,164
UT8408,Red Wings,2024-01-05,23:10:04,95
U64983,S7 Airlines,2024-05-13,05:21:09,22
UT7293,S7 Airlines,2025-06-16,23:50:36,295
SU5436,Nordwind,2025-11-21,20:32:24,179
U65629,Pobeda,2025-12-10,16:03:48,66
SU7636,Rossiya,2025-07-04,09:29:24,289
N46278,Red Wings,2024-01-16,19:57:37,121
WZ7216,S7 Airlines,2024-03-27,00:37:03,238
UT7300,Ural Airlines,2024-12-24,05:32:45,41
SU9031,Utair,2024-09-17,13:17:37,228
N45454,Ural Airlines,2024-06-19,19:12:43,134
UT1356,Rossiya,2025-11-23,13:11:01,148
U6658,Nordwind,2024-09-04,06:55:53,159
N41455,Utair,2024-06-06,12:32:58,74
SU6747,Ural Airlines,2024-09-05,23:18:38,79
SU2218,Ural Airlines,2025-04-23,23:45:51,144
S74630,Utair,2025-09-01,20:45:22,229
DP7501,Nordwind,2024-04-13,22:17:57,141
UT2095,Utair,2024-12-14,23:17:19,65
S74270,Nordwind,2024-09-16,11:53:11,75
UT4034,Aeroflot,2025-12-12,14:47:41,100
DP5117,Nordwind,2025-08-04,09:20:50,145
DP1989,Nordwind,2025-02-12,23:58:41,28
S74962,Ural Airlines,2025-11-03,20:50:23,104
N46060,Rossiya,2024-02-21,04:06:37,296
FV2101,Aeroflot,2025-04-21,20:15:01,89
WZ9808,S7 Airlines,2024-08-05,16:23:38,78
FV2072,Aeroflot,2025-04-22,11:35:14,108
DP9978,S7 Airlines,2024-10-17,14:09:58,167
N42452,Rossiya,2024-08-04,02:35:04,78
FV120,Rossiya,2024-08-19,05:44:39,51
WZ4440,Pobeda,2024-01-01,12:22:04,48
SU2579,Red Wings,2025-09-17,08:10:38,114
N49106,Utair,2025-11-15,23:34:35,52
U68437,Utair,2024-04-26,19:48:48,72
UT4780,Aeroflot,2024-05-09,22:29:36,288
S77277,Nordwind,2025-12-04,17:23:12,197
UT102,S7 Airlines,2024-04-06,20:04:41,14
U64879,S7 Airlines,2025-08-05,01:47:12,169
U68734,Nordwind,2025-05-21,17:33:50,211
SU8008,Ural Airlines,2024-03-25,08:06:23,195
DP7833,Aeroflot,2024-01-18,12:36:36,256
N43715,Ural Airlines,2024-01-26,08:50:27,174
WZ1871,Utair,2024-07-20,20:54:00,116
SU2391,S7 Airlines,2025-05-25,12:04:00,282
SU7608,Nordwind,2025-08-09,03:13:29,152
SU7507,S7 Airlines,2024-05-19,02:05:30,16
N49012,Rossiya,2025-02-10,01:17:03,120
FV1389,Nordwind,2025-03-01,12:02:52,253
S7334,Nordwind,2024-11-22,22:50:49,37
S78682,Rossiya,2025-04-12,03:07:46,103
UT3103,Nordwind,2025-01-28,06:28:41,32
DP6166,Pobeda,2025-08-15,20:17:12,110
DP662,Red Wings,2025-08-05,08:52:18,206
UT5790,Rossiya,2025-11-24,07:46:51,183
SU4403,Red Wings,2025-01-13,18:17:56,268
DP6705,Rossiya,2025-01-22,00:05:27,299
WZ734,Utair,2025-03-12,02:50:19,65
S79993,Ural Airlines,2025-09-10,03:26:26,144
WZ7038,S7 Airlines,2024-04-25,01:37:50,196
WZ6529,Ural Airlines,2024-07-10,03:17:17,113
UT6233,Nordwind,2024-07-21,18:24:09,36
DP4293,Rossiya,2024-04-04,06:15:01,54
U69775,Red Wings,2025-02-15,07:49:28,273
U67828,Nordwind,2024-06-03,16:50:52,238
N41941,S7 Airlines,2025-01-10,15:19:20,45
N46799,Aeroflot,2024-03-05,18:23:08,139
N45801,Rossiya,2025-06-24,18:13:46,83
FV1832,Aeroflot,2024-06-07,01:44:07,284
WZ9296,Ural Airlines,2024-02-12,05:49:41,244
SU7897,S7 Airlines,2024-09-16,20:16:07,31
DP8582,Nordwind,2024-03-09,06:02:40,177
SU5641,Aeroflot,2025-05-17,23:19:08,123
S75021,Pobeda,2024-08-01,14:45:43,205
N4710,Pobeda,2025-05-20,15:57:22,96
S71762,S7 Airlines,2025-07-27,18:14:08,202
SU3166,S7 Airlines,2025-03-05,00:49:10,293
UT3915,Rossiya,2025-08-01,22:31:32,136
DP299,Red Wings,2025-10-05,18:26:03,194
UT4763,Rossiya,2025-03-07,15:34:52,70
SU9760,Red Wings,2025-08-23,00:09:24,276
UT536,Rossiya,2025-07-26,05:44:38,118
SU630,Red Wings,2024-07-17,22:15:03,236
N48115,Nordwind,2024-01-05,00:39:48,85
S7258,Aeroflot,2025-07-13,17:45:44,289
UT2558,Nordwind,2025-10-05,20:07:27,175
SU821,Rossiya,2024-02-21,22:54:43,102
WZ2570,Ural Airlines,2024-02-19,06:46:04,7
U69811,S7 Airlines,2025-04-09,04:20:06,70
S78851,S7 Airlines,2025-05-02,18:08:39,229
UT8903,Utair,2024-02-24,01:54:15,172
U63070,Red Wings,2024-07-05,16:03:48,75
N41361,Rossiya,2024-10-05,00:03:11,172
WZ126,Red Wings,2024-11-06,17:13:52,23
DP3625,Ural Airlines,2025-06-23,19:49:12,160
DP6359,S7 Airlines,2025-03-03,17:15:33,18
N46293,Aeroflot,2024-11-16,07:57:34,44
SU924,Nordwind,2025-06-21,14:04:37,236
DP4324,Pobeda,2025-10-15,02:47:21,258
U68063,Rossiya,2024-11-11,04:12:34,236
U68493,Nordwind,2025-01-09,11:42:54,194
N41621,S7 Airlines,2025-10-17,16:24:39,21
N4796,Rossiya,2025-01-06,16:04:39,206
FV2495,Ural Airlines,2025-12-15,23:21:11,54
UT5362,Rossiya,2025-06-28,18:54:24,271
UT4032,Rossiya,2024-11-12,22:51:11,288
U66934,Red Wings,2025-05-08,17:05:24,52
WZ3099,Pobeda,2024-08-25,12:16:19,71
N48703,Pobeda,2024-06-23,18:52:21,141
S76903,Rossiya,2025-03-07,12:33:54,138
FV3730,Rossiya,2024-12-21,12:53:57,167
UT1035,Pobeda,2024-03-10,22:21:28,227
UT8926,Nordwind,2025-11-27,07:12:03,245
S79668,Rossiya,2025-01-12,20:19:49,251
FV2884,Rossiya,2025-08-03,21:02:32,8
FV7629,Pobeda,2024-07-10,19:12:31,198
N47869,Red Wings,2025-03-22,02:57:42,52
S71075,Pobeda,2025-05-04,18:53:13,36
WZ2612,Rossiya,2025-11-03,02:10:54,242
FV5819,Pobeda,2024-04-10,03:22:16,51
DP4993,S7 Airlines,2025-06-16,06:33:30,192
S78499,S7 Airlines,2024-09-23,23:02:03,246
U64014,Ural Airlines,2024-08-07,14:06:06,55
N48504,Aeroflot,2024-02-27,12:42:54,112
U65005,Rossiya,2025-02-09,23:49:54,281
DP7201,S7 Airlines,2025-05-17,01:26:06,31
WZ1892,S7 Airlines,2025-04-15,21:27:14,96
N47463,Aeroflot,2025-04-09,01:09:11,141
WZ3465,S7 Airlines,2024-04-10,13:37:44,278
UT8781,Utair,2025-09-14,14:15:39,249
DP7749,Nordwind,2024-08-28,21:58:43,118
SU2658,Ural Airlines,2025-02-21,14:50:24,96
DP2556,Ural Airlines,2025-09-27,13:50:45,173
U67074,Rossiya,2025-01-19,21:31:59,289
SU9668,Pobeda,2024-12-19,08:24:29,173
U65904,S7 Airlines,2024-06-20,17:27:01,269
S75670,Red Wings,2025-10-13,09:37:18,150
N44722,Rossiya,2025-09-15,09:25:14,7
N41501,Ural Airlines,2024-09-01,00:52:59,83
UT311,Pobeda,2025-12-15,11:37:46,64
FV2885,Utair,2025-10-27,01:05:30,76
U68450,Utair,2024-03-02,03:19:26,204
FV8984,Utair,2024-12-15,12:27:30,83
FV9624,S7 Airlines,2025-03-17,16:42:20,192
S76329,Red Wings,2024-10-27,11:32:22,136
FV741,Nordwind,2025-08-27,03:33:43,284
FV6756,Pobeda,2024-12-28,00:30:23,176
N45944,S7 Airlines,2024-05-07,03:20:24,84
FV2903,Rossiya,2025-10-19,03:16:52,250
FV920,Rossiya,2025-10-02,20:59:57,39
N45534,Utair,2025-03-09,19:41:41,139
WZ2273,Aeroflot,2025-01-17,17:34:16,32
FV5035,Red Wings,2025-07-06,11:55:08,291
U63529,Ural Airlines,2025-08-09,02:16:56,277
N42515,Ural Airlines,2024-06-19,03:02:31,102
WZ8888,Rossiya,2024-03-13,07:03:04,221
FV8532,S7 Airlines,2024-05-13,09:50:54,187
FV8704,Aeroflot,2024-06-20,06:49:49,263
U6175,Pobeda,2025-06-01,15:52:33,295
UT9440,S7 Airlines,2024-03-03,04:28:58,220
SU7939,Red Wings,2024-10-26,03:43:03,92
SU734,Utair,2025-08-04,02:59:17,118
N49782,Aeroflot,2025-12-12,19:42:43,180
SU6416,Pobeda,2024-12-24,09:02:32,139
U67307,Pobeda,2025-08-21,17:30:36,108
WZ3265,Ural Airlines,2025-06-27,06:35:10,250
SU5157,Ural Airlines,2024-12-09,08:39:41,15
SU4872,Aeroflot,2024-02-04,20:45:25,3
UT6523,Nordwind,2025-12-14,18:08:22,245
S79432,Utair,2025-05-20,17:13:35,264
S79723,Nordwind,2025-05-27,16:41:04,188
WZ2319,Nordwind,2025-05-26,10:09:12,118
DP3461,Pobeda,2025-04-07,14:55:37,54
FV5526,Ural Airlines,2024-01-04,04:04:11,140
N47952,Nordwind,2025-02-03,04:05:21,281
U67051,Nordwind,2025-10-20,15:08:22,131
FV2358,Utair,2024-06-17,06:59:19,84
WZ1929,S7 Airlines,2024-06-11,18:32:17,47
WZ9789,Nordwind,2024-11-12,06:56:30,170
FV4799,Utair,2024-07-11,21:37:00,159
DP6677,Utair,2025-06-10,17:30:51,93
N48883,Pobeda,2024-03-27,21:26:16,193
SU1170,Red Wings,2024-09-26,18:57:48,107
SU9943,Utair,2024-12-12,12:42:01,126
N44618,Ural Airlines,2025-08-11,02:03:17,181
S7879,Nordwind,2025-01-09,23:35:07,284
DP2743,Aeroflot,2025-10-15,05:07:28,142
N43817,S7 Airlines,2025-11-20,08:05:35,265
U63021,S7 Airlines,2025-03-15,21:28:21,275
SU1185,Utair,2024-02-06,07:56:45,242
U68008,Red Wings,2025-12-24,19:58:36,142
UT6091,Red Wings,2025-07-19,14:19:38,1
FV5786,Rossiya,2025-10-20,19:02:21,15
UT8878,S7 Airlines,2025-03-28,09:00:30,69
FV8877,Nordwind,2024-07-08,21:20:27,165
DP9357,Red Wings,2024-08-05,12:02:11,227
U63141,S7 Airlines,2024-08-05,16:47:07,247
UT4772,Rossiya,2025-04-02,06:12:22,148
S78796,Red Wings,2025-10-10,08:18:18,1
DP8494,Nordwind,2024-06-20,02:24:13,264
N46322,Pobeda,2024-10-09,13:06:40,172
S71766,Aeroflot,2024-10-12,10:36:35,31
FV9552,Nordwind,2024-10-22,14:46:01,70
S78485,Red Wings,2025-07-23,21:03:04,202
U68961,Red Wings,2024-04-16,01:43:11,32
FV783,Ural Airlines,2025-09-10,00:52:42,187
SU4380,Red Wings,2025-12-27,23:15:13,236
N46666,Pobeda,2024-08-16,22:49:01,92
FV3990,S7 Airlines,2024-06-22,11:37:26,235
FV8697,S7 Airlines,2024-04-09,01:55:17,272
FV1486,Aeroflot,2025-05-21,16:38:38,247
SU3578,Aeroflot,2024-06-23,09:14:11,138
SU5588,S7 Airlines,2024-03-14,13:10:53,189
SU8039,Nordwind,2025-10-08,02:44:48,38
UT5525,Aeroflot,2025-09-12,01:23:18,229
FV1473,Red Wings,2024-01-22,21:44:02,9
U65188,S7 Airlines,2025-02-27,13:37:44,48
SU7375,Aeroflot,2025-08-19,15:15:28,120
UT2331,Pobeda,2024-01-03,18:20:03,300
FV1944,Pobeda,2024-08-27,09:04:09,24
N48598,Utair,2024-05-03,18:32:20,48
U66386,Pobeda,2025-05-28,07:39:51,59
N45607,Utair,2025-01-17,12:21:49,109
FV2924,Pobeda,2025-10-27,20:44:12,119
WZ5876,Pobeda,2024-01-28,07:33:54,2
S71084,Nordwind,2024-10-06,16:41:20,228
FV7291,Nordwind,2024-07-22,11:05:39,75
DP5356,S7 Airlines,2025-01-19,17:23:10,209
S77290,Utair,2025-05-23,19:21:19,252
UT8168,Pobeda,2024-04-15,04:59:01,101
WZ969,Rossiya,2024-03-04,02:25:47,198
U68780,Ural Airlines,2024-04-28,13:15:49,236
FV8260,Nordwind,2024-01-01,23:55:43,0
S76896,Pobeda,2025-03-15,04:00:35,299
U68839,Rossiya,2025-05-18,23:52:36,7
FV3893,Ural Airlines,2025-12-03,03:25:59,191
U66958,Pobeda,2024-12-11,15:42:08,259
S79250,S7 Airlines,2024-11-11,20:34:14,133
UT1859,Nordwind,2024-02-05,02:17:21,160
SU2109,Nordwind,2024-07-02,11:53:19,35
WZ4365,Rossiya,2025-04-09,12:44:47,2
S77908,Pobeda,2025-02-13,01:09:04,78
FV1948,S7 Airlines,2024-11-07,21:08:58,193
S76967,Ural Airlines,2024-11-10,10:49:11,238
N41233,Rossiya,2024-07-03,01:51:19,78
FV4067,Utair,2024-06-25,20:07:44,234
SU1948,Rossiya,2024-02-17,07:31:42,19
U69218,Aeroflot,2024-05-27,14:52:57,197
N48400,Nordwind,2025-04-06,20:13:23,26
S72617,Pobeda,2024-12-04,01:37:03,115
FV1245,Nordwind,2025-05-18,01:51:03,161
WZ1191,Aeroflot,2025-10-15,16:06:23,240
DP9203,Nordwind,2024-06-20,08:34:30,94
S73863,Nordwind,2025-02-23,06:50:11,300
WZ8557,Utair,2025-11-19,11:01:40,88
SU5520,Pobeda,2024-04-22,13:25:47,103
UT5401,Utair,2025-03-13,11:35:49,207
UT3316,Nordwind,2025-05-02,00:25:22,208
UT976,Pobeda,2024-02-13,03:12:33,63
SU790,Pobeda,2025-10-05,06:56:52,96
UT3498,Pobeda,2024-11-22,01:09:31,195
S79937,Red Wings,2024-02-14,06:30:50,50
UT5090,Utair,2024-06-28,06:35:20,24
FV7471,Rossiya,2025-08-10,20:18:48,52
U65065,Nordwind,2024-10-22,23:14:54,162
N43731,Rossiya,2024-01-21,21:07:01,154
FV7334,Ural Airlines,2024-11-08,12:48:31,257
UT1002,Ural Airlines,2025-01-16,23:15:19,116
WZ2148,Nordwind,2024-03-19,19:47:21,174
N4777,Aeroflot,2024-08-04,15:55:13,283
DP2582,Ural Airlines,2025-09-08,05:33:01,297
FV9712,Ural Airlines,2025-08-16,01:19:21,215
N4625,S7 Airlines,2024-11-06,12:42:29,192
UT4039,Utair,2024-10-10,12:48:25,26
S73172,Utair,2024-07-07,13:37:56,271
SU6398,Ural Airlines,2025-04-28,13:59:56,161
UT1275,S7 Airlines,2024-06-19,13:12:47,18
U66552,Nordwind,2025-01-05,12:56:28,165
FV1395,Aeroflot,2024-02-05,07:33:57,59
FV4610,Red Wings,2024-08-08,03:36:53,249
S78822,Rossiya,2025-01-02,22:14:21,33
S74001,Ural Airlines,2025-02-25,04:46:19,289
UT4729,Nordwind,2024-10-21,20:31:43,245
SU7007,Nordwind,2024-04-28,09:50:06,96
FV9199,Red Wings,2024-09-22,14:01:17,133
UT7361,Aeroflot,2025-07-13,06:49:27,92
FV3005,Nordwind,2025-09-05,07:07:44,154
UT7897,Rossiya,2024-12-05,07:39:06,151
N43889,Aeroflot,2025-12-04,03:59:43,154
DP8460,Red Wings,2025-11-26,06:46:29,281
FV1608,Utair,2024-01-09,01:55:42,166
N43117,Utair,2025-07-18,11:52:48,197
WZ6944,Pobeda,2025-09-01,02:41:33,148
SU8694,Utair,2025-12-27,14:36:51,287
N44380,Ural Airlines,2024-09-26,13:16:39,153
WZ518,Nordwind,2024-06-23,08:57:02,9
WZ3075,Pobeda,2025-11-04,14:35:02,56
WZ2298,Nordwind,2025-10-20,18:50:46,217
WZ281,Utair,2025-01-21,09:01:32,58
S75570,Aeroflot,2025-06-23,21:19:28,76
FV8892,Rossiya,2025-01-07,20:52:16,83
S77514,Red Wings,2025-01-07,20:52:12,214
S79912,Aeroflot,2025-11-15,06:25:08,169
UT487,Nordwind,2024-06-21,03:42:54,96
U69360,Aeroflot,2024-06-23,14:32:45,214
S71087,Ural Airlines,2025-10-15,01:48:57,89
SU7977,Rossiya,2025-06-09,03:52:12,34
UT4110,Ural Airlines,2025-02-07,02:10:03,9
SU9297,Utair,2025-03-10,12:30:19,98
U67855,Utair,2024-04-03,22:17:53,293
DP9649,S7 Airlines,2024-12-02,01:40:40,39
S75450,Ural Airlines,2024-10-28,22:50:39,141
UT681,Rossiya,2024-05-03,12:59:36,20
SU9050,Ural Airlines,2025-09-25,06:12:10,107
WZ5675,Rossiya,2025-12-23,06:23:42,297
U64341,Pobeda,2024-10-04,20:35:35,93
FV7253,Utair,2024-02-02,09:07:17,84
FV6613,S7 Airlines,2025-07-21,00:44:02,141
FV8011,Pobeda,2024-07-27,02:41:39,114
U62694,Nordwind,2025-05-13,23:03:13,61
N48727,Nordwind,2024-04-26,07:03:56,94
FV294,Aeroflot,2025-04-08,22:44:33,20
WZ3931,Utair,2025-04-03,07:22:14,142
UT1495,S7 Airlines,2025-09-17,00:42:04,67
UT7285,Nordwind,2024-09-15,08:18:35,13
SU350,Aeroflot,2025-02-24,20:50:23,257
SU4968,S7 Airlines,2024-11-16,15:06:40,226
DP2484,Nordwind,2024-01-26,04:23:16,51
N48321,Red Wings,2024-10-19,13:25:31,202
U67196,Red Wings,2024-05-06,07:59:17,267
FV4690,Aeroflot,2024-05-27,22:42:17,204
FV2216,Rossiya,2025-01-20,16:38:02,82
FV9096,Utair,2025-03-25,12:00:44,16
WZ4149,Rossiya,2024-07-25,21:12:28,46
UT7403,Aeroflot,2024-06-21,14:02:48,264
UT4478,Red Wings,2024-07-28,05:22:44,75
N45114,Aeroflot,2024-05-22,06:46:53,270
S72341,Ural Airlines,2025-07-12,11:39:31,191
DP2643,Utair,2025-10-22,09:20:41,286
UT5732,Utair,2024-01-12,22:59:36,219
U61698,S7 Airlines,2025-01-21,21:53:41,53
N4104,Nordwind,2024-01-14,17:34:44,265
S77513,Ural Airlines,2024-10-06,11:08:21,189
SU3435,Rossiya,2024-10-16,08:21:21,0
S72298,Utair,2024-05-10,06:51:28,27
DP3957,Pobeda,2024-11-22,04:47:32,27
UT4378,S7 Airlines,2025-05-12,16:48:21,122
FV2631,Nordwind,2024-11-01,02:42:05,146
UT2695,Red Wings,2025-01-17,01:32:49,101
U66474,Utair,2025-01-08,13:29:36,244
DP879,S7 Airlines,2025-05-16,11:24:47,150
FV1855,Nordwind,2025-08-26,06:54:18,0
N42806,Ural Airlines,2025-07-23,22:43:53,287
WZ217,Aeroflot,2024-09-17,01:04:19,184
SU320,Red Wings,2024-02-19,13:26:51,133
WZ6097,Red Wings,2025-07-09,21:24:00,192
N46331,Nordwind,2025-01-26,17:02:47,64
DP8457,Aeroflot,2025-12-02,02:33:40,238
UT3057,Ural Airlines,2024-09-27,13:59:17,225
FV3952,Utair,2025-12-07,20:11:58,76
WZ3532,S7 Airlines,2024-01-12,23:16:34,73
S79776,S7 Airlines,2024-07-21,20:31:19,186
U6132,Ural Airlines,2024-04-17,12:17:55,157
U62359,Nordwind,2024-09-25,05:16:41,148
UT7286,Red Wings,2024-09-18,15:49:24,85
S77318,Pobeda,2025-12-27,03:54:25,175
SU2389,S7 Airlines,2025-11-16,04:50:01,30
UT2185,Pobeda,2025-01-11,06:29:07,181
UT8697,S7 Airlines,2024-08-23,07:00:38,154
WZ2932,Aeroflot,2024-10-18,02:39:43,166
DP7271,Ural Airlines,2024-12-02,01:55:23,294
DP4843,S7 Airlines,2024-03-27,15:40:20,90
UT4581,Nordwind,2025-01-23,02:08:21,185
S7773,Red Wings,2024-07-22,18:37:59,286
S77728,S7 Airlines,2025-01-18,08:20:23,237
U69577,Red Wings,2025-07-22,19:41:35,242
FV161,S7 Airlines,2024-01-25,00:53:21,98
SU8910,Aeroflot,2025-10-18,14:16:28,170
S78634,Aeroflot,2024-08-14,16:14:18,227
UT7381,Ural Airlines,2024-04-11,10:22:48,286
N46956,Rossiya,2025-09-02,16:46:23,149
S78320,Pobeda,2025-12-18,04:44:06,119
SU9153,Pobeda,2024-01-02,06:54:33,235
FV7071,Ural Airlines,2024-10-09,20:43:26,86
U68145,Red Wings,2024-03-15,09:58:30,17
DP5560,Aeroflot,2025-02-20,10:57:10,117
SU4051,S7 Airlines,2025-07-10,03:59:03,107
U63984,Rossiya,2025-08-04,22:23:18,106
DP6853,Red Wings,2024-01-20,15:13:02,100
S79843,Aeroflot,2025-06-06,06:22:59,34
SU8584,Aeroflot,2024-04-07,06:37:27,48
S76574,Pobeda,2025-11-26,11:06:34,283
DP2331,Rossiya,2025-02-22,01:56:13,46
WZ9804,Red Wings,2025-06-06,13:18:29,5
WZ3788,Rossiya,2025-05-01,13:35:54,232
SU4140,Ural Airlines,2025-06-08,00:21:37,104
SU930,Red Wings,2025-10-14,08:15:10,127
U65416,Aeroflot,2025-07-15,01:44:34,221
U66707,Nordwind,2025-03-15,04:36:36,4
SU5866,Utair,2025-10-27,03:49:00,135
UT5612,Nordwind,2025-07-09,23:03:09,27
DP9893,Utair,2025-02-07,14:28:43,184
N43921,Aeroflot,2024-12-10,12:16:41,180
DP9489,Red Wings,2025-01-22,16:59:09,13
N4692,S7 Airlines,2025-09-21,14:37:40,191
WZ430,Aeroflot,2025-04-27,12:09:10,230
N44747,Pobeda,2024-01-20,10:12:40,204
UT9725,Nordwind,2025-03-05,08:35:10,4
DP8418,Red Wings,2025-06-10,22:27:25,242
S79086,Ural Airlines,2025-06-08,08:16:13,212
UT8286,Pobeda,2025-11-01,18:31:14,243
FV8480,Red Wings,2024-05-07,01:25:14,24
FV947,Utair,2025-10-25,10:31:43,63
SU9061,S7 Airlines,2024-02-28,17:10:40,130
DP2528,Utair,2024-08-10,10:01:54,278
WZ7739,Utair,2025-11-11,06:28:42,192
SU3934,Aeroflot,2024-02-08,21:17:38,237
DP1529,Ural Airlines,2024-09-16,23:39:46,38
N44188,Pobeda,2025-04-02,20:08:31,40
N42587,S7 Airlines,2025-10-11,18:57:39,130
DP8562,Nordwind,2025-06-11,20:33:35,100
N47960,S7 Airlines,2024-07-21,17:50:30,58
DP9727,Nordwind,2024-07-28,17:54:56,157
DP8440,S7 Airlines,2024-07-01,01:15:40,189
UT8164,Rossiya,2025-07-05,20:48:30,179
SU7908,Red Wings,2025-08-07,10:15:32,31
N43496,Rossiya,2024-01-28,21:09:36,152
WZ284,Rossiya,2025-07-22,19:05:59,45
DP3783,Rossiya,2024-11-12,20:22:44,18
DP4921,Pobeda,2025-07-09,12:44:34,51
WZ3742,Red Wings,2025-10-15,11:15:32,87
DP4510,Pobeda,2025-11-22,02:55:51,218
WZ5209,Pobeda,2024-04-12,01:12:15,205
FV3466,Nordwind,2025-01-11,04:36:09,228
N41219,Utair,2025-12-03,06:52:07,271
S79306,Pobeda,2025-04-18,10:59:44,100
DP9911,Utair,2025-12-22,06:10:16,207
WZ3510,Aeroflot,2024-11-13,15:03:33,287
WZ6453,Utair,2025-05-26,10:09:16,41
DP5973,Ural Airlines,2025-06-04,08:46:30,290
SU8682,Rossiya,2025-11-08,09:11:17,2
FV6669,Aeroflot,2024-10-03,21:32:47,133
DP1594,S7 Airlines,2025-04-24,08:51:32,232
DP8440,Utair,2024-03-06,05:28:19,115
S72599,Nordwind,2024-05-21,12:03:24,31
UT3976,Nordwind,2024-05-28,05:46:52,108
U6227,Pobeda,2024-11-06,16:38:10,146
SU9149,Rossiya,2025-07-27,19:29:19,176
U6566,Rossiya,2024-04-22,16:25:02,100
SU9948,Nordwind,2024-09-22,14:14:56,225
DP2420,Rossiya,2024-09-02,05:05:57,245
N47366,Aeroflot,2025-08-24,01:25:12,217
SU2040,Rossiya,2025-02-04,22:29:25,197
N46360,Aeroflot,2025-07-15,15:05:54,223
FV5502,Rossiya,2025-02-08,12:37:02,189
FV8649,S7 Airlines,2024-10-07,03:02:44,18
U62458,Red Wings,2025-11-21,09:22:29,185
N42818,Utair,2024-01-01,09:08:19,82
U64345,Rossiya,2024-07-26,22:01:55,199
SU5526,Rossiya,2024-02-19,14:48:47,139
WZ7373,Ural Airlines,2025-01-08,20:13:03,197
S74954,Ural Airlines,2024-02-01,23:33:52,262
FV6233,Rossiya,2024-10-23,04:17:35,112
UT376,Rossiya,2025-06-19,01:50:00,183
SU1188,Pobeda,2024-08-27,04:21:20,285
UT8648,Red Wings,2025-04-28,08:12:33,255
U64567,Aeroflot,2025-01-19,04:02:35,139
U61650,Red Wings,2025-09-24,23:34:13,285
UT357,Red Wings,2024-02-11,03:24:10,191
S72393,S7 Airlines,2025-06-27,19:47:05,292
UT8303,Red Wings,2025-11-21,21:10:37,84
UT2765,Utair,2024-12-22,19:57:39,9
S76385,Pobeda,2024-12-01,10:57:46,26
FV4560,Nordwind,2024-05-03,09:54:41,103
N47943,Red Wings,2025-12-10,19:32:32,78
WZ2172,Utair,2024-12-21,15:27:04,35
SU132,S7 Airlines,2024-05-28,00:58:35,36
U64835,S7 Airlines,2025-05-18,13:21:42,183
U68404,Nordwind,2024-09-18,11:28:35,278
WZ2809,Rossiya,2025-01-11,22:50:44,171
S73963,Pobeda,2025-08-10,13:18:13,15
UT481,Utair,2024-11-10,02:40:55,231
UT7037,S7 Airlines,2025-07-23,19:45:10,234
UT744,Rossiya,2025-06-10,20:19:05,29
DP1311,Rossiya,2025-09-15,06:33:19,231
DP6402,S7 Airlines,2025-10-23,23:26:40,74
SU3940,Rossiya,2024-12-20,11:37:02,164
FV2480,Ural Airlines,2024-11-02,15:26:04,26
UT4121,Nordwind,2024-03-02,19:53:34,81
FV7339,S7 Airlines,2024-03-03,09:52:13,138
UT898,Nordwind,2025-03-11,14:05:47,120
FV8081,S7 Airlines,2025-06-24,14:41:14,213
U62981,Utair,2024-11-18,20:33:34,177
S79164,Nordwind,2024-11-28,04:52:09,256
N4671,Ural Airlines,2024-01-11,03:06:59,32
N44945,S7 Airlines,2024-11-01,14:28:40,244
FV1811,S7 Airlines,2025-12-10,20:40:49,241
FV2847,Red Wings,2024-05-15,18:47:59,57
FV5811,S7 Airlines,2024-01-11,18:48:58,61
FV8329,Nordwind,2025-08-22,00:54:40,265
UT8417,Nordwind,2025-07-28,20:58:04,19
SU6886,S7 Airlines,2024-10-26,15:04:38,253
N41352,S7 Airlines,2025-09-26,08:25:31,264
S78529,Pobeda,2025-06-21,23:49:36,265
UT3549,Red Wings,2024-10-12,04:25:32,293
UT617,Utair,2025-12-21,22:19:39,237
DP9008,Ural Airlines,2025-11-13,05:13:28,118
DP3916,Utair,2024-01-19,02:43:33,198
DP6161,Aeroflot,2024-03-27,00:24:52,298
DP3694,Red Wings,2025-02-18,08:28:58,168
DP2904,S7 Airlines,2024-12-06,12:20:39,134
WZ553,Pobeda,2025-04-04,22:43:54,76
S77006,Red Wings,2024-04-04,04:27:31,15
SU7198,Pobeda,2024-09-27,11:32:14,286
FV796,Pobeda,2024-08-07,22:44:32,76
FV5153,Ural Airlines,2024-01-05,16:09:42,183
U69705,Nordwind,2024-11-07,13:22:38,75
WZ6936,Utair,2024-02-26,15:20:44,249
U6350,Utair,2024-06-22,02:28:05,278
S75210,Nordwind,2024-09-21,21:28:46,299
U66232,Red Wings,2025-11-02,01:34:36,281
DP5779,Pobeda,2024-05-03,05:17:19,176
N48674,Pobeda,2024-02-28,19:29:25,102
UT114,Utair,2024-09-08,00:22:20,102
SU8578,Ural Airlines,2025-11-11,02:18:56,235
S73225,Utair,2025-12-25,08:55:01,258
FV1551,Nordwind,2024-08-15,08:12:44,116
UT8366,Ural Airlines,2024-12-05,05:52:41,205
SU4429,Pobeda,2025-06-01,02:26:08,185
DP9187,Nordwind,2025-05-27,02:35:21,224
N48061,Aeroflot,2024-08-14,01:28:20,98
FV2586,Pobeda,2025-01-25,22:42:51,74
SU5097,Ural Airlines,2024-05-27,17:46:04,33
DP6965,Ural Airlines,2024-11-17,11:17:39,215
FV3592,Rossiya,2024-09-16,05:23:50,228
U61405,Aeroflot,2025-04-22,17:57:56,212
DP1196,Aeroflot,2024-01-19,23:31:39,39
UT5611,Pobeda,2024-07-07,18:48:47,36
FV250,Nordwind,2025-05-13,02:40:57,135
SU7517,S7 Airlines,2024-01-16,07:12:43,183
U64040,S7 Airlines,2024-05-18,18:15:59,70
S75028,Pobeda,2025-12-18,16:19:53,31
N48652,Rossiya,2024-03-20,01:24:54,122
UT7709,Pobeda,2025-10-04,14:40:42,6
FV6797,Pobeda,2025-04-06,16:25:52,115
WZ599,S7 Airlines,2025-06-27,19:47:08,17
N42268,Red Wings,2025-10-09,17:59:58,155
UT9878,Rossiya,2025-11-01,22:05:24,246
U63715,Red Wings,2025-01-07,14:06:30,200
N47302,Aeroflot,2025-01-24,09:41:15,119
N43027,Utair,2024-03-03,05:23:08,116
WZ3557,S7 Airlines,2025-11-10,18:13:50,144
WZ4465,Pobeda,2025-04-08,20:18:56,174
S7421,Nordwind,2024-04-08,02:52:35,59
FV3593,S7 Airlines,2024-04-04,18:26:17,37
S71667,Utair,2025-06-25,15:15:15,30
N42719,Pobeda,2024-02-06,05:17:12,209
UT6214,Nordwind,2024-04-16,18:55:29,210
UT5648,S7 Airlines,2024-07-11,04:38:56,247
S77466,Aeroflot,2024-10-04,17:42:05,184
U64078,S7 Airlines,2024-07-11,02:11:13,288
WZ6692,S7 Airlines,2024-04-26,03:39:55,68
DP6332,Red Wings,2024-08-27,20:05:06,45
FV6429,Red Wings,2025-05-08,11:21:31,30
WZ8826,S7 Airlines,2024-11-21,16:58:40,168
N45631,Pobeda,2025-06-16,19:18:43,201
UT7125,Pobeda,2024-05-12,03:26:25,4
N4854,Nordwind,2024-04-15,23:08:16,149
FV8304,Rossiya,2024-03-12,00:36:39,138
SU1845,Red Wings,2025-03-11,15:00:27,269
WZ2896,Aeroflot,2024-02-04,08:09:43,121
SU6754,Red Wings,2024-08-10,20:21:33,247
U68801,S7 Airlines,2025-07-08,04:51:15,43
WZ7978,Pobeda,2025-04-27,17:14:30,71
SU4236,Pobeda,2024-05-07,17:11:49,155
UT4793,Ural Airlines,2025-09-04,04:50:08,129
WZ243,Utair,2025-04-01,05:22:37,283
WZ1513,Pobeda,2024-01-11,18:59:32,110
WZ9099,Pobeda,2024-04-13,23:36:06,189
WZ968,Ural Airlines,2025-04-14,02:37:02,48
FV1041,Ural Airlines,2024-11-26,16:00:34,237
S74689,S7 Airlines,2024-04-25,12:41:09,134
FV8123,Rossiya,2025-09-27,10:59:46,139
DP438,Pobeda,2025-08-04,04:49:17,64
U62688,Nordwind,2024-10-22,04:39:46,132
U69395,Pobeda,2025-05-13,06:31:27,66
SU8996,Aeroflot,2024-03-02,14:03:01,124
N45020,Rossiya,2024-08-05,23:44:30,223
SU5742,S7 Airlines,2024-05-04,07:21:21,126
N48502,Ural Airlines,2024-05-08,20:13:50,111
DP7934,Ural Airlines,2024-11-28,23:20:23,203
N49903,Ural Airlines,2025-07-15,11:23:46,62
SU8966,Utair,2024-11-17,13:06:23,146
FV3959,Red Wings,2025-12-19,07:25:48,171
UT4154,Pobeda,2024-04-08,07:21:31,50
UT7482,Utair,2025-01-01,07:09:22,69
N46145,Nordwind,2024-06-11,15:25:28,184
N49545,Ural Airlines,2024-09-19,13:31:53,128
DP5302,Nordwind,2024-02-28,20:46:55,225
UT7146,Pobeda,2024-06-21,15:18:03,138
FV1098,S7 Airlines,2025-06-15,06:01:07,119
N47440,S7 Airlines,2025-04-18,08:40:20,54
WZ1916,Nordwind,2025-01-15,21:49:38,289
FV4881,Red Wings,2024-10-16,15:59:19,295
DP3200,S7 Airlines,2024-04-16,02:51:19,73
UT4028,Red Wings,2025-10-14,00:27:26,59
N4383,Utair,2025-12-22,17:25:53,123
N45982,Utair,2025-02-04,08:12:54,228
U64510,S7 Airlines,2024-02-05,04:18:21,235
FV1912,Utair,2024-03-09,18:33:20,50
S7733,S7 Airlines,2024-01-28,04:37:08,56
WZ4478,Ural Airlines,2024-03-20,21:41:25,136
U68380,Utair,2025-08-04,05:08:06,40
S79964,Nordwind,2024-04-26,07:31:45,217
DP1644,S7 Airlines,2025-02-05,04:09:21,245
N49636,Rossiya,2024-11-22,03:22:10,293
S75771,Red Wings,2024-08-20,23:48:23,194
WZ2330,Ural Airlines,2025-04-23,21:22:45,176
DP4625,Aeroflot,2024-02-23,00:18:15,161
FV2988,S7 Airlines,2025-03-09,11:34:10,173
WZ7402,Ural Airlines,2024-07-20,08:47:19,185
SU4385,Ural Airlines,2025-12-09,23:15:46,280
S7743,Red Wings,2024-09-23,13:39:01,43
DP6564,Ural Airlines,2025-04-17,17:51:16,36
WZ3382,Pobeda,2024-04-10,22:41:35,128
U63162,Aeroflot,2024-11-16,14:16:22,44
N43642,Aeroflot,2024-02-02,02:08:01,207
N41848,Pobeda,2024-08-20,13:49:33,186
N46370,Red Wings,2024-11-18,14:35:05,279
DP2902,S7 Airlines,2025-03-25,13:33:33,207
S72621,S7 Airlines,2024-04-11,17:50:40,30
U64501,Pobeda,2024-09-06,05:28:31,277
SU9153,Aeroflot,2024-12-08,15:13:21,8
DP845,Aeroflot,2025-10-27,01:08:11,277
UT9983,Rossiya,2025-09-12,07:45:37,225
FV6060,S7 Airlines,2024-10-03,16:00:24,102
DP4762,Nordwind,2024-09-19,21:52:34,166
WZ3701,Red Wings,2024-06-19,15:21:24,211
UT4524,Aeroflot,2024-10-17,18:05:49,268
FV4004,Rossiya,2024-02-16,17:46:55,130
DP3290,Ural Airlines,2024-04-27,04:01:13,254
FV8411,S7 Airlines,2025-10-06,13:41:47,211
WZ9394,Ural Airlines,2025-12-10,07:36:19,274
S79148,Utair,2025-12-12,01:09:20,75
DP6823,Ural Airlines,2025-04-17,09:56:58,145
FV7889,Aeroflot,2024-09-19,05:08:35,232
U63417,Red Wings,2025-06-25,05:59:01,220
SU8506,Nordwind,2024-09-03,18:54:35,33
UT9088,Rossiya,2024-12-03,05:30:45,270
UT8186,Pobeda,2024-07-08,08:51:59,142
UT2879,Pobeda,2024-09-19,19:28:08,48
FV129,Ural Airlines,2025-09-19,08:32:14,67
N46847,Rossiya,2024-05-20,19:02:20,207
UT6096,Red Wings,2025-04-12,12:47:40,66
S75728,Utair,2024-05-12,03:22:45,266
UT9604,Red Wings,2024-12-03,09:44:45,266
UT6310,S7 Airlines,2025-04-15,13:31:21,102
U65399,Utair,2025-02-08,16:58:57,87
N47183,Red Wings,2025-10-11,22:40:46,253
S71222,S7 Airlines,2024-05-22,04:25:05,44
DP8220,Pobeda,2025-03-04,09:10:05,115
FV2259,Pobeda,2024-02-23,02:23:06,35
FV8722,Pobeda,2024-12-23,07:37:04,127
UT6624,Ural Airlines,2024-06-15,17:32:31,13
DP5411,Rossiya,2025-07-02,06:34:47,171
SU4948,Nordwind,2025-11-13,09:28:24,203
S73929,Nordwind,2025-03-18,11:04:19,162
N43600,S7 Airlines,2024-05-25,09:53:56,178
N49586,Pobeda,2025-08-06,13:23:58,12
N47621,Ural Airlines,2024-02-22,19:42:47,274
S73090,S7 Airlines,2025-08-14,00:27:27,197
N43339,Nordwind,2024-06-07,07:00:07,2
UT7190,Aeroflot,2025-12-22,16:23:30,299
SU7320,Aeroflot,2024-01-15,18:53:57,273
UT8416,Utair,2024-02-24,11:02:00,251
S74873,Rossiya,2024-12-04,08:34:21,43
FV6864,Red Wings,2025-12-19,10:15:34,12
DP5727,Utair,2024-04-19,22:08:28,93
N46579,Nordwind,2024-06-24,07:46:34,139
S72287,S7 Airlines,2024-03-17,14:58:24,90
WZ4251,Ural Airlines,2024-07-15,04:12:09,100
U63674,Rossiya,2025-05-17,02:08:25,298
S77323,S7 Airlines,2024-05-12,08:14:14,12
WZ3302,S7 Airlines,2024-10-16,03:02:09,2
UT6733,S7 Airlines,2024-03-14,23:33:37,179
DP4555,Pobeda,2024-02-02,09:51:19,290
N41505,Utair,2025-05-13,14:50:13,80
N43132,Ural Airlines,2025-09-09,15:55:57,253
DP8913,Ural Airlines,2025-06-14,00:04:22,286
S72569,S7 Airlines,2024-04-08,07:44:47,244
S7525,Utair,2024-11-09,07:54:43,81
S79818,Nordwind,2025-05-02,01:58:33,282
FV6597,Rossiya,2025-04-26,11:11:26,94
SU6238,Red Wings,2024-11-14,08:35:08,193
DP3427,Pobeda,2025-06-20,20:19:52,201
FV3671,Ural Airlines,2025-06-17,23:17:45,191
UT7015,S7 Airlines,2024-07-07,11:09:33,24
DP3672,Red Wings,2024-12-13,00:35:48,274
DP3429,Red Wings,2024-03-02,18:24:30,192
WZ8708,Ural Airlines,2024-03-02,09:44:51,64
U61460,Nordwind,2024-07-10,19:08:21,291
SU6098,Nordwind,2025-04-21,02:43:42,257
DP7958,Pobeda,2024-11-28,19:32:08,270
UT1968,Utair,2024-08-16,19:58:54,209
DP6977,Red Wings,2024-04-16,02:52:13,107
SU9432,Rossiya,2025-07-01,19:58:19,37
U65751,Rossiya,2024-12-03,04:02:53,151
DP6248,Nordwind,2024-03-19,15:34:39,89
FV1926,Red Wings,2025-02-19,03:31:20,99
SU2329,Utair,2025-02-15,11:05:53,59
FV4675,Red Wings,2024-04-20,06:20:56,245
SU3496,Pobeda,2024-12-27,23:29:54,223
WZ9164,Utair,2024-11-06,10:05:06,44
N42149,Rossiya,2024-09-04,18:01:38,264
SU3027,Red Wings,2024-11-20,21:00:39,140
SU2845,Utair,2024-10-19,07:31:59,234
DP7640,Utair,2024-12-07,00:31:07,122
WZ9637,Ural Airlines,2025-04-27,10:23:39,139
S76351,Red Wings,2024-12-24,06:50:27,274
SU577,Red Wings,2025-05-11,22:58:58,26
WZ2003,Red Wings,2024-07-24,02:04:59,44
DP211,Rossiya,2025-11-27,09:43:46,7
UT3092,Ural Airlines,2025-10-13,09:53:08,204
S78477,Rossiya,2025-07-07,16:53:00,158
UT5404,Ural Airlines,2024-05-10,08:04:35,114
WZ9584,S7 Airlines,2025-09-13,07:47:42,126
DP2340,Rossiya,2025-04-11,16:26:13,245
SU4178,Rossiya,2024-06-19,18:19:40,245
N46367,Utair,2025-06-09,01:20:41,75
UT2068,Ural Airlines,2025-02-28,12:01:04,79
WZ8083,S7 Airlines,2025-02-26,20:23:20,160
S72959,Pobeda,2024-03-25,14:32:53,63
FV4438,Nordwind,2025-07-01,21:52:30,52
FV7759,Red Wings,2025-10-12,03:27:34,173
N45327,Rossiya,2025-10-28,16:25:36,118
FV9286,Ural Airlines,2025-03-17,00:12:49,153
UT3212,Red Wings,2024-05-14,09:37:30,88
SU8864,Nordwind,2025-12-27,01:25:25,93
FV3269,Ural Airlines,2024-01-12,16:59:42,210
N46105,Utair,2025-10-16,17:13:36,230
U63920,Nordwind,2024-07-05,04:59:21,26
UT1847,Rossiya,2025-06-28,09:28:17,40
SU5022,Pobeda,2025-11-04,08:47:59,205
WZ6787,S7 Airlines,2025-03-14,21:36:09,300
SU4114,Nordwind,2024-12-24,23:36:45,5
N46289,S7 Airlines,2024-09-03,16:33:35,215
N48948,Utair,2024-06-12,20:22:42,273
FV5938,Utair,2025-12-13,03:17:03,242
UT8044,S7 Airlines,2025-02-11,14:23:52,191
SU9471,Ural Airlines,2024-03-17,20:51:06,31
WZ527,Red Wings,2025-05-08,06:51:38,288
DP5033,Rossiya,2025-06-10,06:38:34,165
UT2641,Red Wings,2024-07-25,07:24:11,215
UT4190,Nordwind,2024-06-03,09:45:39,227
S78991,Pobeda,2024-07-20,04:40:54,10
DP3835,Ural Airlines,2024-11-25,00:58:36,23
S77568,S7 Airlines,2025-05-25,21:12:06,239
UT2829,Nordwind,2025-05-11,04:56:16,230
S77300,Pobeda,2024-09-23,16:29:01,255
DP499,S7 Airlines,2025-07-21,12:48:59,123
FV9671,Ural Airlines,2024-01-21,17:46:03,123
SU7284,Red Wings,2024-08-09,18:06:01,6
WZ7258,S7 Airlines,2025-06-13,02:19:01,76
N48680,Ural Airlines,2024-06-01,09:46:20,178
S77401,Aeroflot,2025-08-11,20:53:07,193
SU1809,Red Wings,2025-11-26,10:46:27,86
WZ5768,Ural Airlines,2025-07-09,02:19:27,173
UT2595,Utair,2024-09-11,02:25:43,79
N49479,Pobeda,2025-03-07,22:10:12,204
WZ4850,S7 Airlines,2025-10-12,11:52:23,200
N42419,Rossiya,2025-08-19,23:49:17,93
SU6166,Utair,2024-10-09,13:30:34,115
N43021,Nordwind,2025-08-26,18:36:40,260
N47688,Utair,2024-03-06,07:54:12,290
FV7717,Aeroflot,2024-07-09,08:40:19,188
FV1520,Ural Airlines,2025-07-10,12:30:59,21
S75603,S7 Airlines,2025-05-02,07:19:07,101
N46353,Ural Airlines,2025-07-15,19:12:09,80
FV1362,S7 Airlines,2024-11-11,12:15:21,134
UT1740,Utair,2025-12-05,10:24:06,210
U65285,Rossiya,2025-04-12,12:05:17,193
WZ499,Utair,2025-08-07,15:55:17,91
SU5476,Aeroflot,2025-08-27,13:30:39,2
UT3806,S7 Airlines,2025-08-17,14:00:23,176
SU7468,S7 Airlines,2025-11-07,18:12:37,9
N45802,Ural Airlines,2025-06-02,23:13:40,242
U66967,Rossiya,2024-12-14,12:09:20,288
S73578,Nordwind,2025-06-05,18:28:32,211
WZ8928,Utair,2024-04-20,01:24:09,272
S78278,S7 Airlines,2024-09-05,11:47:14,172
DP2583,Red Wings,2024-08-28,17:01:54,281
WZ5934,Pobeda,2024-11-17,05:07:20,223
N47115,Nordwind,2025-11-28,01:23:23,59
SU8413,Ural Airlines,2024-02-19,19:50:24,262
WZ2828,Red Wings,2024-11-09,12:46:56,174
WZ2559,Utair,2025-12-01,23:26:02,173
U69109,Rossiya,2025-12-18,21:14:08,202
SU6186,Utair,2025-06-20,01:58:04,9
UT3671,Utair,2024-09-10,09:14:34,246
N47486,Aeroflot,2024-04-19,20:04:19,31
SU4466,Red Wings,2025-02-19,04:50:29,205
N44826,Pobeda,2024-03-06,11:40:39,112
SU3381,Rossiya,2024-06-26,13:52:25,200
U67547,S7 Airlines,2024-05-26,21:42:34,35
FV2842,Nordwind,2025-04-28,18:40:02,246
DP5098,Pobeda,2024-09-26,21:27:09,61
WZ9481,Nordwind,2024-09-03,20:50:27,51
FV1644,Utair,2025-04-02,22:58:12,42
SU3422,Utair,2025-12-26,04:42:36,95
DP7974,Rossiya,2025-07-19,10:22:07,268
UT5760,Ural Airlines,2025-04-20,17:33:01,91
WZ8208,S7 Airlines,2025-07-27,03:34:28,291
FV6578,Pobeda,2024-06-05,11:48:11,106
WZ8835,Aeroflot,2025-03-12,15:39:25,218
SU934,S7 Airlines,2025-04-15,00:44:06,92
S76850,Pobeda,2024-07-03,23:58:16,176
DP8855,Nordwind,2024-02-12,19:45:04,148
N44515,Ural Airlines,2024-04-05,09:11:18,35
DP3151,Pobeda,2025-03-23,03:13:57,242
FV1256,Nordwind,2025-01-28,22:20:43,67
N42025,Pobeda,2024-08-28,14:00:03,268
N42583,Nordwind,2024-02-03,17:42:46,290
UT5282,S7 Airlines,2024-01-15,18:22:18,94
FV9164,Red Wings,2025-05-13,20:30:57,261
U69811,Pobeda,2024-07-25,04:48:32,23
DP1527,Nordwind,2025-01-06,08:17:49,208
SU2595,Utair,2024-04-06,17:46:45,224
DP6104,Red Wings,2024-09-19,21:05:56,191
N42512,S7 Airlines,2024-10-13,03:02:29,214
WZ9986,Nordwind,2024-03-07,19:17:09,9
WZ8014,Ural Airlines,2024-06-15,17:31:17,76
S78991,Ural Airlines,2024-09-12,15:07:53,171
N4880,Rossiya,2025-12-04,23:16:38,140
FV7666,Red Wings,2025-05-11,20:45:28,141
UT7135,Rossiya,2024-09-26,05:53:46,249
U62711,Nordwind,2024-09-14,16:52:47,254
SU1414,Pobeda,2024-04-23,01:40:19,7
U65818,S7 Airlines,2024-01-01,01:18:39,215
FV1118,Red Wings,2024-06-10,21:34:26,49
WZ6480,Rossiya,2024-08-22,17:40:35,175
N47119,Utair,2024-06-28,21:46:26,238
S7682,Nordwind,2024-09-21,18:51:00,107
SU3647,Ural Airlines,2025-11-09,15:39:42,37
U64038,Utair,2024-11-09,20:54:45,159
FV2365,Rossiya,2024-09-14,12:13:30,145
FV8722,Utair,2025-08-12,11:57:58,202
FV7279,Nordwind,2025-05-07,13:41:13,230
UT3086,S7 Airlines,2024-04-07,21:48:14,151
FV338,Aeroflot,2024-02-04,17:31:13,33
S75927,Rossiya,2024-11-05,09:25:48,141
SU7189,Utair,2025-11-28,18:41:11,79
WZ2102,Red Wings,2024-07-02,10:10:42,184
UT5308,Rossiya,2024-12-23,10:42:48,159
N48747,Ural Airlines,2024-06-11,06:10:11,20
U68719,S7 Airlines,2024-05-12,06:38:26,67
WZ1733,S7 Airlines,2025-02-11,17:08:23,44
DP7546,S7 Airlines,2024-03-08,06:09:18,15
U6678,Aeroflot,2025-07-24,01:31:49,243
DP1878,Ural Airlines,2024-05-03,13:44:25,238
U62256,Rossiya,2024-10-17,06:35:49,231
FV4880,Nordwind,2024-08-08,00:04:59,142
N43887,Red Wings,2025-07-16,15:51:01,69
SU7308,Pobeda,2024-03-10,14:21:11,80
U63348,S7 Airlines,2024-01-23,11:57:44,286
FV9736,S7 Airlines,2025-06-06,20:34:40,267
U64754,Red Wings,2024-06-19,00:18:22,76
SU2888,Aeroflot,2024-06-24,09:53:34,178
UT7992,Ural Airlines,2025-11-08,13:49:34,124
FV1672,S7 Airlines,2025-09-18,06:23:13,208
FV1102,Nordwind,2025-07-28,01:59:26,211
U69322,Aeroflot,2025-12-01,13:58:54,88
UT342,S7 Airlines,2025-02-07,09:49:17,226
N43372,Utair,2024-02-21,07:52:47,94
S7705,Aeroflot,2024-12-04,16:33:49,78
U69122,Ural Airlines,2024-02-11,05:30:10,72
DP9892,S7 Airlines,2024-07-10,20:42:49,248
SU5153,Rossiya,2025-10-06,03:07:09,281
DP8445,Rossiya,2025-10-18,23:20:12,161
DP571,Nordwind,2025-01-27,08:52:47,169
N41337,Red Wings,2025-09-20,01:44:26,24
DP4772,S7 Airlines,2024-04-22,17:27:35,131
U67439,Ural Airlines,2025-08-20,15:21:25,223
S76016,Pobeda,2024-11-23,13:44:32,185
N45206,S7 Airlines,2024-07-21,12:43:00,140
N47737,S7 Airlines,2025-05-27,03:52:16,53
WZ800,Aeroflot,2025-07-24,18:21:28,292
FV3011,Rossiya,2024-11-14,02:30:41,21
UT5909,Ural Airlines,2025-09-02,14:19:32,260
FV548,S7 Airlines,2025-07-17,04:25:16,66
FV4146,S7 Airlines,2025-04-27,07:54:42,100
UT2195,Ural Airlines,2024-08-07,18:21:30,28
U69175,Aeroflot,2025-08-26,17:49:48,292
S72225,Red Wings,2025-11-14,05:26:54,25
WZ4500,Nordwind,2025-12-12,23:39:03,67
S76864,Rossiya,2025-08-17,09:46:57,273
UT8924,Red Wings,2025-06-16,16:34:22,235
UT6773,Utair,2024-11-05,23:49:19,123
U61412,Aeroflot,2024-10-19,23:46:48,201
FV4262,Utair,2024-02-18,00:24:41,120
S74232,Red Wings,2024-10-09,01:41:15,112
UT5947,Ural Airlines,2025-12-06,05:56:46,81
FV9671,Red Wings,2025-05-15,17:21:01,117
FV4524,Aeroflot,2025-10-05,14:56:31,270
SU3076,Rossiya,2025-08-22,13:48:51,98
DP267,Pobeda,2024-03-12,10:36:33,38
N4342,Ural Airlines,2025-06-03,21:46:00,50
FV4596,Pobeda,2025-10-13,17:49:20,214
FV8973,Aeroflot,2024-06-15,23:38:28,200
WZ8753,Rossiya,2025-03-25,22:02:49,264
DP1929,Aeroflot,2024-04-26,04:06:26,252
UT2076,Nordwind,2024-01-23,18:13:11,122
FV4993,Utair,2024-01-25,14:41:21,25
UT5012,Utair,2025-06-19,05:16:34,203
DP7731,Pobeda,2025-01-16,14:42:27,288
S77784,Nordwind,2024-01-12,06:13:39,286
N45491,Rossiya,2024-09-15,15:52:18,81
U6505,Pobeda,2025-04-21,02:14:41,297
N46022,Utair,2024-02-20,09:32:54,209
U62059,Aeroflot,2024-08-21,05:02:48,76
S74085,Rossiya,2024-03-07,10:58:26,294
U69761,Utair,2025-02-02,19:53:13,62
UT1437,Aeroflot,2024-09-20,11:24:01,48
S7333,Aeroflot,2025-01-03,17:29:03,166
N4835,Nordwind,2025-11-26,20:24:13,205
UT8518,Ural Airlines,2025-01-24,23:04:44,160
N43962,Nordwind,2025-04-08,18:19:05,237
FV9068,Ural Airlines,2024-06-23,07:20:43,28
U68398,Aeroflot,2024-08-06,02:04:14,111
DP3236,Rossiya,2025-01-20,20:21:54,136
S74715,Utair,2024-07-25,18:38:43,141
UT4869,Rossiya,2025-11-03,19:48:28,5
WZ9571,S7 Airlines,2025-08-19,04:30:09,89
UT8982,Ural Airlines,2025-11-17,23:02:36,77
N42468,Aeroflot,2024-06-27,20:43:07,211
FV6277,S7 Airlines,2025-09-26,14:36:06,4
WZ6594,Nordwind,2024-03-04,23:51:38,106
SU2021,Red Wings,2024-06-03,16:41:54,206
UT8594,Ural Airlines,2025-02-04,20:02:32,175
UT7870,Nordwind,2025-05-04,15:35:06,39
DP848,Utair,2024-12-18,01:47:56,282
WZ4032,Aeroflot,2025-10-21,21:44:50,132
UT6600,Red Wings,2025-09-25,20:42:29,152
U65198,Rossiya,2024-09-07,20:37:15,240
WZ1296,Red Wings,2025-01-24,18:14:55,110
DP1100,Red Wings,2024-02-13,16:59:30,221
WZ7481,Utair,2025-04-23,18:29:25,112
WZ3051,Pobeda,2025-12-26,12:51:47,42
DP9886,Pobeda,2024-11-26,02:28:24,143
S7813,Pobeda,2025-10-10,04:51:15,285
U6355,Utair,2024-04-24,00:55:29,271
N47496,Nordwind,2025-02-28,22:01:07,276
U67522,Rossiya,2025-02-07,17:40:58,172
SU9733,Rossiya,2024-04-05,11:56:39,111
DP4837,Red Wings,2024-03-06,23:11:37,70
SU4216,Utair,2025-08-24,12:22:54,208
DP7313,Aeroflot,2024-06-09,20:27:59,258
FV8855,Nordwind,2024-05-10,00:00:05,170
U66069,Rossiya,2024-06-19,01:52:39,208
WZ9686,Ural Airlines,2024-05-02,17:43:37,90
WZ9348,Pobeda,2025-11-06,21:24:29,134
UT3159,Pobeda,2025-04-15,16:39:08,286
WZ4414,Ural Airlines,2025-09-06,22:29:44,69
S73075,Utair,2025-03-03,12:06:50,30
N48610,S7 Airlines,2024-01-02,11:24:20,277
S77247,Utair,2024-03-19,23:14:58,201
S75902,Ural Airlines,2024-09-05,16:39:21,114
WZ7473,Aeroflot,2024-11-10,02:43:27,75
DP7187,Nordwind,2024-05-04,07:24:03,27
DP7414,Nordwind,2024-07-02,02:35:41,203
U69378,Utair,2025-04-26,02:14:48,172
N4954,Pobeda,2025-03-09,04:00:56,170
U66638,S7 Airlines,2025-05-01,07:52:35,265
U68857,Rossiya,2025-10-28,18:08:30,208
WZ5980,Pobeda,2024-01-17,04:04:01,63
N48734,Nordwind,2025-11-27,05:42:54,152
N44049,Ural Airlines,2025-11-27,22:16:32,209
DP1936,Rossiya,2025-01-08,14:02:46,222
DP8984,Red Wings,2025-12-15,21:04:24,63
WZ6694,S7 Airlines,2025-08-02,21:27:02,115
FV4706,Ural Airlines,2025-02-09,17:22:58,300
SU4946,S7 Airlines,2024-10-26,05:27:55,200
UT1082,S7 Airlines,2025-05-17,04:16:17,217
SU3580,Pobeda,2024-09-10,06:29:42,247
N42479,Pobeda,2024-12-19,07:34:46,95
FV9332,Ural Airlines,2025-05-23,09:35:46,52
S73486,Nordwind,2024-08-06,21:32:52,237
S75523,Pobeda,2025-06-02,15:46:21,7
U62349,Rossiya,2024-10-16,15:05:23,43
U63002,Utair,2025-04-19,12:28:41,109
U62281,Rossiya,2025-08-14,06:51:33,22
U69583,Ural Airlines,2024-07-14,09:22:39,135
DP5492,Nordwind,2024-09-03,20:18:00,62
FV811,Aeroflot,2025-01-23,18:57:17,285
FV5883,Nordwind,2024-05-12,09:24:57,21
SU4824,Aeroflot,2024-01-19,06:35:31,112
UT1299,Red Wings,2024-05-26,05:15:34,205
WZ6047,Nordwind,2024-05-12,09:02:40,102
WZ5667,Red Wings,2024-11-16,06:22:32,285
N48300,Nordwind,2024-03-06,01:33:22,81
N48830,Ural Airlines,2025-09-09,18:32:06,233
S7964,Rossiya,2024-02-12,02:39:29,54
DP9079,Utair,2024-07-25,13:27:39,63
N45970,Ural Airlines,2025-05-03,22:50:28,192
N42107,Red Wings,2024-10-19,10:43:51,47
WZ7988,Aeroflot,2025-04-28,04:19:03,287
SU6807,Aeroflot,2024-06-03,10:27:50,254
S76559,Rossiya,2024-09-03,10:40:32,76
FV7120,Aeroflot,2024-09-12,20:00:42,108
WZ7584,Ural Airlines,2025-01-25,07:08:34,220
FV5465,Aeroflot,2024-01-25,20:39:35,169
S72851,Nordwind,2025-02-07,02:56:25,139
U65237,Rossiya,2024-09-05,03:46:09,72
U61073,Rossiya,2025-01-10,15:37:27,247
SU5848,Rossiya,2024-06-19,11:35:15,160
FV9971,Pobeda,2025-09-02,12:27:44,2
FV1364,Nordwind,2025-07-02,21:21:28,28
DP1944,Aeroflot,2025-10-24,17:29:58,15
S74652,Ural Airlines,2024-04-23,17:55:46,47
SU4730,Nordwind,2024-02-11,10:15:33,109
DP7166,Rossiya,2025-05-12,22:57:40,142
DP9627,Nordwind,2025-05-19,20:24:16,133
SU8548,Ural Airlines,2025-07-23,20:05:57,282
DP6390,Aeroflot,2024-02-25,07:05:07,52
SU8220,Aeroflot,2025-01-08,00:47:07,244
DP4867,Utair,2024-07-07,09:04:57,45
S72312,Ural Airlines,2025-08-18,01:47:56,73
FV3995,Pobeda,2024-01-08,05:06:09,239
FV875,Nordwind,2025-02-10,02:48:58,205
S74988,S7 Airlines,2024-04-12,22:49:45,187
N43315,Red Wings,2024-06-14,17:05:55,298
UT606,Red Wings,2025-07-21,13:24:08,63
UT8241,Nordwind,2025-04-05,15:43:45,271
S75538,Red Wings,2025-07-02,23:21:14,43
S72807,Nordwind,2024-08-09,02:25:48,116
SU9867,Ural Airlines,2025-02-20,04:18:38,151
S74686,Rossiya,2024-06-03,03:47:19,267
DP968,Rossiya,2024-11-28,06:04:14,99
N43054,Rossiya,2024-01-05,01:16:13,259
N47816,Pobeda,2024-03-25,19:50:51,234
FV1797,Rossiya,2024-03-26,00:16:46,161
SU9446,Nordwind,2024-11-23,22:16:35,32
U64301,Pobeda,2024-04-12,00:33:28,186
SU1986,Red Wings,2024-05-17,10:05:40,226
U69449,Pobeda,2025-12-17,19:34:09,275
U62514,Rossiya,2024-02-16,09:26:57,283
S78927,Aeroflot,2024-05-07,17:40:54,19
U68182,Ural Airlines,2024-09-20,09:24:04,103
S75313,Red Wings,2024-10-28,00:48:25,4
DP7372,Rossiya,2024-01-21,11:46:22,282
N47755,Ural Airlines,2024-04-19,02:57:35,61
U66748,Pobeda,2024-10-25,10:24:03,22
FV7927,S7 Airlines,2024-08-15,03:36:53,124
SU6634,Nordwind,2024-10-13,00:18:32,269
DP4191,Aeroflot,2024-03-15,04:25:16,119
N46618,Nordwind,2024-09-20,05:37:51,299
U6230,Red Wings,2025-12-09,15:52:53,216
DP868,Aeroflot,2025-08-05,06:29:19,160
DP423,S7 Airlines,2024-08-24,14:43:20,103
UT2863,Nordwind,2024-02-05,22:20:54,131
UT4357,Rossiya,2024-05-12,00:48:47,293
WZ5026,Utair,2025-10-17,19:30:57,81
WZ2485,Rossiya,2024-08-26,20:55:58,133
FV4602,Red Wings,2025-10-23,05:40:13,4
S79341,Pobeda,2025-05-04,20:59:46,30
WZ5295,Red Wings,2024-04-03,21:18:40,62
UT6949,Ural Airlines,2025-09-24,21:37:00,171
WZ3633,Nordwind,2024-11-02,17:25:04,209
DP2686,Rossiya,2025-11-26,23:15:52,26
UT5631,Aeroflot,2024-06-24,17:12:52,206
U62975,Pobeda,2024-09-17,08:00:50,173
WZ3241,Nordwind,2024-03-17,01:05:31,103
SU3831,Red Wings,2024-02-25,15:38:33,268
N44394,Aeroflot,2024-06-02,20:50:09,170
WZ3524,Rossiya,2025-11-07,16:56:11,268
WZ5324,Utair,2025-12-28,23:10:47,203
WZ375,Rossiya,2024-09-26,21:26:50,104
UT6886,Pobeda,2024-08-21,04:12:13,186
S72504,Nordwind,2025-06-20,06:17:46,49
DP5369,Ural Airlines,2024-03-23,13:37:22,229
U67495,Red Wings,2024-01-24,00:04:43,27
N41360,Rossiya,2025-08-03,13:26:07,119
SU2166,Rossiya,2025-09-18,10:19:59,33
UT6596,Nordwind,2024-04-11,13:26:56,207
WZ3092,Aeroflot,2024-06-14,10:15:55,98
UT9269,Aeroflot,2025-07-27,16:12:43,211
S74258,S7 Airlines,2024-03-06,08:53:23,189
DP2333,Nordwind,2024-07-12,09:52:40,178
UT2755,Nordwind,2024-03-04,21:47:04,216
U63307,Utair,2025-05-06,08:29:01,41
U63882,S7 Airlines,2024-01-03,21:38:25,173
SU9531,Utair,2025-10-02,23:45:01,269
UT2780,Aeroflot,2025-10-19,07:50:34,67
N42839,Red Wings,2024-01-27,06:46:34,222
UT4196,Utair,2024-10-07,04:39:52,50
DP3707,Rossiya,2025-02-03,12:39:55,135
UT7085,S7 Airlines,2025-02-07,14:39:28,117
U66668,S7 Airlines,2024-04-08,20:26:34,160
WZ5759,Rossiya,2024-02-19,23:37:00,83
U66484,Nordwind,2024-12-08,14:56:47,294
S74068,Nordwind,2024-12-17,12:54:48,145
N47866,Red Wings,2024-07-18,02:20:34,94
SU7267,Nordwind,2024-03-25,00:26:36,171
SU7253,S7 Airlines,2024-06-12,00:03:36,231
DP7916,Red Wings,2025-01-07,16:29:03,223
U64312,S7 Airlines,2024-08-20,13:38:06,150
DP1657,Red Wings,2024-03-22,17:17:11,204
U64549,Rossiya,2024-05-15,12:13:11,191
U6875,Nordwind,2025-11-21,15:50:46,143
SU4234,Aeroflot,2025-08-15,11:51:58,92
SU499,Rossiya,2024-10-23,00:17:43,260
U64796,S7 Airlines,2025-04-13,07:37:19,59
SU8789,Pobeda,2024-02-06,16:05:20,158
S74539,Red Wings,2024-05-20,12:41:51,20
FV6475,Rossiya,2024-06-15,21:08:14,33
U68795,Aeroflot,2024-11-21,00:13:11,49
FV1499,Ural Airlines,2025-08-09,13:19:37,295
UT272,Aeroflot,2025-02-05,00:27:22,214
U69710,Pobeda,2024-12-07,19:24:48,63
FV3637,Ural Airlines,2024-09-19,09:39:46,296
WZ7609,Rossiya,2025-06-12,21:48:44,42
WZ9566,S7 Airlines,2024-06-26,22:29:38,178
N41285,Aeroflot,2025-06-02,06:20:28,254
SU1002,Red Wings,2025-02-19,05:33:36,289
DP9474,Pobeda,2024-09-02,00:59:26,69
S78829,Pobeda,2025-05-04,10:34:36,89
N45224,Aeroflot,2025-08-07,08:09:19,14
N48235,Pobeda,2024-12-22,07:15:21,12
SU8451,Pobeda,2024-02-10,21:59:27,12
S71604,Nordwind,2025-08-07,05:57:33,184
WZ1834,Utair,2025-04-07,14:52:43,287
FV7099,Red Wings,2025-06-01,09:05:14,173
WZ4030,Rossiya,2024-04-27,02:31:44,85
S7496,S7 Airlines,2025-05-26,17:22:02,119
SU6059,Nordwind,2025-11-19,10:45:19,242
DP9936,Pobeda,2025-10-10,01:08:35,245
DP644,Aeroflot,2025-08-14,20:11:22,229
N49650,Aeroflot,2025-11-07,21:22:30,212
S78526,S7 Airlines,2024-06-14,12:03:15,274
UT7580,Utair,2024-01-24,20:28:01,5
UT2519,Red Wings,2024-06-18,05:37:19,117
U65742,Utair,2025-09-01,23:57:33,236
N41418,Utair,2024-07-26,00:16:35,183
U66067,Rossiya,2024-12-24,07:02:56,284
UT2351,Nordwind,2025-05-19,23:18:25,75
N42019,S7 Airlines,2025-05-28,02:18:32,93
S72438,Pobeda,2024-11-17,14:08:26,149
DP7114,Rossiya,2025-12-19,02:27:29,171
SU858,Aeroflot,2025-02-23,01:02:56,242
SU791,Aeroflot,2025-08-21,15:11:58,296
SU6828,Aeroflot,2024-10-27,02:37:25,30
FV7990,Aeroflot,2025-12-28,16:04:54,216
FV7657,Rossiya,2024-08-14,13:36:16,123
DP6181,Pobeda,2024-02-11,00:48:58,156
SU5807,S7 Airlines,2025-06-03,13:23:53,85
DP3981,Red Wings,2025-06-10,02:03:08,290
U66899,Pobeda,2025-09-18,08:50:17,49
UT2608,Nordwind,2024-07-26,09:28:05,189
SU1792,Ural Airlines,2025-04-25,02:24:56,260
SU9276,S7 Airlines,2024-08-01,10:50:10,261
U62979,Nordwind,2024-02-20,14:07:17,250
S73918,Rossiya,2024-06-06,11:06:42,134
FV9430,Pobeda,2024-08-13,12:55:35,212
SU8993,Pobeda,2025-10-07,13:01:15,215
U68902,Utair,2025-07-19,04:40:29,68
FV9365,Nordwind,2024-11-04,08:16:18,247
U61123,Ural Airlines,2025-10-09,13:09:58,113
SU5075,Ural Airlines,2024-12-17,18:55:20,164
U63885,Ural Airlines,2024-05-22,19:54:59,187
U67546,Ural Airlines,2025-12-05,22:30:12,4
U63931,Ural Airlines,2025-10-10,23:14:33,189
UT3313,Aeroflot,2024-02-20,10:47:42,236
DP4248,Utair,2024-02-03,18:52:22,277
S78340,Pobeda,2024-10-17,23:06:07,191
U62170,Red Wings,2025-05-02,01:47:31,120
U66677,Ural Airlines,2024-01-19,19:55:14,57
N43330,Rossiya,2024-06-26,09:23:30,80
UT4237,Red Wings,2024-02-22,18:05:00,267
FV3433,S7 Airlines,2024-08-05,11:29:32,171
UT5998,S7 Airlines,2025-05-06,21:20:48,268
FV5225,Ural Airlines,2024-10-14,09:28:58,227
U64376,Pobeda,2024-10-02,08:38:13,286
FV6285,Nordwind,2025-11-22,02:19:15,259
DP7426,Red Wings,2024-09-05,08:14:02,13
WZ1974,Pobeda,2024-10-20,06:15:54,55
FV3807,Utair,2024-05-03,18:32:28,10
N45275,S7 Airlines,2025-11-05,11:00:37,147
U61061,Nordwind,2025-06-21,15:06:01,265
WZ171,Pobeda,2025-08-26,17:21:39,294
FV6911,Utair,2025-11-24,02:23:04,203
N4567,Red Wings,2024-02-10,00:17:29,92
WZ5224,Utair,2024-12-14,23:43:06,183
SU2630,Ural Airlines,2024-08-11,18:56:16,1
SU1716,S7 Airlines,2024-10-07,13:24:27,188
N43344,Utair,2024-01-04,07:31:28,5
S78818,Rossiya,2025-01-14,11:45:38,297
UT9139,S7 Airlines,2024-12-03,12:12:14,83
FV8793,Red Wings,2024-12-06,17:14:14,93
SU1104,Ural Airlines,2024-03-25,10:47:00,15
N46573,Ural Airlines,2024-11-05,18:50:05,76
WZ5908,Utair,2024-02-03,15:36:37,4
DP112,Red Wings,2025-08-15,14:58:34,282
N43066,Ural Airlines,2024-06-14,16:04:36,116
S79053,S7 Airlines,2025-01-19,03:05:45,152
SU1249,S7 Airlines,2025-09-03,21:42:34,190
FV8409,Red Wings,2024-09-21,18:53:31,158
U67577,Nordwind,2025-09-08,01:18:20,137
N44971,Aeroflot,2024-12-20,06:21:15,84
UT9539,Utair,2024-10-24,10:15:21,87
U68171,Pobeda,2025-01-16,23:00:52,283
U69270,Pobeda,2024-08-11,22:19:50,53
SU9417,Nordwind,2024-08-17,20:52:03,58
WZ2265,Red Wings,2024-09-02,03:40:19,261
U66923,Aeroflot,2025-04-12,18:04:10,184
WZ6609,Pobeda,2024-02-13,11:16:11,126
N49023,Nordwind,2024-11-05,19:55:02,147
FV4961,Red Wings,2025-04-22,16:17:34,64
DP7394,Utair,2024-10-17,11:09:49,129
S78721,Nordwind,2024-01-12,07:47:06,103
FV1755,Rossiya,2025-05-27,10:23:14,253
S77308,S7 Airlines,2024-11-18,20:03:26,214
FV2009,Red Wings,2025-10-27,22:29:09,204
N48236,Aeroflot,2025-11-02,19:24:12,6
S71456,Nordwind,2025-01-24,14:31:10,247
SU1825,Rossiya,2024-01-28,20:02:11,222
S75449,Red Wings,2024-12-06,15:28:38,132
U64501,S7 Airlines,2025-01-24,04:43:05,208
FV744,Ural Airlines,2025-01-23,15:29:51,248
DP6379,Aeroflot,2025-08-05,16:02:20,203
UT3673,Rossiya,2024-09-02,03:54:54,37
UT2718,Pobeda,2025-10-20,07:02:54,175
SU6846,S7 Airlines,2024-08-03,11:50:16,51
UT4511,Nordwind,2025-07-28,19:09:18,108
WZ7770,Utair,2025-08-27,13:51:23,283
UT7860,Red Wings,2025-10-21,23:46:04,176
S77452,Red Wings,2025-08-28,23:01:21,17
DP8838,Rossiya,2024-01-19,12:27:01,179
FV265,Aeroflot,2025-01-18,23:41:06,248
N42187,S7 Airlines,2025-09-27,09:34:41,209
SU1934,Aeroflot,2024-03-22,13:24:55,222
UT1531,Aeroflot,2024-08-18,08:35:35,146
SU7595,Utair,2025-04-06,10:03:22,202
WZ2662,Nordwind,2024-04-01,01:38:14,247
FV8619,Nordwind,2025-12-08,23:20:28,210
FV5101,Utair,2024-05-06,03:29:04,282
SU2693,Utair,2025-11-08,18:26:37,287
UT3337,Rossiya,2025-06-15,22:11:47,270
UT6281,Nordwind,2025-09-18,07:24:59,107
SU6131,S7 Airlines,2025-12-05,19:08:35,2
DP5764,S7 Airlines,2024-03-07,04:03:38,122
FV3056,Rossiya,2025-09-06,17:50:06,233
S71847,Utair,2024-09-01,02:34:53,296
S77896,Aeroflot,2024-05-21,19:45:14,217
UT8451,Ural Airlines,2024-11-03,10:29:28,159
DP7618,Ural Airlines,2024-06-26,01:23:48,31
N48525,Rossiya,2025-09-03,03:35:41,122
DP9031,S7 Airlines,2024-07-09,03:15:33,161
DP5157,Pobeda,2024-05-26,18:18:28,266
N49638,Nordwind,2024-05-09,16:38:01,168
DP3398,Utair,2024-03-20,22:10:46,74
U67335,Rossiya,2024-01-26,17:29:04,134
N42471,Nordwind,2025-05-03,21:53:15,230
U63812,Pobeda,2024-02-27,09:39:13,152
SU7711,Utair,2024-10-10,17:54:33,80
UT2653,Rossiya,2025-01-22,14:13:02,18
S77189,Pobeda,2024-10-18,08:23:43,205
WZ5801,Ural Airlines,2025-02-01,23:39:02,296
U6719,S7 Airlines,2024-05-23,07:30:14,226
DP5929,Utair,2025-11-26,19:01:18,173
WZ558,Aeroflot,2025-03-07,01:11:49,103
UT4565,Pobeda,2025-04-06,20:30:47,214
UT2093,Ural Airlines,2025-07-15,08:48:22,48
SU8535,Pobeda,2024-12-21,14:14:33,11
DP7108,Nordwind,2024-08-04,18:51:22,255
S72601,Nordwind,2024-05-04,19:23:39,261
U67026,Aeroflot,2025-02-09,16:52:34,143
UT2618,Rossiya,2025-01-22,01:13:49,280
FV5287,Ural Airlines,2025-05-14,19:23:16,3
N4714,Rossiya,2024-06-02,10:02:13,186
N43963,Nordwind,2025-05-04,05:44:32,264
UT3794,S7 Airlines,2024-04-18,12:50:08,143
U6854,Utair,2024-12-20,17:10:31,131
U68692,Aeroflot,2025-07-28,11:00:33,208
SU9012,Aeroflot,2025-07-20,10:37:15,273
DP1428,Nordwind,2024-09-09,20:53:59,200
SU2967,Utair,2025-04-27,15:55:21,5
N45575,Pobeda,2025-06-20,19:02:26,59
WZ2393,Rossiya,2024-11-01,00:03:08,157
FV1428,Ural Airlines,2025-09-23,01:17:04,203
N44252,Ural Airlines,2025-01-28,04:43:20,154
SU1360,Nordwind,2024-06-01,05:23:17,43
FV4866,Utair,2025-04-10,21:35:28,250
S79806,Ural Airlines,2025-02-17,20:14:30,47
UT9300,Nordwind,2024-08-12,01:17:29,34
U64844,S7 Airlines,2025-07-11,01:42:31,209
U69997,Utair,2024-04-17,21:17:48,116
DP3479,S7 Airlines,2024-03-21,08:52:34,162
U66078,S7 Airlines,2025-07-22,11:55:21,182
S75640,Aeroflot,2025-05-11,20:56:33,277
WZ8133,Rossiya,2024-11-08,01:31:16,157
N43451,Ural Airlines,2024-07-13,02:16:26,96
DP795,Aeroflot,2025-04-22,12:02:19,35
UT1423,Ural Airlines,2024-03-19,23:36:26,200
SU8051,Pobeda,2025-08-21,12:29:38,223
UT7811,Utair,2024-04-20,00:18:02,257
N43629,Aeroflot,2025-01-13,21:24:31,74
DP6244,Red Wings,2024-10-02,19:02:25,195
WZ4404,Pobeda,2024-08-21,00:31:49,142
U65068,S7 Airlines,2025-07-18,07:37:57,300
U68638,Utair,2024-03-06,17:30:16,181
FV6308,Pobeda,2024-10-01,01:36:13,291
FV4919,Rossiya,2024-02-14,06:16:04,130
FV7473,Nordwind,2025-08-20,03:29:10,294
N43419,Aeroflot,2024-02-22,13:08:35,221
FV994,Red Wings,2024-06-20,23:41:23,115
FV1597,Rossiya,2024-12-26,09:46:35,215
FV6501,Red Wings,2024-05-15,05:42:04,20
U68012,Rossiya,2024-06-26,02:30:27,180
U69879,Red Wings,2024-12-21,23:38:22,49
DP5634,Red Wings,2024-01-19,10:53:36,7
S77286,Nordwind,2024-06-02,04:24:06,56
UT989,Aeroflot,2025-02-17,15:48:49,70
WZ4681,Utair,2024-02-25,01:51:45,19
UT9219,Aeroflot,2024-12-07,11:20:28,272
S74252,Ural Airlines,2025-12-02,02:44:28,185
N46755,Utair,2025-06-28,19:56:52,53
S71373,Utair,2025-10-17,15:04:23,183
WZ8795,Red Wings,2025-05-08,03:28:46,136
S73549,Ural Airlines,2025-08-14,20:17:45,73
DP5271,Utair,2024-07-23,13:58:22,148
U67486,Red Wings,2025-08-08,09:42:45,134
U63408,Nordwind,2024-05-26,18:49:10,258
FV649,Utair,2024-01-21,14:53:21,122
U67310,Rossiya,2024-11-05,18:48:52,111
FV7634,Pobeda,2024-08-01,05:04:50,259
UT2476,Utair,2025-02-13,07:38:34,3
S73847,Ural Airlines,2025-05-06,05:01:42,195
S74789,Pobeda,2024-10-15,12:33:59,226
U6762,Red Wings,2024-08-11,20:32:40,266
UT8422,Ural Airlines,2025-08-22,07:47:46,85
DP5113,Rossiya,2024-04-09,22:09:50,131
U63473,Nordwind,2025-02-08,21:42:38,274
SU9689,Red Wings,2025-07-07,11:51:22,271
U66763,S7 Airlines,2025-01-10,06:47:04,71
DP3002,Pobeda,2024-06-21,00:26:24,50
U65630,Aeroflot,2025-02-28,14:15:43,38
WZ5927,Utair,2025-03-15,12:46:12,44
FV7802,Aeroflot,2025-05-09,21:09:21,284
S75460,Ural Airlines,2025-10-12,07:56:54,46
S79530,Aeroflot,2025-06-28,08:01:27,15
UT7341,Ural Airlines,2025-07-10,12:38:21,185
S74930,Nordwind,2025-03-21,19:04:08,101
WZ6105,Utair,2025-09-18,08:34:05,211
U68926,Pobeda,2024-11-04,00:51:32,151
SU8893,Utair,2025-12-10,21:45:48,84
U63331,Rossiya,2024-07-25,19:55:27,172
SU7797,Nordwind,2024-08-28,19:19:24,193
U66059,Aeroflot,2024-03-10,12:15:33,221
N43638,S7 Airlines,2025-06-23,21:44:18,268
FV1417,S7 Airlines,2025-06-05,13:32:49,188
U69202,Rossiya,2025-06-15,04:48:58,294
DP2442,Utair,2024-12-12,02:14:17,30
S7247,Nordwind,2025-02-02,20:31:00,205
U69156,Nordwind,2025-04-09,23:27:36,105
U65348,Utair,2024-12-01,16:46:53,194
S76078,Nordwind,2025-12-14,09:08:11,233
UT1613,Rossiya,2024-02-19,16:46:15,17
S78709,Rossiya,2024-10-06,01:27:40,287
UT8069,S7 Airlines,2025-03-01,21:51:13,237
DP5134,Aeroflot,2024-07-21,21:09:56,90
WZ6054,Pobeda,2024-12-09,22:34:06,113
WZ1476,Aeroflot,2024-05-19,15:03:46,128
UT5750,Red Wings,2025-04-17,18:27:53,77
N49379,Nordwind,2024-07-23,13:59:31,25
UT8149,Pobeda,2025-05-26,14:39:46,254
DP8074,Red Wings,2024-07-02,17:42:49,243
UT5018,Red Wings,2024-06-10,13:34:33,253
U66767,Rossiya,2025-05-19,21:56:07,240
N46824,S7 Airlines,2025-03-28,18:22:33,144
SU7979,Ural Airlines,2025-02-17,03:00:28,272
WZ272,Nordwind,2025-01-01,23:24:49,180
WZ3283,Pobeda,2024-05-16,15:30:57,42
N49114,Pobeda,2024-02-05,06:56:22,201
UT4051,Red Wings,2024-06-03,20:34:04,169
S78785,Utair,2024-12-18,14:20:24,9
N4777,Ural Airlines,2024-05-25,08:10:23,227
S74949,Ural Airlines,2024-02-09,10:33:20,224
WZ746,S7 Airlines,2024-07-16,13:20:57,91
U61876,Rossiya,2025-06-19,17:00:30,166
UT1853,Rossiya,2025-01-05,04:15:28,261
WZ2565,Aeroflot,2025-12-05,16:31:20,8
WZ6525,Red Wings,2024-01-16,14:57:53,219
N41263,S7 Airlines,2024-04-23,11:56:03,161
U66531,Utair,2024-12-10,06:55:57,19
WZ4926,Red Wings,2024-07-20,17:46:24,219
S78288,Aeroflot,2024-07-02,22:13:44,51
SU9328,Nordwind,2025-04-15,19:33:00,266
WZ2968,Ural Airlines,2025-10-08,12:33:52,256
N49593,Nordwind,2025-07-08,20:00:34,135
SU5169,Aeroflot,2025-12-17,19:23:06,83
FV3137,Nordwind,2024-01-19,19:30:48,49
U64817,S7 Airlines,2025-03-18,01:50:32,65
WZ8349,Pobeda,2024-11-05,05:30:59,91
UT5662,Pobeda,2024-02-19,23:32:10,239
WZ8117,Red Wings,2024-02-24,19:34:11,188
N44182,Pobeda,2024-12-03,18:48:01,72
UT3252,Pobeda,2025-07-18,00:19:07,169
U6362,Utair,2024-04-09,23:55:22,250
WZ3488,Rossiya,2024-05-03,11:14:59,274
UT9983,Rossiya,2024-09-02,10:00:47,229
UT7400,Pobeda,2025-04-24,12:35:08,43
UT4780,Rossiya,2024-07-18,17:00:00,56
DP1417,Ural Airlines,2025-07-06,14:07:39,37
DP5205,S7 Airlines,2025-03-21,01:24:32,210
SU8254,Nordwind,2024-08-11,05:48:22,83
N44302,Aeroflot,2025-04-18,01:26:04,273
DP8052,Ural Airlines,2025-02-08,03:48:53,80
SU723,Rossiya,2024-08-01,18:48:11,215
WZ684,Ural Airlines,2025-05-12,22:57:22,105
S76171,Aeroflot,2024-01-28,06:07:52,128
DP7208,Pobeda,2025-05-19,09:06:13,193
DP755,S7 Airlines,2025-03-14,03:01:21,245
SU4188,Rossiya,2025-05-23,02:43:01,220
N47860,Aeroflot,2025-03-28,07:43:50,40
S76050,Pobeda,2024-11-05,17:48:23,135
DP245,Ural Airlines,2025-05-09,03:04:23,212
FV5094,Rossiya,2025-02-03,18:52:12,11
DP7366,S7 Airlines,2025-07-21,23:54:58,276
N41558,Aeroflot,2025-11-06,12:30:32,16
UT7077,Red Wings,2025-04-16,19:55:20,155
N43124,Aeroflot,2024-08-15,23:36:30,164
UT4218,Red Wings,2024-05-18,14:37:07,59
U61924,Aeroflot,2025-08-14,19:42:06,205
UT837,Red Wings,2024-01-04,17:01:23,240
U69820,Aeroflot,2024-07-25,06:51:15,130
DP7981,Aeroflot,2025-02-02,16:23:38,28
S72548,Rossiya,2025-02-22,14:46:55,112
UT3566,Aeroflot,2024-04-16,12:21:57,85
U68023,Rossiya,2024-12-22,00:50:30,72
S75810,S7 Airlines,2025-05-09,02:18:25,170
SU6974,Ural Airlines,2025-01-06,17:22:17,206
U67964,Pobeda,2024-10-06,04:44:56,215
N45359,Aeroflot,2025-11-18,09:15:44,2
U61880,Pobeda,2025-08-24,09:59:01,167
FV9955,S7 Airlines,2024-06-06,06:25:04,167
UT8245,Pobeda,2025-06-20,11:07:15,120
U69550,Pobeda,2025-02-18,04:24:59,14
SU9405,S7 Airlines,2024-05-14,13:07:42,229
SU3965,Rossiya,2024-08-19,14:59:34,283
WZ3918,Ural Airlines,2025-11-08,10:53:14,86
WZ8532,Rossiya,2025-03-21,12:53:47,160
U62927,Utair,2025-12-06,18:44:21,250
FV2626,S7 Airlines,2025-04-12,16:03:12,60
UT9719,Nordwind,2024-04-21,05:58:11,130
FV699,Utair,2025-07-07,11:39:05,124
SU3152,Pobeda,2025-10-14,01:41:21,84
DP8739,Aeroflot,2025-08-26,01:23:51,281
DP5403,Aeroflot,2024-04-27,04:34:31,196
FV1962,Utair,2024-03-15,02:12:05,28
N48037,Nordwind,2025-02-28,19:14:10,207
SU7850,Aeroflot,2025-02-18,13:20:28,78
UT488,Nordwind,2024-05-05,11:28:40,226
UT4945,S7 Airlines,2025-03-07,00:52:39,76
FV3394,Ural Airlines,2025-09-11,09:48:15,170
WZ4461,Nordwind,2025-03-20,06:29:54,136
DP8344,Nordwind,2025-08-11,05:12:18,33
S74960,S7 Airlines,2024-09-17,22:50:09,182
UT1531,Pobeda,2024-10-20,09:36:52,189
WZ9104,Red Wings,2025-10-22,16:09:00,143
S78047,Ural Airlines,2024-08-10,15:26:59,269
N47770,Ural Airlines,2025-08-05,17:19:13,207
SU5117,Ural Airlines,2024-03-18,22:49:23,239
N46137,Pobeda,2025-06-03,03:39:18,147
N42671,Aeroflot,2024-05-21,17:10:36,298
U64134,Utair,2024-12-25,23:03:42,104
DP8068,Red Wings,2025-01-27,00:44:16,280
S75925,Utair,2025-10-12,06:32:09,86
DP9639,Rossiya,2025-03-06,09:15:35,219
UT9290,Red Wings,2025-10-06,10:37:46,37
UT8127,Aeroflot,2025-08-02,04:18:53,211
SU6796,Aeroflot,2024-03-01,11:12:22,180
FV4290,Utair,2024-08-12,22:45:47,290
UT5286,Red Wings,2024-12-27,17:14:37,84
FV2569,Ural Airlines,2025-05-28,07:21:03,168
S77406,Rossiya,2025-12-17,22:20:49,16
SU5824,Utair,2025-02-22,18:48:53,54
DP954,Utair,2024-06-15,23:03:49,120
N45085,Ural Airlines,2024-06-11,20:55:11,212
SU398,Aeroflot,2024-10-06,12:08:17,119
N48725,Aeroflot,2025-04-07,10:06:34,245
WZ4809,Ural Airlines,2024-02-26,07:56:37,147
N43105,Red Wings,2025-03-03,11:05:00,223
DP5726,Utair,2024-08-05,16:41:51,72
S76374,Red Wings,2024-08-22,14:31:48,84
FV6806,Rossiya,2025-11-25,13:42:49,105
SU2935,Utair,2024-06-11,21:37:06,51
N47465,Ural Airlines,2024-06-07,09:07:24,48
UT376,S7 Airlines,2024-04-25,23:54:28,278
S78393,Nordwind,2025-01-24,16:58:56,26
S72024,S7 Airlines,2025-02-28,13:19:02,123
WZ9419,Utair,2024-02-07,22:13:26,272
U6388,Red Wings,2024-08-02,00:45:42,242
WZ393,Red Wings,2024-04-27,16:37:04,129
FV7647,Ural Airlines,2024-11-16,05:08:36,188
N49017,Pobeda,2025-07-19,18:30:45,283
UT4683,Utair,2024-04-17,22:34:26,144
UT2355,Aeroflot,2024-07-05,05:08:16,64
SU1481,Rossiya,2025-05-11,16:04:52,145
WZ7167,Utair,2025-01-09,12:30:41,299
WZ9754,S7 Airlines,2024-07-23,09:17:54,77
UT513,Red Wings,2025-12-22,00:00:46,252
DP6820,Aeroflot,2024-07-22,16:50:59,225
U68484,Nordwind,2025-03-27,11:50:42,105
UT9477,Pobeda,2025-11-06,02:12:27,14
SU698,Aeroflot,2025-02-07,06:55:49,45
UT5024,Red Wings,2025-12-12,12:28:22,188
N49513,Utair,2024-08-12,21:09:33,271
S79523,Pobeda,2025-04-01,04:31:11,10
UT7081,Nordwind,2025-03-18,11:54:43,151
DP3185,Pobeda,2025-05-20,23:02:45,13
SU3364,Pobeda,2024-05-14,12:17:09,74
DP6250,S7 Airlines,2025-10-25,13:40:58,224
DP6037,Rossiya,2025-01-21,12:13:42,58
S71191,Rossiya,2024-06-04,21:50:33,255
U68603,Red Wings,2024-10-06,04:42:54,263
SU4242,Red Wings,2024-11-12,21:06:34,95
UT9990,Nordwind,2024-12-16,19:53:24,19
UT9740,Ural Airlines,2024-04-22,13:01:53,232
U61171,Rossiya,2024-03-24,12:59:25,23
U65329,Aeroflot,2025-07-06,14:52:57,156
U64161,Nordwind,2024-07-17,17:33:07,286
N43493,Ural Airlines,2025-12-24,06:13:04,203
WZ248,Red Wings,2024-12-02,08:20:38,259
WZ7420,Pobeda,2025-09-08,22:27:17,54
U67840,Rossiya,2024-07-16,18:39:20,248
WZ4242,Ural Airlines,2024-03-21,09:16:50,19
U62082,S7 Airlines,2024-12-08,19:54:47,87
DP7599,Red Wings,2024-08-16,16:51:49,145
FV7096,Ural Airlines,2024-04-18,16:48:44,258
N41423,Aeroflot,2025-12-16,22:33:06,112
S72001,Red Wings,2025-08-24,00:36:02,271
FV4513,Ural Airlines,2025-06-25,05:16:58,123
N48347,Rossiya,2024-12-02,03:01:33,176
DP833,Utair,2024-02-28,03:48:31,156
U6295,Ural Airlines,2025-05-19,14:52:08,17
FV642,Nordwind,2024-03-22,13:41:00,53
N44252,Nordwind,2024-09-12,21:06:30,162
UT1093,Red Wings,2024-12-08,03:27:18,219
FV1206,Utair,2024-06-12,18:18:33,129
SU1451,Nordwind,2025-09-03,20:17:45,294
U62470,S7 Airlines,2024-10-26,07:27:45,18
U69119,Utair,2024-06-02,19:09:28,8
U69102,Ural Airlines,2024-10-08,07:11:52,6
FV6263,Nordwind,2024-01-28,22:32:21,280
FV7227,S7 Airlines,2025-04-03,04:51:59,202
N46921,Ural Airlines,2025-11-25,07:56:47,101
S72387,Rossiya,2025-05-12,01:10:12,88
S7542,Pobeda,2025-05-28,07:13:37,168
UT2784,Nordwind,2025-03-13,01:54:39,63
UT5308,Utair,2024-04-02,16:53:59,226
S78432,Ural Airlines,2025-09-05,18:00:15,125
UT7365,Aeroflot,2024-05-15,16:59:04,254
UT2191,S7 Airlines,2024-03-08,01:18:01,46
SU700,Nordwind,2024-01-10,14:32:19,286
UT2436,S7 Airlines,2024-02-27,09:03:30,20
SU1245,Red Wings,2024-01-22,06:27:06,6
S73480,Red Wings,2025-12-26,05:46:07,198
UT2506,S7 Airlines,2025-11-15,17:01:42,132
FV3626,Rossiya,2024-11-21,08:53:50,52
UT2573,S7 Airlines,2025-12-26,19:59:25,93
UT5476,Aeroflot,2025-04-22,09:47:51,245
S77450,Nordwind,2024-08-01,20:08:12,20
FV9002,Utair,2025-03-03,06:26:42,192
U6774,Ural Airlines,2024-07-10,05:06:20,274
U6677,S7 Airlines,2024-10-01,05:50:35,6
SU8273,Rossiya,2024-07-02,03:33:32,233
UT3084,S7 Airlines,2024-11-28,14:56:46,200
N49960,Nordwind,2024-07-16,15:17:35,120
SU1816,Utair,2025-06-26,18:07:42,179
SU269,Nordwind,2024-03-08,15:20:34,129
WZ8819,Utair,2024-01-19,22:45:49,92
UT6681,Nordwind,2024-04-10,06:51:09,186
WZ8010,Pobeda,2025-08-09,11:39:57,17
SU8826,Aeroflot,2025-11-14,21:56:51,12
DP914,Utair,2024-06-26,21:39:20,112
U63420,Utair,2025-09-12,00:49:31,293
SU1877,S7 Airlines,2024-09-01,23:49:15,50
FV2779,Utair,2024-04-21,06:50:59,34
SU3792,Pobeda,2025-03-22,23:25:44,241
S75149,Red Wings,2025-03-04,16:08:18,125
N45272,Utair,2024-05-10,15:05:29,98
N48359,S7 Airlines,2024-07-10,06:11:50,57
DP4694,Utair,2025-11-01,09:44:28,250
U61904,Nordwind,2024-09-11,03:36:45,250
N45351,Utair,2025-10-08,23:31:32,149
UT9406,Red Wings,2025-07-13,18:37:05,10
SU6776,Pobeda,2025-05-15,17:36:14,252
U66196,S7 Airlines,2024-10-27,20:52:17,108
DP7301,Utair,2024-09-09,18:39:56,20
SU5633,Rossiya,2024-07-15,07:24:09,55
UT4311,Rossiya,2025-12-25,07:39:12,177
WZ3341,Utair,2024-01-23,15:25:48,206
DP4073,Ural Airlines,2024-08-11,05:01:21,103
U6156,Red Wings,2024-07-05,09:45:01,257
FV5879,Ural Airlines,2025-05-13,08:17:01,34
N42535,Pobeda,2025-04-26,01:19:06,251
WZ1539,Nordwind,2025-01-13,14:46:23,231
N41698,Pobeda,2025-02-16,20:25:59,295
U66080,Aeroflot,2025-01-12,13:38:41,265
U6830,Pobeda,2024-12-16,20:50:02,263
WZ7391,Rossiya,2024-11-17,09:32:05,181
U64785,Ural Airlines,2025-09-04,22:22:02,141
U62894,S7 Airlines,2025-11-25,00:50:53,133
U69197,Rossiya,2024-12-02,12:56:13,55
N47075,Nordwind,2024-06-25,08:04:08,192
U64286,Red Wings,2025-05-25,13:32:02,80
N47842,Ural Airlines,2025-10-17,08:58:24,250
U64902,Rossiya,2025-04-02,19:17:23,16
UT6418,Ural Airlines,2024-11-09,19:57:14,164
FV6276,S7 Airlines,2025-12-22,15:05:25,72
UT3540,Rossiya,2025-06-12,06:49:23,54
DP5447,Rossiya,2025-11-22,21:55:23,33
UT928,Nordwind,2024-08-20,19:38:24,273
U64998,Aeroflot,2024-04-14,00:37:06,250
WZ2555,Red Wings,2025-07-07,21:51:44,176
S79103,Red Wings,2024-09-13,09:05:51,29
UT6609,Pobeda,2025-08-05,21:29:50,198
WZ2730,Ural Airlines,2025-08-01,05:29:43,14
N46187,Pobeda,2025-07-27,10:06:17,115
DP613,Ural Airlines,2025-12-02,18:10:56,73
UT1608,Nordwind,2025-03-17,20:05:52,71
SU5351,Aeroflot,2025-11-06,17:45:14,134
WZ5413,Utair,2025-05-21,09:25:11,246
WZ4103,Utair,2025-09-06,04:39:27,96
FV5406,Ural Airlines,2025-07-16,00:46:21,128
S78743,Pobeda,2024-06-04,21:15:43,220
S78304,Rossiya,2025-06-17,04:33:56,111
SU9966,Pobeda,2024-01-09,10:14:56,142
U63681,Aeroflot,2024-12-19,13:56:50,209
U63336,Utair,2025-05-25,09:52:15,285
FV1896,Red Wings,2025-08-22,12:35:12,77
N41704,Utair,2025-08-09,13:34:18,281
N44985,Red Wings,2025-07-04,18:41:49,269
S7979,S7 Airlines,2025-04-26,10:25:37,173
DP8844,Ural Airlines,2025-03-05,08:07:50,89
UT1909,Red Wings,2024-03-11,12:12:21,256
FV1465,Nordwind,2024-02-10,13:20:37,215
FV3070,S7 Airlines,2024-12-10,15:14:40,54
S7453,Pobeda,2025-11-01,05:48:53,51
U61937,Pobeda,2024-05-28,15:50:28,29
DP4449,Ural Airlines,2025-02-21,15:03:09,218
SU6424,S7 Airlines,2025-09-22,03:06:08,41
UT240,Ural Airlines,2024-03-07,02:49:25,224
N46069,S7 Airlines,2024-01-14,15:07:17,223
FV6685,S7 Airlines,2025-04-14,15:42:08,257
U6204,Ural Airlines,2025-04-15,21:43:31,159
FV4093,Aeroflot,2025-08-16,21:36:28,156
N48025,Pobeda,2024-07-28,14:36:37,18
FV1159,Rossiya,2025-04-01,00:38:51,188
SU3666,Pobeda,2024-12-02,01:15:44,258
N41467,Red Wings,2024-09-19,07:22:27,176
S72164,Nordwind,2024-06-14,08:34:21,27
WZ8865,Red Wings,2025-03-28,09:44:10,92
S76770,Nordwind,2025-11-16,06:55:06,70
FV5818,Rossiya,2025-08-08,12:24:47,281
DP920,Rossiya,2025-06-21,10:46:13,250
FV7640,Pobeda,2024-01-18,16:00:26,88
DP5569,Red Wings,2024-05-08,11:35:57,265
SU9248,Utair,2024-08-07,05:12:20,158
UT8156,Nordwind,2025-10-05,19:33:22,147
DP6668,Rossiya,2024-06-08,17:11:42,187
SU9092,Utair,2025-07-28,15:35:09,2
WZ7584,Aeroflot,2024-01-13,00:27:52,249
FV467,Aeroflot,2025-03-25,08:41:53,233
DP2889,Ural Airlines,2025-03-26,01:25:29,283
UT8701,Ural Airlines,2024-03-18,18:22:43,99
S74716,Nordwind,2024-10-02,05:41:06,123
N45988,Rossiya,2024-10-12,00:15:27,234
N49914,Aeroflot,2024-06-08,22:43:16,296
S74212,Nordwind,2024-04-03,18:53:56,118
FV8631,Pobeda,2025-03-25,18:48:52,126
WZ3548,Pobeda,2025-04-22,02:09:18,93
WZ2870,Red Wings,2024-02-24,08:51:22,293
DP5113,Nordwind,2024-11-27,15:29:11,272
U68345,S7 Airlines,2025-04-22,21:56:56,162
WZ2998,Utair,2024-04-22,22:14:55,237
SU8331,Pobeda,2025-02-21,18:49:41,117
WZ6774,Ural Airlines,2024-09-21,12:13:15,128
FV6732,Ural Airlines,2025-10-10,22:41:42,28
DP1327,Red Wings,2024-08-17,20:12:10,153
U69249,Rossiya,2024-02-01,19:02:46,109
S7431,Nordwind,2025-12-14,11:36:49,27
UT1324,Red Wings,2025-04-20,23:19:58,120
U63936,Nordwind,2025-05-27,17:06:27,279
FV9945,Pobeda,2024-05-18,11:39:57,214
WZ2911,Rossiya,2025-12-08,11:49:18,43
UT6498,Red Wings,2025-01-08,05:09:39,195
SU1869,Utair,2024-12-12,16:58:29,299
N49692,Ural Airlines,2025-11-04,23:01:32,258
FV9774,Nordwind,2025-09-06,08:13:39,124
U63337,Red Wings,2025-07-11,18:13:33,70
WZ8044,Aeroflot,2024-03-11,04:15:59,235
S7362,Rossiya,2024-03-10,05:30:57,139
N44605,Utair,2025-04-19,04:36:18,203
N41902,Aeroflot,2024-06-04,22:56:15,159
FV3763,Rossiya,2024-12-15,09:28:49,142
WZ9955,Red Wings,2024-04-15,00:33:17,0
DP7717,S7 Airlines,2025-02-16,23:35:42,161
SU6501,Aeroflot,2024-10-25,04:03:44,104
SU1148,Red Wings,2024-03-25,01:53:24,156
UT4005,Pobeda,2024-06-05,13:10:57,253
WZ1379,Utair,2024-04-26,17:24:59,217
N46710,Red Wings,2024-12-23,00:19:05,89
S71700,Nordwind,2025-05-24,22:18:39,88
FV7994,Red Wings,2024-02-16,02:37:55,95
U61639,Pobeda,2024-06-01,06:48:55,267
SU7924,Utair,2025-03-03,23:59:41,153
WZ7379,Ural Airlines,2025-06-25,21:23:32,266
UT7297,Nordwind,2025-06-20,12:20:21,175
DP6246,Red Wings,2024-10-15,18:47:07,10
SU660,Nordwind,2024-03-17,22:23:54,260
DP4018,Aeroflot,2024-10-13,14:34:34,107
FV9809,Aeroflot,2024-04-05,08:13:45,212
DP2331,Utair,2025-05-12,09:17:19,203
S77364,Utair,2024-01-20,03:57:56,60
S73888,S7 Airlines,2024-05-11,16:06:38,252
WZ5591,Utair,2024-08-17,05:25:40,148
SU9832,Ural Airlines,2024-02-11,23:50:45,127
FV8857,Nordwind,2025-11-07,11:28:50,63
DP7645,S7 Airlines,2025-08-26,21:17:17,223
SU2750,Aeroflot,2024-03-11,22:42:29,167
S72253,Pobeda,2024-02-23,06:33:43,264
SU5548,Ural Airlines,2024-11-10,13:04:58,117
FV5172,Ural Airlines,2024-05-01,11:02:50,220
UT8422,Ural Airlines,2024-08-10,01:09:22,277
U64060,Nordwind,2025-11-25,19:16:18,98
FV809,S7 Airlines,2024-08-04,08:54:34,219
UT7564,Pobeda,2025-09-21,09:06:02,180
DP6956,Red Wings,2025-03-20,20:46:31,91
S71564,Nordwind,2024-05-05,07:31:43,186
WZ1739,Aeroflot,2025-04-02,05:13:52,120
UT6055,Ural Airlines,2024-04-25,17:44:08,40
WZ540,Nordwind,2024-04-12,00:28:24,12
N42132,Red Wings,2024-10-12,23:28:47,266
WZ5964,Rossiya,2025-11-23,02:42:36,218
U66502,S7 Airlines,2025-11-10,03:48:53,224
WZ204,Ural Airlines,2025-07-10,16:45:01,116
WZ4263,Nordwind,2024-11-21,15:06:11,277
UT4589,S7 Airlines,2024-11-07,18:54:22,175
S72446,Nordwind,2024-10-06,19:00:02,248
UT913,Red Wings,2025-09-09,15:51:59,97
SU4541,Aeroflot,2024-03-21,17:03:05,112
FV1885,Pobeda,2024-11-19,04:51:00,16
N45467,Rossiya,2024-01-27,09:45:35,115
U65714,Rossiya,2024-05-22,06:51:12,260
SU8449,S7 Airlines,2025-07-03,03:58:16,86
UT5164,Rossiya,2024-02-16,20:16:22,298
U68760,Ural Airlines,2025-01-13,15:26:56,220
U65299,Ural Airlines,2024-04-01,07:37:06,162
S79146,Rossiya,2025-07-20,20:36:32,189
SU4879,Utair,2025-02-03,16:26:00,98
U6141,Red Wings,2024-09-20,21:55:21,201
U6336,Pobeda,2024-11-05,13:17:32,13
S72549,Utair,2025-07-06,19:57:59,153
N44294,Rossiya,2024-03-22,16:58:01,192
UT4691,Pobeda,2024-05-16,14:27:15,250
N44304,Utair,2024-12-04,20:52:00,74
UT594,Utair,2024-02-17,07:04:28,220
S76841,S7 Airlines,2024-12-23,00:18:49,72
U66082,Ural Airlines,2025-02-25,11:16:18,104
SU6104,Ural Airlines,2024-06-16,07:26:53,258
N45898,Nordwind,2025-11-02,04:06:55,173
S76450,S7 Airlines,2024-09-11,06:41:16,40
S75687,Ural Airlines,2024-07-27,03:08:18,121
FV7736,Utair,2025-04-01,03:26:38,90
FV8485,S7 Airlines,2025-07-08,23:41:05,239
WZ646,Rossiya,2024-11-13,14:50:26,79
SU6739,S7 Airlines,2025-06-03,03:59:58,286
FV6908,Utair,2025-08-21,18:42:01,245
DP6240,Red Wings,2024-10-07,07:55:25,104
UT9317,Ural Airlines,2024-09-11,16:03:17,103
FV9963,Utair,2025-07-01,03:09:39,161
FV7953,Utair,2025-10-18,11:24:47,163
SU3511,S7 Airlines,2024-08-04,21:44:49,149
U63315,Nordwind,2025-12-11,19:22:04,49
DP7902,Red Wings,2024-03-05,14:19:52,127
DP6427,Aeroflot,2024-07-26,05:45:30,170
DP2713,Pobeda,2024-07-28,15:31:24,262
UT7836,Utair,2025-07-27,09:35:39,105
UT7892,Aeroflot,2024-11-08,08:09:28,204
UT4136,Red Wings,2024-09-05,14:23:36,24
SU7910,Nordwind,2025-02-06,04:55:30,137
FV2293,Aeroflot,2024-06-16,17:27:43,90
N42388,Utair,2025-09-28,03:40:47,123
DP5261,Nordwind,2024-04-12,01:53:06,271
WZ3624,Pobeda,2025-09-19,04:02:54,20
S77140,Pobeda,2025-03-16,07:42:32,54
S76646,Ural Airlines,2025-01-04,11:08:18,13
N48338,Red Wings,2024-09-07,05:37:41,104
U66256,S7 Airlines,2025-11-14,20:03:27,41
UT5478,Utair,2024-10-19,14:42:47,4
S72624,Rossiya,2024-11-19,15:42:23,294
U67182,Ural Airlines,2024-02-05,13:46:39,216
SU7554,Red Wings,2024-05-23,16:45:49,42
DP5870,Pobeda,2024-10-06,16:29:07,9
FV3908,Rossiya,2024-03-02,10:07:08,92
DP398,S7 Airlines,2025-06-10,12:59:01,105
FV6809,Utair,2025-05-16,14:00:23,6
FV2911,Red Wings,2024-10-13,14:59:30,27
FV5664,Ural Airlines,2025-06-12,19:12:06,54
S72836,Aeroflot,2025-04-08,05:58:10,146
SU5362,Nordwind,2025-09-17,14:12:26,247
U6640,Ural Airlines,2024-10-05,22:41:04,2
UT6970,Aeroflot,2025-11-27,15:50:54,182
WZ975,Nordwind,2025-11-14,02:02:17,50
FV3285,Aeroflot,2024-02-21,04:47:20,287
N4239,Nordwind,2025-04-21,04:26:13,171
SU3389,Red Wings,2025-09-02,11:36:11,174
S72552,Pobeda,2024-09-18,18:11:34,33
DP3777,Red Wings,2025-11-17,14:50:06,81
SU5016,S7 Airlines,2024-08-09,18:00:01,249
UT7638,S7 Airlines,2025-11-09,00:09:17,19
UT3376,Pobeda,2025-12-28,05:22:43,35
WZ213,Ural Airlines,2024-10-20,12:18:00,136
S73599,Ural Airlines,2024-11-04,13:50:18,83
S76667,Nordwind,2024-11-26,00:30:53,100
N4630,Utair,2025-07-16,22:15:14,177
WZ3317,Ural Airlines,2024-08-21,17:46:05,189
DP1470,Ural Airlines,2024-05-05,14:54:39,169
WZ2723,Red Wings,2025-01-27,17:42:04,39
S71066,Red Wings,2025-03-10,12:53:33,121
WZ4916,Aeroflot,2024-02-05,03:56:17,99
S73176,Aeroflot,2024-12-13,02:24:49,275
FV475,Utair,2025-08-14,07:03:42,128
U66643,Aeroflot,2025-07-07,02:08:06,251
WZ1175,Ural Airlines,2024-01-23,18:31:54,163
SU1270,Rossiya,2024-02-03,11:28:52,140
WZ5184,S7 Airlines,2025-09-27,18:11:15,60
SU2872,Rossiya,2025-12-19,06:12:54,73
S71506,Ural Airlines,2025-04-02,10:31:12,90
DP1544,Red Wings,2025-05-19,20:14:02,122
U62023,Nordwind,2025-04-12,19:51:26,200
S74419,Red Wings,2025-01-16,08:33:55,253
N49101,Red Wings,2024-06-26,21:03:56,84
FV8406,Pobeda,2025-07-26,04:20:18,7
N44484,Red Wings,2025-01-11,13:36:43,266
FV7296,Ural Airlines,2025-05-01,10:10:05,0
WZ3778,Nordwind,2025-10-10,15:09:55,298
SU2244,Aeroflot,2024-08-13,07:01:22,97
SU8584,Red Wings,2024-07-28,23:55:12,94
FV8603,Nordwind,2024-03-24,02:32:56,7
WZ944,Utair,2024-01-04,20:59:02,48
U67088,Nordwind,2025-03-20,05:26:49,40
UT2416,Ural Airlines,2025-06-04,15:48:10,288
UT1935,Nordwind,2024-05-21,08:26:14,280
SU5074,Red Wings,2024-12-07,14:25:06,158
FV4977,Pobeda,2024-04-13,10:16:33,202
N41374,Pobeda,2024-08-24,05:36:23,142
UT5874,S7 Airlines,2024-09-13,22:16:32,221
DP1180,Ural Airlines,2025-11-01,17:20:06,37
WZ7742,Nordwind,2025-06-27,07:42:27,49
S75634,S7 Airlines,2025-12-10,19:42:18,79
SU6033,Ural Airlines,2024-07-04,06:54:16,246
DP8318,Aeroflot,2025-02-03,17:09:24,1
WZ2145,Aeroflot,2024-02-28,04:54:44,180
WZ2467,Rossiya,2024-12-22,11:45:36,233
U65339,Aeroflot,2025-07-23,11:47:47,138
WZ5618,Ural Airlines,2025-09-03,07:10:36,43
DP2691,Red Wings,2025-03-01,09:50:36,137
UT4258,Pobeda,2025-08-12,07:35:21,206
S78797,Ural Airlines,2025-06-08,18:56:15,96
FV7200,Ural Airlines,2024-07-28,10:16:30,184
U67321,Utair,2025-12-20,08:26:30,182
WZ8115,Nordwind,2024-04-28,14:03:14,246
UT7997,Rossiya,2025-01-23,05:58:28,161
UT4544,S7 Airlines,2024-05-11,17:32:16,100
N48229,Red Wings,2025-06-23,14:24:00,154
SU4359,Utair,2025-09-28,14:46:05,262
S74213,Utair,2024-06-22,01:56:47,235
WZ7492,S7 Airlines,2024-01-09,10:55:35,225
UT5937,Utair,2025-12-01,10:44:28,263
SU5415,Ural Airlines,2025-09-12,12:11:09,286
FV3118,Utair,2025-05-12,04:23:02,207
N46078,Ural Airlines,2025-05-04,03:44:31,175
S7440,Pobeda,2025-02-24,05:42:08,220
WZ2375,Utair,2024-06-04,08:52:30,256
N41486,Pobeda,2025-07-27,03:21:06,90
UT1457,Red Wings,2025-05-11,06:17:27,253
FV631,S7 Airlines,2024-05-19,01:01:10,109
SU3186,Aeroflot,2025-01-06,00:07:19,0
SU9942,Nordwind,2025-03-26,01:51:46,165
DP3450,Red Wings,2025-09-02,12:18:10,111
UT8376,Red Wings,2024-06-20,06:50:57,139
U61670,Ural Airlines,2024-09-26,10:31:12,268
WZ5305,Ural Airlines,2024-01-01,08:46:04,216
N43054,S7 Airlines,2025-02-14,11:15:19,181
SU741,Aeroflot,2024-09-20,13:22:01,281
FV9721,Ural Airlines,2025-01-06,14:44:06,43
SU4804,Nordwind,2025-05-27,16:41:23,155
S79920,S7 Airlines,2024-11-28,07:51:57,215
FV5497,Ural Airlines,2024-08-01,13:20:00,105
N42840,S7 Airlines,2024-12-27,21:05:55,241
N44814,Aeroflot,2024-04-06,13:52:12,158
S71455,Rossiya,2024-05-26,20:03:25,192
WZ6976,Ural Airlines,2025-03-11,13:08:56,71
FV8549,Rossiya,2025-01-12,05:17:11,119
N4396,S7 Airlines,2024-04-23,05:38:34,270
U68996,Pobeda,2025-07-24,20:48:18,7
WZ3594,Pobeda,2025-11-14,18:20:02,47
N49407,S7 Airlines,2025-12-23,11:29:42,104
U63205,Utair,2025-08-09,07:57:25,257
SU1991,Utair,2024-10-17,04:54:48,242
WZ5239,Utair,2025-06-12,06:01:31,215
DP2716,Red Wings,2025-02-20,22:40:52,76
DP4593,Nordwind,2025-04-19,13:30:13,240
N48165,Ural Airlines,2025-09-17,17:34:17,222
U69400,Aeroflot,2024-07-05,02:43:58,63
FV1721,Ural Airlines,2024-09-17,17:07:27,28
WZ8026,S7 Airlines,2024-01-06,12:07:45,44
FV9273,Utair,2024-04-06,12:12:34,198
WZ4603,Utair,2024-07-10,18:04:10,171
FV419,Utair,2024-06-04,07:57:08,149
DP7222,Rossiya,2024-03-17,22:57:35,251
FV9909,Red Wings,2024-08-22,22:02:54,173
S78012,Pobeda,2024-09-22,23:12:04,275
SU1507,Ural Airlines,2024-12-11,07:33:04,193
S76954,Utair,2024-02-06,02:29:41,186
SU720,Aeroflot,2025-07-15,09:12:53,15
FV7868,Red Wings,2025-05-04,05:34:43,241
S7694,Nordwind,2024-09-11,15:54:48,27
FV5959,Pobeda,2024-12-25,01:13:51,182
UT1376,Red Wings,2025-05-28,13:31:13,101
DP3776,Rossiya,2024-01-07,07:19:30,221
UT5887,Red Wings,2025-05-24,23:25:47,165
U61877,Aeroflot,2024-05-23,18:41:29,140
S72016,Pobeda,2024-09-21,16:42:19,176
UT4247,Red Wings,2025-03-01,11:19:17,95
WZ6390,Rossiya,2024-12-12,18:48:31,141
S79625,Pobeda,2025-10-13,00:19:41,72
S73554,Pobeda,2025-07-05,18:52:15,264
WZ5549,Red Wings,2025-09-28,17:00:38,43
S75333,Red Wings,2024-05-05,21:25:52,241
DP7937,Aeroflot,2025-01-08,15:13:29,146
DP8976,Rossiya,2025-04-14,22:22:47,25
DP6485,Pobeda,2025-10-24,06:58:49,6
SU9182,Red Wings,2025-07-06,20:58:14,66
S77863,Utair,2025-06-02,17:21:29,21
S79304,Nordwind,2025-01-11,20:13:25,159
DP2169,Ural Airlines,2024-02-28,13:05:10,99
U64542,Utair,2025-03-10,08:10:11,177
SU2310,Aeroflot,2025-03-19,04:49:45,135
S77875,Red Wings,2025-02-18,01:26:41,130
SU2863,Rossiya,2024-01-28,17:24:43,65
U67057,Red Wings,2024-08-01,00:53:25,227
S77263,Nordwind,2024-07-13,11:10:47,139
WZ432,S7 Airlines,2024-02-13,13:37:21,239
U69620,Nordwind,2025-07-09,19:15:57,154
WZ4713,Red Wings,2024-11-07,14:48:15,2
S79545,S7 Airlines,2025-05-14,06:51:54,106
DP8393,S7 Airlines,2024-09-08,10:08:19,8
UT9977,Aeroflot,2024-07-07,02:57:18,137
DP2611,Utair,2024-11-09,19:37:08,128
U68749,Nordwind,2024-07-03,13:13:18,219
SU3065,Ural Airlines,2025-04-24,16:37:57,128
WZ6429,S7 Airlines,2025-01-28,02:09:49,192
DP9267,Pobeda,2025-08-02,10:01:05,41
FV855,Rossiya,2025-10-13,14:00:00,173
UT5803,Ural Airlines,2024-04-13,17:56:34,225
U62557,Pobeda,2025-01-15,21:36:33,252
UT3826,S7 Airlines,2024-05-22,14:37:34,107
S73383,S7 Airlines,2025-12-10,22:25:14,112
SU8487,Aeroflot,2025-02-19,18:45:53,131
S73019,Utair,2024-07-06,20:14:41,7
DP8390,Rossiya,2025-12-04,09:05:02,205
SU5604,Ural Airlines,2025-07-11,18:55:23,20
UT514,Nordwind,2024-11-26,06:29:24,276
U69055,S7 Airlines,2024-09-22,15:43:12,226
DP2771,S7 Airlines,2024-11-18,07:47:36,184
FV8487,Aeroflot,2024-02-26,15:05:25,262
N43269,S7 Airlines,2025-03-28,11:20:24,111
N41499,Utair,2025-07-14,14:50:36,234
N45868,Aeroflot,2025-06-20,07:23:20,199
U62746,Aeroflot,2025-03-20,22:42:06,124
FV5209,Ural Airlines,2024-07-26,11:56:02,61
FV436,S7 Airlines,2024-09-07,21:29:25,69
S72010,Red Wings,2024-03-03,13:00:50,206
FV7531,Pobeda,2024-04-09,12:23:21,287
UT8640,Red Wings,2024-04-10,18:59:30,288
FV977,Pobeda,2024-09-05,04:12:41,93
WZ4601,Red Wings,2025-06-20,05:56:36,146
N41870,Nordwind,2024-03-04,13:41:20,196
UT1075,Pobeda,2025-06-09,17:00:03,228
WZ3383,Red Wings,2024-05-26,02:04:01,28
FV3844,S7 Airlines,2025-05-03,01:16:18,106
U63567,Aeroflot,2025-06-02,08:48:50,255
SU2153,Nordwind,2024-01-19,13:46:37,8
SU9479,Red Wings,2025-06-24,22:30:45,117
N44135,Rossiya,2025-03-16,17:14:20,62
WZ756,Nordwind,2024-10-16,18:34:36,188
U6917,Nordwind,2024-05-18,16:04:51,257
SU2621,Utair,2025-06-19,21:32:06,195
SU6837,Pobeda,2024-12-05,02:33:58,63
S72823,Red Wings,2025-10-20,15:02:09,242
FV1637,Ural Airlines,2025-08-23,16:19:21,137
N45345,S7 Airlines,2025-04-02,15:53:18,181
SU2318,Red Wings,2024-09-16,02:31:04,214
UT7607,Red Wings,2024-03-10,09:57:38,98
DP1507,Ural Airlines,2024-05-06,09:50:34,211
S75106,Nordwind,2025-08-13,17:51:39,299
N49529,Nordwind,2024-08-24,09:45:15,188
N4767,Red Wings,2025-01-06,00:43:20,215
DP9304,Pobeda,2025-09-12,11:39:47,181
DP2810,Red Wings,2024-03-01,09:45:52,282
SU2449,S7 Airlines,2025-04-22,15:22:55,181
UT6849,Utair,2024-08-09,11:58:42,295
SU6213,Pobeda,2025-09-20,22:47:05,206
DP2904,Aeroflot,2024-07-18,06:52:36,141
N4484,Aeroflot,2025-08-08,10:05:52,184
FV1466,Rossiya,2025-07-25,08:45:41,44
U61237,Nordwind,2025-09-17,14:48:32,154
SU4160,S7 Airlines,2025-11-19,00:02:23,267
DP9055,Utair,2025-02-06,06:12:49,14
DP3334,Aeroflot,2024-12-18,22:13:11,8
DP6865,Pobeda,2025-12-02,12:25:48,99
UT5309,S7 Airlines,2025-04-15,05:51:54,295
N45316,Red Wings,2025-04-28,17:58:00,124
N4675,Aeroflot,2024-03-11,17:29:27,299
U67581,S7 Airlines,2024-07-09,16:51:50,129
N49625,Rossiya,2024-08-21,06:50:37,15
N4210,Red Wings,2025-06-21,10:19:28,90
UT7499,Rossiya,2025-10-24,14:32:53,57
WZ5265,Nordwind,2024-08-15,12:48:15,117
WZ6119,Aeroflot,2025-09-14,06:52:59,218
U65829,Rossiya,2025-07-15,23:39:52,255
S72201,Red Wings,2024-01-12,11:02:41,13
DP3781,Red Wings,2024-09-10,22:33:56,233
UT6083,Nordwind,2025-11-11,19:18:48,209
DP342,Ural Airlines,2025-11-01,18:07:15,189
DP8829,Utair,2025-11-19,16:57:22,271
SU9078,Nordwind,2025-05-04,22:50:23,90
FV9967,Aeroflot,2025-03-25,04:06:40,24
UT1835,Utair,2025-04-02,13:45:11,187
U68692,Ural Airlines,2024-02-13,21:18:56,48
N4818,Aeroflot,2025-06-27,16:57:36,299
S76515,Aeroflot,2024-06-01,12:13:29,205
FV1758,Red Wings,2024-06-15,12:11:00,75
UT2143,Red Wings,2025-12-09,18:23:00,60
U63217,Red Wings,2024-03-10,09:10:20,142
UT1223,S7 Airlines,2025-05-07,19:13:04,141
FV5338,Rossiya,2024-10-05,16:57:56,257
UT4319,Pobeda,2025-09-12,02:28:34,14
FV8154,Red Wings,2024-09-15,10:37:23,195
WZ9707,Red Wings,2025-05-03,16:46:54,8
UT6925,Utair,2024-11-17,03:56:32,44
SU6922,Nordwind,2024-04-21,19:30:27,181
S75662,Ural Airlines,2025-03-12,16:17:57,252
WZ9816,Red Wings,2024-07-11,15:47:35,139
FV9035,Pobeda,2024-02-16,13:53:51,131
N41045,Pobeda,2025-05-16,00:15:32,175
UT1921,Ural Airlines,2025-05-07,16:34:57,257
S71282,Aeroflot,2025-10-27,15:07:50,294
S76240,Nordwind,2025-08-01,09:18:23,280
UT5280,Nordwind,2025-08-27,02:31:01,120
N42328,Utair,2025-09-12,04:54:59,183
DP7551,Utair,2025-02-08,05:17:27,264
FV8124,Rossiya,2024-11-26,00:45:39,277
U6786,Nordwind,2024-07-13,17:20:17,258
N45308,Nordwind,2025-11-27,02:00:14,20
N4377,Rossiya,2025-12-10,20:13:18,37
DP6124,Aeroflot,2024-01-03,16:14:11,124
N46000,Red Wings,2024-02-27,13:37:20,297
U67543,Ural Airlines,2025-05-14,10:54:35,26
S72304,Ural Airlines,2025-06-23,00:15:49,186
DP7333,Nordwind,2025-04-12,00:23:34,81
WZ6949,Red Wings,2025-08-08,18:33:08,42
S74695,S7 Airlines,2024-01-22,10:23:48,30
DP9271,Ural Airlines,2024-04-25,09:27:35,196
U67133,S7 Airlines,2024-12-08,08:45:25,283
FV286,Aeroflot,2024-12-07,14:25:39,37
S76785,Red Wings,2024-10-17,07:38:03,171
S78566,Rossiya,2025-12-03,01:37:24,249
FV5296,Aeroflot,2025-11-07,02:52:56,234
U63306,S7 Airlines,2024-05-26,18:36:40,277
UT7648,Utair,2024-04-04,07:38:31,91
WZ9501,Utair,2025-07-11,04:54:09,24
FV4205,Rossiya,2025-01-11,22:22:30,115
UT8704,Aeroflot,2024-06-14,18:18:23,129
WZ4856,Rossiya,2024-09-11,01:17:19,104
SU9811,Nordwind,2025-02-09,02:31:38,145
S76303,Pobeda,2025-10-28,06:46:37,183
N42641,S7 Airlines,2025-05-07,18:29:56,294
WZ4260,Red Wings,2025-05-12,21:11:45,213
SU5038,Aeroflot,2025-08-04,22:14:11,217
WZ2691,Utair,2024-02-16,07:53:54,162
S78631,Aeroflot,2025-09-22,21:39:37,123
SU7657,Utair,2025-09-03,06:56:13,73
SU4528,Red Wings,2024-06-09,23:11:14,105
UT2193,Aeroflot,2024-11-16,03:47:30,59
U66936,Rossiya,2025-09-06,01:34:18,231
WZ2577,Nordwind,2024-08-04,16:44:40,195
N48092,Red Wings,2025-11-25,16:14:52,198
U68096,Aeroflot,2025-05-17,17:11:00,239
WZ8822,Nordwind,2024-08-10,23:28:14,74
WZ115,Pobeda,2025-05-08,13:31:44,95
N44088,Rossiya,2024-11-18,07:12:56,64
SU846,S7 Airlines,2024-06-24,02:41:10,188
SU8436,Nordwind,2024-11-07,08:17:17,39
WZ9951,Red Wings,2024-07-10,16:34:51,204
N4764,Nordwind,2024-03-01,09:39:15,93
UT3421,Ural Airlines,2025-09-01,14:46:07,13
SU4143,Utair,2025-07-03,06:59:19,133
WZ8853,Ural Airlines,2024-12-02,16:20:52,108
SU4441,Rossiya,2024-09-02,07:21:56,74
UT9591,Utair,2025-03-04,07:28:08,32
U62306,Red Wings,2024-01-08,10:14:46,120
S77329,Nordwind,2025-11-11,16:23:51,147
DP5403,Red Wings,2024-02-25,17:07:17,222
SU2984,S7 Airlines,2024-08-18,11:29:39,81
DP3647,S7 Airlines,2025-03-23,23:43:44,125
SU8228,Nordwind,2025-07-28,07:36:12,128
WZ8448,Utair,2024-10-28,09:54:52,227
UT3236,Pobeda,2025-07-17,22:25:50,217
N41455,S7 Airlines,2024-01-16,05:13:04,148
S71202,Ural Airlines,2024-07-05,11:30:04,163
FV8600,Red Wings,2024-04-04,08:28:34,95
WZ4715,Rossiya,2025-02-26,09:41:34,21
S7194,Pobeda,2024-01-26,09:00:08,229
S73640,Rossiya,2025-03-01,04:11:33,220
SU4762,S7 Airlines,2025-06-25,17:25:27,284
U62370,Nordwind,2024-11-20,12:01:30,159
S75156,S7 Airlines,2024-04-26,16:56:06,259
S77074,Aeroflot,2025-12-08,08:54:31,88
N47945,S7 Airlines,2025-12-21,12:55:36,254
DP3829,Red Wings,2024-07-02,02:09:13,0
UT7913,S7 Airlines,2024-04-02,22:50:51,297
FV6960,Nordwind,2024-11-03,10:27:46,154
U69482,Rossiya,2025-10-24,00:13:10,143
SU2500,Red Wings,2025-09-12,01:24:22,90
UT930,Aeroflot,2024-01-04,01:00:24,76
DP1154,Aeroflot,2025-02-03,19:04:49,104
N48722,Nordwind,2024-01-22,05:54:01,30
FV7969,Utair,2024-04-25,09:44:58,1
U63749,Utair,2025-01-23,07:04:29,61
WZ8425,Nordwind,2025-05-03,05:57:36,104
UT8281,Pobeda,2025-05-01,18:36:00,114
UT7466,Aeroflot,2024-11-17,13:35:53,64
FV6795,Ural Airlines,2025-06-20,03:25:15,134
DP3278,Ural Airlines,2024-06-09,21:38:03,56
WZ2993,Nordwind,2025-04-13,06:23:39,293
FV3058,Utair,2025-11-13,22:05:25,52
DP2105,Aeroflot,2024-10-07,06:03:49,87
S79961,S7 Airlines,2024-03-27,15:42:15,105
DP8029,Nordwind,2024-03-09,12:18:55,4
FV8751,S7 Airlines,2025-11-18,19:15:18,4
U62712,Pobeda,2025-09-28,08:01:28,289
N43671,Nordwind,2025-12-10,12:01:44,182
N4225,Utair,2024-02-19,22:59:23,119
FV5697,S7 Airlines,2024-10-28,16:54:47,26
U67118,Pobeda,2025-08-03,14:08:12,147
U69273,Utair,2025-05-08,06:51:11,162
WZ1694,Nordwind,2024-07-23,11:19:48,181
U63144,Pobeda,2025-04-25,03:05:38,154
DP5448,Red Wings,2025-11-01,15:59:20,227
N4217,Nordwind,2025-11-14,16:55:13,33
UT8449,Rossiya,2025-03-05,12:55:32,158
DP6230,Aeroflot,2024-04-08,10:58:10,178
N47135,Aeroflot,2024-11-20,09:04:16,270
SU6550,S7 Airlines,2024-01-11,05:33:15,229
FV375,Utair,2024-09-10,13:22:45,202
SU2925,Pobeda,2024-09-09,03:46:19,160
FV1133,S7 Airlines,2025-10-13,16:56:54,88
S78836,Pobeda,2024-02-28,15:09:18,157
UT7964,Nordwind,2024-04-19,15:02:40,293
DP9370,Rossiya,2025-05-12,08:16:16,25
N45594,Utair,2025-06-23,21:09:29,286
S76504,Red Wings,2025-12-18,03:30:20,138
U66507,Rossiya,2024-11-18,14:24:08,77
FV4979,S7 Airlines,2025-11-01,19:42:05,216
SU9900,Pobeda,2025-04-18,15:11:40,111
SU9995,Pobeda,2024-04-01,21:26:35,9
U69456,Pobeda,2024-12-21,10:36:33,271
U66745,Utair,2024-09-27,22:55:16,220
WZ9187,Nordwind,2024-06-27,23:43:26,128
S78438,S7 Airlines,2025-01-18,09:40:38,253
WZ9133,Rossiya,2024-08-03,23:55:54,132
FV2199,Aeroflot,2024-01-18,20:24:35,235
N45865,Ural Airlines,2024-02-25,02:56:59,282
SU6287,Rossiya,2025-04-26,08:28:41,190
FV2638,Aeroflot,2025-11-22,11:43:21,173
SU7050,Pobeda,2025-11-26,21:12:22,145
N41436,Red Wings,2025-10-28,00:01:52,275
DP9700,Utair,2024-06-27,06:49:22,188
WZ6008,S7 Airlines,2024-01-22,17:11:38,169
S79456,Pobeda,2024-04-21,04:34:10,256
SU5834,Red Wings,2024-05-22,06:04:56,220
N49510,Red Wings,2025-04-07,00:08:55,202
WZ3062,S7 Airlines,2024-08-11,23:06:53,115
FV5910,Red Wings,2025-11-25,07:39:50,37
N4981,Nordwind,2024-04-13,03:19:19,155
DP3047,Ural Airlines,2025-02-17,05:19:28,272
WZ7652,Rossiya,2025-03-22,10:07:39,103
DP1105,Aeroflot,2025-09-17,04:50:57,287
UT3823,S7 Airlines,2024-09-22,07:42:51,289
SU8367,Nordwind,2024-08-11,23:50:01,214
N44795,Ural Airlines,2024-07-28,09:17:38,178
WZ7112,Rossiya,2024-11-28,02:23:56,40
WZ5579,Nordwind,2024-01-16,14:19:58,23
UT2147,Pobeda,2025-10-04,03:13:41,165
FV8996,Rossiya,2024-02-05,16:49:49,189
U64169,Aeroflot,2025-06-21,02:49:47,229
N45637,S7 Airlines,2025-03-02,05:51:03,281
WZ291,Red Wings,2025-12-17,13:15:49,197
SU9383,Aeroflot,2025-05-14,06:00:22,261
N46496,Nordwind,2024-09-07,14:30:24,196
N4956,Utair,2025-05-28,12:42:10,124
S77060,Rossiya,2024-08-11,07:05:03,7
N4901,Rossiya,2024-05-24,18:53:17,162
FV7818,Utair,2025-03-14,01:23:35,191
FV1993,Aeroflot,2025-11-16,02:23:30,10
SU3146,S7 Airlines,2025-06-24,02:46:51,259
S75412,Red Wings,2024-07-07,19:48:20,159
SU1313,Nordwind,2024-06-27,18:33:06,224
DP4179,Red Wings,2024-04-09,23:31:53,90
FV2233,Aeroflot,2025-03-08,16:16:07,89
UT5821,Red Wings,2025-12-15,02:12:35,253
U66688,Nordwind,2024-09-13,18:02:17,151
UT5689,Red Wings,2025-03-27,00:59:56,225
DP7273,Aeroflot,2024-06-12,05:06:49,101
WZ8781,Pobeda,2024-07-27,12:50:07,33
FV9191,Rossiya,2025-07-24,17:18:14,197
FV3866,Rossiya,2025-03-13,02:36:32,72
U62977,Nordwind,2025-10-20,07:18:52,283
N49141,Aeroflot,2024-03-12,11:03:06,47
S7646,Utair,2024-11-15,12:59:16,217
DP172,Aeroflot,2025-09-18,02:19:31,127
FV7273,Ural Airlines,2024-05-04,05:52:13,161
DP7584,Utair,2024-10-17,02:05:46,128
WZ3295,Utair,2024-02-21,12:29:36,178
FV655,Pobeda,2024-02-11,20:39:05,153
SU9496,Pobeda,2024-12-18,03:20:17,295
DP9338,Red Wings,2024-05-26,05:29:48,63
U66381,Red Wings,2024-01-14,22:09:58,83
S77973,Red Wings,2024-06-27,15:11:47,38
U64212,Pobeda,2025-07-09,19:41:19,299
UT5573,Nordwind,2025-09-22,07:38:18,195
UT1841,Nordwind,2024-05-24,17:02:15,6
SU9710,Aeroflot,2025-03-20,00:47:08,276
U65131,Rossiya,2024-08-15,01:27:44,136
SU3094,Nordwind,2024-10-03,03:25:43,281
S71752,Ural Airlines,2024-10-22,23:30:05,125
U67984,Utair,2025-09-27,02:05:03,101
WZ1560,Red Wings,2025-03-08,00:18:58,194
WZ6377,Utair,2025-03-09,11:04:13,80
SU9292,Red Wings,2024-06-19,05:02:32,3
WZ9661,Utair,2024-01-14,07:43:12,103
DP4289,Pobeda,2024-10-12,10:53:01,95
UT5147,Utair,2024-05-02,12:31:32,211
FV3131,Rossiya,2025-09-01,10:21:33,248
UT7257,Utair,2024-05-21,14:46:58,260
UT4032,Aeroflot,2025-07-19,20:03:17,43
DP7151,Nordwind,2024-05-12,23:52:46,277
N46002,Rossiya,2024-08-05,23:57:23,257
U63936,Ural Airlines,2024-12-01,14:13:22,263
WZ3539,Pobeda,2024-07-23,02:05:49,27
U68601,Rossiya,2024-12-06,18:29:30,211
N41643,Aeroflot,2024-09-15,19:06:23,97
DP160,Utair,2024-11-02,19:43:36,293
UT6725,Utair,2024-11-11,17:47:09,285
FV7610,Aeroflot,2025-07-21,17:05:00,138
WZ7194,Utair,2024-07-01,21:02:41,55
U66934,Pobeda,2024-06-21,17:58:44,68
S78561,Aeroflot,2025-03-06,08:30:27,136
UT2489,S7 Airlines,2025-02-10,04:07:59,250
SU427,Aeroflot,2025-04-23,13:33:40,207
UT3435,S7 Airlines,2025-06-10,14:35:15,204
DP2627,Utair,2024-03-12,08:55:34,78
DP2147,Pobeda,2025-05-10,17:40:20,174
N41458,Nordwind,2025-06-26,21:13:54,250
N41736,Rossiya,2025-01-03,05:09:51,197
WZ3605,Utair,2025-01-10,02:01:26,30
N48075,Rossiya,2025-03-17,05:08:27,195
N41816,Rossiya,2024-09-06,16:18:50,270
SU4070,Utair,2024-01-06,21:33:05,51
SU5208,Red Wings,2024-06-12,18:30:16,251
SU6731,Aeroflot,2024-08-20,16:56:18,144
SU2398,Utair,2024-05-14,19:44:56,226
U66427,Utair,2024-05-23,23:01:52,103
S74604,Pobeda,2024-05-01,06:54:58,52
WZ3323,Red Wings,2024-10-22,15:55:58,9
S72710,Nordwind,2024-01-09,19:41:51,68
WZ7817,Aeroflot,2025-07-11,16:58:00,70
SU7351,Red Wings,2024-09-06,11:34:06,45
SU8491,S7 Airlines,2025-02-26,23:36:49,49
WZ588,Pobeda,2024-09-13,13:59:15,175
FV4727,Nordwind,2024-06-11,09:50:36,139
UT8545,Aeroflot,2025-07-15,14:49:25,85
WZ6102,Utair,2024-07-15,08:10:44,171
FV9000,Nordwind,2024-02-10,17:36:16,156
N49268,Nordwind,2024-12-03,07:12:45,199
FV6010,Pobeda,2024-07-03,09:42:29,287
FV1661,Ural Airlines,2025-07-07,20:54:24,1
U6277,Ural Airlines,2024-03-25,00:54:27,41
DP836,Rossiya,2025-11-13,09:03:35,19
UT5172,Pobeda,2024-07-05,11:23:53,225
WZ3774,Ural Airlines,2024-07-21,14:18:43,292
UT9251,Nordwind,2025-01-24,23:23:41,266
U61880,Pobeda,2024-04-20,06:58:03,253
DP1202,S7 Airlines,2025-01-11,20:38:28,13
WZ1583,Aeroflot,2025-04-04,11:43:55,69
DP1463,Rossiya,2025-12-24,19:13:47,118
FV5075,Aeroflot,2025-09-07,06:50:50,144
FV2723,Ural Airlines,2024-12-26,09:51:23,91
DP1583,Rossiya,2025-07-12,01:37:09,45
U68213,Ural Airlines,2024-08-12,20:27:03,72
FV1693,Aeroflot,2025-11-20,17:22:06,101
SU4856,Nordwind,2025-09-15,05:48:58,121
N46119,Aeroflot,2025-01-05,11:10:25,286
SU1398,S7 Airlines,2025-04-28,10:30:11,101
UT5991,Pobeda,2025-01-18,08:19:47,63
S73346,S7 Airlines,2024-09-06,02:53:26,12
WZ5819,Aeroflot,2025-05-27,06:59:36,259
N48844,Nordwind,2025-12-12,06:04:20,157
WZ4374,S7 Airlines,2024-02-09,04:51:56,182
SU3250,Utair,2025-02-13,07:40:39,153
FV505,Aeroflot,2025-11-15,08:31:44,231
FV5656,Utair,2025-04-15,20:32:40,36
FV4111,Ural Airlines,2024-02-14,07:44:15,196
U62807,Red Wings,2025-04-01,19:34:22,136
FV2529,Pobeda,2024-06-24,01:54:20,267
S71922,Pobeda,2025-08-27,19:47:32,50
FV1836,Rossiya,2025-11-08,15:26:48,260
UT1568,S7 Airlines,2025-05-20,16:04:51,203
FV7712,Pobeda,2025-02-25,01:38:48,238
U63219,Aeroflot,2025-05-19,01:05:54,184
FV9742,Red Wings,2025-12-11,12:02:20,132
U61753,Aeroflot,2024-01-27,07:03:33,61
FV2191,Rossiya,2024-03-08,11:01:00,123
DP2494,Aeroflot,2024-01-21,12:12:57,172
WZ7273,Utair,2024-12-22,10:46:09,194
UT5530,S7 Airlines,2024-03-20,18:35:00,262
SU6111,Pobeda,2024-07-26,01:50:58,38
SU2995,Aeroflot,2025-12-03,21:02:01,181
U64882,Utair,2025-12-12,18:43:31,21
SU1785,Rossiya,2025-08-02,15:37:59,187
S72060,Nordwind,2025-11-08,15:36:39,72
S78881,Ural Airlines,2025-11-07,05:09:16,18
DP1673,Nordwind,2024-12-18,13:22:16,34
S77379,Pobeda,2025-06-08,17:53:57,5
FV4748,Pobeda,2024-11-07,20:29:19,128
FV1294,Red Wings,2025-08-05,15:50:29,167
N48316,Pobeda,2025-09-05,00:10:40,197
S76188,Aeroflot,2025-09-03,15:06:56,19
N4855,Rossiya,2024-08-17,08:06:02,169
N45574,Red Wings,2025-01-21,23:00:32,295
N43532,Red Wings,2024-02-09,23:16:21,297
S72676,Pobeda,2024-10-28,07:27:46,53
WZ617,Pobeda,2025-12-22,13:10:11,283
S71544,Utair,2025-09-19,01:27:56,145
U65321,Pobeda,2025-11-02,20:46:10,276
FV8385,Rossiya,2025-01-14,04:39:49,51
WZ3534,Pobeda,2024-08-04,00:31:17,235
U67485,Red Wings,2024-04-06,00:07:55,1
DP6721,Aeroflot,2024-10-04,22:58:36,231
UT5987,Rossiya,2024-02-16,06:07:42,259
SU6885,Rossiya,2024-04-16,10:21:34,292
SU3331,S7 Airlines,2025-03-27,16:32:53,163
UT1374,Pobeda,2024-11-12,21:59:26,195
UT869,Aeroflot,2024-06-27,09:29:36,22
SU5425,Aeroflot,2024-10-13,08:22:10,115
UT7515,Utair,2024-09-24,20:30:03,205
UT2528,Ural Airlines,2024-10-21,21:24:14,110
U65829,Aeroflot,2024-03-20,23:42:26,7
FV9938,Rossiya,2025-11-21,06:36:39,175
U66036,S7 Airlines,2024-09-05,19:09:36,124
WZ9067,S7 Airlines,2024-01-24,02:22:54,232
SU6417,Red Wings,2025-02-15,17:29:31,65
SU2565,Utair,2025-09-06,13:47:23,221
UT3240,Rossiya,2025-08-28,06:01:09,271
DP655,Rossiya,2024-12-04,18:39:28,80
N46307,Aeroflot,2025-07-02,12:53:26,42
UT6605,Rossiya,2024-02-04,01:08:38,7
U65122,Nordwind,2025-10-21,07:57:33,179
FV3065,Utair,2024-04-24,09:30:21,6
DP421,Aeroflot,2025-07-23,04:35:34,205
U64965,Aeroflot,2024-01-28,19:14:28,291
WZ100,Ural Airlines,2025-10-02,23:50:57,46
N42547,Nordwind,2024-07-05,02:12:33,283
UT788,Pobeda,2025-12-08,21:04:59,146
DP2519,Rossiya,2025-02-09,15:37:43,56
SU6642,Nordwind,2024-08-24,05:40:30,175
WZ5221,Red Wings,2025-09-14,00:48:31,297
UT7180,Aeroflot,2025-04-04,05:43:46,243
FV144,Utair,2024-10-15,10:38:30,21
DP4287,S7 Airlines,2024-03-02,00:24:32,101
S71190,Aeroflot,2024-03-02,00:26:59,124
WZ2719,Rossiya,2024-02-18,08:42:17,9
U63105,S7 Airlines,2025-02-02,07:40:38,243
S72136,Red Wings,2025-07-13,06:35:54,148
WZ2135,Pobeda,2025-07-26,17:46:46,206
S75968,S7 Airlines,2024-07-27,10:21:53,84
WZ6659,Ural Airlines,2024-02-27,18:19:40,131
WZ3562,Ural Airlines,2025-04-21,03:39:20,92
U62612,Aeroflot,2024-05-10,22:47:24,294
WZ4501,Aeroflot,2024-12-21,20:53:59,170
WZ7815,Utair,2024-04-23,11:22:11,33
WZ9055,Utair,2024-03-16,23:33:23,38
N42481,Aeroflot,2025-08-04,08:08:48,300
N42445,Red Wings,2025-08-27,10:27:55,174
SU7052,Aeroflot,2024-06-10,11:16:48,266
UT8890,Nordwind,2025-02-05,18:49:15,184
S73690,Rossiya,2024-11-03,13:52:50,300
U64793,S7 Airlines,2024-09-19,17:21:10,95
WZ8872,S7 Airlines,2024-03-01,23:02:32,126
S78074,Utair,2024-01-18,16:34:08,39
WZ1410,Aeroflot,2025-08-07,08:30:49,34
UT5490,Nordwind,2025-07-09,12:31:00,251
U61239,Nordwind,2025-11-20,21:24:03,152
FV8727,Nordwind,2025-10-10,02:34:28,227
WZ4103,Red Wings,2024-12-28,18:52:48,24
WZ9915,Ural Airlines,2024-10-15,04:00:25,227
S71749,Nordwind,2025-03-09,21:06:14,95
DP9972,Aeroflot,2025-05-13,04:45:29,157
SU8559,S7 Airlines,2025-08-08,11:50:34,163
WZ5287,Ural Airlines,2025-05-05,01:12:59,21
U69509,Aeroflot,2024-02-02,04:56:30,120
FV9869,Utair,2025-01-03,17:55:43,96
DP4643,S7 Airlines,2025-03-08,14:04:43,210
FV177,Nordwind,2024-12-19,11:39:59,281
SU8004,Pobeda,2025-07-09,03:11:06,222
N48337,Nordwind,2024-04-27,09:39:31,188
DP4727,Utair,2025-05-26,03:39:48,27
UT7120,S7 Airlines,2025-08-12,16:20:52,80
N43462,Ural Airlines,2024-05-14,15:27:21,166
WZ9794,Pobeda,2024-07-16,20:20:55,86
N44721,S7 Airlines,2025-08-11,07:02:58,116
SU5871,S7 Airlines,2025-10-02,11:56:15,193
UT5221,Pobeda,2024-03-18,16:09:28,49
S74215,Rossiya,2025-01-03,16:50:04,101
WZ2325,Pobeda,2025-09-21,12:31:03,282
DP7602,Pobeda,2024-02-26,08:59:01,76
U68563,Red Wings,2025-04-23,20:19:13,88
N46171,Ural Airlines,2025-05-18,05:44:32,256
SU3984,Aeroflot,2024-12-15,21:25:25,130
WZ9563,Nordwind,2025-07-14,18:53:04,247
N47538,Rossiya,2024-03-21,03:27:19,5
DP3555,Utair,2024-05-20,10:31:27,276
U69606,Utair,2025-02-28,04:53:22,175
WZ4213,Ural Airlines,2025-04-16,18:28:03,131
DP3813,Utair,2025-02-26,07:02:22,207
U63367,Aeroflot,2025-05-16,03:33:38,226
SU4013,Rossiya,2025-11-02,22:33:30,271
S75333,Nordwind,2025-07-01,20:06:29,211
WZ9622,Ural Airlines,2024-03-04,20:10:16,102
FV323,Utair,2024-07-16,18:45:24,207
S78442,Red Wings,2025-12-28,00:53:42,265
N41892,S7 Airlines,2025-10-15,22:07:03,42
FV6269,Utair,2024-08-02,04:10:22,55
S75053,Nordwind,2024-03-27,09:47:34,255
DP6635,Rossiya,2024-04-22,02:11:30,142
U62173,S7 Airlines,2025-03-19,06:31:42,53
WZ326,Nordwind,2025-01-19,07:29:54,120
UT719,S7 Airlines,2025-08-21,12:09:53,9
UT3202,Utair,2025-05-23,21:47:10,8
WZ9958,Aeroflot,2025-05-27,19:52:18,150
N47122,Nordwind,2025-11-04,20:47:26,271
S74307,Nordwind,2024-11-28,11:57:09,2
S76898,S7 Airlines,2025-10-03,16:45:26,218
UT8862,Aeroflot,2024-12-24,04:43:00,80
U66434,S7 Airlines,2024-03-27,11:29:21,96
DP8503,Pobeda,2024-04-01,10:27:15,95
FV638,Rossiya,2024-10-01,00:15:08,66
WZ1513,Aeroflot,2024-05-27,15:06:58,266
DP8663,Aeroflot,2025-12-21,08:04:09,51
WZ1582,Pobeda,2024-10-09,07:29:57,294
FV2416,Ural Airlines,2024-08-26,13:02:49,31
DP861,Aeroflot,2024-09-14,17:18:57,152
UT5716,Utair,2025-11-12,04:21:09,32
DP8849,Aeroflot,2024-07-10,13:01:52,102
DP943,Rossiya,2024-12-10,08:31:47,220
DP9575,Aeroflot,2024-03-03,21:12:09,175
SU4330,S7 Airlines,2024-09-26,02:11:06,113
N42676,Utair,2024-09-10,05:51:02,30
UT255,S7 Airlines,2025-04-01,12:54:45,297
N45557,Nordwind,2024-08-13,21:06:24,134
UT7673,Utair,2025-06-24,09:13:00,36
U69255,Utair,2025-12-11,07:38:15,193
FV2454,Utair,2025-09-16,01:13:13,96
S77827,Red Wings,2025-10-07,19:50:43,206
DP5744,Red Wings,2024-07-26,06:42:48,47
S73166,Nordwind,2025-11-03,03:24:05,61
SU8852,Utair,2024-11-06,09:26:19,19
FV309,Aeroflot,2025-05-03,01:47:33,219
UT9564,Nordwind,2024-10-27,16:44:09,26
DP1355,Pobeda,2024-02-25,08:10:20,117
DP7550,Pobeda,2025-06-09,19:05:20,160
FV6398,Aeroflot,2025-09-17,04:01:42,277
FV1901,Rossiya,2025-01-19,03:30:20,254
DP7633,Utair,2024-03-09,11:46:51,244
U6413,Nordwind,2025-12-02,01:53:14,144
WZ6237,Ural Airlines,2024-08-10,15:45:38,87
UT7383,Nordwind,2025-02-17,23:59:18,6
SU303,Utair,2024-06-11,23:31:42,125
DP5159,Rossiya,2025-09-19,16:31:12,128
N45404,S7 Airlines,2024-05-06,07:19:02,124
WZ9271,Utair,2024-07-24,20:52:57,66
UT4619,Rossiya,2025-07-03,18:29:13,268
N49713,S7 Airlines,2025-07-09,17:07:35,96
N43957,S7 Airlines,2024-09-23,21:32:20,24
UT8323,Rossiya,2024-05-27,01:08:45,95
DP3485,Aeroflot,2025-10-05,23:01:59,54
U67271,Ural Airlines,2024-06-26,17:32:30,169
SU4104,Rossiya,2024-03-06,03:45:07,222
S78597,Rossiya,2024-12-08,03:42:41,26
UT6934,Pobeda,2025-05-05,07:02:31,61
SU2951,Utair,2024-03-10,19:09:44,0
WZ1446,Red Wings,2024-04-07,05:17:34,268
SU6594,Pobeda,2025-06-03,00:05:14,179
S75284,Ural Airlines,2025-06-11,06:25:03,41
SU5372,Pobeda,2024-01-01,12:20:12,96
DP8448,S7 Airlines,2025-05-03,13:55:31,100
U67356,Ural Airlines,2025-12-11,11:43:06,219
DP958,Ural Airlines,2024-03-01,19:19:21,142
DP897,Pobeda,2024-05-19,00:03:37,269
DP9229,Rossiya,2025-11-25,06:09:07,248
SU2974,Aeroflot,2025-04-09,01:50:47,222
WZ3839,Red Wings,2024-06-02,18:32:28,183
FV9561,Rossiya,2024-12-27,07:49:42,82
FV8567,Nordwind,2025-02-12,08:28:23,237
UT8522,Pobeda,2024-09-20,11:41:24,53
U67868,Rossiya,2025-01-07,05:37:04,65
WZ4808,Pobeda,2025-04-09,19:50:58,207
FV161,Red Wings,2025-06-28,16:05:06,234
U65554,Utair,2024-03-28,00:52:41,138
UT2275,S7 Airlines,2024-06-13,16:35:15,6
S77441,Rossiya,2025-08-07,02:08:53,175
U68396,S7 Airlines,2025-05-20,06:59:46,64
U64625,Utair,2024-02-18,09:57:38,279
UT5488,Rossiya,2025-05-15,14:05:53,234
U69543,Utair,2024-08-01,15:04:01,24
SU3084,Utair,2024-08-06,04:51:32,104
S72779,Red Wings,2024-10-08,22:48:28,1
N46107,S7 Airlines,2024-05-08,07:29:12,174
U63602,S7 Airlines,2025-11-20,08:19:03,297
UT8413,Red Wings,2025-06-07,06:39:21,54
WZ156,Ural Airlines,2024-09-23,12:20:44,193
DP1713,Rossiya,2024-09-26,02:06:10,130
UT3966,Aeroflot,2025-05-10,19:21:42,9
N44900,Pobeda,2024-06-05,12:22:28,161
N41072,Rossiya,2025-01-13,08:51:26,150
UT4255,Nordwind,2025-03-28,01:39:40,6
SU9206,Red Wings,2024-04-18,11:30:03,34
U62128,Red Wings,2024-07-26,17:54:20,238
WZ9868,Pobeda,2025-06-03,05:29:59,227
WZ3664,Aeroflot,2025-06-03,07:06:03,300
N46117,Utair,2025-03-16,06:17:14,205
N49106,Nordwind,2024-12-13,13:11:34,263
SU983,Ural Airlines,2025-11-02,22:44:26,222
S77916,Ural Airlines,2025-09-05,16:13:09,295
FV3103,Utair,2025-05-06,20:20:06,256
S74210,Aeroflot,2025-06-02,16:17:18,203
S77954,Pobeda,2025-02-28,20:58:12,128
N46306,Aeroflot,2025-10-28,07:00:30,166
WZ5807,Aeroflot,2025-10-11,12:10:13,10
S76312,S7 Airlines,2024-02-21,02:17:01,147
DP2187,Utair,2024-07-16,16:20:50,276
FV4952,Pobeda,2024-05-23,10:02:55,79
FV7804,Utair,2025-06-18,03:44:51,234
N45864,S7 Airlines,2025-08-10,22:51:21,216
U69857,S7 Airlines,2025-10-24,21:06:44,46
UT729,Pobeda,2024-12-17,21:34:28,254
WZ2492,Rossiya,2025-03-12,03:55:20,207
WZ581,Red Wings,2025-11-04,13:25:22,27
WZ4114,Aeroflot,2025-01-26,19:07:24,179
N43518,Ural Airlines,2024-09-03,03:06:55,178
S75261,Ural Airlines,2025-12-05,14:06:11,233
FV1720,Nordwind,2024-09-23,06:37:57,154
S72364,S7 Airlines,2024-10-14,14:08:43,298
S79791,Aeroflot,2025-11-04,00:17:34,11
UT5943,Pobeda,2024-04-26,22:31:11,96
U61819,Nordwind,2025-01-26,11:39:47,92
SU180,Nordwind,2024-04-03,06:02:57,99
N42611,Nordwind,2024-12-07,09:16:04,82
DP9162,Rossiya,2025-03-08,17:55:10,153
U63668,Ural Airlines,2025-06-27,17:32:12,71
UT4608,Ural Airlines,2025-08-20,05:26:04,258
DP759,Pobeda,2025-12-03,15:43:57,176
N42533,Aeroflot,2024-03-14,02:18:10,99
DP5392,Ural Airlines,2025-07-08,06:21:27,59
FV4338,Rossiya,2024-03-19,12:53:27,52
WZ110,Utair,2024-07-23,05:45:32,155
UT7927,Aeroflot,2024-10-16,17:59:36,267
SU9331,Pobeda,2024-07-25,23:08:55,101
DP7799,Red Wings,2024-09-06,05:39:08,173
SU4059,Pobeda,2024-05-05,05:01:44,206
U62581,Pobeda,2025-03-24,20:01:35,57
SU3216,Red Wings,2024-09-12,15:46:31,266
U62691,Pobeda,2025-09-13,23:31:20,168
S72212,Ural Airlines,2025-09-23,14:13:31,56
UT4822,Pobeda,2024-03-25,03:56:07,240
FV5438,S7 Airlines,2024-04-11,18:32:10,237
U63712,Utair,2024-07-12,15:15:40,188
UT9487,Red Wings,2024-09-12,04:53:08,23
DP9974,Ural Airlines,2024-04-08,12:25:51,174
UT8212,Pobeda,2024-02-20,04:44:40,144
WZ6620,Utair,2025-05-20,16:38:48,169
WZ3425,Red Wings,2025-01-22,00:49:25,54
FV9891,Ural Airlines,2025-03-12,07:29:29,1
WZ6358,Utair,2025-08-19,01:23:45,162
N42445,Nordwind,2024-11-16,22:36:20,160
SU5441,Red Wings,2024-03-18,00:41:55,188
SU3845,Aeroflot,2025-02-26,21:36:27,133
WZ2713,Pobeda,2024-04-21,20:56:32,63
WZ6672,S7 Airlines,2025-03-02,09:02:11,113
N49370,Nordwind,2025-11-11,16:16:33,135
SU9850,Aeroflot,2025-06-08,00:35:27,44
U63812,Pobeda,2024-03-27,20:13:01,226
WZ3777,S7 Airlines,2025-06-11,19:50:16,108
FV5203,S7 Airlines,2024-07-14,14:27:46,3
DP881,Pobeda,2025-08-11,09:27:23,39
S72844,Aeroflot,2024-01-16,16:00:35,242
N46645,Utair,2025-12-21,00:03:42,156
DP2574,Aeroflot,2025-08-07,22:30:29,256
U66676,Rossiya,2025-09-10,02:21:41,223
SU5380,Ural Airlines,2024-05-01,13:58:01,0
UT3716,Red Wings,2025-08-01,14:36:50,277
FV8767,S7 Airlines,2025-07-20,11:23:08,141
S73070,S7 Airlines,2024-07-16,05:08:13,228
N48711,Red Wings,2025-05-24,04:15:12,244
S78150,S7 Airlines,2024-06-07,13:16:59,59
UT9152,Nordwind,2024-08-03,21:11:04,232
N4327,Aeroflot,2024-02-09,22:57:47,89
SU4926,Ural Airlines,2025-09-05,23:33:16,272
FV7012,Ural Airlines,2024-11-03,19:51:59,205
SU6748,Aeroflot,2024-08-11,17:40:24,285
SU6756,Rossiya,2024-02-14,16:26:23,242
N48444,Aeroflot,2025-10-11,06:21:54,108
UT7794,Red Wings,2025-06-17,11:47:41,197
SU4208,Aeroflot,2024-08-13,18:27:49,151
SU7458,Red Wings,2024-11-23,21:21:36,123
U65642,Nordwind,2025-07-05,16:32:26,265
WZ3570,Pobeda,2025-04-15,19:29:41,272
FV3449,Nordwind,2025-04-17,14:01:26,33
DP7314,Utair,2024-11-04,02:23:19,245
FV2296,Nordwind,2025-10-07,17:27:12,52
DP7993,Pobeda,2024-08-13,08:49:02,129
FV4229,Pobeda,2025-04-18,05:15:10,41
U66000,S7 Airlines,2025-01-21,15:54:05,192
DP193,Aeroflot,2024-08-25,04:02:35,250
S78808,Pobeda,2025-11-02,09:58:05,145
S74449,Ural Airlines,2025-10-28,13:20:40,244
FV7572,Aeroflot,2025-06-03,07:03:39,298
SU4935,Utair,2024-02-11,19:22:29,66
UT3257,Ural Airlines,2024-08-19,05:29:48,60
WZ4597,S7 Airlines,2024-04-27,22:07:18,284
FV9560,Pobeda,2025-02-05,09:10:46,18
UT7135,Nordwind,2025-09-24,08:59:06,46
N47420,Pobeda,2025-07-02,21:36:17,162
UT3563,Red Wings,2025-06-02,02:53:13,174
SU1383,Ural Airlines,2025-02-13,02:23:53,284
U61169,Pobeda,2025-07-13,01:11:05,150
FV9760,Nordwind,2025-08-07,15:20:52,171
FV5209,Pobeda,2025-12-23,02:14:46,73
S71156,Rossiya,2024-02-18,01:46:35,59
FV9498,Ural Airlines,2025-01-03,11:18:13,8
N44263,Rossiya,2024-01-16,03:56:38,137
UT7137,Nordwind,2025-06-18,19:33:20,24
WZ6262,Nordwind,2024-11-14,02:55:53,13
DP8541,Aeroflot,2024-08-21,05:11:32,122
SU8508,Utair,2025-11-04,18:07:40,251
SU7987,Ural Airlines,2025-07-08,04:33:07,173
U63199,S7 Airlines,2024-08-25,20:54:44,95
WZ4578,Nordwind,2024-08-13,01:18:57,294
S73038,Aeroflot,2024-05-23,01:31:17,7
DP6149,Rossiya,2024-05-27,01:25:29,168
UT6100,Ural Airlines,2024-03-08,08:42:11,217
DP4323,Ural Airlines,2025-12-08,21:47:12,129
WZ295,Ural Airlines,2025-09-08,02:41:31,93
FV3334,Pobeda,2025-02-04,01:05:26,56
FV4479,Rossiya,2025-02-24,08:27:58,224
N45253,S7 Airlines,2024-12-06,07:59:02,32
U69608,Utair,2025-06-08,10:32:46,10
N45198,Utair,2024-09-02,00:09:02,32
FV1762,Nordwind,2024-11-19,09:19:18,7
DP4432,Nordwind,2025-08-17,08:17:15,54
DP5402,S7 Airlines,2024-07-03,15:07:13,33
S78214,Utair,2024-07-25,03:51:06,196
U67408,Nordwind,2025-01-24,20:38:40,215
FV2185,Utair,2025-12-24,14:21:54,175
WZ9493,Ural Airlines,2024-07-18,12:11:12,105
U64032,Red Wings,2025-07-09,09:04:07,214
UT475,S7 Airlines,2025-10-14,20:54:31,54
DP6591,Ural Airlines,2024-11-20,19:00:25,64
UT9593,S7 Airlines,2025-11-28,21:09:46,93
WZ1972,Utair,2025-03-04,08:59:39,241
UT1177,Red Wings,2025-02-22,03:49:12,94
UT9372,S7 Airlines,2024-01-06,08:29:30,5
UT2109,S7 Airlines,2025-12-03,07:34:08,53
N47278,Ural Airlines,2025-03-12,23:19:01,294
S76800,Nordwind,2025-03-02,05:57:23,116
S71596,Pobeda,2024-04-05,05:57:31,221
UT8013,Aeroflot,2024-05-21,15:18:51,218
FV8671,S7 Airlines,2024-05-10,08:57:22,189
U6447,Utair,2024-06-07,07:54:43,240
DP4096,S7 Airlines,2025-10-15,06:24:08,134
UT4707,Ural Airlines,2025-12-05,23:01:03,97
UT9325,Ural Airlines,2025-11-03,22:48:36,266
FV3332,Red Wings,2024-11-16,11:19:48,283
DP9380,Ural Airlines,2025-12-16,09:21:59,175
SU225,Utair,2024-09-22,12:44:04,165
N47894,Utair,2025-02-22,18:10:45,131
S73029,Red Wings,2024-09-22,21:10:12,77
DP8315,Utair,2025-10-17,04:57:49,121
DP2752,Ural Airlines,2024-05-01,03:59:09,17
SU2873,Red Wings,2025-04-13,17:55:22,224
SU3092,Utair,2025-09-23,21:02:31,147
FV3437,S7 Airlines,2025-04-09,09:25:54,44
UT8889,Red Wings,2025-05-26,11:38:59,133
U66997,Nordwind,2025-11-10,06:28:01,7
DP9043,Ural Airlines,2024-08-16,13:15:22,202
S75281,Rossiya,2024-10-14,15:04:50,203
S75077,Ural Airlines,2025-05-22,04:56:01,157
N47858,Pobeda,2025-05-19,19:25:56,73
U67015,Utair,2024-09-24,08:36:34,127
S77600,Ural Airlines,2025-09-04,08:46:09,66
SU6166,Aeroflot,2025-09-03,07:39:14,149
U69906,Pobeda,2025-07-07,02:25:25,293
WZ302,Ural Airlines,2024-07-09,00:32:18,204
N43658,Nordwind,2024-11-04,03:51:13,146
N44721,Aeroflot,2024-12-02,21:27:48,267
FV1630,Aeroflot,2024-08-28,10:58:56,251
UT8474,Red Wings,2025-02-11,16:48:29,261
U62663,Utair,2025-01-10,02:30:47,24
WZ5322,Utair,2024-11-04,10:33:11,267
UT3369,Aeroflot,2025-10-12,10:07:33,2
U63420,Nordwind,2024-06-22,16:55:32,147
SU746,S7 Airlines,2025-11-28,19:49:23,54
SU1811,Pobeda,2024-09-22,01:17:17,33
S75373,Ural Airlines,2024-11-16,21:32:03,70
S75293,Aeroflot,2025-07-18,13:19:59,164
UT2761,Ural Airlines,2025-12-10,03:53:03,98
WZ9219,Utair,2024-07-12,01:08:01,267
DP1480,Rossiya,2025-09-10,14:19:03,32
SU6507,Red Wings,2024-04-16,01:53:40,213
N42136,Nordwind,2024-09-10,04:25:23,81
WZ9079,S7 Airlines,2024-05-06,11:30:06,171
N49021,Rossiya,2025-06-28,15:27:18,99
N44470,S7 Airlines,2024-09-25,10:36:59,113
U61838,Rossiya,2024-11-20,06:01:23,60
FV6723,S7 Airlines,2024-02-06,04:23:00,149
WZ9832,Ural Airlines,2025-03-10,03:35:15,259
FV9469,Ural Airlines,2024-04-28,07:39:54,218
WZ7290,Pobeda,2024-03-08,03:03:12,115
FV5954,Red Wings,2024-03-28,08:25:51,152
SU522,Aeroflot,2025-03-04,02:33:03,0
WZ8403,Nordwind,2024-09-27,08:17:07,245
WZ8800,Pobeda,2025-01-08,03:44:07,145
WZ3893,Utair,2024-11-17,18:55:31,259
FV2570,S7 Airlines,2024-01-25,06:50:59,277
S73012,Aeroflot,2024-04-26,23:30:35,59
DP369,Pobeda,2024-02-02,15:56:15,135
N44279,Ural Airlines,2025-01-20,06:44:01,114
SU439,Utair,2025-03-11,23:53:07,79
FV2749,S7 Airlines,2024-06-20,09:36:44,80
U63101,Nordwind,2024-03-21,13:43:21,56
DP3664,Aeroflot,2024-05-07,12:10:44,229
U67321,Pobeda,2024-05-08,11:24:45,152
DP2372,Nordwind,2025-03-01,06:03:39,180
UT9276,Aeroflot,2024-12-21,21:39:55,198
UT9335,Aeroflot,2025-11-10,16:50:27,12
SU4539,Nordwind,2024-11-19,20:24:46,32
S71403,Ural Airlines,2025-11-23,23:16:09,233
SU6718,Rossiya,2024-06-17,04:24:54,146
DP8012,Rossiya,2025-06-10,00:25:42,236
N48246,Utair,2025-07-17,09:47:36,247
FV6393,Rossiya,2025-10-15,13:39:26,180
S74524,S7 Airlines,2025-04-08,03:23:36,139
SU5689,Nordwind,2024-01-22,18:12:24,237
U63185,Pobeda,2024-05-25,05:46:12,76
FV9262,Ural Airlines,2025-02-03,16:44:33,202
U61434,Aeroflot,2024-05-06,11:22:09,81
U66798,Red Wings,2025-08-09,05:00:10,92
U64598,Rossiya,2025-09-18,18:02:36,176
WZ7775,Aeroflot,2025-11-09,00:21:00,81
S78284,Red Wings,2024-04-21,06:28:53,152
S75385,Utair,2024-12-01,11:10:24,234
FV9499,Red Wings,2024-07-16,15:35:16,251
U67501,Utair,2024-02-07,20:54:13,122
WZ3328,S7 Airlines,2025-04-15,00:38:40,86
N49648,Nordwind,2024-01-19,04:51:39,272
S77566,Utair,2025-05-28,00:53:33,75
WZ5433,S7 Airlines,2024-11-23,08:27:51,14
N41462,Red Wings,2024-01-28,20:35:35,233
WZ5986,Red Wings,2024-01-13,13:20:07,19
SU8304,Pobeda,2024-02-20,14:24:43,62
WZ1519,Nordwind,2024-12-27,11:13:16,132
UT302,Rossiya,2025-12-12,11:51:17,22
WZ7195,Utair,2024-05-10,03:29:39,42
WZ5766,Rossiya,2025-04-20,00:35:34,196
FV1647,Rossiya,2025-07-20,01:32:03,55
DP6033,Aeroflot,2025-06-24,10:29:07,120
DP3076,Ural Airlines,2024-01-02,09:27:54,108
WZ4868,Rossiya,2024-06-02,11:34:08,40
U63437,Nordwind,2024-09-20,13:02:47,289
N45743,S7 Airlines,2024-09-24,18:24:15,254
SU7079,Utair,2024-08-21,22:46:31,16
WZ4254,Pobeda,2025-06-02,22:03:26,76
DP5149,Utair,2024-12-04,05:10:13,196
U65648,Rossiya,2024-04-16,21:02:58,244
U62338,Rossiya,2025-04-02,01:18:32,124
DP9345,Pobeda,2025-07-14,01:39:42,44
UT959,Aeroflot,2024-09-16,17:23:57,196
UT8890,Rossiya,2024-01-01,13:44:42,2
WZ5008,Nordwind,2025-07-04,10:52:35,107
DP618,S7 Airlines,2024-10-18,21:54:16,127
S71289,Ural Airlines,2025-08-22,21:08:28,283
N48203,Utair,2025-05-01,07:58:24,257
S76657,Nordwind,2025-08-25,07:11:06,128
WZ8361,Aeroflot,2024-10-05,21:05:45,257
DP5563,Red Wings,2024-03-15,23:21:19,91
FV9752,Nordwind,2024-02-25,20:51:38,279
N42762,Utair,2025-04-15,20:51:59,260
UT8773,Nordwind,2024-10-18,11:50:16,270
SU8557,Red Wings,2024-05-09,18:08:48,159
DP3021,S7 Airlines,2025-08-07,10:03:32,96
FV3116,Pobeda,2024-10-24,23:25:04,229
UT9916,Ural Airlines,2024-04-01,02:47:51,294
UT2447,Red Wings,2025-04-04,03:36:52,96
WZ1062,Nordwind,2024-08-16,19:07:01,170
DP3221,Ural Airlines,2025-12-04,04:11:38,2
WZ1460,Nordwind,2024-06-21,16:51:04,14
S77686,Pobeda,2025-05-13,14:44:38,6
DP5101,S7 Airlines,2025-01-17,03:05:15,40
S73682,Aeroflot,2024-11-20,09:41:13,271
WZ769,Pobeda,2024-05-22,01:54:30,50
N49653,Ural Airlines,2025-04-08,23:16:47,217
S77566,Nordwind,2024-04-18,18:54:34,76
U63162,Red Wings,2025-02-01,15:39:58,164
FV9459,S7 Airlines,2024-10-02,10:10:10,241
N41621,Nordwind,2025-07-23,00:07:40,103
UT4566,Pobeda,2024-02-03,21:50:29,181
DP3700,Aeroflot,2025-09-13,19:55:01,193
SU1080,Rossiya,2024-06-08,19:58:41,151
UT1480,Ural Airlines,2024-04-25,12:50:47,17
N46603,Pobeda,2025-05-17,17:07:53,90
WZ8155,Rossiya,2024-06-23,12:26:38,180
U62137,Pobeda,2024-10-11,12:13:04,43
N4410,Aeroflot,2024-09-25,03:16:39,283
UT4955,Aeroflot,2024-02-24,18:46:54,160
WZ3754,Aeroflot,2024-11-21,13:28:00,142
SU3741,Utair,2025-09-11,17:32:14,229
UT3627,Pobeda,2024-08-25,07:12:19,300
WZ9038,S7 Airlines,2024-09-03,20:40:42,107
UT5621,Nordwind,2024-10-05,09:04:49,55
N44740,Aeroflot,2024-05-22,01:35:48,170
U66714,Nordwind,2024-10-07,11:55:49,155
U67165,Aeroflot,2025-12-04,08:43:04,184
S73557,Aeroflot,2024-01-21,16:04:20,208
SU1955,Aeroflot,2024-05-27,04:35:24,13
N47699,Pobeda,2025-05-05,01:52:10,15
S74469,Utair,2025-11-20,09:13:53,58
S71023,Red Wings,2025-09-19,05:17:12,54
WZ194,Ural Airlines,2024-08-13,08:19:33,231
FV9516,S7 Airlines,2024-03-22,20:49:10,36
DP1426,Rossiya,2024-09-26,03:48:16,128
N42389,Pobeda,2024-04-03,03:44:23,171
S79257,Red Wings,2024-11-08,14:49:43,286
WZ2310,Nordwind,2024-12-01,13:06:50,222
DP509,Ural Airlines,2025-09-01,23:30:32,248
FV7630,S7 Airlines,2025-05-17,01:37:35,94
FV4033,Red Wings,2024-02-14,11:30:48,187
SU3661,Aeroflot,2025-10-26,21:12:28,114
DP9808,Rossiya,2025-12-01,13:39:05,112
U67532,Ural Airlines,2025-09-14,09:12:50,189
U66650,Rossiya,2024-04-19,14:04:06,294
U64630,Aeroflot,2024-10-20,17:02:05,98
DP4105,Ural Airlines,2025-01-19,08:37:08,73
U65309,Ural Airlines,2025-08-15,14:29:19,158
FV6176,Pobeda,2025-03-20,04:55:13,169
SU7483,Nordwind,2024-02-17,06:58:45,142
S75229,Ural Airlines,2025-05-14,15:35:28,232
SU7233,Ural Airlines,2025-12-04,10:28:09,196
UT459,Aeroflot,2025-03-15,14:53:59,137
N42626,Nordwind,2025-01-16,13:23:20,212
UT5424,Pobeda,2025-07-12,14:16:59,110
WZ5501,Rossiya,2024-09-18,11:18:08,82
FV6239,S7 Airlines,2024-10-24,00:34:12,197
WZ6097,Red Wings,2024-09-04,11:54:16,36
S78427,Rossiya,2024-12-15,05:03:58,133
DP644,Aeroflot,2025-09-08,17:20:53,106
WZ376,Ural Airlines,2025-09-17,05:47:30,87
S78519,Pobeda,2025-01-17,20:53:05,156
S78111,Aeroflot,2024-02-26,21:50:00,116
SU8390,S7 Airlines,2024-03-21,11:47:43,74
S72863,Aeroflot,2025-11-18,15:47:07,92
U65876,Ural Airlines,2025-09-03,20:39:55,295
WZ7441,Aeroflot,2024-05-13,04:41:28,125
U65023,S7 Airlines,2024-11-28,09:45:39,206
S7395,Pobeda,2025-02-19,13:46:44,279
U67013,Ural Airlines,2024-05-11,12:41:53,97
WZ5664,Utair,2025-03-17,18:59:06,195
N49682,Nordwind,2025-06-09,13:32:01,64
DP9338,Pobeda,2024-02-12,07:17:06,82
S76416,Pobeda,2025-02-24,23:48:13,86
N42899,Rossiya,2025-03-27,03:44:13,220
SU1457,Aeroflot,2024-09-18,19:56:29,93
DP8622,Ural Airlines,2025-09-17,03:17:59,82
N4962,Red Wings,2025-05-08,16:50:32,116
SU9848,Utair,2025-07-07,14:43:49,155
S75291,Nordwind,2025-12-19,12:05:11,137
DP5628,Aeroflot,2024-05-02,09:33:22,98
DP4014,Aeroflot,2025-06-27,09:51:45,167
WZ6125,S7 Airlines,2025-09-12,18:11:42,236
WZ3545,S7 Airlines,2024-05-10,15:35:27,132
DP7735,Nordwind,2024-06-01,02:40:59,105
SU3289,Pobeda,2025-03-14,23:42:52,247
UT5879,Pobeda,2024-01-11,01:46:50,101
S79636,Aeroflot,2025-10-24,01:25:41,153
DP876,Rossiya,2024-01-04,18:24:54,60
FV3991,Utair,2025-06-22,08:53:33,167
FV155,Aeroflot,2024-03-28,11:46:54,274
S76715,Utair,2025-01-26,06:41:26,83
UT1157,Ural Airlines,2025-09-11,06:17:30,228
DP1739,Utair,2025-03-12,21:30:53,68
UT6798,S7 Airlines,2025-11-05,10:58:57,286
WZ9522,Pobeda,2025-10-14,00:41:56,12
WZ8964,Red Wings,2024-08-13,19:10:47,51
UT3087,Red Wings,2024-01-17,09:50:08,85
FV9236,Rossiya,2025-07-07,02:04:04,107
U62907,Aeroflot,2024-02-06,11:34:07,272
UT624,Utair,2025-10-17,11:14:36,294
UT3959,Nordwind,2024-08-05,13:40:59,229
SU617,Red Wings,2024-01-17,07:40:05,279
N47907,Red Wings,2025-08-21,00:33:21,246
U69834,Red Wings,2024-09-01,16:45:06,76
U63075,Aeroflot,2025-03-03,18:48:29,256
DP2100,Nordwind,2024-08-21,22:16:20,278
FV8089,Red Wings,2024-10-24,21:58:12,44
U67852,Red Wings,2024-10-12,04:37:20,298
U67377,Utair,2024-07-14,10:30:45,192
WZ9750,S7 Airlines,2024-08-09,03:44:32,278
SU3879,Rossiya,2024-12-26,16:09:50,116
S75489,Pobeda,2025-09-21,18:51:07,122
WZ3749,Red Wings,2024-06-24,02:43:49,45
WZ7784,Red Wings,2024-06-14,03:36:54,148
UT9239,Ural Airlines,2024-06-19,22:34:57,160
U66377,S7 Airlines,2024-08-21,15:46:10,47
DP1383,Ural Airlines,2025-10-09,16:59:18,27
UT3810,Pobeda,2025-09-26,06:34:23,281
DP5497,Aeroflot,2025-03-15,03:12:07,83
U61476,Utair,2025-12-07,00:07:44,253
U68935,Ural Airlines,2024-02-12,13:00:17,164
UT7366,Nordwind,2024-01-04,17:54:10,133
U63792,Nordwind,2025-04-09,19:49:04,254
DP2717,Rossiya,2025-07-07,14:48:26,214
WZ8517,Pobeda,2024-08-25,13:23:33,120
DP8673,Ural Airlines,2025-09-28,03:21:58,2
N43867,Pobeda,2024-12-20,11:22:16,112
S74897,Ural Airlines,2024-11-15,04:57:30,235
N44715,Nordwind,2025-06-03,07:07:25,14
S79032,Aeroflot,2024-06-08,03:34:46,233
S71785,Aeroflot,2025-12-07,01:06:58,244
UT8958,Rossiya,2024-08-22,02:46:38,138
N48863,Utair,2024-11-07,08:02:43,294
S75435,Rossiya,2024-07-09,07:04:41,151
UT5490,Ural Airlines,2025-06-17,01:58:35,43
DP8361,Aeroflot,2024-09-13,17:59:34,68
WZ8126,Pobeda,2024-04-10,15:45:11,69
UT5549,Pobeda,2024-08-16,19:19:26,167
U65101,Pobeda,2025-06-27,16:59:35,54
SU138,S7 Airlines,2025-04-12,07:53:36,156
U65440,Nordwind,2024-09-26,19:03:51,233
WZ6709,Aeroflot,2024-10-23,14:11:41,133
FV777,Pobeda,2025-09-16,23:25:12,130
U62954,Rossiya,2025-07-01,07:02:56,9
WZ7675,Aeroflot,2025-06-14,08:35:13,127
UT325,Ural Airlines,2024-07-25,14:12:32,249
UT670,Rossiya,2025-11-04,02:01:02,265
FV2908,Ural Airlines,2025-04-15,01:36:01,93
SU5477,Aeroflot,2025-01-12,05:52:43,190
N48542,Utair,2025-05-16,23:28:00,149
SU1645,Red Wings,2025-10-22,02:59:31,80
U62586,Pobeda,2024-02-24,15:45:31,242
U61582,S7 Airlines,2025-06-18,18:47:07,157
WZ2315,Red Wings,2024-06-27,09:06:36,100
WZ7932,Rossiya,2024-02-22,08:38:56,175
SU5252,S7 Airlines,2025-09-13,16:26:54,186
SU8920,Red Wings,2024-04-13,18:51:51,285
UT6819,S7 Airlines,2024-08-24,06:51:45,101
UT3541,Red Wings,2024-07-03,22:20:56,78
SU7535,S7 Airlines,2024-05-15,15:58:36,224
U66315,Red Wings,2024-04-15,23:50:32,103
U62404,Pobeda,2025-07-08,09:33:27,264
WZ6145,Ural Airlines,2024-01-07,02:26:28,215
DP5353,Ural Airlines,2024-05-01,03:39:06,185
N4730,Rossiya,2024-04-02,08:35:54,298
UT6249,Rossiya,2025-05-19,22:17:09,157
U61733,Pobeda,2024-08-01,22:47:26,69
U61265,S7 Airlines,2024-03-08,15:21:56,102
UT2477,Utair,2025-07-21,19:07:01,247
S76469,Rossiya,2024-05-26,23:17:58,73
FV899,S7 Airlines,2025-12-28,02:41:15,94
SU7524,Pobeda,2025-09-12,19:32:13,290
N45310,Aeroflot,2025-11-08,23:35:37,151
UT3880,Pobeda,2024-01-12,19:59:46,29
UT4788,S7 Airlines,2025-04-15,23:15:01,169
S7956,Ural Airlines,2024-02-22,13:46:24,71
SU180,Pobeda,2025-06-14,02:22:11,253
U6854,S7 Airlines,2024-10-04,07:29:40,64
DP9157,Rossiya,2024-04-18,13:28:46,6
WZ954,Red Wings,2024-05-26,09:45:56,211
S71435,S7 Airlines,2025-08-26,15:29:54,2
S76445,Ural Airlines,2025-12-01,20:05:04,133
N41134,Rossiya,2025-05-18,22:42:38,189
U62033,Utair,2025-07-13,17:32:29,15
UT5378,Rossiya,2024-09-24,04:05:22,243
UT2357,Rossiya,2024-09-26,15:21:13,207
U66146,Rossiya,2025-04-28,07:13:37,287
FV1503,Ural Airlines,2024-08-15,10:30:17,188
N47533,Ural Airlines,2024-11-21,18:03:04,229
S7154,S7 Airlines,2024-06-11,02:29:40,210
DP7696,Aeroflot,2025-04-09,22:30:48,12
S72122,Aeroflot,2024-03-25,12:30:46,136
U65181,Red Wings,2024-02-28,20:58:25,249
FV6347,Red Wings,2024-02-19,22:15:04,189
DP5484,Aeroflot,2025-08-28,18:50:28,88
FV8490,Red Wings,2024-07-12,14:09:55,10
N48812,Red Wings,2025-10-09,17:33:48,271
SU6013,Ural Airlines,2025-03-10,00:39:33,299
U66209,Nordwind,2024-08-28,06:00:04,14
WZ7246,Nordwind,2024-01-28,19:30:41,180
DP9487,Pobeda,2025-05-13,05:12:22,192
SU7387,Rossiya,2025-01-09,08:51:13,184
WZ1004,Nordwind,2024-10-22,12:04:30,3
FV1483,Pobeda,2024-03-04,23:33:01,48
N42265,Nordwind,2024-01-03,14:44:36,199
WZ4187,S7 Airlines,2025-10-26,06:08:20,159
DP5596,S7 Airlines,2025-04-26,14:37:58,125
DP6397,Red Wings,2025-05-16,05:31:56,93
UT7599,Utair,2025-04-05,11:31:01,53
S7267,Rossiya,2024-02-16,08:22:35,209
SU9999,Pobeda,2025-09-21,20:01:27,135
WZ4633,Utair,2025-01-27,03:34:44,23
UT972,Ural Airlines,2025-06-07,03:40:10,99
UT2001,Pobeda,2024-07-26,21:57:19,157
S78576,Utair,2024-05-09,16:27:11,55
FV7270,Utair,2025-04-13,19:48:14,54
WZ4692,Nordwind,2024-09-06,11:48:42,272
FV3208,Utair,2024-11-10,00:57:14,280
DP4360,S7 Airlines,2024-10-07,23:21:17,180
FV2217,Aeroflot,2024-12-22,00:46:33,132
FV7606,Nordwind,2024-11-27,16:17:58,125
DP4549,Utair,2025-03-12,18:45:04,284
SU5074,Rossiya,2024-04-03,23:49:56,0
DP2211,Aeroflot,2024-03-05,19:19:57,143
UT3697,S7 Airlines,2025-04-04,15:59:18,223
WZ7311,Pobeda,2025-11-15,00:30:04,259
S73603,Ural Airlines,2024-06-03,01:45:16,172
WZ4180,S7 Airlines,2025-04-16,22:49:18,268
N41942,Nordwind,2024-02-14,06:57:46,197
S73191,Aeroflot,2025-01-01,04:50:17,277
U69264,Utair,2025-01-01,00:40:44,173
DP9707,S7 Airlines,2025-06-21,17:54:11,139
N43770,Pobeda,2025-09-23,12:40:13,234
S72189,Nordwind,2025-03-20,01:14:29,139
DP3524,Utair,2025-12-19,11:39:07,170
WZ8599,Red Wings,2024-06-11,04:13:28,65
FV4845,S7 Airlines,2025-11-03,19:03:45,122
U64683,S7 Airlines,2025-04-15,05:22:57,83
U65128,Ural Airlines,2025-05-04,19:24:08,13
SU7196,Ural Airlines,2024-03-04,18:29:25,84
SU8343,Red Wings,2024-07-01,02:20:29,183
S76390,Rossiya,2024-01-19,06:53:45,86
N49266,Red Wings,2025-12-01,20:17:15,16
FV3460,Aeroflot,2025-10-28,15:24:30,239
U6829,Utair,2024-11-03,10:29:22,207
SU9149,Aeroflot,2025-10-13,20:52:27,213
S76532,Utair,2025-08-15,00:33:55,55
S75532,Utair,2025-11-21,11:39:35,181
S77073,Ural Airlines,2024-03-18,22:59:26,149
S75091,S7 Airlines,2024-05-04,20:50:08,57
U63046,Nordwind,2025-07-18,10:25:17,237
U66463,Aeroflot,2024-06-25,03:29:54,56
WZ4997,S7 Airlines,2025-02-15,03:45:31,141
SU1236,Aeroflot,2024-07-28,02:26:05,135
U6868,Pobeda,2024-05-07,21:33:02,124
N4837,Red Wings,2025-12-28,01:54:14,289
DP6966,Pobeda,2024-07-13,19:55:04,103
DP4578,S7 Airlines,2024-11-02,10:15:36,156
SU7395,Rossiya,2025-01-17,22:27:17,279
S7247,Rossiya,2025-02-04,21:00:44,214
SU7575,Nordwind,2024-07-01,17:44:29,61
N43023,Ural Airlines,2025-05-12,09:13:48,184
N45856,S7 Airlines,2024-03-26,08:30:50,238
DP5098,Red Wings,2024-10-28,00:28:00,69
U6790,Aeroflot,2025-05-12,05:15:59,119
SU1443,Ural Airlines,2025-03-26,02:06:29,19
FV6224,Rossiya,2025-05-14,21:45:13,275
WZ9096,Utair,2024-06-06,22:37:58,167
FV245,Red Wings,2024-01-21,23:47:19,79
DP9605,Ural Airlines,2024-05-11,06:02:57,270
S75578,Utair,2024-05-28,02:09:28,257
U67287,Nordwind,2024-03-15,23:22:10,21
UT3642,Nordwind,2024-03-25,13:22:53,286
WZ5614,Rossiya,2025-01-02,09:44:43,16
U67794,Ural Airlines,2025-11-18,03:36:49,33
DP9159,Pobeda,2024-05-04,01:58:27,249
DP1818,Ural Airlines,2024-11-03,06:54:10,188
S74921,Pobeda,2025-07-18,14:21:33,195
S78185,Aeroflot,2024-08-09,12:39:51,259
N4770,Nordwind,2025-11-21,22:39:13,10
DP5373,Red Wings,2025-01-21,14:50:04,62
SU6013,Utair,2025-10-09,02:38:20,143
UT5821,Utair,2025-12-01,22:46:22,22
U67687,S7 Airlines,2024-04-07,02:02:23,144
N4761,S7 Airlines,2024-10-28,10:40:38,94
UT761,Nordwind,2025-11-08,12:16:49,234
N48835,Aeroflot,2024-05-24,22:24:38,97
N47400,Red Wings,2024-04-26,09:30:53,155
S76578,Nordwind,2024-01-12,00:24:58,25
FV9344,Red Wings,2024-02-26,09:07:17,181
UT1819,Red Wings,2024-08-08,09:40:23,77
UT832,Pobeda,2024-11-19,20:36:46,216
N47165,S7 Airlines,2024-10-20,17:41:19,21
U62908,Nordwind,2024-09-26,21:59:33,129
SU1748,Ural Airlines,2025-06-09,14:45:57,84
WZ6623,Pobeda,2024-06-20,01:31:53,175
DP5340,Ural Airlines,2025-09-14,19:32:05,230
FV9495,Red Wings,2025-01-24,11:13:16,118
S75763,Nordwind,2024-03-27,11:15:43,133
U65553,Red Wings,2024-09-13,09:33:25,18
DP3115,Nordwind,2024-06-17,01:47:47,103
UT785,S7 Airlines,2024-01-04,20:09:35,295
U65656,S7 Airlines,2025-07-20,07:59:04,253
UT6861,Pobeda,2025-10-23,07:52:13,275
N43340,Red Wings,2024-08-10,14:56:31,247
S75104,Aeroflot,2025-10-27,18:17:58,69
WZ6206,Aeroflot,2025-11-24,03:51:34,84
S7760,Aeroflot,2025-03-01,07:49:11,113
N42982,Ural Airlines,2025-07-15,22:35:57,134
UT4087,Aeroflot,2024-11-22,17:51:29,299
WZ9138,S7 Airlines,2025-07-03,09:22:44,252
U64470,Utair,2025-05-23,17:22:18,272
FV8702,Pobeda,2024-05-05,04:04:26,194
FV8202,Utair,2025-04-24,16:40:58,300
N44953,Ural Airlines,2024-10-25,20:46:08,19
UT1748,Nordwind,2025-10-16,01:44:40,249
SU6391,Pobeda,2025-05-21,22:58:34,79
FV6149,Utair,2024-12-04,01:33:11,207
UT7388,Pobeda,2025-10-23,06:01:32,195
UT4573,Pobeda,2024-12-02,19:43:05,134
UT4897,Utair,2025-10-01,04:33:53,232
UT4215,Red Wings,2025-04-08,03:32:49,220
DP3295,Utair,2024-12-18,17:53:57,224
FV5413,Aeroflot,2024-10-11,04:42:56,1
DP585,Nordwind,2024-01-13,17:06:40,211
N45287,Aeroflot,2024-12-09,16:05:29,197
DP1541,Utair,2025-11-27,20:01:40,139
S74946,Ural Airlines,2025-11-10,14:59:34,138
SU7416,Red Wings,2025-04-08,11:07:19,219
SU1887,Pobeda,2025-08-27,22:52:30,74
WZ2310,Ural Airlines,2025-04-25,22:38:11,272
UT9492,Rossiya,2024-06-07,17:11:41,30
WZ8961,Ural Airlines,2024-03-26,05:00:22,34
S79904,Aeroflot,2025-02-13,10:40:29,60
UT3359,S7 Airlines,2024-12-12,08:30:27,201
FV499,Rossiya,2024-04-08,21:18:00,124
S74881,S7 Airlines,2025-06-21,15:31:50,83
U64537,Aeroflot,2025-04-26,21:42:10,274
FV4825,Utair,2025-05-10,06:23:43,116
SU4413,Pobeda,2025-07-16,19:30:08,243
UT2790,S7 Airlines,2025-08-24,00:30:19,212
FV3181,Red Wings,2024-08-05,09:07:24,62
WZ3283,S7 Airlines,2025-07-06,03:48:10,127
U63175,Rossiya,2024-07-25,23:12:14,252
S73106,Red Wings,2024-06-18,23:29:16,240
WZ4955,Pobeda,2025-12-02,13:07:25,145
UT6990,Utair,2024-05-03,22:18:55,270
FV6857,Aeroflot,2024-04-21,16:14:02,244
S74924,S7 Airlines,2024-10-06,11:34:37,297
WZ4823,Utair,2024-07-20,06:11:44,80
SU5342,Ural Airlines,2025-02-13,07:44:03,14
FV291,Utair,2025-12-06,05:31:08,244
S7698,Rossiya,2025-01-20,15:42:01,254
N43816,Red Wings,2025-01-02,21:12:38,105
S71152,Utair,2024-11-14,21:19:36,13
WZ108,Nordwind,2025-10-04,07:42:34,232
S71693,Ural Airlines,2024-12-16,02:25:51,89
WZ6785,Rossiya,2024-03-05,06:32:24,129
N45070,Rossiya,2025-02-17,01:04:24,75
S72238,Rossiya,2025-04-24,09:00:18,68
FV9160,S7 Airlines,2024-12-26,06:45:06,84
FV5274,Aeroflot,2024-06-24,05:29:20,178
UT1768,Utair,2024-08-06,09:22:49,269
SU7539,Ural Airlines,2024-04-01,12:40:27,176
UT9408,Nordwind,2024-12-02,14:04:55,148
UT2694,Rossiya,2025-04-10,09:37:21,280
UT2034,Aeroflot,2025-02-18,06:52:21,208
WZ3785,Utair,2025-04-19,06:47:57,214
N46969,Utair,2024-02-15,02:26:50,160
FV6395,Ural Airlines,2024-02-27,13:03:18,296
UT6484,Pobeda,2024-04-04,15:20:59,47
SU3624,Ural Airlines,2025-03-15,10:02:55,121
SU5006,Utair,2024-05-08,20:07:43,48
DP4864,Red Wings,2024-12-10,22:29:29,52
FV7213,S7 Airlines,2025-11-20,16:02:33,262
S78141,Aeroflot,2025-03-01,09:10:42,31
SU943,Aeroflot,2024-05-19,02:35:32,248
U67990,Utair,2024-12-08,19:12:09,183
DP3221,Nordwind,2025-09-24,23:34:42,204
WZ6065,S7 Airlines,2024-11-04,06:26:52,239
UT1213,Rossiya,2024-02-27,19:44:56,267
SU7469,Utair,2025-02-15,22:51:48,289
U68042,Aeroflot,2025-05-28,04:22:18,166
UT9569,Rossiya,2025-12-05,17:35:32,231
UT1334,S7 Airlines,2025-08-18,22:37:27,121
N49776,S7 Airlines,2025-03-27,22:04:00,289
FV1174,Pobeda,2024-02-26,00:18:20,296
UT3297,Nordwind,2025-02-14,08:12:44,77
S73620,Aeroflot,2025-03-15,10:28:38,122
U62558,S7 Airlines,2024-07-26,13:00:16,198
S71661,Pobeda,2025-02-08,06:29:08,93
FV8892,Ural Airlines,2025-05-03,02:36:50,61
WZ6336,Aeroflot,2025-08-23,10:48:15,80
N4736,Ural Airlines,2024-05-07,06:45:11,220
UT3375,Utair,2024-09-05,03:21:02,242
SU6018,Pobeda,2024-12-26,12:20:07,31
DP6165,Pobeda,2024-06-08,16:34:27,33
N42803,Nordwind,2024-11-28,14:54:36,142
SU6834,Rossiya,2024-12-05,06:41:18,162
N43049,Red Wings,2024-11-09,14:17:19,284
DP2278,Ural Airlines,2024-02-25,12:26:54,74
UT6227,Utair,2024-07-14,13:34:19,124
N44670,Utair,2024-04-18,00:40:15,204
FV5260,Red Wings,2025-11-02,00:37:04,223
FV6124,Aeroflot,2025-04-10,22:58:25,145
WZ5271,Nordwind,2025-08-10,21:10:07,180
WZ6532,Nordwind,2025-08-05,23:20:52,0
N46392,Aeroflot,2025-11-13,17:14:30,219
SU4297,Pobeda,2025-11-19,22:51:27,222
U65011,Nordwind,2024-02-28,16:37:53,37
DP2809,Nordwind,2025-03-15,20:49:36,186
FV4864,Utair,2025-12-24,03:50:29,60
FV6612,Pobeda,2025-08-20,14:40:13,25
DP2247,Aeroflot,2024-07-11,01:42:58,45
S72275,Utair,2025-07-20,11:46:49,267
SU9699,Rossiya,2024-12-02,23:54:56,110
FV2145,Ural Airlines,2025-08-20,01:35:38,20
S78955,Red Wings,2024-02-14,19:58:39,240
UT2047,Utair,2025-12-14,06:47:15,199
FV5510,Pobeda,2025-06-13,14:52:43,109
FV6446,Aeroflot,2024-10-13,03:25:40,228
N45172,Aeroflot,2024-02-24,11:29:47,144
N45107,Aeroflot,2025-03-24,08:17:31,29
UT6698,Aeroflot,2025-11-02,10:53:29,224
SU9830,Rossiya,2024-06-06,01:43:36,175
FV2869,Red Wings,2025-09-13,10:37:47,195
U66290,S7 Airlines,2024-08-17,10:01:37,247
UT9044,Rossiya,2024-09-06,20:00:53,80
UT390,Ural Airlines,2025-09-14,06:57:07,278
UT2313,Aeroflot,2024-03-01,04:16:47,155
FV9410,Utair,2024-10-26,10:11:37,269
U69002,S7 Airlines,2025-03-11,05:41:21,238
SU9209,Nordwind,2025-04-05,10:13:51,154
SU6974,Utair,2024-03-19,11:53:56,260
UT8686,S7 Airlines,2024-01-18,16:42:48,232
N41481,Pobeda,2024-01-14,13:57:42,238
FV7542,Rossiya,2024-03-05,20:31:18,45
N47404,Pobeda,2024-03-28,00:50:55,215
DP2715,Nordwind,2024-11-03,23:59:27,254
U62273,Aeroflot,2024-06-07,19:10:15,283
N41759,Utair,2024-11-22,16:24:50,247
U66183,Utair,2024-03-21,09:04:14,159
N49220,Rossiya,2024-10-15,02:59:05,253
WZ5024,S7 Airlines,2025-05-25,10:51:29,266
N43093,S7 Airlines,2024-10-07,12:18:04,277
DP7805,Aeroflot,2025-12-22,04:48:48,92
UT682,Red Wings,2024-04-04,23:45:18,143
S77295,Ural Airlines,2025-08-01,18:39:40,133
FV3357,Nordwind,2024-08-23,13:28:48,13
N44152,S7 Airlines,2024-05-12,23:35:15,158
DP8176,Pobeda,2024-09-04,20:07:21,220
SU6396,Pobeda,2024-07-02,12:28:25,284
UT3473,Nordwind,2024-02-17,10:55:16,138
S74927,Ural Airlines,2024-12-18,04:32:17,134
S76142,Aeroflot,2025-03-13,14:37:17,84
DP8782,S7 Airlines,2024-07-19,09:35:24,83
UT5205,Pobeda,2025-03-18,10:16:21,91
WZ6278,Aeroflot,2024-05-13,19:14:53,149
FV7949,Rossiya,2025-06-21,07:45:13,134
WZ5165,Rossiya,2024-11-26,22:03:19,71
SU5618,Utair,2025-03-22,17:16:04,8
DP894,Pobeda,2024-08-03,16:04:33,215
WZ331,S7 Airlines,2024-10-09,19:29:14,108
DP4102,Red Wings,2024-10-27,22:51:10,112
S76295,Aeroflot,2025-09-11,08:54:21,24
N43825,Aeroflot,2024-04-01,06:49:20,298
S72363,Rossiya,2025-11-02,05:08:46,20
WZ589,Rossiya,2025-10-23,07:19:25,2
DP8786,Pobeda,2024-07-26,02:53:13,199
N41898,Rossiya,2024-10-11,20:17:34,254
N49054,Rossiya,2024-09-02,20:04:41,124
WZ4690,Rossiya,2025-05-22,09:42:01,65
N45438,Pobeda,2025-11-04,22:15:20,219
SU5795,Aeroflot,2024-07-09,15:46:35,237
U63552,Nordwind,2024-10-28,10:37:21,201
UT7869,Utair,2025-12-19,14:04:36,127
DP3122,Ural Airlines,2025-03-19,09:00:54,146
UT7372,Rossiya,2024-09-04,04:03:01,52
S7465,Pobeda,2025-07-06,00:28:30,263
WZ5467,Nordwind,2024-01-26,01:39:40,119
UT9962,Ural Airlines,2024-04-24,13:16:25,183
DP3113,Aeroflot,2025-09-03,10:45:19,286
SU3386,Aeroflot,2024-12-08,10:25:03,27
DP4569,Utair,2024-06-05,19:14:50,107
FV3984,S7 Airlines,2024-09-13,01:48:37,90
U6489,Nordwind,2024-01-15,11:28:24,68
N4198,Utair,2025-02-17,22:55:26,263
U65572,Rossiya,2024-12-17,08:28:52,172
N45098,Utair,2024-06-03,19:13:00,24
SU3486,Aeroflot,2025-09-07,09:32:44,177
DP8237,S7 Airlines,2024-05-22,10:40:36,169
U63935,Utair,2025-01-18,00:32:38,86
S73483,Aeroflot,2024-11-21,22:50:01,259
N44639,S7 Airlines,2024-03-08,16:27:08,44
S75231,Utair,2025-10-01,23:57:45,129
UT2847,Aeroflot,2025-04-18,18:22:12,135
UT9288,Red Wings,2024-03-18,02:31:56,138
SU9807,Aeroflot,2025-04-24,07:06:44,252
FV1400,Red Wings,2024-07-04,02:24:33,176
U67979,Aeroflot,2024-07-02,03:30:55,265
SU6113,Ural Airlines,2025-09-05,19:38:55,31
N49966,Red Wings,2024-05-04,02:27:03,134
FV4652,Red Wings,2024-08-08,00:46:22,112
FV9196,Aeroflot,2024-10-10,03:53:46,92
N41182,Red Wings,2025-10-27,02:59:06,78
WZ1844,Pobeda,2025-02-09,14:47:07,293
SU1313,Nordwind,2025-02-14,20:46:25,267
UT4689,Rossiya,2025-08-16,09:55:34,227
FV3963,Pobeda,2025-01-08,13:02:51,127
SU334,Ural Airlines,2025-06-10,14:18:35,121
N44037,Utair,2025-06-04,11:50:53,175
FV6030,Ural Airlines,2024-07-11,02:52:33,99
SU8326,S7 Airlines,2025-11-09,15:59:23,64
DP1137,Pobeda,2025-01-12,01:40:43,248
SU1272,S7 Airlines,2025-12-12,02:10:24,55
UT8206,Ural Airlines,2025-12-22,19:55:02,119
FV4037,Ural Airlines,2024-07-06,23:30:28,114
N47009,Pobeda,2024-12-03,23:23:46,199
DP5694,Rossiya,2025-05-03,15:35:00,237
N48386,Pobeda,2024-05-22,16:02:27,66
UT5718,Red Wings,2025-07-08,18:51:39,188
DP4635,Pobeda,2024-08-27,01:53:30,132
N47300,Pobeda,2024-05-26,12:54:29,291
U65986,S7 Airlines,2025-08-16,03:34:47,1
S79151,Utair,2024-04-04,00:00:01,254
SU4889,Pobeda,2025-04-19,14:13:53,211
DP5236,Utair,2025-01-15,05:49:29,187
FV4052,Nordwind,2024-10-19,12:24:35,39
UT9921,Nordwind,2025-04-18,03:50:22,235
FV9684,Rossiya,2024-02-12,14:33:54,220
SU7744,Pobeda,2025-08-10,16:12:30,193
S76295,Pobeda,2024-03-13,10:08:26,245
FV5887,Aeroflot,2025-09-16,19:24:09,269
U67207,Utair,2025-04-06,01:49:40,158
SU5821,Rossiya,2024-05-08,08:03:32,40
DP8011,Ural Airlines,2024-09-23,05:05:06,123
DP9841,Rossiya,2024-02-18,05:50:30,134
S73323,Ural Airlines,2024-05-27,15:36:40,76
WZ6476,Nordwind,2024-09-20,21:03:21,0
S74786,Pobeda,2024-06-27,19:07:14,195
DP8723,Ural Airlines,2025-03-25,08:55:29,69
UT835,Pobeda,2024-01-03,00:34:39,107
WZ1009,Nordwind,2025-09-25,13:22:01,47
S75531,Red Wings,2025-02-09,19:49:48,26
N41297,Nordwind,2025-04-21,20:54:02,99
U68264,Utair,2024-05-14,15:51:54,262
UT5847,Rossiya,2025-12-28,14:20:09,49
N44057,Rossiya,2025-03-26,07:59:54,212
S7436,Aeroflot,2025-10-24,10:24:18,63
SU6969,S7 Airlines,2024-12-10,03:03:36,280
DP9612,Aeroflot,2024-01-21,03:23:34,17
SU6875,S7 Airlines,2024-05-21,21:55:15,45
DP7815,S7 Airlines,2025-10-19,10:50:05,243
U62708,Utair,2024-09-09,17:52:30,15
N41038,Rossiya,2025-12-18,08:20:26,204
N45245,Ural Airlines,2025-02-21,14:36:32,122
WZ2785,Rossiya,2024-04-16,04:42:54,111
UT4782,Red Wings,2025-06-08,09:43:30,291
SU1803,Utair,2025-09-13,21:14:16,110
FV7544,Ural Airlines,2025-11-15,19:38:01,3
S78990,Aeroflot,2024-04-02,07:54:27,62
U67681,S7 Airlines,2025-01-10,10:50:16,64
N44656,Ural Airlines,2025-07-09,22:28:30,94
SU6775,Pobeda,2024-07-13,16:50:44,115
N48808,Ural Airlines,2025-05-16,06:01:45,73
N41799,S7 Airlines,2025-02-11,19:37:07,258
U6751,S7 Airlines,2025-04-22,08:32:23,223
WZ6577,Ural Airlines,2024-01-10,04:54:17,152
N45971,Nordwind,2024-06-26,07:59:35,14
WZ9400,Rossiya,2024-07-14,01:46:36,198
SU1434,Aeroflot,2025-03-10,02:25:08,68
S79005,Aeroflot,2025-11-04,02:36:10,117
UT5888,Pobeda,2025-12-15,10:39:22,96
WZ5908,Nordwind,2025-11-23,16:20:19,269
DP9107,Nordwind,2025-06-02,09:49:19,166
UT8638,Red Wings,2025-12-09,23:38:09,226
UT8184,Red Wings,2024-03-06,03:30:16,254
S77330,Rossiya,2024-12-23,17:38:08,109
N42793,Aeroflot,2025-01-04,02:01:06,147
WZ5570,S7 Airlines,2024-02-09,02:43:57,291
U62723,Pobeda,2025-07-06,14:07:08,212
S76040,S7 Airlines,2025-07-23,15:27:42,114
WZ9033,Red Wings,2024-03-07,20:50:10,242
SU5688,Ural Airlines,2024-07-28,21:07:34,184
DP9122,Nordwind,2025-02-08,18:37:21,281
UT9694,S7 Airlines,2025-10-22,19:59:58,288
SU6783,Rossiya,2024-04-04,21:06:31,84
UT173,Aeroflot,2025-02-05,00:54:09,219
UT5470,Pobeda,2024-09-11,02:55:58,188
UT161,Red Wings,2024-04-14,02:11:25,14
FV1522,Red Wings,2025-11-04,13:53:43,57
SU8750,Utair,2024-07-09,07:37:55,197
FV1577,Ural Airlines,2024-04-23,20:25:34,269
FV3363,Utair,2025-05-26,21:17:19,232
FV4520,Aeroflot,2025-09-16,01:22:46,157
U6580,Nordwind,2025-03-27,17:24:46,59
S75509,Utair,2025-10-25,09:59:53,263
U68076,Utair,2024-11-13,12:52:49,222
WZ5658,Aeroflot,2025-03-05,18:28:30,141
DP5033,Ural Airlines,2024-10-14,14:46:56,151
FV1867,Nordwind,2025-06-24,01:14:29,206
U64918,Ural Airlines,2024-04-09,13:51:49,34
SU4387,Aeroflot,2024-07-07,22:00:29,264
S75819,Ural Airlines,2024-08-05,20:11:45,144
DP7033,Aeroflot,2024-11-01,15:37:25,154
WZ2831,Red Wings,2025-01-16,19:38:25,291
SU1302,Utair,2024-08-26,22:15:16,76
U64503,Ural Airlines,2024-01-25,08:23:38,159
FV8554,Pobeda,2025-05-10,10:14:31,224
U66338,Utair,2025-04-23,21:46:49,167
WZ6795,Pobeda,2025-07-07,18:27:21,111
WZ9341,Rossiya,2024-11-13,02:09:42,15
N49588,Nordwind,2024-09-20,04:59:09,154
DP8959,Pobeda,2025-02-10,13:33:27,144
DP713,Ural Airlines,2025-12-13,02:03:22,179
S76778,Ural Airlines,2025-01-08,23:53:27,41
FV9237,Ural Airlines,2025-06-02,19:39:42,234
DP4929,Rossiya,2024-08-03,04:54:57,239
WZ4069,Nordwind,2024-07-28,13:28:51,79
UT8839,Utair,2025-10-10,16:21:26,186
FV8397,Red Wings,2025-01-26,15:13:12,226
SU4624,Nordwind,2025-10-01,10:13:52,36
WZ2173,Aeroflot,2025-10-06,01:30:51,209
N41975,Ural Airlines,2025-09-26,08:05:38,46
S73833,S7 Airlines,2025-04-08,02:33:52,238
U66578,Rossiya,2024-04-18,08:55:53,87
N43672,Aeroflot,2024-10-12,09:25:18,35
U63797,Ural Airlines,2024-09-19,14:05:08,125
N42782,Ural Airlines,2024-01-01,06:13:21,250
SU7851,Ural Airlines,2025-01-16,01:42:14,10
N47661,Aeroflot,2024-10-06,16:27:32,265
FV6579,Ural Airlines,2025-08-14,20:17:07,281
DP9419,Utair,2025-11-26,19:20:14,273
UT773,Nordwind,2025-07-01,22:07:23,70
SU2836,Rossiya,2024-02-23,08:31:38,281
WZ8779,Nordwind,2025-08-26,10:17:33,139
U61841,Red Wings,2025-05-21,19:13:27,13
DP5994,Rossiya,2025-11-10,02:13:53,300
DP8048,Rossiya,2024-07-10,02:04:49,73
N42757,S7 Airlines,2024-03-22,16:49:29,0
S7583,Rossiya,2025-10-23,07:51:05,5
U69598,Ural Airlines,2024-10-24,15:53:52,167
UT2884,Ural Airlines,2024-08-03,17:31:25,228
FV8602,Rossiya,2024-01-17,17:16:51,177
WZ9939,Red Wings,2025-10-11,00:06:15,281
S7840,Rossiya,2025-08-26,05:58:47,283
SU9404,Nordwind,2024-11-13,21:58:51,129
SU4942,Ural Airlines,2025-04-12,13:26:44,223
WZ4308,Utair,2024-05-11,16:31:35,196
FV2722,Ural Airlines,2025-11-17,21:10:44,263
FV5172,Red Wings,2024-09-26,08:52:49,249
U68244,S7 Airlines,2024-03-17,00:55:03,109
UT1274,Rossiya,2024-04-19,21:35:09,235
S75846,Utair,2024-06-01,05:34:02,39
SU2604,Ural Airlines,2025-02-24,07:08:37,78
SU7209,Ural Airlines,2024-05-05,09:32:46,13
FV9594,Aeroflot,2024-06-08,11:29:14,32
S79582,Ural Airlines,2025-12-03,07:20:20,66
SU3321,Aeroflot,2025-09-19,23:10:21,216
FV8520,Rossiya,2025-07-23,08:00:56,212
SU4340,Red Wings,2025-03-14,13:14:55,290
DP248,Aeroflot,2025-12-13,03:51:37,94
S78677,Pobeda,2025-08-13,13:35:27,72
FV4008,Aeroflot,2024-07-12,07:03:37,131
SU5118,Utair,2025-01-09,20:39:41,263
DP1007,Nordwind,2025-08-13,10:31:18,196
S72182,Red Wings,2025-11-09,22:56:28,69
DP926,Ural Airlines,2025-05-27,02:28:06,9
S75220,Utair,2025-08-03,04:59:35,142
UT8040,Ural Airlines,2024-12-13,20:42:44,95
S75866,Red Wings,2024-09-24,08:02:00,266
DP9082,Red Wings,2024-01-25,03:25:34,45
S71768,Pobeda,2025-06-25,19:23:17,207
SU5079,Pobeda,2025-05-19,00:18:49,129
N42520,S7 Airlines,2025-11-05,11:30:42,295
WZ5557,Rossiya,2025-12-10,23:45:01,101
S73570,Ural Airlines,2025-04-03,12:26:54,54
DP2184,Utair,2024-01-17,09:11:42,248
UT2198,Utair,2025-11-14,07:43:52,49
S78120,Red Wings,2024-01-07,16:35:37,81
DP3125,Ural Airlines,2024-12-25,06:13:47,191
SU8654,Aeroflot,2025-05-04,00:05:38,255
S7579,S7 Airlines,2025-04-12,19:27:50,48
DP1159,Ural Airlines,2025-12-06,08:29:09,253
S71272,S7 Airlines,2025-07-21,19:03:13,257
WZ7137,Nordwind,2025-08-04,17:42:03,184
S76975,Pobeda,2024-05-25,09:52:03,55
U67556,S7 Airlines,2025-02-18,10:16:52,237
FV6211,Rossiya,2025-11-15,04:14:03,78
DP7278,Pobeda,2025-06-08,20:34:29,106
S75078,Rossiya,2025-11-06,04:00:11,216
S71718,Rossiya,2025-10-10,23:59:34,186
FV4197,Red Wings,2024-10-25,18:18:35,291
UT1366,Aeroflot,2025-07-17,08:43:46,240
SU9306,Utair,2024-02-21,08:55:27,53
S7454,S7 Airlines,2024-04-10,17:11:13,148
UT3705,Utair,2025-01-07,17:18:29,44
SU2185,Red Wings,2024-10-06,08:06:52,42
U61408,Rossiya,2025-09-19,19:23:30,38
DP3902,Nordwind,2024-03-28,15:42:00,191
FV2237,Nordwind,2024-04-15,22:38:08,115
S71021,Rossiya,2025-01-14,01:05:05,257
DP3676,Aeroflot,2024-12-05,03:24:48,105
WZ8973,Red Wings,2024-07-22,04:23:35,41
SU9153,Nordwind,2025-07-20,04:38:59,24
SU8755,Red Wings,2024-08-11,02:37:18,167
N45510,Aeroflot,2025-04-02,00:00:14,98
N41094,Ural Airlines,2024-08-27,12:51:06,109
WZ5539,Utair,2024-05-18,05:44:30,280
S76631,S7 Airlines,2025-11-24,00:39:35,152
N43513,Nordwind,2024-09-10,15:42:51,198
DP9057,Pobeda,2025-02-02,00:34:51,185
FV7394,Aeroflot,2024-02-23,23:45:46,223
DP2190,Rossiya,2025-05-15,10:32:28,132
FV7664,Aeroflot,2025-10-27,23:44:45,135
N44580,Red Wings,2025-09-25,12:55:01,266
U62305,Nordwind,2024-08-20,16:14:36,254
SU6682,Pobeda,2024-12-07,10:12:44,5
N45967,Red Wings,2025-04-23,13:28:00,116
FV3865,Ural Airlines,2025-08-17,08:35:43,265
N46572,Aeroflot,2024-12-24,11:39:52,211
FV6748,S7 Airlines,2024-04-06,07:03:30,14
FV2595,Nordwind,2024-07-28,23:24:26,113
FV2758,Red Wings,2025-09-23,23:07:39,125
DP600,Rossiya,2025-11-23,02:44:29,32
U61964,Ural Airlines,2024-03-18,12:47:16,108
UT7399,Rossiya,2024-08-02,12:44:20,158
U6891,Pobeda,2024-01-09,07:15:28,220
DP6904,Pobeda,2024-04-27,10:55:27,251
N44516,Ural Airlines,2025-06-21,04:10:18,198
UT971,Red Wings,2024-07-20,18:22:24,157
N42071,Utair,2025-02-25,03:44:14,12
DP6643,Nordwind,2025-06-23,00:00:06,101
UT8079,Rossiya,2024-05-18,23:18:48,22
SU7070,Utair,2025-03-25,02:42:26,153
SU269,S7 Airlines,2024-12-07,02:47:38,203
FV6487,Utair,2024-05-13,06:08:01,110
S7301,Aeroflot,2024-02-04,20:40:50,276
UT6453,Utair,2025-04-18,13:47:10,117
S73488,Rossiya,2025-09-23,09:15:22,7
DP5000,Red Wings,2024-06-21,22:02:33,123
U66896,Nordwind,2025-09-15,03:18:19,239
U64239,Red Wings,2025-02-12,23:26:13,278
DP4080,Aeroflot,2025-08-13,13:10:13,261
SU4044,Nordwind,2024-08-07,00:31:26,278
S76442,Rossiya,2025-10-15,15:42:13,145
N43151,Utair,2025-07-11,14:29:35,246
S79774,Ural Airlines,2024-06-05,04:15:16,158
WZ5771,Ural Airlines,2025-10-20,12:17:08,211
FV1676,Red Wings,2024-01-28,13:25:47,30
FV6606,Ural Airlines,2025-01-15,21:52:00,83
SU4838,Red Wings,2025-01-15,00:36:32,218
WZ4377,Rossiya,2024-01-24,05:15:21,180
UT8184,Utair,2025-08-21,22:01:57,274
SU3713,Rossiya,2024-01-05,16:23:31,8
FV4022,Pobeda,2025-06-13,19:37:51,72
DP5901,Red Wings,2025-08-12,23:39:16,94
WZ9447,Ural Airlines,2025-05-21,16:32:15,66
S7956,Aeroflot,2025-06-14,10:11:36,197
S78912,Aeroflot,2024-02-11,09:48:42,24
FV3252,Red Wings,2025-04-10,02:24:24,212
WZ4384,Nordwind,2024-05-08,23:27:37,127
FV9259,Rossiya,2024-05-04,15:14:04,220
FV3753,Aeroflot,2025-01-14,13:17:52,233
FV9073,Pobeda,2025-03-07,02:51:52,93
UT6862,Utair,2024-03-06,13:17:01,188
UT3390,Nordwind,2024-08-21,15:33:26,231
N45461,Ural Airlines,2025-08-19,07:26:16,234
U61978,S7 Airlines,2025-04-08,15:27:42,211
S74447,Utair,2025-05-15,17:18:09,152
UT5477,Nordwind,2025-06-06,03:41:45,174
WZ6792,Rossiya,2024-12-14,01:32:02,4
U67727,Ural Airlines,2024-02-08,10:10:25,86
UT6450,Ural Airlines,2024-09-03,16:06:20,134
FV4999,S7 Airlines,2024-05-17,07:11:47,183
U6186,Nordwind,2025-03-25,02:42:01,159
N49884,Aeroflot,2024-09-23,01:05:14,251
DP8971,Utair,2025-03-27,11:19:12,220
WZ349,Red Wings,2025-11-19,07:26:14,286
S77778,Ural Airlines,2025-05-28,10:24:57,270
WZ9920,Pobeda,2025-08-23,02:27:51,191
DP1823,Ural Airlines,2025-11-20,03:16:12,29
U67492,Red Wings,2025-06-15,20:37:22,103
N47882,Ural Airlines,2025-01-28,18:39:24,85
U65735,Red Wings,2025-07-25,17:24:08,68
N42960,Nordwind,2025-01-21,06:17:15,41
WZ3300,S7 Airlines,2025-04-09,23:15:00,97
U67799,Utair,2024-11-02,17:25:13,231
UT9657,Rossiya,2024-10-19,14:26:11,113
U64955,S7 Airlines,2025-12-04,19:23:00,4
WZ8669,Pobeda,2025-12-01,07:46:45,122
U66021,Nordwind,2024-08-16,11:23:39,295
U61918,Aeroflot,2025-08-12,22:11:27,281
UT3980,Red Wings,2025-02-18,16:46:44,233
DP4686,Aeroflot,2025-06-20,19:45:20,223
UT8531,Ural Airlines,2025-05-26,14:29:07,63
N41493,Red Wings,2025-04-18,15:01:52,135
SU1444,Utair,2025-01-03,14:27:05,121
FV5301,Aeroflot,2025-05-01,09:38:02,8
DP7627,Aeroflot,2024-11-20,02:06:24,205
S71055,Utair,2024-01-21,17:20:37,209
UT4528,Aeroflot,2024-06-25,15:45:09,236
DP8307,Utair,2024-09-02,15:52:31,14
WZ1582,Ural Airlines,2025-03-16,03:27:49,259
U68476,Aeroflot,2025-03-10,11:13:08,256
S75704,Rossiya,2025-04-17,21:15:47,33
SU3812,Utair,2025-11-28,22:58:58,215
DP7153,Nordwind,2025-03-25,11:07:21,121
S74477,Pobeda,2024-07-08,17:10:26,33
WZ9577,Ural Airlines,2024-04-06,07:17:23,206
U69724,Utair,2024-11-09,15:23:33,131
UT3021,Utair,2024-05-21,23:40:40,202
WZ554,S7 Airlines,2025-04-05,09:39:53,55
WZ2844,Nordwind,2024-08-21,03:29:15,250
N46796,Red Wings,2024-02-09,09:54:21,24
DP2267,Utair,2024-09-14,21:55:06,90
N44727,Red Wings,2024-02-19,17:04:37,24
DP3510,Pobeda,2025-08-01,05:42:11,83
SU3921,Pobeda,2025-07-25,07:37:46,152
U6596,S7 Airlines,2025-06-20,10:30:14,191
SU4707,S7 Airlines,2024-12-08,11:26:00,136
WZ4930,Rossiya,2024-03-02,03:01:11,94
UT1559,Utair,2025-08-06,20:05:29,40
U64209,Pobeda,2025-06-27,14:47:12,236
WZ467,Pobeda,2025-06-28,19:28:04,291
UT8524,S7 Airlines,2024-02-16,04:28:37,35
SU6274,Red Wings,2024-01-23,14:10:25,216
FV9538,Aeroflot,2025-09-23,20:12:14,146
U66475,Ural Airlines,2025-02-16,17:43:50,69
FV9320,Rossiya,2024-07-15,19:31:55,192
N45057,Ural Airlines,2025-09-20,20:04:02,159
SU9697,Ural Airlines,2024-02-19,14:12:54,76
U61226,Ural Airlines,2025-03-27,16:37:57,239
U65518,Rossiya,2025-12-14,11:32:22,181
N42668,Pobeda,2024-08-17,03:06:19,251
DP5836,S7 Airlines,2025-09-21,07:54:58,160
SU5908,Pobeda,2024-04-21,07:53:17,285
N43608,Nordwind,2024-02-05,06:48:12,100
FV3814,S7 Airlines,2025-06-14,09:04:58,87
N41567,Aeroflot,2024-01-03,09:22:38,155
SU6644,Pobeda,2025-07-23,16:00:07,81
FV4344,Nordwind,2025-08-21,15:52:02,181
WZ728,Utair,2024-02-16,03:06:15,79
S72804,Pobeda,2024-10-10,04:55:45,11
N41144,Ural Airlines,2024-11-07,19:28:08,32
U69505,Aeroflot,2024-09-16,17:48:20,102
N49256,Nordwind,2025-07-16,15:22:20,299
S75933,Rossiya,2024-09-17,02:17:46,194
UT2920,Utair,2025-02-16,23:11:56,97
N47585,Red Wings,2025-11-05,19:28:36,226
FV3070,Pobeda,2025-03-06,02:43:06,44
U67100,S7 Airlines,2025-11-27,09:37:50,137
WZ6227,Pobeda,2025-10-08,14:58:23,98
N4194,Red Wings,2024-11-15,20:16:00,67
WZ7117,S7 Airlines,2024-01-05,23:06:44,171
DP5122,Aeroflot,2024-08-15,22:58:10,70
S7593,Ural Airlines,2024-10-21,17:27:10,98
DP2235,S7 Airlines,2024-03-17,14:05:36,229
UT2440,Rossiya,2025-02-25,06:40:41,224
S76212,S7 Airlines,2024-08-21,19:41:16,65
FV5793,Aeroflot,2025-08-07,09:25:26,179
S73412,Red Wings,2025-06-07,12:24:02,159
UT9174,Ural Airlines,2024-03-20,06:39:40,200
DP2800,Aeroflot,2024-11-15,18:18:54,67
DP6328,Ural Airlines,2025-07-21,21:28:10,300
S78491,Utair,2025-10-08,02:54:47,209
FV1691,Red Wings,2025-11-18,01:43:29,258
UT7890,Utair,2024-10-02,07:13:22,108
SU7477,Pobeda,2024-10-03,16:29:18,50
U62488,Utair,2024-01-15,07:47:34,3
WZ1466,Nordwind,2025-12-03,16:18:57,279
S72834,Pobeda,2024-02-06,23:18:59,29
N43030,Nordwind,2024-08-17,14:51:49,67
FV8091,Rossiya,2025-12-02,02:02:39,19
DP8413,Rossiya,2024-08-01,22:59:02,124
DP1132,S7 Airlines,2025-02-18,11:09:54,269
SU536,Red Wings,2025-02-08,18:59:23,159
UT3431,Pobeda,2024-04-28,00:44:01,192
FV9092,Nordwind,2025-12-05,12:54:27,160
FV7452,Utair,2024-10-20,23:52:26,217
WZ6684,Nordwind,2025-10-08,18:33:30,173
U63666,Utair,2024-06-22,08:08:46,165
N41531,Nordwind,2025-08-26,06:44:23,105
UT3426,S7 Airlines,2024-06-05,15:34:19,57
N43647,S7 Airlines,2025-03-12,08:28:53,30
U66001,Pobeda,2025-06-04,15:03:45,18
SU6341,Aeroflot,2024-08-21,10:42:46,87
U63971,S7 Airlines,2024-10-14,06:39:37,185
FV5819,S7 Airlines,2025-08-21,17:11:33,284
SU4909,Nordwind,2024-08-14,14:25:51,260
S73469,Aeroflot,2024-06-12,09:20:16,51
N49868,Pobeda,2024-05-07,17:04:39,199
DP9195,Red Wings,2024-08-17,13:51:18,168
N43596,Pobeda,2024-09-18,10:50:43,213
WZ2880,Rossiya,2025-01-21,18:01:17,50
FV9920,Aeroflot,2024-01-20,21:20:19,200
FV7572,Pobeda,2025-05-15,09:57:04,9
FV1086,Pobeda,2025-10-04,06:24:06,63
N42261,Rossiya,2025-10-09,23:53:56,44
FV9931,Aeroflot,2024-01-01,08:28:51,0
FV1118,Nordwind,2025-05-26,16:06:30,128
U69232,Rossiya,2024-03-24,21:28:34,30
FV1345,S7 Airlines,2024-11-16,09:02:26,87
N45271,S7 Airlines,2025-06-16,08:33:47,91
SU8111,Rossiya,2025-03-24,13:09:06,96
SU6422,S7 Airlines,2024-08-24,11:02:19,16
N45200,Red Wings,2024-03-09,00:59:18,229
DP6283,Utair,2024-05-26,20:28:30,25
WZ6216,S7 Airlines,2024-08-22,07:03:35,48
FV195,Utair,2025-01-15,20:14:29,81
WZ8698,Pobeda,2025-01-22,10:20:17,52
WZ8374,Aeroflot,2025-06-27,21:36:40,41
UT8385,Nordwind,2024-08-27,22:56:38,109
UT5980,Nordwind,2024-12-27,14:08:43,93
U69157,Red Wings,2024-11-09,03:43:44,5
WZ3392,Pobeda,2025-06-07,21:29:15,92
U62192,Utair,2024-10-23,17:52:46,271
S74729,Pobeda,2024-07-23,20:52:16,227
DP4140,S7 Airlines,2025-04-02,05:26:15,220
N48942,Aeroflot,2025-10-12,00:48:52,190
FV8126,Ural Airlines,2025-06-04,15:15:57,144
FV3712,Red Wings,2025-06-02,14:10:55,198
WZ3749,Aeroflot,2025-08-06,17:00:18,23
SU8303,Pobeda,2024-12-26,01:44:41,251
WZ7855,Rossiya,2024-11-09,19:52:30,68
DP735,Utair,2025-12-02,12:28:22,9
SU1508,Nordwind,2024-08-19,09:30:48,209
UT9907,Rossiya,2024-10-17,15:38:33,19
N44595,Rossiya,2024-11-16,14:28:47,164
SU1785,Red Wings,2025-07-12,16:43:32,172
SU6216,S7 Airlines,2025-07-09,07:48:20,149
N45140,Red Wings,2025-08-24,08:53:45,193
UT5709,Red Wings,2024-08-25,01:14:22,150
DP1832,Ural Airlines,2024-12-07,03:00:48,135
DP5088,Aeroflot,2024-08-14,23:19:45,219
SU1071,Ural Airlines,2025-07-09,11:47:55,175
SU735,Pobeda,2025-01-04,12:07:36,97
FV1028,Utair,2025-07-09,17:43:59,97
N48983,Red Wings,2024-03-10,18:15:09,300
FV4159,S7 Airlines,2024-09-16,08:01:16,274
DP9073,Nordwind,2024-07-08,12:37:45,290
N48987,Nordwind,2025-06-10,12:25:48,16
U65707,Nordwind,2024-02-05,12:24:56,2
WZ9878,S7 Airlines,2024-12-24,02:37:01,24
FV7569,Rossiya,2024-11-04,18:31:55,51
WZ4274,Aeroflot,2025-04-27,03:54:27,74
WZ5277,S7 Airlines,2024-09-06,00:44:01,184
SU5080,Rossiya,2024-10-02,18:14:17,129
U64070,Nordwind,2025-06-02,14:44:57,186
U68105,Pobeda,2024-10-15,02:05:05,299
WZ9541,Rossiya,2024-08-25,04:13:39,66
S75341,S7 Airlines,2025-02-01,23:51:26,202
S77893,Rossiya,2025-03-27,05:26:37,99
N45601,Rossiya,2024-10-20,20:41:57,7
S74289,S7 Airlines,2025-02-28,06:08:21,232
DP5174,Rossiya,2025-07-05,23:39:31,194
FV6525,S7 Airlines,2024-08-13,14:08:23,258
WZ6592,Red Wings,2024-12-14,17:23:36,243
DP785,Rossiya,2025-07-17,03:30:51,74
DP5881,Pobeda,2025-02-13,00:03:34,130
SU249,Rossiya,2024-12-25,15:39:10,61
DP3747,Red Wings,2024-05-07,05:04:23,210
FV6546,Ural Airlines,2024-05-15,23:00:09,257
DP6765,Red Wings,2025-01-03,04:21:46,297
N46986,Ural Airlines,2025-10-03,16:44:02,122
N48640,Ural Airlines,2025-09-16,23:10:30,68
FV6711,Red Wings,2025-06-24,17:16:10,182
S73236,Aeroflot,2024-04-27,02:16:48,191
S76231,S7 Airlines,2024-02-26,06:05:18,183
SU138,Pobeda,2025-07-15,01:35:11,154
S71689,Nordwind,2025-12-17,14:39:30,224
S71287,Aeroflot,2025-10-13,07:31:25,76
U6286,Aeroflot,2024-06-14,12:46:32,89
DP8069,Rossiya,2024-12-02,04:25:52,96
S77721,Pobeda,2025-07-04,11:49:39,294
S79365,Utair,2025-08-28,18:43:35,25
DP7618,Utair,2024-01-18,21:58:37,225
UT7440,Aeroflot,2024-04-14,21:01:27,226
U66991,Rossiya,2024-11-20,11:50:39,97
UT1794,Aeroflot,2025-04-08,03:51:34,199
DP5226,Ural Airlines,2024-02-25,08:24:05,235
U61214,Pobeda,2024-06-10,13:59:36,1
FV9462,Red Wings,2025-01-27,10:17:23,282
N48731,S7 Airlines,2025-05-21,16:18:36,288
SU7848,Utair,2024-07-04,05:03:25,276
FV119,Pobeda,2025-10-16,02:00:58,47
FV8090,Pobeda,2024-10-28,10:10:35,212
DP1320,Rossiya,2025-07-25,08:30:50,300
FV5040,Rossiya,2024-03-01,18:40:37,272
N45980,Rossiya,2024-02-18,17:56:29,287
DP7432,S7 Airlines,2024-09-04,05:07:27,158
WZ6400,S7 Airlines,2025-01-01,23:50:45,5
N43463,Utair,2024-10-17,15:15:08,258
S72216,Utair,2025-05-22,00:16:42,7
DP7928,S7 Airlines,2024-08-03,04:28:55,220
UT567,Ural Airlines,2024-11-16,11:29:48,86
U66276,Ural Airlines,2025-12-13,17:57:21,93
S71298,S7 Airlines,2024-05-16,23:39:34,202
S78953,S7 Airlines,2024-06-27,23:41:20,242
N47217,Aeroflot,2025-08-10,18:35:03,16
WZ1209,S7 Airlines,2024-03-15,04:56:28,109
N44424,Red Wings,2024-06-21,23:45:54,14
DP6599,S7 Airlines,2024-05-03,11:55:31,106
S71617,Rossiya,2025-05-11,07:42:56,206
DP1884,Red Wings,2025-06-16,23:22:06,66
FV2785,Utair,2025-09-05,03:17:43,282
DP5767,Nordwind,2024-09-24,07:14:57,291
UT3548,Nordwind,2024-03-07,14:07:00,11
S78766,Ural Airlines,2025-03-18,16:50:51,118
FV5157,Pobeda,2025-10-14,03:55:36,157
DP4789,Rossiya,2024-05-09,11:14:28,56
SU3205,Red Wings,2025-11-21,00:18:27,60
WZ7719,S7 Airlines,2025-02-18,22:03:21,198
DP4452,Red Wings,2024-07-23,04:37:40,56
FV1152,Aeroflot,2025-08-22,00:04:12,124
WZ985,Nordwind,2025-08-14,22:00:01,44
FV3257,Aeroflot,2025-02-02,19:49:06,297
SU5403,Red Wings,2025-02-16,05:39:46,261
UT5272,Nordwind,2024-02-01,01:59:20,110
UT1166,Rossiya,2025-09-24,17:25:43,87
DP6611,Nordwind,2024-01-15,03:31:57,46
U63561,Rossiya,2025-06-03,13:23:46,134
N47983,Pobeda,2025-04-01,16:12:30,11
U63533,Ural Airlines,2025-02-18,07:39:47,203
SU5295,S7 Airlines,2025-07-07,01:09:13,275
WZ7654,Ural Airlines,2024-06-15,18:07:41,107
WZ3972,Pobeda,2025-07-17,20:36:46,241
FV863,Rossiya,2024-06-19,05:44:30,215
WZ2502,Utair,2025-07-14,02:33:51,268
U66061,Rossiya,2025-10-23,04:07:06,63
WZ8141,Nordwind,2025-07-28,23:16:35,39
U6521,Utair,2024-07-02,07:40:17,260
U66343,Nordwind,2024-04-11,01:22:15,182
WZ9983,S7 Airlines,2025-09-21,06:44:40,272
UT5033,Pobeda,2025-09-15,10:42:23,1
FV534,Pobeda,2025-09-11,02:37:24,46
N41264,Red Wings,2025-06-12,01:59:21,79
N47066,Pobeda,2025-04-06,02:46:55,51
S77926,Utair,2024-04-18,14:49:52,243
WZ2850,Utair,2025-01-05,08:07:10,99
UT7092,Aeroflot,2024-04-22,01:17:21,12
N46588,Ural Airlines,2024-08-08,16:20:39,187
SU8327,Nordwind,2025-07-17,10:53:29,166
N4613,Rossiya,2024-03-03,22:23:10,4
N4828,S7 Airlines,2025-08-21,05:56:28,186
DP4971,S7 Airlines,2025-02-19,08:25:26,83
N41176,Utair,2025-05-24,12:10:56,276
U63432,Ural Airlines,2025-01-18,08:44:28,151
S75125,Ural Airlines,2025-11-03,02:19:37,103
DP4203,S7 Airlines,2025-08-20,01:43:40,283
WZ1326,Aeroflot,2024-09-25,05:15:29,131
FV9358,Nordwind,2025-02-07,09:10:00,1
DP1966,Rossiya,2025-08-16,13:28:07,292
U65034,Aeroflot,2024-12-17,00:37:54,228
N43662,Ural Airlines,2025-07-05,03:26:03,91
SU5384,Rossiya,2024-12-03,22:39:48,244
SU2699,S7 Airlines,2025-06-12,09:45:57,274
SU7372,Ural Airlines,2025-10-24,17:25:36,252
DP8222,Pobeda,2025-12-14,16:48:37,70
N47784,Red Wings,2025-11-09,19:00:23,197
WZ4710,Utair,2025-10-03,17:55:04,105
SU2915,Red Wings,2024-11-10,15:30:08,241
N41653,Ural Airlines,2025-06-24,21:45:27,263
U67595,Aeroflot,2025-08-17,00:42:10,3
S73828,Rossiya,2025-10-27,18:22:46,160
S72733,Rossiya,2025-03-03,03:41:05,10
WZ912,Utair,2025-11-10,19:39:41,56
FV900,Utair,2024-11-23,22:48:20,24
U61043,Ural Airlines,2025-11-25,14:51:52,272
S72377,Utair,2024-03-18,10:46:11,128
WZ3214,Red Wings,2025-02-07,11:50:18,220
U62100,Ural Airlines,2024-11-23,23:43:38,22
S75152,Nordwind,2025-12-03,19:08:06,111
SU7300,Nordwind,2025-06-13,03:55:05,224
S76546,Ural Airlines,2025-10-27,21:55:31,44
SU2217,Utair,2025-12-09,12:28:33,15
UT9599,Red Wings,2025-01-11,15:25:05,131
S78671,Rossiya,2024-01-21,06:27:27,198
S74033,Pobeda,2025-09-16,08:10:21,35
WZ3191,Aeroflot,2024-04-14,09:58:59,137
U62642,Pobeda,2024-09-09,04:55:44,256
DP5078,Ural Airlines,2025-03-26,08:27:08,252
SU5044,Ural Airlines,2025-08-07,16:55:59,278
SU3156,Aeroflot,2025-01-14,05:05:10,96
U6377,Nordwind,2024-06-05,05:08:22,230
DP3281,S7 Airlines,2024-09-01,04:06:46,103
FV9673,Nordwind,2025-05-06,02:34:06,72
FV8338,S7 Airlines,2025-10-15,06:16:55,198
WZ3824,Rossiya,2025-01-25,16:34:42,133
SU507,Rossiya,2024-07-25,23:57:43,42
SU7445,Utair,2024-11-09,01:59:58,180
UT7483,S7 Airlines,2024-01-07,10:36:31,63
U63754,Aeroflot,2024-02-18,23:27:27,27
U63726,S7 Airlines,2024-04-22,15:30:59,126
U61933,Rossiya,2024-09-26,19:34:42,47
UT9971,S7 Airlines,2024-03-01,20:32:49,232
U69329,Utair,2025-09-05,22:02:51,134
S79308,Pobeda,2024-10-25,06:24:15,194
N46035,Rossiya,2024-06-16,19:16:25,144
UT3346,Ural Airlines,2025-08-05,00:28:01,266
WZ9207,Utair,2025-10-23,21:25:49,271
SU7414,Utair,2025-05-09,03:07:11,128
WZ1081,Rossiya,2025-03-21,05:49:30,29
U63495,Aeroflot,2025-09-17,23:00:40,86
S71153,Utair,2024-10-17,02:07:05,182
U6728,Pobeda,2025-08-06,05:15:10,142
WZ9908,Pobeda,2024-09-01,19:02:04,262
UT6549,Utair,2025-09-26,09:32:21,103
SU4958,Nordwind,2025-08-22,11:04:21,11
S78715,Pobeda,2025-05-13,13:15:16,20
N45833,Utair,2024-02-27,05:20:12,273
SU986,Nordwind,2024-12-15,10:46:51,235
DP8070,Pobeda,2025-01-16,08:58:33,257
S7250,Red Wings,2024-07-24,12:50:02,202
UT4063,Red Wings,2024-02-05,03:33:46,143
UT6984,Aeroflot,2024-09-25,03:50:01,152
UT5055,Ural Airlines,2025-02-19,15:01:15,281
U65533,S7 Airlines,2025-05-03,13:32:34,196
UT8643,Ural Airlines,2025-05-16,09:53:07,115
SU6163,Aeroflot,2024-06-14,08:57:46,201
N49983,Ural Airlines,2025-06-19,18:12:20,247
UT3450,Ural Airlines,2024-12-16,19:43:07,83
WZ6394,Pobeda,2024-06-28,04:44:56,5
FV2320,Ural Airlines,2025-02-01,19:08:04,284
SU2481,Aeroflot,2024-11-11,04:35:03,100
N49384,Utair,2024-11-24,03:05:49,64
FV6398,Nordwind,2025-09-12,10:16:32,75
WZ4140,Red Wings,2024-08-26,21:28:18,223
WZ6944,Nordwind,2024-10-10,01:59:04,19
WZ3536,Aeroflot,2025-03-04,08:22:51,49
FV7981,Nordwind,2025-11-27,06:22:11,127
UT551,Aeroflot,2024-04-04,09:34:13,0
U67125,Ural Airlines,2024-01-14,06:38:11,159
UT7757,S7 Airlines,2025-01-27,22:02:16,166
DP9235,Ural Airlines,2024-02-11,01:23:06,210
S76705,Aeroflot,2024-11-05,17:06:43,59
FV4385,Ural Airlines,2025-11-18,08:51:51,254
S78336,S7 Airlines,2025-09-14,08:04:17,225
SU1910,Nordwind,2024-11-03,07:48:59,282
FV9763,Utair,2024-03-26,22:49:29,278
N47746,Utair,2024-05-16,01:26:49,20
DP4780,S7 Airlines,2024-04-02,05:13:52,270
N46331,Aeroflot,2025-10-03,16:30:45,45
U61611,Rossiya,2024-12-18,19:46:33,133
DP2692,Pobeda,2024-06-01,22:15:53,170
N4401,Rossiya,2025-07-19,03:32:21,77
FV5222,Utair,2024-07-19,04:13:28,120
SU5344,Red Wings,2025-09-17,03:23:16,200
UT9279,Nordwind,2024-02-04,19:02:10,200
DP4323,Utair,2025-09-10,03:51:45,138
N47446,Nordwind,2025-01-21,19:39:21,295
DP8791,Red Wings,2024-01-15,12:06:11,120
FV723,Pobeda,2024-05-21,15:15:12,235
UT8308,Ural Airlines,2024-06-25,20:36:47,297
UT2646,S7 Airlines,2025-07-13,06:36:53,293
WZ6458,Ural Airlines,2025-06-24,17:03:26,276
S72545,Rossiya,2025-10-07,16:01:26,245
FV2360,Red Wings,2024-01-08,02:40:40,175
SU5254,Ural Airlines,2024-01-09,22:43:39,81
SU7561,Red Wings,2025-02-01,23:59:22,244
S78502,S7 Airlines,2025-01-15,02:34:20,38
SU3830,S7 Airlines,2025-06-21,11:38:35,20
WZ7851,Pobeda,2024-08-26,23:14:35,8
FV9636,Nordwind,2025-07-04,01:20:14,158
WZ8410,Red Wings,2024-05-16,21:04:06,197
S7317,Aeroflot,2025-01-25,10:53:28,133
S71563,S7 Airlines,2024-02-27,16:34:44,67
N49853,Ural Airlines,2024-12-25,08:51:43,123
S77646,Red Wings,2025-06-11,22:15:06,181
UT2064,Nordwind,2024-09-24,17:16:54,98
DP8735,Rossiya,2024-12-02,05:30:28,229
WZ4054,Nordwind,2025-02-15,17:24:27,40
S79885,Rossiya,2024-08-19,11:19:28,272
SU8596,Rossiya,2024-05-03,21:24:40,147
SU5865,Red Wings,2024-12-21,18:36:18,189
N44411,Ural Airlines,2024-08-10,19:55:46,298
N42564,Rossiya,2024-05-23,02:20:25,178
S72957,Aeroflot,2024-04-27,18:36:13,213
FV1057,Nordwind,2025-05-18,00:25:14,98
UT6037,Ural Airlines,2024-09-16,07:19:21,233
SU2411,Pobeda,2025-07-15,22:45:22,27
DP7525,Rossiya,2024-01-27,02:23:56,101
U6342,Red Wings,2025-05-22,02:09:08,209
SU8598,Aeroflot,2025-09-06,04:07:46,146
S72940,Ural Airlines,2025-04-15,18:50:27,10
U66277,Rossiya,2025-06-24,00:50:55,152
UT1279,Nordwind,2024-01-20,12:29:18,92
FV8027,S7 Airlines,2024-02-13,20:00:44,37
FV7456,Rossiya,2025-01-08,08:33:08,7
DP5694,Utair,2024-08-11,00:34:48,193
S78856,Utair,2025-06-02,07:53:55,191
FV279,Nordwind,2025-08-01,05:50:26,81
DP8997,Red Wings,2024-01-14,01:25:28,150
UT8365,S7 Airlines,2024-11-05,23:04:38,59
UT3834,Aeroflot,2024-08-16,08:01:00,186
UT966,Red Wings,2025-03-12,23:47:30,140
UT9463,Nordwind,2024-06-12,15:43:42,4
DP6323,Ural Airlines,2024-01-25,07:07:03,267
SU2631,Red Wings,2025-11-01,01:00:44,1
DP6420,Nordwind,2025-01-22,12:41:03,195
SU678,Rossiya,2025-10-01,15:41:11,196
N49314,Rossiya,2024-05-09,06:07:55,176
U67929,S7 Airlines,2024-04-09,08:28:52,112
SU3570,Aeroflot,2024-05-21,23:08:35,92
S74047,S7 Airlines,2025-04-24,11:52:07,180
FV5727,Ural Airlines,2024-12-25,22:01:53,96
DP3568,S7 Airlines,2024-02-21,00:59:11,6
S76390,Ural Airlines,2024-06-28,06:54:49,121
S73065,Red Wings,2025-12-22,06:30:49,12
DP4853,Pobeda,2024-02-02,05:31:34,63
N42348,Utair,2024-10-08,14:47:51,113
DP5130,S7 Airlines,2024-10-03,04:39:41,30
S76831,S7 Airlines,2024-07-25,06:59:58,143
SU6331,Pobeda,2025-09-18,06:45:08,133
SU3530,Nordwind,2024-02-08,16:10:08,94
N43529,Aeroflot,2025-01-19,13:44:12,21
WZ7301,Aeroflot,2025-04-22,16:58:18,126
N45889,Rossiya,2025-01-14,02:20:29,198
UT264,Aeroflot,2024-12-03,03:16:22,136
FV5279,Pobeda,2025-12-20,03:52:31,26
FV8077,Red Wings,2024-04-05,07:01:40,37
U64782,Nordwind,2024-05-21,15:38:22,289
U68876,Rossiya,2025-03-15,18:03:34,112
WZ8586,Rossiya,2025-02-15,17:24:34,48
SU7865,Ural Airlines,2025-03-17,20:49:59,42
SU6020,Ural Airlines,2025-01-16,01:30:32,261
N45773,Aeroflot,2025-04-06,06:04:53,30
U61260,Ural Airlines,2025-07-28,15:37:02,58
N49443,Utair,2024-10-22,07:44:49,139
FV8545,Red Wings,2024-07-25,03:31:01,226
FV9844,Pobeda,2024-08-21,08:21:20,269
DP4686,Utair,2025-02-05,09:33:02,253
FV6788,Red Wings,2024-02-13,03:57:18,212
WZ7434,Nordwind,2025-08-28,21:32:15,52
FV6924,Aeroflot,2025-08-03,19:44:08,164
UT8358,S7 Airlines,2025-08-10,22:03:44,280
UT7031,Utair,2024-04-19,00:04:45,50
S78611,Aeroflot,2025-09-28,21:08:44,285
WZ6488,Rossiya,2025-03-25,13:12:51,151
UT4396,Aeroflot,2024-06-27,22:52:52,42
DP540,Nordwind,2024-11-15,10:32:13,239
N44805,Nordwind,2025-01-10,06:54:24,250
SU2526,Nordwind,2025-02-03,04:28:21,62
DP5607,Aeroflot,2025-11-24,17:15:57,170
N49046,Aeroflot,2025-06-16,06:27:44,22
S76750,Ural Airlines,2024-05-22,10:33:19,134
N48741,Nordwind,2025-05-09,01:21:14,70
SU2473,Aeroflot,2024-05-19,04:45:47,297
FV5882,Rossiya,2024-08-21,04:49:41,262
N43447,Ural Airlines,2025-09-06,05:21:05,65
N49947,S7 Airlines,2024-12-02,12:12:51,153
WZ500,Utair,2024-01-23,12:56:50,89
DP492,Nordwind,2025-07-27,15:12:39,171
WZ4288,Aeroflot,2024-06-10,08:41:47,278
FV5319,Utair,2024-03-27,19:10:22,171
DP2491,Ural Airlines,2025-03-28,03:30:02,218
S73786,Ural Airlines,2025-01-27,04:47:28,118
S74688,Pobeda,2025-02-06,04:09:49,102
S72796,Red Wings,2024-05-18,17:54:54,17
UT3821,Utair,2024-07-12,01:06:33,273
N45888,Nordwind,2025-03-20,07:56:38,65
FV1945,Pobeda,2024-08-12,17:22:41,225
UT8783,S7 Airlines,2024-11-21,12:08:28,240
S75717,Pobeda,2025-02-01,07:33:20,181
DP8094,Red Wings,2024-10-07,04:17:31,113
FV2702,Ural Airlines,2024-12-20,08:29:06,95
N43358,Utair,2024-05-21,21:35:14,59
FV2106,Ural Airlines,2025-10-22,09:58:40,12
WZ5907,Pobeda,2025-01-15,12:17:01,192
N45157,Pobeda,2024-02-07,06:19:44,177
N49820,Pobeda,2024-09-21,19:44:47,153
U69046,Utair,2024-03-16,13:06:39,191
S73650,Ural Airlines,2025-04-21,08:27:37,222
SU234,Utair,2024-04-06,16:16:02,82
DP7064,Nordwind,2025-05-03,21:22:35,137
N45924,Utair,2025-07-23,16:30:39,228
DP3964,Utair,2024-05-22,22:02:56,171
S78975,S7 Airlines,2024-03-02,22:47:06,0
U6977,Red Wings,2024-07-10,07:50:59,111
FV1732,Rossiya,2024-05-05,00:33:27,123
SU6040,S7 Airlines,2024-12-23,02:17:33,197
N49474,Red Wings,2025-03-02,10:35:41,271
UT9700,Aeroflot,2024-01-18,14:31:57,192
DP3921,Ural Airlines,2024-12-26,02:37:37,218
DP6790,Utair,2025-07-10,06:38:51,125
WZ7895,Utair,2024-05-13,22:25:17,67
S74897,Aeroflot,2025-01-02,00:28:24,226
WZ1376,Utair,2025-07-17,13:58:13,10
S79721,Rossiya,2024-02-23,18:13:09,160
UT2693,Ural Airlines,2024-01-24,20:33:38,222
U66547,Aeroflot,2024-04-01,19:08:00,148
SU3930,Red Wings,2024-12-03,16:05:53,59
FV7638,Rossiya,2024-06-03,03:35:07,293
N48822,Rossiya,2024-10-03,01:37:31,30
UT5336,Rossiya,2024-12-08,15:36:16,263
WZ4192,S7 Airlines,2024-03-01,21:34:06,278
FV8637,Red Wings,2025-11-03,04:37:17,81
UT3270,Ural Airlines,2024-05-28,06:58:20,287
S76023,Red Wings,2025-11-28,22:47:16,237
FV3838,Pobeda,2024-06-19,07:30:16,238
DP7228,Red Wings,2024-03-12,10:30:20,9
UT7817,Nordwind,2024-03-07,21:56:37,237
UT4944,Pobeda,2025-07-24,10:56:08,90
DP6210,Nordwind,2024-01-12,10:21:28,7
U68895,Utair,2024-08-10,05:12:55,12
S77000,Pobeda,2024-07-08,22:52:24,93
FV7633,Aeroflot,2024-12-14,18:09:08,25
WZ4153,Pobeda,2025-03-17,07:30:37,261
DP6109,Pobeda,2024-12-23,01:10:41,210
SU1511,Ural Airlines,2024-07-22,22:13:01,242
UT4722,Rossiya,2025-01-12,06:06:25,53
SU4584,Ural Airlines,2025-05-11,15:55:29,34
U63629,Nordwind,2024-11-07,13:38:02,132
FV3372,Ural Airlines,2024-01-07,14:55:40,278
SU524,Utair,2024-04-12,19:27:20,219
N49071,Aeroflot,2024-09-26,01:00:38,161
FV2423,S7 Airlines,2025-09-15,11:48:54,188
DP8781,Pobeda,2024-11-09,09:52:09,59
N4852,Utair,2024-06-26,12:31:55,194
S71806,Aeroflot,2024-03-02,09:15:31,97
WZ2391,Utair,2024-10-07,16:37:11,218
FV602,Rossiya,2024-03-17,18:45:50,196
WZ7286,Nordwind,2024-02-12,00:15:50,93
S73322,Aeroflot,2024-05-27,03:07:30,248
U65145,Ural Airlines,2024-04-25,09:25:29,107
WZ9828,Rossiya,2025-07-11,17:45:07,4
FV8453,Aeroflot,2025-11-05,09:32:16,178
S77448,Utair,2024-11-14,22:28:23,272
UT7804,Aeroflot,2024-11-20,19:55:14,292
N41158,Aeroflot,2024-07-27,00:00:20,160
UT2468,S7 Airlines,2025-06-10,05:34:56,278
U66564,Pobeda,2024-08-18,22:54:40,173
UT5395,Nordwind,2025-03-15,06:02:57,143
N47956,Aeroflot,2025-10-16,18:17:17,18
DP6341,Pobeda,2025-01-23,06:28:56,67
S77756,Nordwind,2025-08-21,05:51:32,189
S79972,Rossiya,2024-12-13,06:27:20,20
DP6376,Rossiya,2024-03-27,00:44:18,90
FV1036,Utair,2024-09-26,13:04:27,117
DP704,Nordwind,2024-10-15,02:17:03,142
SU4481,Red Wings,2024-03-01,03:06:39,185
WZ9091,Aeroflot,2024-03-11,23:48:06,77
SU4141,Rossiya,2025-12-08,21:53:10,176
U66860,Nordwind,2024-03-15,06:21:16,227
UT4270,Aeroflot,2025-06-14,03:14:01,65
UT6786,Ural Airlines,2025-03-17,04:13:28,137
N42675,Rossiya,2024-08-08,18:14:09,81
N49132,Red Wings,2024-12-09,22:14:26,51
DP6098,Red Wings,2024-12-10,02:22:14,114
U67534,Aeroflot,2024-10-21,02:04:47,252
UT4502,Nordwind,2024-01-16,07:49:19,296
DP8369,Ural Airlines,2025-03-19,20:41:47,165
U67708,Nordwind,2025-10-02,01:56:56,70
U68160,Utair,2024-02-16,12:51:35,163
S78288,S7 Airlines,2024-10-14,18:09:29,108
U6393,Nordwind,2024-11-05,14:56:21,217
S71241,Aeroflot,2025-04-09,09:42:42,166
S77100,Aeroflot,2024-05-01,11:06:00,88
DP123,Red Wings,2024-08-14,17:34:52,187
FV1374,Rossiya,2024-03-06,00:12:00,136
DP3127,Ural Airlines,2025-11-28,04:21:44,108
SU6759,Utair,2024-10-14,21:31:04,96
S71009,Pobeda,2024-10-13,11:41:43,255
DP2217,Ural Airlines,2024-02-12,02:35:22,89
SU9286,Pobeda,2024-12-18,04:19:04,277
U69259,S7 Airlines,2024-04-25,08:38:46,296
WZ3002,Red Wings,2024-03-22,12:09:36,19
UT9418,Ural Airlines,2025-09-20,18:12:11,148
U61617,S7 Airlines,2025-09-14,02:34:47,190
UT3313,Pobeda,2025-03-07,21:38:29,202
U61638,Ural Airlines,2025-04-02,04:15:31,51
DP3505,Utair,2025-10-22,22:46:24,107
N49533,S7 Airlines,2024-03-26,11:01:09,193
DP6946,Rossiya,2024-04-03,10:52:52,142
U67538,Nordwind,2025-09-21,07:51:05,4
S75150,Ural Airlines,2024-03-06,02:03:07,198
FV9729,Red Wings,2025-12-17,22:57:44,62
N46582,Ural Airlines,2024-03-02,08:12:43,100
S76411,Utair,2025-07-02,05:39:23,236
SU4711,Ural Airlines,2025-09-06,18:33:20,195
SU9715,S7 Airlines,2024-09-19,04:11:08,174
WZ2366,Aeroflot,2025-02-16,20:09:56,75
S71412,Aeroflot,2025-05-17,14:58:51,137
N48778,Utair,2024-04-16,08:08:56,148
FV3205,Rossiya,2024-07-12,18:59:58,99
FV8069,Rossiya,2025-11-25,03:23:20,111
S78453,Nordwind,2025-06-28,12:56:15,221
FV8825,Utair,2025-04-16,22:09:17,182
DP5712,Rossiya,2025-11-06,05:33:46,12
FV8947,Red Wings,2025-07-11,19:30:39,96
FV3903,Ural Airlines,2024-02-11,12:46:03,294
S73608,Utair,2024-10-12,17:58:20,117
WZ4000,Rossiya,2025-07-23,01:53:03,288
SU1558,Ural Airlines,2024-11-27,21:02:01,272
SU4195,Pobeda,2025-10-16,19:18:09,294
S7753,S7 Airlines,2024-09-28,18:10:42,106
N49271,S7 Airlines,2025-09-21,23:27:06,153
SU2432,Pobeda,2024-08-01,11:30:54,61
DP5356,Pobeda,2024-08-07,02:31:18,48
SU2096,Pobeda,2024-12-28,16:30:13,246
N48450,Nordwind,2024-02-17,10:44:58,87
SU5281,S7 Airlines,2024-06-16,13:30:36,152
N46532,Nordwind,2024-09-18,09:06:00,130
UT2885,Pobeda,2024-01-08,09:13:45,162
SU4427,Pobeda,2025-11-10,12:56:51,120
WZ2526,Utair,2025-11-20,05:51:50,188
WZ7990,Red Wings,2024-03-13,02:49:35,269
UT2067,Nordwind,2024-08-28,23:22:04,95
FV319,Nordwind,2024-03-27,17:13:54,20
N44036,Utair,2025-05-07,22:48:45,98
N45892,Ural Airlines,2024-12-07,01:48:05,30
DP7636,Red Wings,2025-12-04,09:59:42,265
FV1603,Ural Airlines,2024-08-08,03:56:24,18
U67708,Nordwind,2025-08-20,02:29:45,156
SU4156,Aeroflot,2025-01-09,00:39:54,161
U63583,Rossiya,2024-07-28,21:15:01,130
UT1132,Aeroflot,2024-10-24,23:39:50,24
FV8580,Aeroflot,2025-07-25,21:22:25,140
UT2801,Ural Airlines,2024-11-03,01:00:55,210
U67106,Aeroflot,2024-06-01,02:57:59,199
WZ8536,Nordwind,2025-02-13,14:37:54,281
DP2788,S7 Airlines,2024-06-10,04:43:03,255
U63478,S7 Airlines,2024-07-20,12:18:55,38
SU7012,Pobeda,2025-12-23,19:19:25,184
WZ9438,Ural Airlines,2025-11-18,04:23:48,201
SU6405,Ural Airlines,2025-01-27,18:32:09,273
S75173,Aeroflot,2025-08-11,03:46:56,203
FV1700,Ural Airlines,2024-07-18,16:59:44,268
DP7112,Pobeda,2024-12-05,05:14:27,117
FV6490,Utair,2024-06-28,02:08:13,230
S76033,Utair,2024-12-25,01:57:11,256
FV4114,S7 Airlines,2024-07-13,22:19:11,234
FV1690,S7 Airlines,2025-03-11,19:00:00,264
UT4512,Utair,2025-06-13,02:55:54,195
FV8532,Red Wings,2024-07-22,02:26:54,22
UT7255,Nordwind,2025-06-16,00:58:52,37
DP6504,Red Wings,2024-10-28,00:29:12,287
UT2656,Pobeda,2025-11-07,01:49:11,168
UT213,Pobeda,2024-11-04,21:29:09,241
FV1253,Ural Airlines,2024-09-27,16:56:57,25
DP8088,Ural Airlines,2025-06-02,20:16:49,105
SU8112,S7 Airlines,2025-03-25,16:32:59,55
U65207,Ural Airlines,2024-07-19,05:25:48,67
SU4215,Nordwind,2024-03-20,02:05:38,41
N42339,Utair,2024-12-06,19:59:24,106
N41365,Nordwind,2024-10-17,01:12:04,161
UT7294,S7 Airlines,2024-07-12,04:32:56,126
DP1662,Utair,2025-02-07,13:27:50,180
DP9204,S7 Airlines,2025-12-09,00:25:22,64
SU7286,Utair,2025-06-03,15:40:07,102
N4508,Ural Airlines,2025-01-12,13:10:56,109
SU3870,Utair,2025-08-06,01:06:58,111
FV5908,Pobeda,2025-04-26,10:02:35,222
DP8109,Pobeda,2024-07-18,19:06:07,103
S76759,Utair,2025-09-15,19:24:11,40
WZ7237,Utair,2024-09-18,18:00:24,32
UT2164,S7 Airlines,2025-04-26,05:50:29,47
SU2856,Pobeda,2024-12-10,16:37:54,0
S76271,Aeroflot,2024-07-28,20:26:15,17
DP5041,Rossiya,2025-05-20,14:12:08,51
N49919,Ural Airlines,2025-08-21,04:06:08,296
DP9635,Pobeda,2025-03-17,07:06:47,78
WZ6029,Rossiya,2025-08-09,13:03:22,184
S71416,Ural Airlines,2025-11-09,08:12:07,51
U62950,Ural Airlines,2024-03-14,14:40:13,223
SU2573,S7 Airlines,2024-08-20,13:59:22,76
U66496,Utair,2025-08-21,16:54:11,119
WZ5584,Utair,2025-11-15,17:23:00,270
DP6393,Nordwind,2024-04-14,03:58:39,214
WZ6792,Pobeda,2024-12-11,13:39:32,57
DP4682,Utair,2025-12-22,13:14:57,176
S79003,Aeroflot,2025-12-01,23:18:30,275
U62033,Rossiya,2025-05-01,01:18:38,239
N48697,Rossiya,2024-02-04,15:00:44,288
FV3688,Red Wings,2024-03-28,06:18:14,20
UT1490,Red Wings,2025-03-21,16:44:09,293
DP916,Nordwind,2024-04-04,21:42:38,27
UT8094,Red Wings,2024-02-21,10:46:19,237
UT2050,Red Wings,2024-06-16,06:40:01,9
UT7367,S7 Airlines,2024-06-21,22:02:49,245
UT493,Red Wings,2025-06-16,06:50:36,287
DP6406,Utair,2025-08-13,10:27:33,1
UT1677,Pobeda,2025-07-24,16:06:44,120
N43729,Aeroflot,2025-09-06,01:39:59,81
S75392,Nordwind,2025-11-08,12:49:31,158
S79806,Red Wings,2024-12-24,22:48:12,30
N46287,Aeroflot,2024-08-03,06:23:12,84
U68533,Red Wings,2024-04-20,17:46:22,59
SU3483,Red Wings,2025-04-21,19:41:41,244
SU4502,Ural Airlines,2024-05-28,01:00:48,108
FV4201,Aeroflot,2025-10-05,16:04:53,88
SU8280,Aeroflot,2025-02-01,17:16:41,22
FV2834,S7 Airlines,2025-12-23,01:01:34,100
UT2434,Aeroflot,2025-09-14,10:01:30,27
S79960,Aeroflot,2025-09-01,17:20:19,64
UT6145,Ural Airlines,2024-02-01,04:53:39,141
UT3580,Ural Airlines,2025-09-14,00:54:09,273
FV4307,Ural Airlines,2024-04-13,21:54:52,245
WZ8942,Pobeda,2025-05-22,09:44:23,5
SU2924,Utair,2025-06-13,15:17:20,198
DP4683,Nordwind,2024-07-23,18:23:02,173
UT2511,Aeroflot,2024-04-22,18:15:36,61
SU7233,Ural Airlines,2025-10-14,08:52:36,159
U62935,Ural Airlines,2024-11-12,05:20:10,32
N45570,Utair,2025-08-13,21:01:06,4
FV5239,Ural Airlines,2024-03-03,19:30:49,59
WZ1296,Red Wings,2024-03-14,21:11:16,42
SU1788,Utair,2024-06-24,14:15:31,143
S7873,S7 Airlines,2024-10-01,02:19:09,195
S7115,Rossiya,2025-09-18,06:29:34,41
DP4189,Rossiya,2025-07-27,21:57:26,65
U67625,S7 Airlines,2025-03-22,01:12:41,232
N41897,Ural Airlines,2025-05-01,01:58:34,245
N4553,Utair,2024-05-17,06:51:15,233
U63836,Nordwind,2025-01-17,12:49:44,171
UT8957,Nordwind,2025-08-01,07:49:40,268
DP3823,Rossiya,2025-03-28,19:23:11,175
SU302,Utair,2024-08-09,05:41:54,6
FV7286,Utair,2025-08-20,03:26:39,297
WZ9214,Pobeda,2024-10-19,22:53:08,26
FV1525,S7 Airlines,2024-04-07,09:47:42,242
UT5243,Aeroflot,2024-05-14,12:03:22,1
SU9312,Pobeda,2024-02-27,08:08:05,48
UT3259,Rossiya,2024-08-15,10:07:04,156
WZ4846,Ural Airlines,2024-02-14,22:45:50,3
UT5598,Rossiya,2025-05-05,04:36:07,137
S73210,Aeroflot,2024-10-15,18:05:29,77
WZ6090,Ural Airlines,2025-02-23,11:08:44,115
N43884,S7 Airlines,2025-08-07,01:08:12,162
N4125,Utair,2024-02-27,16:55:42,186
FV7742,Rossiya,2024-03-28,03:14:55,165
DP8553,Aeroflot,2024-02-07,09:34:54,280
N46808,S7 Airlines,2024-12-13,12:01:11,141
N47968,S7 Airlines,2025-11-08,11:18:23,46
FV479,Utair,2025-01-02,13:13:36,100
S71402,Ural Airlines,2024-01-07,23:11:46,105
FV1817,Ural Airlines,2024-01-04,10:21:03,84
DP5219,Ural Airlines,2025-05-21,22:12:51,231
SU9117,Rossiya,2024-05-12,12:42:33,277
S77021,Utair,2025-07-08,01:17:16,163
U63566,Utair,2025-05-06,11:47:48,37
UT9664,Rossiya,2024-01-11,08:34:51,200
FV9132,Red Wings,2024-11-05,17:38:55,37
S72281,S7 Airlines,2025-03-19,05:58:43,126
FV1241,Red Wings,2024-10-11,00:31:33,259
FV6957,S7 Airlines,2024-01-17,18:48:34,217
FV2593,Ural Airlines,2025-07-10,05:04:27,118
DP1976,Red Wings,2025-04-09,05:58:08,145
S76280,Ural Airlines,2024-06-24,19:15:08,185
FV2414,Nordwind,2024-02-09,09:43:52,0
SU4863,Red Wings,2025-02-23,08:53:19,125
WZ4300,Aeroflot,2025-09-22,23:29:09,245
S77332,Red Wings,2024-12-11,07:21:25,120
FV2608,Utair,2025-04-11,09:27:42,234
S73075,Ural Airlines,2024-08-05,17:53:52,36
DP4072,Red Wings,2024-12-14,15:12:58,269
WZ1341,S7 Airlines,2024-07-26,21:41:59,1
N48053,Utair,2025-07-11,21:20:33,167
FV6721,Rossiya,2024-08-09,02:48:17,157
FV2625,Nordwind,2024-04-04,21:28:16,157
SU7160,S7 Airlines,2025-03-24,10:51:06,66
N43148,Red Wings,2024-03-22,06:32:49,293
N44872,Nordwind,2024-11-04,17:55:44,210
N41138,S7 Airlines,2024-02-04,08:06:52,60
S76812,Rossiya,2025-01-07,13:31:21,42
UT4757,Aeroflot,2024-06-03,14:22:13,148
S77272,Rossiya,2025-05-06,09:12:51,213
S79722,Red Wings,2024-10-17,19:16:43,256
UT9307,S7 Airlines,2024-08-06,20:41:23,273
SU1929,Pobeda,2024-08-01,01:05:33,143
SU1312,Ural Airlines,2024-02-03,10:52:58,126
U64617,Aeroflot,2025-10-01,06:24:21,139
UT5769,Red Wings,2024-07-02,22:53:30,17
U64154,Utair,2025-08-02,21:42:37,108
FV1387,Ural Airlines,2025-08-20,02:09:03,206
WZ5648,Red Wings,2025-02-10,15:26:09,52
DP705,Aeroflot,2025-10-26,08:16:26,45
WZ9229,Aeroflot,2025-10-26,15:02:59,228
S76156,Nordwind,2024-06-27,11:16:28,205
S77754,Red Wings,2025-12-05,04:18:58,188
U63224,Aeroflot,2025-05-07,02:01:46,256
FV6022,Aeroflot,2025-03-14,12:25:31,10
UT4271,Ural Airlines,2024-02-11,16:08:09,20
DP5142,Nordwind,2024-06-15,15:25:38,165
DP6951,Aeroflot,2024-07-24,05:44:22,90
UT3909,S7 Airlines,2025-10-01,22:21:44,289
WZ738,Pobeda,2025-09-25,21:45:21,297
SU1730,Ural Airlines,2025-10-24,06:27:46,288
SU1171,S7 Airlines,2025-04-15,21:08:37,198
UT6765,S7 Airlines,2024-06-23,14:53:56,39
SU6901,Ural Airlines,2025-06-01,15:11:39,19
UT8961,S7 Airlines,2025-09-18,13:06:01,276
UT7614,Utair,2025-02-04,09:10:17,96
DP1230,Aeroflot,2024-08-21,01:52:47,99
DP1102,Nordwind,2025-09-20,13:37:32,18
S79965,Rossiya,2024-12-06,23:38:20,123
N46922,Ural Airlines,2024-08-10,03:57:24,208
WZ3533,S7 Airlines,2024-09-17,02:03:15,117
N4519,Rossiya,2024-11-12,02:04:37,154
UT1694,Pobeda,2024-08-14,16:11:10,47
DP5943,S7 Airlines,2025-10-05,04:15:10,267
S72437,S7 Airlines,2024-09-23,19:11:07,281
U69931,Red Wings,2024-06-28,07:36:10,35
UT7091,Utair,2025-04-07,15:39:41,159
S73334,Ural Airlines,2025-01-06,15:25:03,263
S72318,Pobeda,2025-09-11,19:51:16,24
SU4882,Red Wings,2025-08-19,07:11:56,85
WZ8815,Red Wings,2025-04-24,11:01:20,33
U66407,S7 Airlines,2024-04-28,12:41:16,276
DP1194,Nordwind,2024-06-26,12:11:02,220
UT6287,Ural Airlines,2025-06-21,18:37:45,291
FV5521,Red Wings,2024-01-15,15:35:28,116
UT4986,Red Wings,2025-07-12,21:04:59,222
SU9801,Ural Airlines,2024-06-01,21:25:58,119
S77623,Aeroflot,2024-08-18,12:18:45,107
UT3057,Nordwind,2025-11-09,02:54:10,1
S79357,Pobeda,2025-07-05,11:24:04,100
FV427,S7 Airlines,2024-08-11,15:17:55,24
N44332,Aeroflot,2025-04-16,00:09:58,174
SU6368,S7 Airlines,2025-04-20,03:44:12,2
UT655,Pobeda,2024-04-19,06:51:18,274
DP7982,Ural Airlines,2024-06-26,20:49:28,36
S73806,Utair,2025-11-05,06:52:18,87
N44576,Aeroflot,2025-11-03,14:25:20,89
SU4293,Aeroflot,2024-08-28,10:48:14,187
UT4888,Pobeda,2024-10-27,14:46:32,159
FV6784,Nordwind,2024-12-20,12:52:53,67
DP534,Nordwind,2025-12-24,11:00:51,96
FV7371,Aeroflot,2025-09-19,07:35:17,155
FV4338,Pobeda,2024-10-09,03:11:34,72
U63885,Pobeda,2025-06-10,01:46:53,215
S79505,Nordwind,2024-10-15,01:56:19,63
WZ1196,Utair,2024-07-07,23:43:18,110
U64173,Nordwind,2024-05-22,16:55:32,144
N47415,S7 Airlines,2025-09-12,04:01:38,169
S71562,Rossiya,2025-12-11,00:33:18,291
UT8573,Aeroflot,2025-03-05,05:11:52,179
DP9676,Red Wings,2025-03-02,09:41:14,268
DP9423,Rossiya,2025-05-13,04:38:35,251
N49059,Nordwind,2025-01-11,02:24:22,199
S78675,Ural Airlines,2025-07-04,17:48:19,84
N41979,Ural Airlines,2024-11-24,13:50:30,44
FV5453,Red Wings,2025-10-08,20:11:37,161
S78237,Red Wings,2024-08-08,05:44:39,107
FV8714,Rossiya,2025-05-05,21:04:34,149
WZ8798,Pobeda,2025-05-11,01:29:46,181
U67945,Red Wings,2024-06-11,20:41:41,132
FV7362,Utair,2025-08-19,17:13:55,76
DP6633,Nordwind,2024-07-21,09:42:11,36
UT8338,Nordwind,2024-12-06,06:41:46,10
FV7898,Pobeda,2025-03-25,23:15:00,143
FV9637,Aeroflot,2024-04-21,07:43:29,91
WZ9565,S7 Airlines,2024-10-19,11:54:40,231
SU4518,Utair,2024-08-06,19:46:30,151
N41535,Nordwind,2025-11-07,16:04:53,295
N47959,Pobeda,2025-10-28,10:54:09,85
FV6728,Red Wings,2024-03-05,03:41:54,259
DP9274,Nordwind,2024-03-09,04:35:21,100
S71259,S7 Airlines,2024-08-22,14:49:26,131
FV6302,S7 Airlines,2025-04-03,14:24:41,164
U61884,Ural Airlines,2024-07-11,01:17:45,15
UT5829,Rossiya,2024-10-20,18:12:39,147
DP5062,Aeroflot,2024-07-11,06:23:55,64
UT140,Nordwind,2025-02-09,07:11:40,189
UT5447,Ural Airlines,2024-12-07,13:51:18,237
U68213,Nordwind,2024-04-28,14:40:57,193
S75285,Red Wings,2024-05-09,07:53:38,202
S74453,S7 Airlines,2025-03-20,04:38:37,132
UT8563,Nordwind,2025-01-28,06:03:37,255
WZ6093,Pobeda,2025-04-04,17:23:23,264
DP1593,Red Wings,2025-03-13,01:20:13,78
DP2813,Rossiya,2025-09-07,21:32:28,182
S71425,Ural Airlines,2025-04-17,17:43:26,92
SU7376,Aeroflot,2024-04-14,09:48:12,34
WZ7318,Utair,2025-08-24,16:33:48,170
U64770,Pobeda,2025-07-17,01:37:29,147
S78272,Ural Airlines,2024-09-11,09:29:48,70
N42570,Utair,2024-10-14,11:26:05,44
DP6611,Nordwind,2024-09-24,15:43:55,48
UT5181,Nordwind,2024-02-25,18:42:29,293
FV4812,Red Wings,2025-09-23,18:05:44,4
WZ1118,Utair,2024-08-27,23:47:51,9
U68853,Pobeda,2025-12-03,17:00:53,22
DP7056,S7 Airlines,2025-01-11,13:27:27,222
S77428,Ural Airlines,2024-10-08,00:13:18,297
DP9736,Rossiya,2025-03-26,02:51:54,149
UT7785,S7 Airlines,2024-07-16,11:36:30,207
SU4231,Ural Airlines,2024-07-18,00:37:29,164
N44329,Pobeda,2025-11-24,04:25:30,198
N49622,Red Wings,2024-04-23,22:23:31,285
U68122,S7 Airlines,2025-01-07,07:46:52,273
S71482,S7 Airlines,2025-05-20,08:49:16,251
S78277,Rossiya,2024-11-22,09:05:58,203
SU1587,Ural Airlines,2024-09-07,20:59:32,296
SU629,Pobeda,2024-08-28,09:06:04,86
WZ9793,Nordwind,2025-07-21,06:14:25,102
U6415,S7 Airlines,2025-09-04,02:09:58,207
U62103,Utair,2024-01-14,19:19:33,263
WZ4171,Ural Airlines,2025-12-13,10:38:04,267
FV5877,Red Wings,2024-12-01,23:09:11,173
DP2787,S7 Airlines,2024-06-16,22:59:11,181
WZ1340,Utair,2025-12-21,12:56:42,255
S73843,Rossiya,2025-07-18,00:19:35,207
S74832,Nordwind,2025-07-11,01:56:51,148
DP447,Ural Airlines,2024-05-17,05:29:33,166
WZ5943,Ural Airlines,2024-04-18,04:32:36,254
UT2464,Ural Airlines,2025-03-03,10:54:41,228
DP6206,Aeroflot,2024-02-06,04:55:31,51
SU9142,Red Wings,2024-07-12,13:37:30,177
FV9891,Red Wings,2024-09-05,07:25:32,273
SU5163,S7 Airlines,2024-07-15,17:43:39,146
N4249,Aeroflot,2024-10-08,08:23:14,19
SU3985,Ural Airlines,2024-09-09,07:33:30,260
FV5013,Red Wings,2024-05-04,23:12:38,249
SU3302,Utair,2024-01-12,05:24:56,232
UT2541,Pobeda,2025-07-13,08:15:31,248
UT1016,Nordwind,2024-01-24,07:41:46,100
WZ7314,Pobeda,2024-12-22,01:57:20,243
N42694,S7 Airlines,2025-10-17,13:05:30,239
S76450,Rossiya,2024-01-24,10:22:41,227
FV9762,Utair,2024-12-18,20:53:47,167
FV5647,S7 Airlines,2024-11-27,05:30:09,46
DP4563,Utair,2025-03-14,03:01:50,133
U66793,Utair,2024-01-01,18:02:30,126
U62728,Red Wings,2025-01-24,13:18:09,100
U67948,Pobeda,2025-01-26,18:18:12,282
WZ2014,Rossiya,2024-06-17,21:46:25,230
WZ8560,Red Wings,2024-09-15,00:48:37,109
N41531,Red Wings,2025-10-12,00:25:25,287
SU3620,Nordwind,2024-06-25,06:23:31,52
SU1381,S7 Airlines,2024-12-04,07:25:52,269
UT2705,S7 Airlines,2024-07-27,10:20:53,127
UT3280,Rossiya,2024-12-02,09:58:02,27
U6125,Utair,2024-06-10,08:58:38,211
DP8262,Nordwind,2025-03-13,14:09:07,42
S76041,Utair,2025-01-08,12:37:28,61
N43363,Pobeda,2025-09-19,17:58:03,190
N42309,Utair,2025-10-18,23:52:15,147
DP2105,Ural Airlines,2024-08-10,04:11:28,96
FV7400,Aeroflot,2025-04-11,21:56:33,104
WZ2380,Aeroflot,2024-06-07,20:46:05,105
N44445,Rossiya,2025-04-21,17:19:39,114
FV1376,Red Wings,2025-02-20,01:39:07,42
SU3911,Nordwind,2025-10-17,02:01:09,80
UT4175,Red Wings,2024-06-13,11:33:23,2
FV7277,Rossiya,2024-07-15,01:42:37,242
UT2583,S7 Airlines,2024-03-25,00:39:16,239
DP5982,S7 Airlines,2024-06-12,07:43:11,215
U69977,Utair,2025-03-11,06:34:33,157
N49301,Nordwind,2025-03-10,12:59:50,227
SU3920,Aeroflot,2024-01-03,04:50:36,270
SU7619,Pobeda,2025-05-01,02:52:36,7
FV529,Utair,2024-06-16,18:26:58,31
DP7146,Red Wings,2024-07-12,10:56:05,169
DP6970,Utair,2024-03-28,11:07:20,200
WZ979,S7 Airlines,2024-12-28,06:50:28,200
S71887,Aeroflot,2025-11-08,03:34:01,175
U6651,Pobeda,2024-08-11,00:43:02,187
UT6134,Rossiya,2025-03-07,22:58:42,40
WZ9686,Ural Airlines,2024-04-20,07:29:53,290
SU9633,Aeroflot,2024-09-24,16:23:26,149
N4943,S7 Airlines,2025-02-23,12:29:57,11
UT8020,S7 Airlines,2025-09-06,20:55:00,185
SU1238,Aeroflot,2024-05-21,10:57:09,206
SU7542,Ural Airlines,2025-09-03,07:26:54,148
SU6701,Rossiya,2025-08-11,06:20:44,284
SU7227,Rossiya,2024-04-04,14:00:48,297
S72120,Red Wings,2025-11-26,17:59:08,193
DP1337,Ural Airlines,2025-07-19,11:16:37,172
N44021,Nordwind,2024-08-26,01:58:34,129
FV500,Ural Airlines,2024-06-10,05:29:30,63
DP1265,Nordwind,2025-06-01,05:56:42,63
WZ6955,Rossiya,2025-02-11,12:50:10,179
WZ7286,Red Wings,2025-04-15,18:20:52,49
FV9152,S7 Airlines,2024-02-15,00:05:59,44
N46034,Pobeda,2024-03-01,18:28:27,225
DP9576,Rossiya,2025-11-23,11:02:57,77
S76612,Ural Airlines,2024-07-13,19:01:01,258
UT9757,Red Wings,2024-07-01,13:33:12,184
DP8533,Nordwind,2024-11-05,16:57:05,154
FV8142,Nordwind,2024-03-14,13:52:37,299
WZ5865,Utair,2024-11-16,08:22:38,248
U69679,Red Wings,2024-02-13,00:28:54,104
N47752,S7 Airlines,2025-08-17,02:44:09,175
FV1758,Utair,2024-04-23,02:36:14,106
S72596,Utair,2025-05-15,18:45:41,190
UT1873,Red Wings,2025-03-15,08:14:34,240
UT6402,Rossiya,2025-02-06,04:40:26,215
FV5797,Pobeda,2024-03-12,14:44:43,238
S75406,S7 Airlines,2024-01-12,09:15:46,49
SU5407,Aeroflot,2025-06-04,20:21:46,122
SU8497,Nordwind,2025-03-09,19:14:07,243
DP5217,Pobeda,2025-04-06,05:42:55,72
UT845,Pobeda,2024-03-15,17:12:18,282
N48610,S7 Airlines,2024-01-26,10:07:51,150
DP2928,Aeroflot,2025-08-07,08:15:08,77
N4258,Utair,2024-04-26,10:21:19,205
U62790,Pobeda,2025-02-28,23:45:12,154
UT5611,Nordwind,2025-04-28,08:38:28,250
S71489,Pobeda,2025-07-01,20:58:36,179
N43453,Pobeda,2025-11-19,09:10:08,36
S72020,S7 Airlines,2025-12-24,18:45:02,186
S78660,Aeroflot,2024-12-07,22:42:24,173
WZ1652,Rossiya,2024-01-19,22:35:53,235
S7141,Utair,2025-12-26,01:28:18,269
N49941,Aeroflot,2024-01-14,11:18:31,39
WZ1577,Aeroflot,2025-03-07,14:23:11,2
WZ4457,Rossiya,2024-10-12,15:07:02,295
S74103,Ural Airlines,2024-07-26,21:57:53,183
FV3586,Red Wings,2024-01-04,23:14:03,235
S75965,Rossiya,2024-09-06,13:33:00,270
UT3162,Ural Airlines,2025-08-22,12:20:27,116
N47180,Pobeda,2025-11-24,13:31:05,119
S79061,Red Wings,2025-09-01,22:53:20,146
WZ6073,Red Wings,2025-03-23,10:16:28,119
UT5686,Aeroflot,2024-06-07,03:51:54,24
SU910,Pobeda,2025-12-19,14:33:58,116
S71566,Rossiya,2025-04-20,03:09:09,205
S72846,Pobeda,2025-09-04,08:15:40,0
U64843,Rossiya,2025-01-14,01:04:39,112
WZ5889,Red Wings,2025-03-16,12:44:13,127
S71058,Pobeda,2024-01-02,01:22:26,138
S76562,S7 Airlines,2024-09-09,11:12:52,256
UT8109,Utair,2025-03-21,21:34:22,163
SU2277,Red Wings,2025-04-19,21:57:30,92
S74999,Aeroflot,2025-01-03,20:16:33,218
U61414,S7 Airlines,2025-04-12,00:02:53,90
DP8046,Nordwind,2024-03-14,00:12:00,78
UT5556,Rossiya,2025-10-03,06:20:38,192
WZ1208,Rossiya,2024-09-27,17:31:27,193
FV9584,Red Wings,2025-02-03,11:38:28,9
WZ3212,Utair,2025-04-09,17:25:55,54
DP1745,Ural Airlines,2025-04-21,02:13:05,165
UT3004,Ural Airlines,2025-02-17,02:25:44,147
N41973,Aeroflot,2025-05-17,14:45:12,12
S74171,Pobeda,2024-09-01,21:24:13,39
U61369,Ural Airlines,2024-05-09,11:52:29,231
SU1028,Nordwind,2024-06-21,05:07:50,217
S71500,Utair,2025-03-16,03:13:36,243
N49169,Aeroflot,2025-01-26,22:42:54,166
N47914,Ural Airlines,2025-01-10,02:35:38,291
DP3763,Utair,2024-03-05,00:14:04,190
S73863,S7 Airlines,2025-11-18,13:11:41,277
N47347,S7 Airlines,2024-09-23,09:28:14,104
WZ2406,Utair,2025-03-10,07:42:25,76
U68249,Red Wings,2024-06-27,21:28:21,237
SU2568,Aeroflot,2024-05-21,13:29:39,249
N48111,Nordwind,2024-05-03,06:10:24,13
WZ8439,S7 Airlines,2024-03-14,13:56:42,263
N47600,Utair,2025-03-01,13:07:37,167
WZ7047,Pobeda,2025-12-11,17:20:43,42
SU354,Aeroflot,2024-11-04,03:56:09,258
DP5345,S7 Airlines,2025-03-02,15:04:13,24
S78380,Aeroflot,2024-12-11,23:15:18,256
N44499,Aeroflot,2024-09-07,13:16:45,10
DP7484,Nordwind,2025-12-02,01:54:39,42
UT8416,Red Wings,2024-07-08,04:10:27,99
SU5055,S7 Airlines,2024-09-20,11:03:15,98
N43928,Pobeda,2025-04-28,00:02:16,84
FV9327,Aeroflot,2024-11-03,15:01:04,174
U69797,Ural Airlines,2025-05-26,07:48:44,169
DP7299,Pobeda,2025-11-05,04:23:37,166
SU6881,Pobeda,2025-07-21,06:24:46,8
WZ8661,Aeroflot,2025-03-06,13:37:10,238
SU1512,Ural Airlines,2025-04-02,09:00:10,132
WZ6655,Ural Airlines,2025-09-16,09:46:07,118
UT1246,Nordwind,2025-08-21,20:58:02,131
SU8142,Aeroflot,2025-04-02,21:11:37,172
SU4313,Rossiya,2025-11-04,23:07:33,83
FV9895,Aeroflot,2025-02-20,15:25:38,117
UT3180,Rossiya,2025-01-25,01:39:54,120
SU1045,Red Wings,2024-03-17,11:34:09,107
U66989,Utair,2025-07-26,23:20:50,64
U61447,Ural Airlines,2025-03-09,03:44:35,21
SU8838,Ural Airlines,2025-12-16,07:39:36,300
SU2216,Ural Airlines,2025-11-15,14:38:31,248
U65363,Rossiya,2025-12-13,02:32:16,105
S78349,S7 Airlines,2025-11-04,01:50:10,88
FV9132,Nordwind,2024-03-02,11:55:36,4
FV2010,Pobeda,2025-06-25,00:29:59,148
DP300,Utair,2024-05-07,12:42:31,39
DP9391,S7 Airlines,2025-03-13,11:06:44,193
N4695,Pobeda,2024-01-24,09:28:51,154
DP8942,Rossiya,2025-11-20,08:26:14,149
WZ3830,Pobeda,2024-02-08,22:25:27,102
FV5689,Nordwind,2025-09-23,01:27:16,255
N4790,S7 Airlines,2025-09-02,16:37:12,107
DP5010,Rossiya,2025-10-27,02:47:40,143
FV5495,Utair,2025-01-11,05:00:45,37
N49820,S7 Airlines,2025-07-16,08:02:29,30
WZ4095,Utair,2025-03-15,07:44:34,279
WZ6617,Pobeda,2025-05-21,12:05:56,56
U65370,Rossiya,2025-12-06,00:54:53,54
N43282,Utair,2025-03-20,13:25:43,208
S76981,Ural Airlines,2024-10-06,07:55:35,2
U69282,Ural Airlines,2025-08-21,13:32:14,26
SU3993,Ural Airlines,2025-01-23,15:49:01,297
N4367,Aeroflot,2024-10-21,09:14:55,221
WZ7307,Utair,2025-09-10,18:23:49,182
U6665,S7 Airlines,2024-03-22,21:30:01,260
DP360,Utair,2024-01-02,15:16:21,192
U64813,Ural Airlines,2024-01-10,22:46:51,237
FV9426,Pobeda,2025-07-02,17:25:54,14
UT2747,Aeroflot,2025-10-17,14:53:10,10
UT4604,Ural Airlines,2025-06-02,19:07:40,115
S75111,Nordwind,2025-10-02,12:46:20,71
S7829,Utair,2024-11-07,08:47:16,14
WZ927,Red Wings,2025-09-10,22:17:01,106
UT5173,Aeroflot,2025-05-10,10:57:11,18
FV4661,Pobeda,2025-03-15,14:09:11,40
WZ1300,Pobeda,2024-05-18,19:21:50,279
DP1802,Aeroflot,2024-04-12,23:34:07,262
SU399,Red Wings,2024-04-03,06:00:41,47
N45836,S7 Airlines,2024-07-15,02:37:37,237
WZ369,Ural Airlines,2024-04-14,00:59:24,217
SU1595,Aeroflot,2024-12-23,12:13:02,43
FV5151,Nordwind,2025-06-12,11:03:49,219
FV9572,Rossiya,2024-02-15,09:57:20,230
SU6572,Rossiya,2024-09-08,14:00:50,70
S76663,Red Wings,2024-04-21,09:11:07,73
FV9997,Rossiya,2025-12-17,14:02:18,46
U6161,Ural Airlines,2025-08-11,04:18:56,162
FV5850,Nordwind,2025-04-28,10:48:48,204
UT6718,Red Wings,2024-12-24,10:42:02,157
UT7424,Ural Airlines,2024-03-01,03:29:25,193
N46957,Nordwind,2024-07-27,03:40:31,212
WZ5702,S7 Airlines,2025-10-27,00:59:52,15
SU2631,S7 Airlines,2024-01-17,02:34:57,293
SU1275,Rossiya,2024-09-16,20:28:29,231
N4380,Utair,2024-06-04,02:42:18,187
UT645,S7 Airlines,2024-04-02,21:13:14,32
UT7819,Red Wings,2025-01-14,12:36:50,250
S75291,Aeroflot,2025-01-03,19:11:19,297
DP4275,Pobeda,2024-01-27,12:45:26,14
DP599,S7 Airlines,2025-05-28,06:54:52,2
SU5473,Utair,2024-04-02,23:31:20,280
U6564,Red Wings,2025-03-21,06:34:15,25
SU8758,Ural Airlines,2025-07-21,06:45:18,197
DP2705,Rossiya,2024-05-02,15:35:15,117
S78748,Ural Airlines,2024-12-03,04:51:49,37
DP894,Ural Airlines,2024-07-25,19:09:01,240
DP3301,Aeroflot,2024-08-01,14:36:36,54
N45415,Pobeda,2024-11-10,19:23:01,269
S7115,Ural Airlines,2025-02-26,12:48:40,57
U66168,Red Wings,2024-11-24,20:12:48,237
WZ3431,Red Wings,2024-07-20,12:18:00,262
UT9678,Red Wings,2024-12-18,05:04:34,125
WZ7384,Rossiya,2024-08-15,04:36:47,107
DP6661,Rossiya,2025-12-11,06:39:16,59
SU3844,Pobeda,2024-09-22,06:17:08,260
SU4563,Pobeda,2025-09-19,00:34:40,82
FV9396,Nordwind,2024-10-02,13:09:28,189
DP2179,Aeroflot,2025-05-01,13:37:56,157
WZ649,Utair,2024-05-12,03:12:33,267
U6579,Nordwind,2025-04-20,12:24:04,146
SU6804,Aeroflot,2024-02-24,00:59:36,213
DP5396,Nordwind,2025-09-26,09:44:49,85
DP172,Utair,2025-01-28,00:19:50,233
FV2004,Aeroflot,2025-03-22,14:15:40,117
U64920,Red Wings,2024-01-14,16:54:15,99
FV171,Red Wings,2024-06-05,15:05:27,70
N42768,Nordwind,2025-04-11,18:49:28,200
FV3540,S7 Airlines,2025-05-23,19:10:25,145
UT2525,S7 Airlines,2025-10-14,07:16:23,15
UT5057,Ural Airlines,2024-05-02,11:55:11,273
DP6146,Utair,2024-04-17,03:25:59,231
N46154,S7 Airlines,2024-12-22,14:44:23,260
FV4860,Rossiya,2025-07-14,07:15:23,69
WZ7099,Aeroflot,2024-10-23,19:59:56,139
WZ4345,S7 Airlines,2024-08-10,15:43:33,139
S78738,S7 Airlines,2025-02-23,07:04:06,55
UT7404,Rossiya,2025-02-10,23:19:01,35
DP4704,Utair,2025-01-10,13:18:54,1
N45156,Ural Airlines,2024-11-18,10:23:36,254
UT8682,Utair,2025-08-09,18:37:03,37
WZ9371,Utair,2025-08-28,12:42:26,239
UT8837,Aeroflot,2025-05-11,01:47:03,51
S76119,Nordwind,2024-10-19,20:32:09,156
FV705,Pobeda,2024-09-02,12:58:35,25
SU3378,Red Wings,2024-11-22,17:08:02,68
SU6582,Aeroflot,2024-03-24,09:23:07,23
UT5399,Red Wings,2024-03-18,16:40:01,226
U66304,Ural Airlines,2025-10-05,10:31:24,166
DP6224,Aeroflot,2024-05-17,22:52:22,88
FV7452,Rossiya,2024-10-21,09:49:14,212
WZ8853,Utair,2024-10-01,09:53:15,58
WZ7983,Nordwind,2024-10-12,21:53:26,230
DP5451,Ural Airlines,2025-02-01,00:36:24,141
SU3535,Pobeda,2024-02-06,09:35:41,54
S74792,Rossiya,2024-02-26,03:11:14,214
DP3857,Aeroflot,2024-12-17,08:44:44,71
WZ7487,S7 Airlines,2025-05-10,03:00:38,293
DP7320,Utair,2024-04-09,15:55:32,254
N44422,Red Wings,2024-11-03,02:50:31,192
UT5800,Nordwind,2025-04-21,02:09:18,59
DP5095,Rossiya,2024-01-04,16:56:20,73
SU2259,Utair,2024-03-21,21:13:00,169
U68395,Red Wings,2024-04-11,10:38:36,293
DP705,S7 Airlines,2025-07-27,09:02:12,225
UT2078,Ural Airlines,2025-05-18,02:30:52,266
S72988,Red Wings,2025-02-11,21:37:27,170
WZ1673,Rossiya,2024-03-23,04:18:14,270
N46388,Ural Airlines,2025-08-02,18:30:17,20
S72140,Utair,2025-01-05,13:26:55,255
WZ7083,S7 Airlines,2025-11-06,04:16:25,132
N45509,Aeroflot,2024-10-08,14:49:03,12
UT8327,Rossiya,2025-01-14,05:23:52,279
N45575,Utair,2024-12-23,12:06:57,86
FV4492,Red Wings,2025-08-02,19:54:46,236
S72372,Utair,2024-04-02,11:31:55,233
U63336,Rossiya,2024-04-26,20:07:28,68
SU327,Red Wings,2024-10-19,07:14:40,197
UT8331,Pobeda,2025-10-04,15:16:37,197
SU2609,Ural Airlines,2025-05-14,05:35:19,41
SU5199,S7 Airlines,2025-01-16,05:47:32,225
DP3538,S7 Airlines,2024-07-17,14:28:33,93
U61597,Red Wings,2024-01-05,01:39:22,106
WZ5216,S7 Airlines,2024-04-11,07:34:39,167
S73568,S7 Airlines,2024-06-28,04:15:31,156
S71455,Utair,2025-11-17,22:36:10,131
UT5107,Red Wings,2025-03-08,09:33:07,118
N42691,S7 Airlines,2024-01-15,04:16:44,86
WZ4158,Pobeda,2025-09-09,17:23:34,244
S71258,Ural Airlines,2024-04-01,02:52:10,297
N45741,Pobeda,2024-05-04,12:23:53,103
FV6536,S7 Airlines,2024-01-06,18:50:09,184
WZ641,Utair,2025-09-19,15:54:26,155
DP2210,Aeroflot,2025-02-02,07:11:00,216
U67912,Pobeda,2024-01-20,10:40:49,160
WZ2287,Red Wings,2025-02-12,10:54:17,195
N41008,Aeroflot,2024-11-27,12:53:29,200
SU9211,Pobeda,2025-02-03,04:24:03,211
WZ900,Pobeda,2025-09-23,20:22:57,287
U63204,Nordwind,2024-12-01,05:28:20,128
WZ4593,Rossiya,2025-03-13,15:44:36,69
DP9056,S7 Airlines,2025-01-07,12:33:59,167
WZ9673,Ural Airlines,2024-02-05,14:26:25,102
FV9687,S7 Airlines,2024-12-01,18:41:20,94
UT6068,Red Wings,2025-06-09,19:35:26,40
FV6365,Pobeda,2025-07-11,09:18:56,138
N44640,Pobeda,2025-01-07,05:24:16,124
N46703,Utair,2024-09-16,21:16:26,288
DP1230,Ural Airlines,2025-09-12,00:00:17,70
FV8470,S7 Airlines,2024-04-11,20:37:41,69
S73743,Aeroflot,2024-11-07,21:50:58,220
S76451,Aeroflot,2024-01-11,16:40:39,210
UT3628,Pobeda,2025-08-27,09:49:34,166
DP4570,Aeroflot,2024-08-26,18:21:36,172
WZ778,Utair,2025-06-26,06:59:07,107
S77008,Red Wings,2024-10-15,08:14:04,33
DP8958,Utair,2025-09-05,16:39:52,107
DP1977,Aeroflot,2025-11-10,22:37:16,224
FV6642,Red Wings,2024-01-26,20:54:21,45
DP8355,Utair,2025-02-06,09:04:54,22
SU1691,Red Wings,2024-09-01,22:32:50,50
N48649,Nordwind,2025-04-07,22:08:48,173
N49242,Nordwind,2025-05-16,03:40:19,37
U62697,Red Wings,2024-10-13,15:53:31,23
DP5644,Aeroflot,2025-05-19,03:35:45,226
S75718,S7 Airlines,2024-02-18,14:25:18,247
SU9709,Ural Airlines,2025-01-25,06:32:58,22
U67601,Rossiya,2025-02-12,01:39:39,255
SU1516,Nordwind,2025-04-13,19:59:13,33
U67784,Nordwind,2025-01-18,04:36:23,166
UT7964,Red Wings,2024-04-28,17:07:43,184
UT2956,Nordwind,2024-09-06,12:40:23,147
N46302,Pobeda,2024-05-01,11:27:02,278
S76470,S7 Airlines,2024-03-07,12:20:43,170
WZ6106,Ural Airlines,2024-04-14,00:47:17,107
FV8425,Pobeda,2025-10-20,19:00:49,38
S78181,Pobeda,2024-06-11,14:24:30,179
U65642,Utair,2024-05-18,05:52:23,169
DP9311,Ural Airlines,2024-09-06,07:41:20,277
UT6504,Ural Airlines,2025-01-27,07:22:56,157
S77931,Rossiya,2025-05-05,14:20:23,153
DP7889,Rossiya,2025-05-09,17:49:20,207
N42245,Aeroflot,2024-03-14,05:02:44,3
S79640,Red Wings,2024-06-15,17:18:52,75
WZ3049,S7 Airlines,2025-09-11,17:28:15,12
FV7844,Aeroflot,2024-07-11,16:49:52,38
N47087,Red Wings,2024-01-25,09:51:25,144
FV9214,S7 Airlines,2024-11-01,22:23:39,26
WZ4718,Aeroflot,2025-01-03,12:11:22,279
UT7162,Nordwind,2024-01-02,00:25:11,176
N48856,S7 Airlines,2024-09-07,17:24:02,8
WZ986,Rossiya,2025-07-16,10:21:27,153
UT7890,Pobeda,2024-07-17,23:19:20,38
U6161,S7 Airlines,2024-04-19,02:37:47,213
FV2817,Utair,2025-01-27,13:49:16,270
S75680,Pobeda,2025-11-01,23:59:24,142
DP755,Utair,2024-11-06,03:35:37,140
N43127,Utair,2024-01-14,07:36:47,37
FV1607,Utair,2024-11-09,16:22:43,180
UT7456,Utair,2025-06-19,01:39:37,254
DP384,S7 Airlines,2025-05-16,04:21:18,229
WZ8829,Utair,2024-04-23,04:58:32,141
FV4476,Ural Airlines,2025-07-06,01:12:28,294
SU8606,Rossiya,2025-12-17,17:02:34,35
WZ1140,Nordwind,2025-04-15,19:45:47,63
FV6977,Rossiya,2024-02-05,20:53:13,206
SU8041,Utair,2025-12-02,20:14:36,106
S79529,Rossiya,2025-03-14,18:53:28,190
S77229,Pobeda,2024-02-10,03:55:36,294
U63048,Red Wings,2024-04-14,04:24:20,283
SU1420,Pobeda,2024-09-12,07:13:49,181
U67235,Rossiya,2024-08-03,21:56:31,79
N43134,S7 Airlines,2025-01-05,11:24:30,181
U61052,S7 Airlines,2025-07-25,14:26:33,201
N48522,Rossiya,2025-10-22,12:25:35,52
WZ9895,Utair,2025-05-02,09:31:18,226
U69332,Red Wings,2024-03-13,12:55:02,205
N44367,Red Wings,2025-08-08,16:21:44,285
S77202,Ural Airlines,2024-05-15,03:11:27,147
N41172,Nordwind,2025-11-16,09:47:02,182
SU3448,Red Wings,2024-02-28,13:40:48,117
S72111,Aeroflot,2025-05-03,20:13:37,27
WZ1923,S7 Airlines,2024-09-16,20:18:18,167
FV1801,Rossiya,2025-07-19,02:41:06,211
DP9512,Nordwind,2024-02-01,10:09:22,151
SU339,Aeroflot,2024-01-19,22:46:56,10
UT6388,Nordwind,2025-05-05,06:18:09,169
S73744,Nordwind,2024-09-24,04:42:58,286
S75432,S7 Airlines,2025-03-21,01:35:50,52
SU5834,Pobeda,2024-01-05,16:52:34,252
N47331,Pobeda,2024-08-14,22:44:09,73
SU8177,Nordwind,2025-01-10,02:56:54,110
WZ8768,Ural Airlines,2025-06-28,04:05:18,165
U65044,Rossiya,2024-03-24,06:28:52,214
U64029,Ural Airlines,2024-04-19,14:48:01,288
N41949,S7 Airlines,2025-12-25,00:14:12,64
U6328,Red Wings,2024-05-12,18:11:36,22
SU7491,Red Wings,2024-12-08,06:26:44,263
U64218,Nordwind,2025-02-20,03:24:01,119
DP7701,Pobeda,2024-01-18,14:23:41,299
DP2117,Rossiya,2025-01-26,03:28:28,99
S75031,Nordwind,2024-01-17,13:54:45,224
WZ461,S7 Airlines,2024-09-19,19:44:52,136
S72427,Rossiya,2024-02-02,00:54:46,48
FV166,Ural Airlines,2024-05-24,19:15:17,240
SU8045,Aeroflot,2024-10-05,05:26:28,128
S7130,Nordwind,2024-10-14,08:58:40,7
S73712,Red Wings,2025-06-01,09:52:49,87
DP929,Rossiya,2024-01-15,16:12:22,269
FV653,Nordwind,2024-06-24,05:57:23,250
DP1837,Pobeda,2024-05-25,22:05:04,59
SU2691,Utair,2024-01-17,01:15:08,203
N44775,Ural Airlines,2024-01-02,20:41:13,224
DP4028,Pobeda,2024-08-11,09:19:48,23
UT7823,Nordwind,2024-09-21,03:44:48,160
S76587,Ural Airlines,2024-05-02,08:14:38,17
N49370,Nordwind,2024-12-19,16:13:42,271
S77255,Red Wings,2025-09-15,12:22:23,137
SU2757,Nordwind,2024-04-18,21:19:21,218
S7419,Red Wings,2025-08-14,23:29:27,56
WZ7310,Pobeda,2024-09-25,14:58:17,187
UT4609,Utair,2024-03-23,08:17:32,45
U68672,Utair,2024-07-13,04:51:39,162
WZ3220,Utair,2024-02-20,08:58:09,232
SU5164,Nordwind,2024-09-03,00:54:22,100
SU3073,Rossiya,2025-06-09,04:38:26,179
S75391,S7 Airlines,2024-09-26,22:58:04,169
UT8569,S7 Airlines,2025-03-14,12:11:35,144
UT7983,Nordwind,2025-11-01,10:42:22,169
SU1460,Utair,2025-06-07,12:53:12,278
DP4972,Nordwind,2025-05-26,20:17:24,243
UT4948,Pobeda,2024-02-16,16:30:59,105
DP4681,Rossiya,2024-06-14,15:16:12,175
DP9403,S7 Airlines,2025-06-26,20:11:19,163
UT6088,Aeroflot,2025-11-15,09:05:23,4
UT6858,S7 Airlines,2024-09-07,22:50:58,74
U65974,Ural Airlines,2025-05-26,20:19:00,165
U66005,Aeroflot,2025-04-12,12:49:00,158
N41842,Utair,2025-05-26,12:25:00,193
WZ7107,Utair,2025-07-09,02:19:44,268
UT238,Pobeda,2024-12-13,21:22:15,272
DP7118,Pobeda,2024-08-04,17:45:27,120
DP3358,Pobeda,2024-09-23,11:40:31,98
U61365,Utair,2025-06-26,01:46:01,273
SU471,Red Wings,2024-02-08,07:19:33,123
S71586,Utair,2024-05-12,21:52:00,14
FV4125,Pobeda,2025-04-04,11:33:45,22
WZ3916,Red Wings,2025-08-14,03:24:13,230
WZ6127,S7 Airlines,2024-01-27,22:04:26,176
UT720,S7 Airlines,2024-10-24,17:33:17,145
SU3946,Rossiya,2024-09-06,03:47:46,72
FV497,Ural Airlines,2024-12-25,23:37:29,148
SU740,S7 Airlines,2025-08-25,04:44:34,19
SU6640,Rossiya,2025-12-12,04:23:15,232
WZ1237,Red Wings,2024-10-28,22:35:20,167
DP4542,S7 Airlines,2025-07-18,18:16:10,143
FV4735,Aeroflot,2025-06-13,22:40:16,290
U61565,Pobeda,2025-11-01,20:17:47,50
N48545,Nordwind,2025-09-08,16:54:15,243
UT8278,Pobeda,2024-01-11,02:37:52,33
SU5191,Ural Airlines,2024-12-23,22:33:39,109
S7810,Rossiya,2025-11-10,17:27:38,250
SU6828,Utair,2024-10-28,12:15:55,51
U63475,Aeroflot,2025-02-17,21:58:51,40
N43917,Red Wings,2025-02-20,14:53:23,145
U61887,Red Wings,2024-05-23,04:18:40,244
FV4591,Aeroflot,2024-09-25,18:53:34,98
N43635,Ural Airlines,2025-03-09,16:36:40,193
DP2382,Aeroflot,2025-02-19,02:53:46,114
U66596,Rossiya,2025-10-24,08:22:09,69
UT8704,Pobeda,2024-07-04,20:12:29,168
UT9504,Rossiya,2024-12-02,04:44:38,28
WZ580,S7 Airlines,2025-11-05,05:31:59,145
SU4985,S7 Airlines,2025-04-02,02:02:47,225
N4783,Rossiya,2024-02-13,08:59:48,266
SU1492,Utair,2025-07-16,15:47:36,254
U64596,Utair,2024-08-03,23:46:31,103
WZ5736,S7 Airlines,2024-08-04,20:44:11,12
DP1736,Pobeda,2025-05-16,05:39:25,0
WZ7879,Rossiya,2025-09-22,09:51:09,125
DP6540,Aeroflot,2024-10-23,06:15:33,296
N46379,Pobeda,2024-02-21,11:04:37,180
SU8137,Utair,2024-10-09,20:23:15,56
WZ3196,Pobeda,2024-10-13,19:51:17,82
U64039,Rossiya,2024-09-07,18:51:09,98
U64720,Rossiya,2024-08-09,08:12:09,43
S71135,S7 Airlines,2025-02-08,09:09:27,269
DP1611,Utair,2024-07-20,05:14:02,259
S78496,Utair,2025-03-20,13:14:07,91
UT3988,Rossiya,2025-05-09,22:26:00,113
UT4646,Utair,2024-02-16,00:41:54,201
N41271,Nordwind,2024-05-11,09:11:20,248
DP221,Ural Airlines,2025-08-21,14:49:44,157
DP5445,Pobeda,2025-12-25,13:56:49,260
U64551,S7 Airlines,2024-08-21,10:15:40,158
U61706,Utair,2024-09-05,10:43:21,155
S73381,Utair,2025-04-23,02:05:38,212
UT6737,Rossiya,2024-02-15,07:40:03,132
N48046,Aeroflot,2025-01-13,20:36:56,6
WZ4866,Red Wings,2024-09-10,13:33:40,49
UT889,S7 Airlines,2024-12-09,16:21:37,297
FV863,Aeroflot,2025-10-26,12:28:41,253
DP9810,S7 Airlines,2025-06-14,09:25:40,44
SU301,Rossiya,2024-05-19,16:27:18,64
SU5729,Red Wings,2025-03-20,23:15:43,104
S76299,Nordwind,2025-07-21,19:42:43,98
UT9888,Pobeda,2025-01-25,02:44:02,128
U67718,S7 Airlines,2025-06-10,19:07:26,273
WZ5878,Ural Airlines,2025-07-05,16:51:07,109
U69719,Rossiya,2025-05-15,14:32:56,107
S77294,S7 Airlines,2024-07-07,12:02:39,186
S79384,Pobeda,2024-04-13,14:32:13,269
FV4954,Pobeda,2025-09-14,22:20:07,41
U63574,Pobeda,2024-09-13,18:22:10,84
N4154,Nordwind,2025-04-12,03:33:38,186
FV1165,Utair,2024-06-05,03:04:03,276
FV7011,S7 Airlines,2024-01-20,12:59:42,86
N49142,Aeroflot,2025-12-15,11:33:17,132
S7218,Pobeda,2025-06-10,06:06:17,181
UT3552,S7 Airlines,2024-02-08,08:10:37,56
DP2569,S7 Airlines,2025-01-05,14:11:24,92
U68112,Nordwind,2025-06-17,08:36:04,0
N42306,Nordwind,2024-05-28,04:20:14,144
U64786,Nordwind,2024-09-12,04:35:29,291
WZ5950,Ural Airlines,2024-10-07,10:49:44,36
S78963,Red Wings,2024-02-24,06:25:14,260
FV891,S7 Airlines,2025-02-02,16:47:02,262
DP7295,Red Wings,2025-02-20,08:59:48,181
DP9565,Aeroflot,2025-07-14,12:23:20,293
S72804,Rossiya,2024-04-10,08:30:46,193
DP1028,Rossiya,2025-12-05,01:20:31,129
DP3050,Pobeda,2024-10-16,04:57:11,153
UT1743,Pobeda,2024-09-16,12:13:50,24
SU8933,S7 Airlines,2024-10-04,07:22:41,154
S79983,Nordwind,2025-11-13,20:10:01,214
UT7942,S7 Airlines,2025-12-04,16:28:43,165
SU6894,S7 Airlines,2025-11-27,15:48:53,278
FV516,Nordwind,2024-07-09,02:23:53,286
S75178,Aeroflot,2024-05-22,14:04:11,18
N47043,Ural Airlines,2024-01-19,09:56:50,72
FV6018,Red Wings,2025-07-23,06:57:32,193
DP7792,Pobeda,2024-08-23,14:37:09,180
DP3527,Rossiya,2024-12-21,03:00:11,74
UT5475,Ural Airlines,2024-12-25,22:02:30,288
N49045,Ural Airlines,2024-12-25,00:35:45,95
UT990,Nordwind,2025-08-26,07:34:32,199
SU9194,Red Wings,2024-10-14,11:40:52,170
S77884,Red Wings,2025-02-02,21:36:47,296
UT5137,Rossiya,2025-11-08,20:21:29,164
DP9389,S7 Airlines,2025-11-06,04:16:37,82
U66817,Utair,2024-01-15,19:27:24,157
SU8185,Nordwind,2025-06-16,23:47:45,230
U63917,Utair,2024-04-20,22:58:54,104
DP7737,Red Wings,2025-08-15,04:08:36,22
UT3970,Utair,2025-12-24,02:18:40,0
WZ910,Aeroflot,2024-11-11,08:07:55,117
UT353,S7 Airlines,2024-03-17,22:08:11,82
UT1852,Ural Airlines,2025-12-10,10:07:00,172
SU832,S7 Airlines,2025-10-12,17:08:41,204
N47316,Utair,2024-04-06,00:13:23,253
DP6939,Utair,2025-01-08,06:29:58,297
FV7675,Red Wings,2024-08-24,08:32:22,263
U69167,Pobeda,2025-02-18,05:35:53,202
SU1717,Ural Airlines,2025-05-21,22:40:36,196
FV3736,Aeroflot,2024-03-24,22:30:45,243
DP2514,Pobeda,2025-10-04,10:26:28,146
DP2395,Utair,2025-10-16,14:33:27,200
WZ7938,Nordwind,2025-11-10,05:13:24,189
UT8399,Ural Airlines,2025-04-20,14:26:59,170
FV914,Aeroflot,2024-04-22,00:08:42,207
S73393,Ural Airlines,2025-02-03,11:48:59,142
S78813,Aeroflot,2025-04-03,07:57:29,29
WZ3223,Nordwind,2024-04-26,00:34:45,291
WZ1721,Utair,2024-03-10,09:58:24,281
SU5348,Aeroflot,2025-04-06,04:43:21,222
WZ3777,Pobeda,2025-08-14,07:51:31,162
UT5724,Utair,2024-05-13,12:24:35,133
SU3952,Aeroflot,2024-09-14,03:14:21,285
U68754,Aeroflot,2025-07-15,04:07:39,203
U62476,Pobeda,2025-08-21,23:47:55,21
WZ3866,Nordwind,2025-11-16,14:43:25,69
U63928,Pobeda,2024-11-12,20:50:45,253
DP8022,Utair,2024-10-05,15:24:42,35
SU796,Rossiya,2024-06-21,21:57:40,169
N42662,Ural Airlines,2024-01-27,09:49:32,157
WZ2192,Pobeda,2024-03-28,15:03:20,256
UT6938,Aeroflot,2025-01-10,13:52:35,14
S75349,Pobeda,2024-07-05,16:33:38,87
SU9451,Pobeda,2025-12-06,00:17:44,197
DP6621,Red Wings,2024-09-15,00:08:04,90
DP2559,Utair,2025-10-28,15:00:29,43
SU6622,Utair,2024-01-28,07:45:46,278
SU6435,Aeroflot,2025-09-09,11:12:00,107
U62025,Utair,2025-11-15,02:40:37,291
FV4011,Red Wings,2025-12-22,00:36:44,38
N49439,Aeroflot,2025-10-13,07:52:15,286
SU426,S7 Airlines,2025-04-09,10:51:09,153
SU5450,Utair,2025-01-12,09:33:36,54
FV288,Pobeda,2025-01-21,10:28:29,98
N49238,Nordwind,2024-01-27,04:06:22,143
FV1461,S7 Airlines,2024-01-28,00:47:45,75
WZ3741,Pobeda,2024-06-03,01:24:02,298
UT4431,Ural Airlines,2025-10-28,07:20:20,201
WZ8918,Utair,2024-08-15,20:17:01,286
N48334,Utair,2024-09-18,15:29:41,6
DP7632,Nordwind,2024-10-18,04:48:37,189
FV9435,Aeroflot,2024-08-09,10:24:54,247
S72394,Aeroflot,2025-09-17,01:01:56,209
U64943,S7 Airlines,2024-10-18,08:22:15,173
S7880,Nordwind,2025-10-25,00:40:54,128
S75644,Red Wings,2025-09-10,22:18:13,229
WZ8179,Rossiya,2024-10-28,05:42:46,182
FV1407,Utair,2025-12-20,09:40:20,126
U69508,S7 Airlines,2024-12-16,00:39:00,32
UT6349,Pobeda,2024-01-12,08:04:07,89
WZ1887,Rossiya,2024-08-18,14:20:47,157
S7631,Rossiya,2024-04-22,13:32:46,216
S72499,S7 Airlines,2025-03-23,10:38:15,263
N46533,Red Wings,2025-10-04,20:56:30,54
UT3867,Pobeda,2024-02-22,05:26:57,78
S79337,Nordwind,2025-04-01,04:54:45,25
S76998,Rossiya,2025-01-15,02:09:25,248
S77409,Aeroflot,2024-08-28,01:59:43,221
DP1931,Ural Airlines,2024-08-10,19:25:39,27
WZ1914,Aeroflot,2024-04-14,00:32:27,196
FV8925,Utair,2024-02-15,02:56:04,208
S77675,S7 Airlines,2024-07-05,15:26:26,270
DP4878,S7 Airlines,2024-04-02,20:21:17,228
U66117,Ural Airlines,2025-10-26,19:57:58,223
DP5881,Utair,2024-02-11,21:57:44,38
U6616,Red Wings,2024-03-04,23:06:00,23
FV831,Ural Airlines,2024-07-07,15:03:33,237
DP2694,Red Wings,2025-03-05,15:18:43,89
FV3993,Utair,2025-01-28,18:28:09,192
UT4944,Nordwind,2024-01-12,20:18:37,16
S7475,Pobeda,2024-02-12,17:25:26,48
SU4567,Nordwind,2025-10-09,20:51:29,60
SU9987,Rossiya,2024-06-28,22:42:46,300
FV5194,Red Wings,2025-07-24,02:41:45,75
N46481,Ural Airlines,2024-05-08,20:15:26,117
FV267,Pobeda,2024-12-14,11:03:14,140
DP5613,Pobeda,2024-06-26,05:32:52,121
SU9195,Utair,2024-10-05,02:05:43,293
SU5012,Utair,2025-06-25,01:43:52,254
FV3323,Aeroflot,2025-10-26,17:04:25,176
SU3072,Red Wings,2024-08-23,15:03:43,25
N44334,Pobeda,2024-07-03,15:49:26,160
FV1866,Utair,2024-01-06,06:30:42,181
U63183,Red Wings,2025-10-10,22:04:33,89
U64497,Nordwind,2025-02-04,22:56:11,283
WZ1277,Red Wings,2025-11-24,00:05:08,97
SU7800,Utair,2024-07-08,20:29:10,150
UT4315,Utair,2024-06-04,13:49:17,145
DP492,S7 Airlines,2024-02-05,11:39:18,211
FV3343,Nordwind,2025-07-17,08:21:55,203
U6921,Nordwind,2025-11-21,07:28:56,282
SU2154,Red Wings,2024-03-13,03:59:03,13
DP4955,Ural Airlines,2025-12-18,11:35:31,117
WZ3871,S7 Airlines,2025-09-06,08:31:54,63
UT4617,Ural Airlines,2024-04-28,00:37:02,128
FV8893,Red Wings,2024-05-16,12:52:31,180
S72409,Rossiya,2024-09-22,18:31:36,40
UT2499,Red Wings,2024-04-08,22:49:33,217
FV4526,Nordwind,2025-09-18,14:01:41,289
WZ9156,Aeroflot,2024-10-16,12:46:51,298
S7367,S7 Airlines,2024-01-19,23:01:20,195
UT2088,Nordwind,2025-08-26,10:03:21,254
SU9910,Aeroflot,2024-01-10,22:22:19,132
WZ9818,Nordwind,2025-01-08,12:18:02,56
DP1644,Ural Airlines,2024-07-05,22:58:27,40
DP7134,Rossiya,2025-09-16,23:12:00,275
SU7780,Rossiya,2024-12-26,00:22:04,156
UT1035,Ural Airlines,2025-10-28,04:38:52,220
UT2052,Ural Airlines,2025-09-12,22:52:33,160
UT944,Utair,2025-11-06,01:42:27,21
UT5796,Pobeda,2025-10-01,22:12:29,112
FV8589,Nordwind,2025-11-25,02:27:14,37
DP5858,Utair,2024-05-15,12:10:37,116
U63580,Ural Airlines,2025-02-17,09:35:53,101
WZ4791,Utair,2025-02-18,17:24:30,230
WZ5099,Pobeda,2025-12-22,13:21:26,248
FV8341,Ural Airlines,2024-02-09,20:28:22,234
S74230,S7 Airlines,2024-10-02,15:26:11,163
DP6849,Nordwind,2024-11-15,13:51:22,103
DP115,Utair,2025-01-24,22:27:44,35
UT7638,S7 Airlines,2024-01-24,17:44:44,218
S75615,Nordwind,2024-05-11,16:38:30,2
U61294,Nordwind,2025-01-20,17:17:24,255
DP3415,Nordwind,2024-12-19,21:53:12,246
S71135,Rossiya,2025-09-24,05:21:11,252
U69317,Red Wings,2025-07-01,09:27:57,279
UT2682,Aeroflot,2024-02-22,04:43:28,135
U63824,Utair,2025-12-27,07:51:04,179
SU3139,Nordwind,2025-08-26,02:25:54,196
WZ8741,Red Wings,2024-06-21,03:54:52,152
FV1451,Ural Airlines,2025-05-05,03:35:48,294
WZ1497,Nordwind,2025-05-09,00:52:30,8
SU8029,Pobeda,2025-01-10,03:13:53,253
DP4672,Nordwind,2024-08-15,17:58:33,242
SU9610,Rossiya,2025-04-05,07:43:24,78
S7319,Rossiya,2024-11-01,06:41:29,20
S72290,Nordwind,2024-06-25,03:15:19,163
DP7491,Rossiya,2025-12-07,22:13:47,21
WZ5213,Pobeda,2025-09-26,15:06:46,19
S71783,S7 Airlines,2024-08-19,02:10:49,249
N43531,Ural Airlines,2025-02-22,10:24:09,48
UT6357,Nordwind,2025-12-05,05:50:40,298
S72766,Nordwind,2024-05-23,11:37:53,169
S77952,Rossiya,2024-02-23,09:45:27,254
WZ9320,Aeroflot,2025-02-28,15:48:55,2
N41172,Pobeda,2025-08-06,20:01:04,268
DP8299,Rossiya,2025-02-25,00:42:35,278
UT6281,Red Wings,2025-02-20,19:32:22,203
U64362,Utair,2025-11-17,13:58:33,7
DP3829,Ural Airlines,2024-05-23,15:36:15,0
S74778,Ural Airlines,2024-01-01,08:36:28,56
U62462,Pobeda,2025-08-04,06:42:39,192
DP1003,Aeroflot,2024-11-14,10:59:00,183
UT8475,Pobeda,2024-09-11,19:36:41,99
S78587,Red Wings,2025-02-20,02:09:57,110
S74776,Pobeda,2024-07-09,06:27:02,234
WZ1506,Nordwind,2024-11-18,20:05:56,219
WZ1635,Pobeda,2025-09-11,22:21:58,0
WZ7892,Rossiya,2024-07-01,02:09:09,153
DP3744,Pobeda,2025-07-26,17:03:28,211
SU9027,Rossiya,2024-03-05,17:04:55,197
UT4660,Nordwind,2025-03-03,18:08:48,230
N42129,Utair,2025-06-15,16:17:22,128
WZ3769,Utair,2025-07-23,00:54:41,220
FV5851,Utair,2025-11-10,23:21:41,192
N42524,Red Wings,2025-03-23,20:15:26,74
SU8127,Aeroflot,2025-09-24,20:50:13,112
FV5490,Rossiya,2024-02-13,03:54:09,94
WZ2733,Ural Airlines,2025-09-16,23:07:53,83
WZ983,Rossiya,2024-07-20,17:22:35,67
UT4839,Nordwind,2025-12-04,22:44:24,98
S71353,Red Wings,2024-12-03,10:22:24,168
S71980,S7 Airlines,2024-08-19,00:53:18,25
SU1451,Red Wings,2025-05-24,20:09:20,138
UT8778,Red Wings,2024-12-12,01:24:32,189
WZ470,Nordwind,2024-04-25,16:14:57,257
UT7723,S7 Airlines,2024-05-26,12:00:23,117
WZ2533,S7 Airlines,2024-11-18,22:33:19,237
S76809,Nordwind,2024-02-09,14:42:12,247
UT9139,Utair,2024-01-24,20:02:45,138
S78639,Nordwind,2025-01-25,17:28:15,298
WZ2103,Rossiya,2024-02-15,14:47:18,295
UT9542,Pobeda,2025-03-25,01:20:52,99
DP8990,Aeroflot,2024-01-25,07:02:36,103
FV437,Nordwind,2025-05-11,09:07:59,97
FV4950,Pobeda,2024-05-08,23:29:55,270
UT2746,Aeroflot,2025-03-06,00:25:04,241
UT6202,S7 Airlines,2024-08-20,04:30:56,113
S7443,Ural Airlines,2025-10-28,02:25:38,31
FV4708,Ural Airlines,2024-07-28,19:42:10,229
SU6967,Red Wings,2024-10-20,18:32:52,252
SU1099,Rossiya,2024-11-10,06:52:00,49
SU935,S7 Airlines,2024-06-17,15:05:19,36
DP5362,S7 Airlines,2025-08-25,17:10:50,239
UT379,Pobeda,2025-12-25,18:45:12,37
DP1776,Rossiya,2024-06-12,10:20:39,154
FV9430,Rossiya,2025-01-27,13:57:53,16
WZ9490,Red Wings,2024-01-09,10:09:30,231
UT5893,S7 Airlines,2025-06-08,08:39:11,227
U66098,Nordwind,2025-01-23,23:21:15,228
UT5505,Aeroflot,2025-02-24,18:50:36,291
UT4874,Ural Airlines,2024-09-13,02:50:35,20
UT2388,S7 Airlines,2025-09-05,02:45:40,96
DP6540,Rossiya,2025-07-17,09:28:31,187
DP2742,Aeroflot,2024-09-03,17:17:53,21
N47141,Red Wings,2024-03-14,00:51:12,62
WZ2276,Ural Airlines,2024-10-25,19:16:50,0
UT3373,S7 Airlines,2025-10-14,18:35:48,113
WZ4827,S7 Airlines,2025-02-03,21:43:39,112
DP3464,Utair,2025-02-21,20:24:57,194
UT2975,Aeroflot,2024-10-06,22:43:50,268
UT6574,S7 Airlines,2024-10-27,12:48:20,281
S76540,Ural Airlines,2025-07-15,02:48:22,38
SU8916,Rossiya,2025-05-22,09:56:28,48
SU641,Ural Airlines,2025-05-07,20:28:53,190
WZ6534,Pobeda,2024-04-17,02:30:56,62
WZ6497,Ural Airlines,2025-03-10,15:33:06,124
S75784,Red Wings,2024-06-10,22:29:01,70
UT4531,Pobeda,2025-02-19,00:55:55,214
WZ1871,Red Wings,2025-01-14,21:21:15,46
S79008,Aeroflot,2025-02-19,03:29:19,231
FV3392,S7 Airlines,2024-08-24,12:53:45,121
N42811,Nordwind,2024-10-04,15:41:09,259
S72205,Nordwind,2025-03-18,15:35:02,185
DP1637,Pobeda,2024-06-17,06:54:25,287
U64947,Ural Airlines,2025-12-13,22:24:15,240
FV7912,Nordwind,2025-08-07,16:36:18,44
UT8722,Utair,2025-05-26,21:34:03,17
WZ7979,Ural Airlines,2024-04-02,18:35:47,272
FV4481,Utair,2025-08-16,05:08:51,34
SU5991,S7 Airlines,2025-02-26,15:32:03,40
UT2080,Ural Airlines,2025-09-24,21:11:16,240
S77226,Rossiya,2024-03-22,16:08:01,94
UT5671,Aeroflot,2025-03-20,13:36:37,25
S71616,Aeroflot,2024-12-09,10:45:03,105
N44266,Ural Airlines,2024-06-11,22:28:13,205
S71573,Nordwind,2024-07-06,18:37:01,294
SU7108,Nordwind,2025-06-28,14:25:19,261
WZ3071,Pobeda,2025-07-02,08:06:21,295
U68649,Aeroflot,2025-03-18,08:34:04,270
FV7913,Nordwind,2025-04-19,08:39:45,244
N48537,Nordwind,2024-09-23,13:58:22,171
FV4512,Red Wings,2024-02-21,06:44:50,11
DP5002,Red Wings,2025-06-18,02:38:49,51
WZ4860,Utair,2024-06-11,06:14:53,235
S76402,Red Wings,2025-05-28,08:44:19,259
FV7310,Nordwind,2024-11-01,16:27:20,272
N4639,Nordwind,2024-04-11,22:56:09,280
FV9267,Red Wings,2024-09-20,19:32:04,29
S77809,Pobeda,2025-10-19,15:29:21,102
S76563,Red Wings,2024-11-21,11:57:36,71
S78640,Aeroflot,2025-01-18,00:37:57,142
FV4150,Red Wings,2025-09-14,15:48:01,182
UT9336,Utair,2025-05-23,03:51:38,89
FV9949,Ural Airlines,2024-10-15,03:10:07,34
DP8028,Nordwind,2025-04-04,02:58:15,275
WZ8813,Red Wings,2025-02-11,05:13:07,37
S77802,Utair,2025-11-12,07:35:19,146
FV978,Nordwind,2024-12-23,21:07:38,86
FV5722,S7 Airlines,2025-10-08,22:14:47,175
SU8379,Pobeda,2024-02-12,09:37:58,260
DP1311,Aeroflot,2024-04-07,00:50:25,208
UT2448,Red Wings,2025-11-07,23:22:18,65
FV8179,Pobeda,2025-11-08,17:23:35,102
WZ5599,Ural Airlines,2024-01-03,18:56:19,268
SU7153,Rossiya,2025-12-06,08:49:34,58
SU1992,S7 Airlines,2025-09-22,15:17:27,156
U66694,Rossiya,2024-03-07,00:08:22,277
FV9812,Ural Airlines,2025-10-12,09:43:28,200
FV3035,Utair,2024-11-16,16:48:04,213
S74813,Ural Airlines,2025-06-14,03:24:09,290
S77862,Pobeda,2024-04-25,09:48:36,79
U61786,Rossiya,2025-04-21,02:41:18,64
U6585,Ural Airlines,2025-05-12,15:52:45,245
WZ4394,Ural Airlines,2024-11-05,18:24:26,256
N47263,Utair,2025-04-20,04:48:29,300
U64198,Aeroflot,2025-03-23,16:28:15,157
U61482,Nordwind,2024-10-23,11:18:44,120
U69109,Utair,2025-09-19,17:59:29,218
DP393,Aeroflot,2025-05-22,23:21:44,291
DP3021,Nordwind,2024-05-03,14:27:15,222
U61187,Pobeda,2024-08-03,13:06:20,165
UT6883,Red Wings,2024-09-24,19:15:51,176
U68158,Rossiya,2024-02-21,14:03:33,165
SU6069,Pobeda,2025-12-01,03:48:12,35
S71230,Ural Airlines,2024-11-03,19:40:42,96
UT4188,S7 Airlines,2025-06-22,03:44:41,187
DP294,Red Wings,2024-03-22,18:35:02,261
FV5967,Aeroflot,2024-04-06,09:09:01,146
S7248,Utair,2024-09-22,03:38:13,98
U66924,Utair,2024-01-11,20:25:57,135
N45086,Pobeda,2025-02-28,00:42:04,242
WZ4610,Pobeda,2025-10-16,04:18:13,290
U68636,S7 Airlines,2025-06-28,00:55:11,39
UT526,Ural Airlines,2024-06-05,18:06:23,214
N48116,S7 Airlines,2024-10-15,02:10:31,249
UT3558,Red Wings,2025-07-12,13:52:55,158
U6878,Red Wings,2025-09-26,20:22:16,197
N42076,Aeroflot,2024-01-23,22:33:44,246
WZ6142,Red Wings,2024-12-20,13:58:28,92
UT3894,S7 Airlines,2024-08-28,08:51:17,294
U64630,Rossiya,2025-01-27,04:45:47,250
U61183,Ural Airlines,2025-02-16,14:28:55,70
UT3644,Nordwind,2024-08-20,20:48:17,170
FV859,Rossiya,2025-09-19,15:40:27,141
WZ321,S7 Airlines,2025-10-22,15:41:20,56
FV9998,Aeroflot,2025-06-15,07:30:34,186
UT6578,S7 Airlines,2025-07-04,11:26:44,191
SU1534,Ural Airlines,2024-06-13,15:19:25,85
U64146,Rossiya,2025-12-17,09:59:43,214
DP4075,Rossiya,2024-05-13,12:53:22,163
N48812,Aeroflot,2025-07-27,04:55:03,118
S78754,Ural Airlines,2024-09-28,20:42:55,61
UT8478,Ural Airlines,2025-03-01,18:24:10,68
FV425,Nordwind,2024-06-25,08:28:08,3
FV7595,Nordwind,2025-10-16,15:03:29,229
UT8764,Aeroflot,2025-01-13,08:37:15,234
FV604,Red Wings,2024-10-20,13:00:50,90
N42686,Ural Airlines,2025-05-09,14:37:59,110
WZ8136,Rossiya,2024-02-16,03:13:18,93
U6730,Utair,2025-12-21,18:54:37,145
N45198,Ural Airlines,2025-04-01,20:02:23,251
SU1644,Aeroflot,2024-09-17,22:23:51,292
UT7029,Nordwind,2024-02-09,13:23:36,184
U62186,Red Wings,2024-07-18,00:09:16,26
DP4697,S7 Airlines,2024-04-16,17:06:45,236
U61742,Aeroflot,2025-05-10,05:43:19,19
S7231,Nordwind,2025-11-03,22:12:56,150
UT2894,Utair,2025-04-11,10:08:21,265
U63198,Ural Airlines,2025-02-15,07:25:24,262
DP6985,Aeroflot,2024-07-25,10:42:02,9
N47249,Ural Airlines,2024-04-04,04:40:59,271
SU1575,Rossiya,2025-12-24,08:35:04,157
N45261,Utair,2024-03-26,13:13:52,90
DP8764,Rossiya,2025-11-18,19:07:23,139
WZ3641,Pobeda,2025-01-25,11:39:25,300
U64534,Nordwind,2025-06-13,00:12:28,115
S71318,Utair,2024-12-22,11:21:24,83
U67777,Red Wings,2025-06-01,14:55:37,64
SU5281,Pobeda,2025-04-02,01:10:00,215
WZ5176,Utair,2025-08-12,08:08:56,202
U64263,Ural Airlines,2024-02-08,00:56:35,52
U66630,Pobeda,2024-06-21,06:32:17,200
N42861,Nordwind,2025-03-28,00:04:28,221
UT1968,S7 Airlines,2024-05-22,05:28:47,190
S71832,Utair,2025-04-24,08:43:40,262
UT1942,Pobeda,2025-02-01,07:04:31,232
UT240,Rossiya,2024-04-05,02:35:09,290
UT315,Pobeda,2024-12-02,02:47:36,49
WZ1575,Rossiya,2025-02-11,16:41:00,274
WZ4475,Utair,2024-12-04,18:16:00,191
FV3463,Rossiya,2025-02-22,05:07:11,251
UT5712,Nordwind,2025-07-01,22:52:17,197
SU2428,Ural Airlines,2025-04-17,17:37:08,148
N49231,Nordwind,2024-07-19,09:40:11,120
FV271,S7 Airlines,2024-06-22,04:32:55,145
SU7534,Nordwind,2024-05-25,00:36:50,227
N49540,Aeroflot,2024-01-20,21:57:22,81
S73189,Ural Airlines,2024-12-03,01:32:18,142
SU2399,Utair,2025-11-20,19:08:09,294
S75541,Red Wings,2024-01-07,23:01:23,243
SU6615,Aeroflot,2024-07-06,00:20:38,93
DP2698,Utair,2024-09-26,18:36:49,260
SU4486,Nordwind,2025-08-10,11:45:14,136
U6515,Aeroflot,2025-01-12,03:30:47,215
SU1614,Rossiya,2024-10-04,19:27:41,82
UT4607,Utair,2025-08-01,20:49:30,112
FV8733,Pobeda,2024-05-16,18:42:57,159
UT2376,Utair,2024-09-02,00:00:38,79
S71301,Aeroflot,2024-01-27,17:18:08,168
U61465,Utair,2024-05-19,17:40:11,50
N44143,Red Wings,2025-11-10,13:26:29,175
WZ5218,Utair,2024-08-03,22:02:45,216
UT5200,Nordwind,2025-12-23,11:13:17,95
FV9875,S7 Airlines,2025-10-20,22:05:17,129
U62234,Red Wings,2024-11-19,11:07:02,233
S79929,Pobeda,2024-09-05,05:56:42,91
WZ1708,S7 Airlines,2025-05-06,19:46:23,236
WZ7716,Nordwind,2024-02-04,15:51:03,96
UT7567,Ural Airlines,2024-12-24,16:46:32,5
FV783,Rossiya,2025-05-24,11:57:19,230
U64633,Red Wings,2025-06-03,18:35:21,278
DP7357,Rossiya,2024-10-08,01:09:42,136
UT5511,Ural Airlines,2024-09-11,02:55:38,105
UT6576,Aeroflot,2024-01-10,05:38:46,284
U66299,Ural Airlines,2025-10-27,11:55:29,247
N47599,Rossiya,2025-06-25,04:30:49,228
UT4794,Nordwind,2025-01-20,21:46:35,12
N44800,Nordwind,2024-06-17,11:18:48,124
WZ2757,Utair,2024-02-06,10:19:41,91
WZ2064,Pobeda,2025-07-26,04:05:21,62
S79094,S7 Airlines,2025-02-15,07:02:31,10
N49459,Ural Airlines,2025-10-23,03:28:10,30
N48660,Pobeda,2024-06-27,07:28:23,263
SU4030,Ural Airlines,2025-01-19,09:50:07,275
N48234,Red Wings,2025-12-05,12:34:59,9
FV5021,S7 Airlines,2025-03-13,20:26:15,300
N41878,Pobeda,2025-01-06,23:20:56,171
WZ6660,Pobeda,2025-08-28,12:52:15,77
U68327,Aeroflot,2024-06-02,00:57:35,81
WZ7509,Red Wings,2025-07-08,07:45:19,105
WZ8418,S7 Airlines,2025-07-18,15:21:46,232
DP8311,S7 Airlines,2024-07-27,04:04:13,4
SU6563,Aeroflot,2025-09-11,03:29:03,32
SU5409,Aeroflot,2024-09-20,11:40:48,116
DP2167,Rossiya,2025-08-12,06:45:35,133
WZ7577,Aeroflot,2024-04-28,10:17:51,174
UT1109,Utair,2025-04-20,00:33:49,132
UT6979,Red Wings,2024-02-06,20:11:18,256
N41705,Red Wings,2025-03-03,13:10:58,134
U63465,Nordwind,2025-05-16,22:29:27,171
FV5909,S7 Airlines,2024-03-19,10:21:40,38
FV184,Nordwind,2025-02-10,08:50:13,99
DP594,Pobeda,2024-01-04,17:31:35,186
UT7932,Rossiya,2024-12-16,18:42:05,157
S73167,Utair,2024-09-28,16:27:47,197
SU4132,Rossiya,2025-10-18,05:31:33,62
S79676,Pobeda,2024-09-16,16:36:17,248
UT7509,Rossiya,2025-09-08,14:20:37,114
WZ1476,Ural Airlines,2025-05-02,17:14:45,48
WZ7617,Nordwind,2024-06-18,02:13:19,154
S71759,Utair,2024-08-04,03:53:54,224
N41043,Ural Airlines,2025-10-27,11:38:11,240
S71897,Red Wings,2024-08-28,09:13:36,232
WZ281,Utair,2025-05-07,14:29:58,41
FV7451,Red Wings,2024-10-01,13:49:42,81
WZ8777,Utair,2024-09-21,17:58:11,105
UT7167,Nordwind,2025-09-27,12:47:54,115
U63823,S7 Airlines,2024-10-20,19:14:44,140
FV4374,Pobeda,2025-09-04,19:03:56,240
U61359,Aeroflot,2025-02-06,10:23:54,2
S79794,Aeroflot,2024-01-04,19:56:33,127
SU4554,Aeroflot,2024-06-04,12:46:56,68
N44857,Ural Airlines,2024-04-02,12:00:23,234
U62514,Ural Airlines,2025-06-09,12:47:11,177
DP5647,Rossiya,2024-12-15,07:30:07,59
N43202,Pobeda,2025-02-18,10:15:21,154
U68749,Aeroflot,2025-07-16,13:48:50,202
S79859,S7 Airlines,2025-01-16,13:33:26,120
N48954,Utair,2025-03-27,13:32:06,232
SU4196,Utair,2024-06-12,16:18:30,91
S75888,Utair,2025-01-22,09:09:49,280
N4588,Aeroflot,2024-06-19,18:29:46,38
SU498,S7 Airlines,2025-07-26,06:46:32,245
DP2548,Rossiya,2025-06-05,11:55:02,13
FV510,S7 Airlines,2025-03-16,21:06:28,72
U62684,Rossiya,2024-11-16,02:13:18,251
N46070,S7 Airlines,2025-03-06,07:11:41,117
DP944,Aeroflot,2024-04-12,08:09:27,23
UT4342,S7 Airlines,2024-01-09,11:54:15,66
N48454,Red Wings,2024-08-28,10:08:31,130
N46710,Red Wings,2025-09-24,22:30:13,100
N42600,Aeroflot,2025-03-17,09:06:14,1
SU2875,Red Wings,2024-06-09,04:46:39,47
FV365,S7 Airlines,2025-06-17,16:21:25,285
WZ4916,Pobeda,2024-09-12,04:58:42,47
FV4374,Utair,2025-08-14,08:17:28,144
U68037,Utair,2024-03-21,05:28:13,299
SU4810,Rossiya,2024-12-25,07:30:24,63
N48394,Pobeda,2024-02-24,07:54:54,146
FV2784,S7 Airlines,2024-11-28,19:27:34,251
U68545,S7 Airlines,2025-08-01,08:48:02,275
SU7711,Red Wings,2025-05-18,18:17:43,82
U65348,Aeroflot,2024-11-20,15:11:39,12
FV3758,Pobeda,2025-11-18,20:02:08,63
WZ1782,Nordwind,2024-03-13,01:36:54,138
UT1783,Pobeda,2025-07-09,08:15:25,21
UT8536,Nordwind,2025-04-14,03:16:26,162
UT4879,Nordwind,2025-11-03,04:53:38,79
WZ4308,S7 Airlines,2024-12-10,17:49:23,211
U61730,S7 Airlines,2024-04-26,07:27:55,181
S76401,Nordwind,2024-05-22,12:45:53,60
UT332,Red Wings,2024-05-25,00:52:04,278
UT8003,Nordwind,2024-03-03,09:28:50,54
WZ9669,Pobeda,2024-05-26,13:17:53,123
N47471,Rossiya,2024-10-16,15:50:08,174
U67402,Utair,2024-07-18,01:34:13,16
UT1577,Rossiya,2025-02-26,22:49:20,250
SU5546,S7 Airlines,2024-01-15,06:38:30,42
U67099,Pobeda,2025-10-20,22:59:44,220
UT9808,Aeroflot,2024-12-20,11:45:55,36
U61541,Rossiya,2025-09-10,21:52:08,244
UT7646,Nordwind,2025-02-02,13:58:27,99
WZ4637,Red Wings,2025-09-05,21:01:10,145
DP9798,Ural Airlines,2024-05-08,08:14:45,64
N43891,Ural Airlines,2024-07-09,05:14:33,60
N44704,Pobeda,2024-08-25,03:25:17,207
DP9666,Nordwind,2024-11-27,18:14:20,130
FV7311,Ural Airlines,2025-04-03,00:49:04,107
U67898,Rossiya,2024-11-01,06:43:23,15
FV189,Red Wings,2025-07-26,02:52:47,172
U67537,Red Wings,2025-11-05,21:47:15,103
WZ6285,Ural Airlines,2024-11-05,00:49:17,247
DP913,Ural Airlines,2024-12-25,04:22:34,252
FV3271,Aeroflot,2024-11-11,09:41:42,21
N43356,Utair,2024-12-14,10:52:19,85
SU6551,S7 Airlines,2025-05-11,08:47:39,87
N4536,Ural Airlines,2025-11-28,05:55:40,234
N42636,S7 Airlines,2025-11-05,03:54:33,209
N4247,Nordwind,2025-10-09,21:07:41,252
S71726,Pobeda,2025-09-28,19:50:41,145
DP9835,Aeroflot,2024-09-06,03:45:47,227
U62492,Utair,2025-09-13,06:48:51,4
UT6615,Rossiya,2025-05-10,00:32:33,289
N48242,Red Wings,2024-08-12,00:48:08,249
WZ8905,Ural Airlines,2025-11-21,20:07:31,131
WZ8366,Aeroflot,2024-01-04,08:28:45,72
SU7951,Rossiya,2024-02-11,08:39:03,229
UT1875,Rossiya,2025-01-21,00:54:04,226
FV6761,Aeroflot,2025-12-07,14:17:49,152
SU8377,Ural Airlines,2025-11-08,01:46:20,96
N48572,Utair,2024-04-24,02:42:32,32
SU5741,S7 Airlines,2025-06-09,04:28:46,65
S72342,Red Wings,2024-03-06,06:03:43,203
S71149,Nordwind,2024-06-05,11:28:46,62
N46523,Red Wings,2025-08-15,05:03:46,266
SU9290,Utair,2025-09-10,14:55:06,24
DP1707,Red Wings,2025-11-28,03:55:41,155
DP3373,Utair,2024-05-25,08:03:38,227
DP5508,S7 Airlines,2024-05-01,22:47:46,53
FV5467,Utair,2024-11-25,11:45:09,215
UT2885,S7 Airlines,2024-10-01,16:51:28,261
S7778,Red Wings,2025-04-11,09:25:25,267
U63654,Rossiya,2024-10-04,22:11:36,25
SU5359,Pobeda,2024-03-09,01:32:17,153
S76070,Aeroflot,2025-05-03,08:02:11,74
FV217,Nordwind,2024-03-08,02:13:41,77
WZ4193,Aeroflot,2025-08-11,08:55:18,265
FV3241,Nordwind,2025-01-21,20:19:37,163
S73392,Utair,2024-11-24,14:50:23,45
SU365,Red Wings,2025-07-04,11:52:06,264
WZ5072,Pobeda,2025-08-28,17:45:51,36
N41142,Rossiya,2025-09-15,23:48:59,127
U67113,Nordwind,2025-06-02,09:48:25,9
U68463,Ural Airlines,2025-03-06,23:46:12,287
UT2450,Rossiya,2025-05-04,05:39:21,299
UT2648,S7 Airlines,2025-02-05,21:27:03,147
S75876,Pobeda,2024-03-20,11:50:40,270
DP1551,Red Wings,2024-05-07,10:13:52,162
WZ958,Aeroflot,2025-02-27,18:03:43,123
WZ3376,Aeroflot,2025-04-18,09:59:48,259
N48047,Nordwind,2024-07-06,21:15:46,219
UT9394,Aeroflot,2024-03-25,23:31:29,209
S73649,Red Wings,2025-12-05,13:19:16,113
UT2104,Red Wings,2025-03-23,06:38:46,188
S78890,Utair,2025-08-28,19:17:01,38
FV9696,Aeroflot,2024-05-18,20:40:30,298
SU4453,Ural Airlines,2025-12-14,06:50:43,144
UT9103,S7 Airlines,2025-12-09,17:12:32,56
WZ8180,Nordwind,2024-11-13,09:04:08,126
S78859,Utair,2024-02-06,05:33:22,157
WZ626,S7 Airlines,2025-02-10,19:50:59,216
N48468,Aeroflot,2025-10-22,04:06:28,40
FV2165,Aeroflot,2025-10-03,04:08:10,39
U64616,Ural Airlines,2025-06-12,06:14:39,242
U69554,Ural Airlines,2025-01-16,22:01:14,11
S71960,S7 Airlines,2024-10-21,10:59:14,201
WZ992,Rossiya,2024-01-19,16:43:46,221
SU1300,Rossiya,2024-05-24,15:58:08,56
SU448,Nordwind,2025-12-14,14:46:40,61
SU2098,Red Wings,2025-04-15,15:08:37,199
N46274,Utair,2025-06-05,04:27:05,290
U64627,Rossiya,2024-12-13,01:03:23,101
FV5776,Ural Airlines,2024-07-05,12:35:24,286
FV940,Nordwind,2025-05-06,02:47:16,65
SU5994,Red Wings,2024-08-25,18:21:56,270
U66359,Rossiya,2024-12-05,22:33:06,178
DP3544,Red Wings,2024-01-05,18:47:20,211
S72641,Red Wings,2024-06-22,03:23:39,69
N48504,S7 Airlines,2024-03-07,04:34:46,90
DP4186,Nordwind,2025-10-28,08:54:38,45
U6739,Ural Airlines,2025-10-24,23:52:31,59
UT7041,Pobeda,2025-12-16,09:33:08,294
S78931,Ural Airlines,2024-02-08,19:21:46,31
UT9773,Rossiya,2024-05-13,11:41:51,146
U61218,Utair,2024-12-17,18:23:06,279
FV6459,Aeroflot,2025-06-16,00:00:32,7
U6865,Nordwind,2024-03-20,01:08:44,46
FV7296,Ural Airlines,2025-09-19,08:29:34,259
UT2311,S7 Airlines,2025-10-05,01:41:59,127
U63470,Nordwind,2024-07-08,00:11:17,7
WZ8315,Ural Airlines,2025-12-27,08:20:23,114
UT9027,S7 Airlines,2025-12-15,09:11:41,273
WZ1976,Red Wings,2024-10-23,20:38:43,71
WZ2522,Nordwind,2025-01-02,23:43:33,50
UT6470,Nordwind,2024-04-17,05:26:06,243
N42506,Ural Airlines,2025-04-19,01:22:25,38
UT957,Aeroflot,2024-02-15,23:10:01,174
S75759,Red Wings,2025-01-19,11:29:04,104
S79215,Rossiya,2024-08-11,08:07:10,241
DP4581,S7 Airlines,2025-03-04,23:48:09,121
SU8630,Pobeda,2024-03-05,06:13:05,144
N46507,Rossiya,2024-05-10,09:11:15,240
UT7533,Nordwind,2025-07-13,02:10:24,34
U63545,Ural Airlines,2025-07-05,15:05:08,135
UT696,Utair,2025-04-02,23:49:57,7
DP6164,Rossiya,2025-09-21,02:54:51,263
UT7664,Utair,2025-05-14,22:50:36,284
N42651,Ural Airlines,2025-04-03,02:23:58,144
UT8553,Nordwind,2025-09-08,09:31:43,140
U68793,Red Wings,2025-05-07,02:05:25,269
U67165,Pobeda,2024-12-17,23:33:53,212
N4717,Pobeda,2025-08-19,13:50:31,269
UT2299,Red Wings,2024-10-11,09:19:01,198
S75789,Aeroflot,2024-05-08,14:20:15,26
DP5233,Nordwind,2025-06-11,11:15:27,122
WZ320,Rossiya,2025-06-28,00:06:48,26
FV1172,Rossiya,2025-10-13,09:23:23,188
WZ1386,Rossiya,2024-12-12,18:28:19,293
SU4093,Red Wings,2025-02-03,11:32:46,272
DP8734,Nordwind,2024-10-28,22:00:34,288
U61732,Nordwind,2024-11-14,05:10:16,165
S78827,Rossiya,2024-05-25,13:17:06,38
SU4964,Nordwind,2025-11-16,17:05:35,100
FV3248,Red Wings,2024-03-02,15:25:14,49
U66885,Red Wings,2025-04-02,22:30:41,266
U61833,Nordwind,2024-09-25,10:45:19,71
WZ9161,Pobeda,2025-07-05,09:24:15,255
FV4812,Ural Airlines,2025-11-23,16:47:04,293
N42598,Pobeda,2025-01-06,12:12:07,165
WZ251,Ural Airlines,2024-07-16,20:13:50,139
N45556,Ural Airlines,2025-07-08,03:06:48,87
U63701,Aeroflot,2025-12-02,14:54:50,99
DP4116,Ural Airlines,2024-09-23,09:40:38,140
SU8728,Red Wings,2024-09-27,16:16:12,70
UT6751,Rossiya,2025-06-21,21:51:15,14
U68541,Nordwind,2025-12-28,13:59:03,191
FV6401,Rossiya,2025-01-10,07:38:49,285
SU5206,S7 Airlines,2025-10-22,16:56:05,216
UT9344,Ural Airlines,2025-12-08,08:32:45,20
N48661,Rossiya,2025-02-25,01:28:27,208
DP964,Ural Airlines,2025-07-01,01:44:45,227
U62630,Red Wings,2025-06-15,23:39:48,63
WZ1554,Aeroflot,2024-08-04,02:15:33,236
WZ380,Nordwind,2025-10-17,00:10:31,84
UT2030,Red Wings,2025-09-03,04:45:24,137
WZ9901,Red Wings,2024-05-12,08:00:49,289
FV4685,Pobeda,2024-11-09,06:04:09,81
U68525,Pobeda,2025-06-04,18:12:56,176
S76816,Aeroflot,2025-02-11,12:03:57,257
SU548,Pobeda,2024-08-19,12:28:16,202
WZ240,Ural Airlines,2024-01-06,10:52:10,208
FV759,Ural Airlines,2025-12-17,07:58:37,50
DP3955,S7 Airlines,2025-06-22,21:36:20,204
UT7028,S7 Airlines,2025-07-05,08:35:13,266
SU2879,Rossiya,2024-04-28,11:47:57,73
SU4916,Pobeda,2024-09-02,22:52:04,160
S7250,S7 Airlines,2024-09-05,00:04:47,286
DP8263,Pobeda,2025-11-14,01:38:22,4
SU7937,Red Wings,2025-04-13,17:26:49,53
WZ3311,Pobeda,2025-01-19,03:49:22,134
UT278,Utair,2025-08-02,08:48:48,203
SU830,Ural Airlines,2025-11-19,09:39:05,51
DP7893,Pobeda,2024-09-03,07:28:00,58
S74715,Pobeda,2025-12-10,18:48:05,186
FV8902,Nordwind,2025-09-24,06:35:16,229
UT5000,Red Wings,2024-12-05,18:10:48,68
S76295,Utair,2024-12-04,11:59:36,36
UT3102,Utair,2024-03-17,12:44:57,176
S78790,Rossiya,2024-05-25,11:39:35,30
WZ2405,S7 Airlines,2025-02-24,10:42:06,29
SU7429,Nordwind,2024-11-03,22:15:52,60
S73659,Ural Airlines,2025-03-06,09:34:32,63
SU3311,Ural Airlines,2025-11-23,03:05:32,169
S75054,S7 Airlines,2025-02-11,15:23:10,67
DP8627,Red Wings,2025-10-16,06:42:50,257
FV5119,Utair,2024-02-18,05:27:51,191
SU8557,Aeroflot,2024-11-07,08:30:46,297
U64971,Ural Airlines,2024-06-26,09:00:04,59
UT2014,Nordwind,2025-11-18,23:36:39,233
WZ9425,Ural Airlines,2024-01-27,16:24:38,287
FV3944,Ural Airlines,2025-07-14,20:58:03,166
FV8864,Utair,2025-01-14,09:06:07,49
DP587,Pobeda,2025-04-28,01:05:43,249
UT1672,S7 Airlines,2025-09-23,20:35:08,166
DP9721,Pobeda,2025-11-26,09:18:25,177
N45516,Red Wings,2024-04-19,14:39:27,251
N42331,Ural Airlines,2024-03-04,09:43:10,171
FV9692,Red Wings,2024-06-01,03:44:18,184
S73517,Pobeda,2025-02-19,03:35:37,127
UT8928,Red Wings,2024-02-02,14:53:18,54
N49135,Nordwind,2024-05-23,17:32:02,3
U62649,Rossiya,2024-08-09,19:35:07,178
U66105,Nordwind,2025-12-10,01:24:50,166
S77797,Pobeda,2025-09-26,22:00:49,25
DP4208,Pobeda,2024-07-14,13:35:08,3
WZ7392,Utair,2024-09-18,10:58:42,235
FV3375,Nordwind,2024-10-27,16:10:49,291
DP3898,S7 Airlines,2024-08-10,13:53:55,96
DP875,Pobeda,2024-08-19,05:13:09,217
U67997,S7 Airlines,2025-08-05,16:51:15,282
WZ9824,Aeroflot,2024-05-21,09:09:58,295
S73266,Red Wings,2024-08-01,13:57:07,141
S77049,Ural Airlines,2024-08-11,13:12:51,13
N44581,S7 Airlines,2025-08-08,20:53:55,203
UT7376,Ural Airlines,2024-06-24,21:42:59,164
WZ3777,S7 Airlines,2025-05-08,12:57:08,274
U69510,Pobeda,2025-11-10,16:51:13,5
N47145,Utair,2024-07-23,03:59:09,60
U63328,Ural Airlines,2024-09-12,09:05:28,33
S74233,Pobeda,2024-04-11,09:47:56,42
WZ3449,Pobeda,2025-08-21,06:50:45,156
UT7710,S7 Airlines,2024-01-27,20:31:41,140
DP5675,Utair,2025-04-11,01:42:14,77
UT7903,S7 Airlines,2024-10-17,22:15:17,65
U69768,S7 Airlines,2025-08-12,01:23:57,69
U64861,Rossiya,2024-12-28,15:15:52,45
N47952,Aeroflot,2025-10-10,23:18:28,171
FV4447,Nordwind,2024-09-20,14:49:58,16
FV9633,Aeroflot,2025-05-12,20:01:43,72
U68165,Red Wings,2024-11-07,21:56:25,216
SU6596,Aeroflot,2024-07-24,18:45:38,1
SU8057,Aeroflot,2024-11-09,13:11:53,133
DP911,Rossiya,2025-03-13,05:00:14,89
SU4880,Aeroflot,2025-02-17,20:09:23,96
FV6404,Utair,2024-09-18,23:26:01,156
S72723,Red Wings,2025-08-16,12:46:34,41
SU9063,Aeroflot,2024-12-12,16:41:38,246
DP5157,Nordwind,2024-03-13,07:29:03,241
DP303,Nordwind,2025-11-12,10:29:06,201
DP9133,Aeroflot,2025-08-11,16:07:38,121
WZ2316,Aeroflot,2024-02-28,18:29:31,151
UT264,Rossiya,2024-11-26,19:45:16,94
DP2306,Nordwind,2024-12-07,12:39:28,107
UT1340,Rossiya,2024-12-08,19:10:10,278
FV5134,Red Wings,2024-08-14,16:45:44,290
WZ8730,Nordwind,2025-05-20,00:02:26,98
U67424,Rossiya,2025-08-10,08:22:14,76
WZ2861,Pobeda,2025-02-27,03:40:13,95
WZ4677,Pobeda,2025-05-27,16:22:43,250
UT9346,Nordwind,2024-08-24,05:04:50,251
U66774,Pobeda,2024-08-04,07:12:29,269
FV8569,Red Wings,2024-11-28,21:57:53,188
S76583,S7 Airlines,2025-11-08,10:11:55,240
FV1628,S7 Airlines,2025-05-21,03:41:01,91
N4777,S7 Airlines,2024-02-07,17:18:08,211
SU1099,Nordwind,2025-03-28,16:24:02,152
U67068,Pobeda,2025-06-15,12:24:48,206
FV5662,Nordwind,2025-02-04,13:58:53,131
FV822,Utair,2024-03-03,15:13:11,145
WZ7532,Red Wings,2025-09-19,04:37:14,101
SU6805,Aeroflot,2025-12-10,09:54:23,194
FV640,Ural Airlines,2025-12-08,07:14:40,112
FV3645,Utair,2024-07-11,10:29:37,245
U63356,Rossiya,2024-01-20,12:20:54,101
N44010,Utair,2025-10-24,08:32:23,204
UT6744,Pobeda,2025-05-05,21:50:02,182
S72969,Rossiya,2024-11-08,17:36:26,175
SU5785,Pobeda,2025-08-10,10:43:55,252
WZ6815,Aeroflot,2024-12-01,23:39:33,240
WZ6407,Pobeda,2024-01-21,14:13:34,96
DP5354,Utair,2025-01-26,21:00:36,8
FV4829,Red Wings,2025-04-25,18:08:33,82
WZ7573,Nordwind,2025-09-21,17:19:48,192
DP5736,Red Wings,2024-08-24,20:12:23,48
N42046,Pobeda,2024-09-05,04:36:08,117
SU1520,Pobeda,2025-02-11,23:32:40,55
S72366,Pobeda,2024-04-26,16:47:18,187
N44014,Ural Airlines,2025-03-13,23:16:57,276
FV9428,Nordwind,2024-02-15,14:28:45,85
N45614,S7 Airlines,2024-01-20,05:56:41,179
FV7644,Rossiya,2024-09-25,23:55:20,139
U6710,Rossiya,2025-08-26,07:37:33,99
FV3232,Pobeda,2025-08-07,08:30:22,197
N47745,Utair,2025-03-23,18:20:59,122
UT7337,Rossiya,2025-06-14,20:09:19,150
UT3401,Aeroflot,2024-10-13,08:04:09,107
S72213,Red Wings,2024-05-28,06:48:14,123
FV7591,Utair,2025-04-21,21:03:56,261
N41898,Aeroflot,2025-10-22,07:58:58,73
WZ4283,Aeroflot,2025-05-25,18:47:02,262
UT9505,Pobeda,2024-07-06,13:02:14,100
N44573,S7 Airlines,2024-10-20,08:17:23,186
S73530,Ural Airlines,2024-05-06,07:07:21,254
U68737,Rossiya,2025-05-24,21:49:10,224
N45997,Nordwind,2025-03-12,12:09:06,242
DP6967,Utair,2024-08-01,08:15:28,200
WZ6229,Utair,2025-04-22,10:08:03,188
U68132,Red Wings,2025-06-25,05:39:07,278
SU3550,Ural Airlines,2024-03-11,08:26:43,205
N46154,Ural Airlines,2024-12-11,03:50:23,27
FV8538,Nordwind,2024-06-13,02:39:14,131
WZ8356,Rossiya,2025-08-13,17:32:31,72
U65811,Red Wings,2025-04-01,13:42:10,133
SU9479,Nordwind,2024-10-03,04:42:39,48
U67580,S7 Airlines,2025-05-03,20:20:26,34
SU6951,Pobeda,2024-06-06,19:57:34,5
SU1694,Rossiya,2025-09-16,14:28:38,207
SU6336,Red Wings,2024-12-19,06:02:07,266
S77128,Rossiya,2024-08-01,08:50:06,247
N42333,Ural Airlines,2025-06-18,21:45:30,67
UT1835,S7 Airlines,2024-09-02,23:27:38,58
FV1091,Nordwind,2025-12-08,18:40:02,271
N41953,Red Wings,2024-02-28,21:48:09,262
U6805,Aeroflot,2025-05-27,01:39:56,56
U69818,Ural Airlines,2024-06-04,04:58:32,168
FV7515,Ural Airlines,2024-07-24,01:42:28,248
WZ6436,Aeroflot,2025-08-16,10:56:35,90
WZ8929,Utair,2024-03-27,10:07:49,210
WZ1947,Nordwind,2025-11-06,02:10:24,238
FV7334,Red Wings,2024-09-19,14:14:42,253
SU344,Nordwind,2025-12-25,08:02:07,128
SU8937,Utair,2025-01-19,16:42:27,291
UT2116,Nordwind,2025-09-08,03:16:31,216
U65270,Rossiya,2025-11-10,20:05:48,263
FV2631,Pobeda,2025-03-11,17:19:23,229
DP1547,Ural Airlines,2024-11-15,21:38:08,216
U67876,Ural Airlines,2024-02-06,18:46:31,157
DP1098,Ural Airlines,2024-05-02,20:15:44,283
FV6331,Nordwind,2025-11-08,22:29:27,177
UT5267,Red Wings,2024-05-11,22:17:06,170
DP3099,S7 Airlines,2025-01-20,04:00:22,122
N48236,Pobeda,2024-08-17,18:43:21,175
WZ2138,Utair,2025-03-24,05:10:22,235
SU4213,Aeroflot,2024-03-05,11:57:13,173
WZ2683,Aeroflot,2024-11-19,17:27:13,273
FV9132,Rossiya,2025-12-22,16:54:32,244
U63432,Rossiya,2024-12-01,14:21:53,79
UT6811,Utair,2024-10-06,11:14:16,222
S74736,Aeroflot,2024-11-14,23:10:38,177
S71289,Nordwind,2025-04-02,03:21:57,88
WZ103,Rossiya,2025-06-25,01:57:46,2
U69043,Pobeda,2025-07-28,22:38:10,259
FV5515,Nordwind,2025-02-14,04:11:18,10
SU5288,Utair,2024-02-07,02:13:16,300
DP9516,Red Wings,2025-06-25,19:23:50,56
N45228,Rossiya,2024-02-18,23:41:57,262
WZ6807,S7 Airlines,2024-06-22,20:37:10,161
FV9944,Rossiya,2025-06-07,15:31:31,148
S71234,Rossiya,2024-06-01,03:54:17,133
N41829,Utair,2024-02-10,18:41:11,157
WZ9763,Aeroflot,2025-06-07,06:47:33,39
DP9348,Aeroflot,2024-08-24,08:26:32,124
U6653,Ural Airlines,2025-04-07,15:14:05,99
FV4448,S7 Airlines,2025-09-14,06:46:39,190
FV2566,Aeroflot,2025-06-16,19:51:20,180
UT7853,Rossiya,2024-06-12,14:54:06,275
WZ5307,Aeroflot,2025-07-19,18:20:05,105
WZ4723,Aeroflot,2025-08-21,00:27:37,143
UT6417,Rossiya,2025-01-15,19:47:47,1
U67277,Pobeda,2024-10-26,17:46:28,75
U67227,Aeroflot,2024-03-02,00:28:49,169
SU7244,Utair,2024-01-08,22:06:38,37
SU8832,Ural Airlines,2025-06-14,04:28:15,251
SU360,S7 Airlines,2024-09-22,02:40:36,297
U66677,Red Wings,2024-08-01,13:05:49,128
UT1696,Utair,2025-08-16,02:10:07,33
N42562,Ural Airlines,2025-10-18,20:12:44,214
S75764,S7 Airlines,2024-10-13,18:59:58,210
WZ4358,Red Wings,2024-05-28,05:43:29,23
N49893,Pobeda,2024-07-09,06:17:45,258
U64071,Aeroflot,2024-11-07,01:31:46,137
S79903,Aeroflot,2025-02-16,01:56:02,73
U64237,Pobeda,2024-10-13,22:43:49,187
WZ9777,Pobeda,2025-01-20,21:08:23,245
U68050,S7 Airlines,2024-02-03,13:43:24,244
UT8236,Rossiya,2025-11-23,11:27:46,38
UT7192,Ural Airlines,2024-03-08,12:51:17,296
S72432,Aeroflot,2024-10-10,21:02:48,24
DP1145,Pobeda,2024-10-05,10:32:40,221
FV7631,S7 Airlines,2024-10-17,12:27:17,42
DP6275,Nordwind,2024-11-19,20:52:44,133
SU3311,Utair,2024-01-11,01:04:07,130
WZ8640,S7 Airlines,2025-10-28,06:06:51,78
U63013,Nordwind,2025-03-07,16:51:27,31
DP2423,S7 Airlines,2024-12-09,18:04:15,196
N4283,Utair,2025-09-19,22:56:45,295
U61978,Utair,2025-08-20,08:19:36,16
UT1618,Aeroflot,2025-10-04,02:54:36,10
S76840,Red Wings,2025-12-14,11:36:18,54
UT2263,Rossiya,2024-08-04,17:26:06,172
FV5927,Nordwind,2025-02-19,14:27:24,50
WZ9404,Aeroflot,2025-06-02,17:50:18,215
UT8315,Pobeda,2024-11-21,21:46:39,154
SU7194,Utair,2024-07-07,20:19:33,253
U66105,Pobeda,2024-01-20,18:25:41,197
SU899,Ural Airlines,2024-01-26,13:15:48,191
U65176,Pobeda,2025-01-04,17:45:45,169
FV1572,Nordwind,2024-07-08,22:38:29,254
U62969,Red Wings,2025-05-25,02:56:55,131
SU7822,Nordwind,2024-02-01,11:55:27,15
UT5729,Rossiya,2024-08-08,08:21:38,0
S74957,Aeroflot,2025-02-04,14:34:10,154
U64496,Nordwind,2024-11-12,06:42:52,228
SU300,S7 Airlines,2025-05-06,11:46:28,171
WZ7369,Nordwind,2025-08-02,05:25:25,151
U64975,Rossiya,2025-10-05,05:48:36,55
FV1787,Nordwind,2024-01-19,13:07:54,190
FV5723,Aeroflot,2025-06-16,12:22:26,113
SU8888,Pobeda,2024-10-13,04:53:39,182
S73097,Ural Airlines,2025-10-04,09:21:22,60
FV4740,Rossiya,2024-08-12,21:58:26,25
FV2156,Nordwind,2024-02-25,15:07:45,283
N4480,Pobeda,2024-10-01,07:27:20,14
N44923,Ural Airlines,2025-07-03,20:48:03,205
FV7690,Rossiya,2024-12-23,22:12:58,207
N49770,Nordwind,2025-05-21,15:41:53,230
FV2429,Nordwind,2025-03-27,12:15:34,34
S74118,S7 Airlines,2024-08-02,12:52:43,173
WZ4404,Pobeda,2024-03-17,04:08:26,192
WZ5647,Aeroflot,2024-11-20,23:36:27,17
DP1749,Red Wings,2025-02-08,23:05:26,68
SU3476,S7 Airlines,2024-11-06,09:40:38,236
UT208,Rossiya,2025-02-07,01:11:55,289
UT5885,Ural Airlines,2024-01-11,22:53:10,3
FV1666,Aeroflot,2025-03-10,04:29:56,184
FV7559,Pobeda,2024-07-12,07:54:20,93
N43734,S7 Airlines,2025-11-09,22:05:16,160
U62752,Aeroflot,2025-05-28,07:02:22,202
S72858,Red Wings,2024-06-26,19:19:01,70
UT9204,Nordwind,2025-04-22,18:24:20,38
SU7585,S7 Airlines,2025-09-26,19:14:07,248
DP3379,Pobeda,2024-12-26,02:03:28,262
U67460,S7 Airlines,2025-07-03,11:31:59,125
WZ4165,Aeroflot,2024-07-11,22:26:47,62
SU7648,S7 Airlines,2025-06-04,00:03:24,211
FV1412,Ural Airlines,2025-10-12,10:50:25,190
U64972,Aeroflot,2025-02-17,06:41:36,71
N41014,Aeroflot,2024-04-07,22:25:19,22
DP3619,Pobeda,2024-01-20,14:54:36,77
FV3057,Aeroflot,2025-10-15,01:14:52,8
S76361,Aeroflot,2025-02-02,06:00:05,287
U65618,Ural Airlines,2024-08-22,11:55:41,99
FV8913,Pobeda,2024-04-10,07:07:59,239
FV9222,Nordwind,2025-11-14,13:37:44,258
FV8004,Red Wings,2024-07-08,03:01:58,139
N48938,S7 Airlines,2024-04-13,18:46:06,50
N47756,Pobeda,2024-03-18,14:42:00,43
WZ4263,Rossiya,2024-03-10,07:38:59,154
U68230,Nordwind,2024-05-23,03:30:19,182
DP3781,Pobeda,2025-05-11,12:42:55,236
FV4337,Nordwind,2024-11-13,16:37:37,219
S71697,S7 Airlines,2024-06-25,13:24:37,142
SU6661,Red Wings,2024-08-03,04:49:02,187
DP7262,S7 Airlines,2024-09-13,15:30:17,257
S77370,Ural Airlines,2024-07-28,22:04:26,278
FV7593,Pobeda,2025-05-12,04:34:42,160
WZ276,S7 Airlines,2025-01-19,01:09:39,20
S73291,Nordwind,2024-02-17,08:11:35,180
DP558,Pobeda,2025-04-14,06:43:15,54
N47741,Rossiya,2025-06-24,22:57:12,90
U62316,Aeroflot,2024-11-26,20:10:25,79
DP2635,S7 Airlines,2025-03-08,08:54:35,45
U65611,Aeroflot,2025-01-14,13:19:15,19
S74197,Aeroflot,2024-02-06,13:07:13,51
UT5802,Nordwind,2024-12-09,13:06:44,33
FV6504,Red Wings,2025-11-28,17:35:22,112
UT2031,S7 Airlines,2024-03-05,16:38:31,77
WZ1239,Aeroflot,2024-04-27,22:17:56,98
N4861,Utair,2025-04-27,08:06:08,27
SU6851,S7 Airlines,2025-07-04,17:42:25,296
S7605,Rossiya,2024-05-08,00:18:35,139
U68189,Ural Airlines,2024-11-21,04:30:29,278
DP6991,S7 Airlines,2024-02-11,00:00:54,39
SU9797,Pobeda,2024-02-02,09:23:36,33
S79535,Ural Airlines,2025-10-13,21:58:01,131
S7192,S7 Airlines,2025-01-03,16:24:17,171
S73271,Red Wings,2025-02-27,11:10:03,0
FV9400,Nordwind,2025-02-25,16:20:21,68
U67702,Pobeda,2024-10-17,23:53:20,124
DP7545,Nordwind,2025-07-05,16:59:42,20
WZ2621,S7 Airlines,2025-05-07,06:29:50,138
SU7797,Utair,2025-05-24,13:50:46,13
FV4151,Utair,2025-09-22,01:20:03,145
DP4720,Rossiya,2025-07-09,08:40:03,162
N49781,Red Wings,2025-06-27,22:44:01,50
S7643,Aeroflot,2024-02-08,13:09:46,139
N49003,Ural Airlines,2025-03-13,01:58:08,75
WZ5644,Red Wings,2024-05-06,10:13:06,242
U65971,Utair,2025-04-24,13:49:22,224
N4233,Ural Airlines,2025-04-23,11:09:28,31
UT2596,Aeroflot,2024-07-28,14:35:26,8
N41068,Red Wings,2025-01-03,09:59:44,59
WZ8856,Utair,2025-03-28,16:26:29,163
U65599,Pobeda,2025-10-09,03:51:44,147
N43101,Utair,2024-06-19,01:49:52,46
WZ6875,S7 Airlines,2024-09-02,19:22:58,281
DP2532,S7 Airlines,2025-11-19,04:37:03,252
DP783,Aeroflot,2024-10-19,07:37:13,201
N47225,S7 Airlines,2025-03-08,17:32:18,228
U61019,Ural Airlines,2024-06-04,16:10:29,241
WZ3419,Ural Airlines,2024-12-05,09:13:16,223
WZ7055,Utair,2025-05-27,16:51:16,110
S74473,S7 Airlines,2024-01-11,09:18:00,41
DP7995,S7 Airlines,2024-02-07,13:16:30,203
S7312,Nordwind,2025-01-15,01:51:39,183
DP2572,Ural Airlines,2025-08-01,11:27:46,172
WZ7129,Nordwind,2024-01-22,22:43:28,243
FV9255,Ural Airlines,2024-01-22,04:05:38,263
FV6910,Utair,2024-09-27,18:04:12,202
WZ9359,Ural Airlines,2024-09-23,01:37:36,222
S73287,Pobeda,2024-11-13,22:04:15,128
U66285,Red Wings,2025-12-24,00:06:47,262
DP5922,Aeroflot,2025-10-08,04:08:21,82
U6215,Red Wings,2025-10-27,13:45:34,279
WZ7134,Ural Airlines,2024-07-23,21:17:35,180
U68022,Pobeda,2025-09-27,20:26:39,41
N42272,Utair,2024-01-09,09:29:13,203
N47913,Nordwind,2025-03-07,05:40:55,234
N46974,S7 Airlines,2025-11-02,06:14:43,115
FV7390,S7 Airlines,2025-03-18,08:40:28,144
U66598,Utair,2025-10-07,18:36:33,68
WZ8172,Rossiya,2024-09-20,09:00:23,252
WZ2487,S7 Airlines,2025-05-14,13:01:43,193
SU2168,Ural Airlines,2024-09-11,08:07:04,186
UT8334,Pobeda,2025-09-22,16:54:42,218
U65334,Aeroflot,2025-05-25,12:21:07,16
WZ3269,Ural Airlines,2025-05-03,18:54:51,166
S7638,Red Wings,2024-09-20,08:54:39,31
S78062,Red Wings,2024-02-27,18:31:11,281
FV4054,Aeroflot,2024-11-08,22:26:35,102
FV7520,S7 Airlines,2024-08-16,04:28:03,227
UT7501,Nordwind,2025-05-05,15:31:16,233
FV856,Aeroflot,2024-01-12,20:38:06,238
WZ3851,Utair,2025-10-05,08:00:16,86
S78350,Rossiya,2024-05-06,01:06:18,165
DP3540,Nordwind,2025-11-11,21:09:40,217
FV6913,Pobeda,2025-12-19,11:53:37,51
SU5556,Pobeda,2024-02-03,16:41:24,58
SU3377,Pobeda,2025-04-20,02:51:14,23
U68951,Nordwind,2024-06-24,06:29:30,103
U64027,Utair,2024-08-15,09:24:53,107
SU8162,Rossiya,2025-05-07,21:07:27,237
U65637,Ural Airlines,2025-04-22,08:00:20,59
UT430,S7 Airlines,2024-12-17,00:47:00,186
UT2211,Utair,2025-02-22,09:40:48,176
FV8541,S7 Airlines,2025-11-26,12:45:08,178
S75429,S7 Airlines,2024-11-14,11:41:37,120
U64557,Ural Airlines,2025-04-08,14:54:43,211
S76208,Aeroflot,2025-04-08,08:04:19,20
N45223,Rossiya,2025-10-01,04:09:07,75
S78215,Utair,2024-06-26,00:37:30,22
SU1035,Utair,2024-08-25,05:24:13,28
UT6768,Nordwind,2025-06-01,11:25:29,275
S74234,Ural Airlines,2025-02-18,15:28:10,253
S74218,Red Wings,2024-01-20,17:29:53,259
SU408,Aeroflot,2024-10-28,17:44:02,230
N42273,Rossiya,2025-10-21,17:10:21,168
N49726,Red Wings,2025-05-11,18:02:58,300
S72940,Ural Airlines,2025-07-24,00:58:27,132
N42697,Aeroflot,2024-11-23,15:18:17,182
S75200,S7 Airlines,2025-06-18,18:35:25,108
FV6505,Ural Airlines,2024-05-03,02:27:49,148
SU2408,Nordwind,2025-08-18,14:33:57,102
WZ2782,Aeroflot,2024-03-21,08:54:43,140
N47750,Utair,2025-03-16,01:29:11,80
S77248,Aeroflot,2024-12-25,20:45:28,263
DP3300,Pobeda,2024-05-18,22:32:57,45
UT2796,S7 Airlines,2024-09-09,08:20:16,80
WZ8713,Utair,2024-06-03,09:13:20,32
SU8234,Pobeda,2025-07-10,09:54:27,114
WZ2840,Ural Airlines,2025-04-07,11:13:01,203
U65857,Nordwind,2024-03-20,17:50:13,246
WZ2143,Pobeda,2024-04-08,02:48:11,50
N42631,Pobeda,2024-04-15,04:49:18,249
UT233,Pobeda,2025-05-19,16:14:15,182
DP4870,Ural Airlines,2025-09-09,06:48:25,32
N4874,Red Wings,2024-05-03,12:31:07,177
N45851,Red Wings,2025-11-12,20:28:39,0
WZ6848,Aeroflot,2025-08-11,09:14:54,94
SU5979,Pobeda,2025-12-11,05:08:47,164
SU1091,Ural Airlines,2024-02-15,03:50:07,185
N43029,Pobeda,2025-08-19,23:25:00,272
U6379,Nordwind,2025-03-03,12:22:01,120
WZ374,Rossiya,2025-06-08,02:05:09,217
FV4949,Nordwind,2025-08-16,21:01:43,141
DP2748,Red Wings,2025-07-25,03:30:24,199
U63572,Ural Airlines,2025-04-14,02:07:47,29
WZ1526,Pobeda,2025-02-22,05:14:07,70
FV5360,Pobeda,2024-10-21,11:42:59,65
S75522,Aeroflot,2024-06-19,03:19:59,91
S78812,Aeroflot,2025-05-28,20:32:40,160
FV1947,Rossiya,2025-06-20,16:28:39,128
UT5343,Ural Airlines,2024-12-28,03:17:22,128
DP8894,Red Wings,2025-01-08,19:25:47,63
N46410,Aeroflot,2025-12-15,01:59:26,268
UT6245,Nordwind,2024-01-18,15:00:12,274
S71012,S7 Airlines,2025-10-14,04:25:34,87
N4866,Pobeda,2024-06-04,03:33:41,295
WZ8554,S7 Airlines,2024-01-18,03:55:07,282
FV7820,S7 Airlines,2024-01-28,17:21:46,60
DP4065,Rossiya,2025-12-21,02:49:57,251
SU1052,Pobeda,2024-04-13,00:57:57,271
UT7330,Utair,2024-10-04,05:55:08,166
N42848,Red Wings,2024-08-21,13:25:03,92
S72880,Aeroflot,2024-10-20,02:29:41,40
WZ4411,Rossiya,2024-08-18,21:21:13,137
FV6394,S7 Airlines,2024-07-13,08:55:55,241
UT9299,Aeroflot,2024-08-20,02:21:08,226
N46222,Rossiya,2024-06-17,20:51:58,165
FV3940,Rossiya,2025-07-09,21:53:18,173
N49060,Red Wings,2024-10-20,09:34:46,132
WZ4376,Utair,2024-04-08,12:42:30,15
UT8307,Nordwind,2025-04-08,16:30:58,166
DP4917,Aeroflot,2025-04-11,12:34:19,89
WZ7169,S7 Airlines,2025-01-15,13:40:17,62
N48228,Rossiya,2025-06-13,16:58:40,289
U64493,Red Wings,2025-03-17,08:53:25,283
WZ7711,Utair,2024-05-24,12:20:49,6
UT8823,S7 Airlines,2025-11-12,14:28:00,41
S73980,Pobeda,2025-01-11,00:04:22,276
U69346,Rossiya,2025-08-20,03:57:09,141
DP3325,Pobeda,2024-07-07,12:08:38,72
SU7323,Pobeda,2025-02-14,10:05:26,296
S77565,Nordwind,2024-12-20,07:35:06,255
U69246,Red Wings,2025-09-09,06:35:58,13
WZ465,Utair,2025-08-09,08:47:13,20
N4310,Nordwind,2025-12-07,12:35:20,129
SU3786,Ural Airlines,2025-12-26,08:24:38,20
WZ7192,Ural Airlines,2024-08-28,07:31:16,299
