Номер рейса,Авиакомпания,Дата прилета,Время прилета,Число пассажиров
UT3927,Ural Airlines,2024-06-27,14:30:36,121
WZ1776,Nordwind,2025-10-01,08:18:07,270
U6875,Rossiya,2024-01-12,23:52:15,130
DP4353,Ural Airlines,2025-04-13,01:10:05,62
DP8178,Red Wings,2024-12-06,10:09:26,105
DP5164,Rossiya,2024-08-16,23:38:00,153
DP8496,Pobeda,2025-11-19,18:13:04,209
FV1194,Pobeda,2025-06-28,15:41:45,218
DP565,Aeroflot,2024-03-25,05:09:00,288
WZ8817,Nordwind,2025-09-11,02:09:49,46
FV7912,Nordwind,2024-02-12,23:05:02,221
S75728,S7 Airlines,2024-12-03,06:02:00,106
WZ6829,Nordwind,2024-10-07,15:31:01,20
N49084,S7 Airlines,2025-07-05,14:47:22,59
UT6898,Red Wings,2024-10-10,09:36:11,85
WZ3801,Aeroflot,2025-11-23,06:10:34,10
U67564,Red Wings,2024-07-08,03:49:21,89
DP3199,Aeroflot,2025-07-17,23:31:42,161
U69656,Aeroflot,2025-12-24,11:12:54,78
WZ2388,Aeroflot,2024-05-26,23:27:57,29
UT4882,Rossiya,2024-11-10,19:50:01,71
SU6397,Utair,2025-06-12,05:28:04,189
FV5394,S7 Airlines,2025-10-22,00:27:23,220
N48367,Utair,2024-10-17,12:46:20,204
N42857,S7 Airlines,2025-06-20,15:10:54,173
SU1319,Utair,2024-05-03,01:49:35,225
UT217,Aeroflot,2024-05-16,21:20:09,72
DP5398,Ural Airlines,2024-07-02,11:49:01,106
U63065,Pobeda,2024-12-07,23:38:52,108
N48617,Utair,2024-02-25,11:57:36,83
WZ8305,Pobeda,2024-07-08,19:59:42,44
WZ1375,S7 Airlines,2025-10-04,07:22:41,108
DP788,Red Wings,2025-03-10,12:54:35,22
N41837,Nordwind,2024-09-23,15:17:38,14
SU9478,Red Wings,2025-09-08,01:30:52,197
FV8292,Aeroflot,2024-06-18,12:36:59,188
S72361,S7 Airlines,2024-11-19,01:18:51,85
S78710,Aeroflot,2024-07-07,06:44:16,164
S76703,Aeroflot,2024-11-28,18:03:17,43
FV2686,Utair,2024-07-17,21:03:26,105
UT2732,Ural Airlines,2025-09-16,07:22:51,162
UT4921,Aeroflot,2024-08-17,02:03:11,99
SU800,Rossiya,2024-08-09,08:55:07,27
N41257,S7 Airlines,2025-02-01,09:25:54,24
WZ3016,Red Wings,2025-04-26,13:25:27,277
WZ8602,Nordwind,2025-09-09,02:44:37,298
N43418,Nordwind,2025-07-06,06:39:40,85
FV8481,Aeroflot,2024-08-19,10:38:50,4
N42976,Nordwind,2025-10-05,03:21:14,202
N47499,Aeroflot,2025-07-20,00:58:06,111
DP266,Ural Airlines,2025-06-27,16:40:34,279
WZ6255,Aeroflot,2024-04-05,11:53:09,107
DP135,Red Wings,2025-03-09,10:59:47,52
WZ9088,Ural Airlines,2025-08-12,09:07:49,192
S71032,Rossiya,2025-10-27,12:14:02,112
UT1591,Ural Airlines,2025-06-11,17:05:31,209
S75290,Aeroflot,2024-02-24,00:58:15,90
U6500,Utair,2024-07-03,15:35:37,241
DP4984,Utair,2025-06-14,22:51:28,83
DP8942,Red Wings,2024-06-11,23:31:56,200
WZ3957,Ural Airlines,2024-02-20,00:58:28,216
UT6528,S7 Airlines,2024-04-22,18:17:44,160
U69923,Aeroflot,2024-06-15,06:34:45,157
SU6430,Utair,2025-01-01,04:49:46,114
N45835,Utair,2024-12-14,06:25:33,24
N48880,Red Wings,2025-10-09,22:59:55,252
UT7353,Utair,2024-06-10,07:18:53,273
DP2648,S7 Airlines,2024-05-27,08:25:25,16
S78341,Aeroflot,2024-08-25,17:40:52,156
SU2749,Pobeda,2025-03-28,07:36:50,163
UT2053,Rossiya,2025-04-16,17:32:21,219
U69337,Pobeda,2025-04-05,00:21:02,110
DP6605,Aeroflot,2025-11-02,10:53:05,274
N42294,Red Wings,2024-01-18,01:09:17,83
N44213,Aeroflot,2024-03-14,11:17:20,208
U64238,Aeroflot,2025-07-07,15:08:32,48
N42046,Red Wings,2025-11-06,00:08:19,239
S72599,Aeroflot,2025-01-28,04:46:45,210
FV6549,Pobeda,2025-03-13,23:49:36,215
N45712,Red Wings,2024-03-20,10:07:46,283
WZ5557,Red Wings,2024-02-18,04:34:41,277
S71879,Aeroflot,2025-03-06,14:13:13,177
N49976,Red Wings,2024-11-02,11:34:25,156
FV9880,Red Wings,2025-07-26,13:34:09,261
FV4393,Aeroflot,2025-02-17,15:34:35,217
N47605,Utair,2024-09-20,16:12:13,78
FV9309,Red Wings,2024-07-25,14:07:27,53
DP5644,Rossiya,2025-10-06,03:19:29,188
WZ4462,Red Wings,2024-01-27,19:41:08,230
N45812,Aeroflot,2025-08-20,21:13:24,276
UT9380,Aeroflot,2024-10-04,04:15:29,139
UT6862,Nordwind,2025-10-22,15:49:03,235
FV1334,Utair,2024-06-19,02:31:29,34
S74979,Ural Airlines,2024-09-11,03:54:05,261
U63931,Ural Airlines,2024-12-02,07:30:21,30
FV8473,Aeroflot,2025-12-07,02:46:27,260
DP2314,Rossiya,2025-03-11,00:43:02,184
UT3836,Rossiya,2025-03-28,09:54:47,281
SU9923,Pobeda,2024-04-19,17:38:50,243
S73797,Ural Airlines,2024-07-24,19:36:24,57
S72337,Utair,2024-04-19,11:19:06,158
U6973,Utair,2024-11-24,05:24:45,176
DP7199,Nordwind,2025-11-18,12:07:56,76
S79250,S7 Airlines,2024-04-03,07:01:36,270
S71954,Utair,2024-12-14,05:49:36,232
S71838,S7 Airlines,2024-07-10,12:43:09,193
U64320,Ural Airlines,2024-01-09,10:19:55,212
N44706,Aeroflot,2025-02-18,09:18:48,142
N44749,Nordwind,2024-03-28,11:19:29,290
U6326,Utair,2024-07-06,09:05:49,293
DP7767,Ural Airlines,2024-04-10,20:21:22,8
U66510,Utair,2025-03-26,09:17:41,233
U69469,Red Wings,2025-11-06,13:08:56,80
DP314,Red Wings,2025-12-12,22:08:57,277
S72577,Red Wings,2025-09-14,13:19:18,215
N42185,Nordwind,2024-08-25,04:28:38,265
SU7725,Ural Airlines,2024-02-18,05:40:14,138
S75846,Ural Airlines,2025-08-23,18:29:14,201
SU9874,Ural Airlines,2025-10-01,23:26:17,96
SU7706,Pobeda,2024-09-10,11:05:48,93
U66707,S7 Airlines,2024-09-16,21:19:38,144
DP9907,Aeroflot,2025-05-26,20:16:26,11
WZ4391,Nordwind,2025-05-27,10:22:54,192
FV2409,Ural Airlines,2025-05-22,12:07:06,265
U63174,Utair,2025-03-12,05:37:39,100
UT7293,Pobeda,2025-09-25,15:57:17,105
U65473,Aeroflot,2025-07-06,01:29:04,289
N47560,Pobeda,2024-10-14,07:01:26,58
SU5941,Pobeda,2025-04-16,06:18:39,21
DP6785,Rossiya,2024-01-24,23:40:31,112
N41429,Rossiya,2025-01-23,04:24:26,129
S78814,Ural Airlines,2024-09-15,04:45:37,49
N49380,Pobeda,2024-06-11,04:24:27,273
S76477,S7 Airlines,2025-05-20,13:05:23,138
WZ7370,Utair,2024-08-09,16:08:13,143
U66075,S7 Airlines,2025-05-18,17:33:25,36
U61155,Nordwind,2025-02-20,18:33:07,71
UT2096,Utair,2024-07-19,09:27:52,292
DP3751,Aeroflot,2025-07-20,02:43:51,262
DP7164,Utair,2024-11-16,19:01:32,22
FV5370,Ural Airlines,2025-07-19,08:27:10,277
WZ561,Red Wings,2025-04-07,07:51:22,269
U67545,Rossiya,2025-06-06,01:52:13,179
WZ5786,Aeroflot,2025-10-15,15:56:15,189
S78542,Aeroflot,2025-03-12,06:18:37,231
UT3587,S7 Airlines,2025-11-05,19:34:04,165
UT2185,S7 Airlines,2025-08-02,21:04:31,46
S79285,Aeroflot,2024-05-05,05:29:58,147
SU8311,S7 Airlines,2024-11-07,07:52:31,78
FV2127,Red Wings,2024-08-23,05:58:48,67
DP267,Utair,2025-10-27,19:42:21,298
S73366,Ural Airlines,2024-02-22,23:52:20,111
S79199,Rossiya,2024-08-05,01:05:37,279
DP3294,Pobeda,2024-12-06,14:33:38,300
S72678,Pobeda,2024-06-13,01:26:46,163
N43009,Nordwind,2024-09-04,03:37:16,127
U61770,S7 Airlines,2025-02-22,01:27:04,81
FV9636,Aeroflot,2025-08-23,23:02:36,279
DP1981,Rossiya,2024-03-17,20:16:19,46
WZ2562,Red Wings,2025-05-14,18:53:41,38
U6704,Nordwind,2024-04-18,14:42:53,268
FV3736,Aeroflot,2025-09-01,03:17:55,205
S72496,Red Wings,2025-11-26,22:29:24,81
DP6662,S7 Airlines,2024-04-25,12:54:28,73
UT1814,Nordwind,2025-09-14,02:22:37,90
UT1381,Ural Airlines,2025-02-06,04:39:36,291
S76112,Ural Airlines,2024-02-24,06:04:02,136
N43275,Utair,2025-12-20,19:41:13,20
S76808,S7 Airlines,2025-08-16,05:15:36,276
UT8503,Rossiya,2024-03-21,19:47:08,110
N49793,Nordwind,2025-09-17,09:08:04,116
UT573,Rossiya,2024-04-12,13:37:37,108
U67712,Utair,2024-07-02,14:55:10,154
UT363,Nordwind,2025-06-23,16:05:53,28
UT8176,S7 Airlines,2024-08-14,15:00:51,196
S72358,Red Wings,2024-10-12,06:51:18,151
WZ3107,Utair,2025-01-25,07:49:16,23
S78861,Ural Airlines,2024-07-11,08:10:13,269
U67213,Utair,2024-06-18,17:38:46,135
U61250,Aeroflot,2024-12-27,19:49:54,20
N45937,Utair,2024-05-19,09:25:05,222
N45755,Utair,2025-06-14,10:24:46,162
U6805,Pobeda,2025-08-07,16:22:13,282
FV9305,Nordwind,2024-07-06,21:29:07,85
DP7691,Aeroflot,2024-03-06,13:40:41,212
FV563,Rossiya,2025-07-05,09:43:54,42
DP6137,Pobeda,2025-07-24,16:00:42,176
FV1826,Pobeda,2025-10-27,21:19:53,4
DP5980,Pobeda,2024-03-23,07:23:16,263
SU6590,Pobeda,2024-08-05,14:31:07,264
S74407,Ural Airlines,2024-09-17,18:04:01,1
SU8442,Red Wings,2024-11-11,22:14:32,262
S73436,Utair,2024-04-24,08:18:47,97
U65564,Utair,2024-09-14,20:51:48,199
UT9630,Ural Airlines,2024-10-20,07:41:47,102
DP4219,Aeroflot,2025-05-28,10:08:38,209
N41743,Aeroflot,2025-06-02,20:53:59,178
WZ9606,Utair,2024-12-17,05:24:28,19
SU3945,S7 Airlines,2024-03-19,08:04:25,5
S71805,Rossiya,2024-10-14,13:12:32,138
DP1611,Red Wings,2025-09-28,08:34:16,57
S78567,Pobeda,2024-04-05,11:10:04,63
WZ1121,Pobeda,2025-08-01,10:50:16,274
S79547,S7 Airlines,2025-03-14,15:01:53,104
UT3478,Red Wings,2024-11-06,14:05:34,10
U65620,Aeroflot,2025-02-26,14:46:26,193
N47501,S7 Airlines,2025-01-14,16:36:32,237
SU3121,Red Wings,2025-05-21,07:12:50,199
SU185,Rossiya,2025-06-01,17:55:42,70
S75371,Aeroflot,2025-05-06,13:25:17,246
FV8043,Red Wings,2024-01-07,22:24:53,197
U61171,Red Wings,2024-06-07,09:09:50,256
N45836,S7 Airlines,2025-05-07,23:36:58,173
DP8974,Aeroflot,2025-06-07,15:06:10,23
DP3972,Pobeda,2024-11-28,16:49:37,101
WZ6413,Ural Airlines,2024-11-17,04:11:46,187
SU407,Nordwind,2024-03-10,11:34:03,240
UT739,Pobeda,2025-12-20,19:05:43,253
FV864,Rossiya,2025-12-06,03:34:13,0
U63978,S7 Airlines,2025-06-08,21:43:03,220
S75657,S7 Airlines,2024-04-13,08:37:05,15
WZ7698,Ural Airlines,2025-10-20,05:05:51,133
UT8846,Red Wings,2025-06-20,20:56:49,266
UT6906,Nordwind,2025-06-21,03:16:46,170
WZ6409,Utair,2024-11-03,11:35:23,134
S7512,Ural Airlines,2024-12-07,10:27:52,119
UT9179,Utair,2024-10-21,12:55:45,102
SU9433,Pobeda,2024-11-28,02:57:22,218
S71079,Utair,2025-04-26,04:31:09,94
S74814,Pobeda,2024-05-16,22:35:48,167
UT8865,Rossiya,2025-11-24,16:57:38,22
S76610,Rossiya,2024-09-01,09:01:35,168
FV6696,Pobeda,2024-06-02,22:39:59,84
U61810,Ural Airlines,2024-03-17,01:28:14,159
N43086,Red Wings,2025-11-27,21:46:07,215
UT9069,Red Wings,2024-09-19,05:18:47,114
WZ4916,Pobeda,2024-05-20,01:27:04,142
U63298,S7 Airlines,2025-08-01,20:25:58,243
SU2841,Ural Airlines,2025-05-07,23:55:24,65
DP8267,S7 Airlines,2024-10-19,01:41:20,277
S79687,Utair,2024-04-03,05:30:35,55
FV315,S7 Airlines,2024-01-09,03:46:51,196
UT2300,Nordwind,2025-04-09,05:24:35,63
S77385,Utair,2025-03-01,06:12:16,284
U64172,Ural Airlines,2024-06-01,17:59:51,49
N46312,Red Wings,2025-01-24,14:05:24,218
U69814,Red Wings,2024-08-15,16:21:15,23
UT636,Pobeda,2024-11-14,16:24:49,258
N49191,Rossiya,2025-07-15,16:16:16,276
UT7268,Aeroflot,2024-06-18,03:53:09,280
WZ4404,Pobeda,2025-06-17,22:07:32,32
S73539,S7 Airlines,2024-12-05,21:30:17,272
FV6504,Utair,2024-12-04,20:25:05,214
UT7730,Red Wings,2024-12-07,11:33:11,103
N45184,Utair,2024-11-12,03:50:29,192
N49061,Nordwind,2024-12-11,17:48:21,161
N48851,Nordwind,2024-06-21,17:57:19,204
DP4789,Nordwind,2024-08-08,03:18:19,297
SU1055,Nordwind,2024-09-22,00:35:56,180
WZ3196,Pobeda,2024-03-03,05:55:29,176
FV9740,Pobeda,2025-12-07,16:46:18,204
N45660,Rossiya,2025-01-25,10:22:10,287
N44986,Aeroflot,2024-11-24,20:23:33,276
FV5609,Nordwind,2025-07-21,16:19:58,176
FV6151,Pobeda,2025-07-27,14:06:34,171
UT831,Rossiya,2024-09-07,04:10:12,163
SU8782,Utair,2024-09-18,07:34:57,45
FV7519,Rossiya,2025-02-19,14:12:49,189
SU714,Utair,2025-05-07,14:38:52,17
N43061,Rossiya,2025-02-24,16:34:40,223
UT8219,S7 Airlines,2024-01-07,11:51:43,292
DP3681,Ural Airlines,2024-11-11,17:47:55,58
SU1391,Rossiya,2024-09-07,18:43:37,46
N47409,Nordwind,2025-01-09,06:07:24,85
SU4098,Nordwind,2025-01-06,05:45:49,80
N43152,S7 Airlines,2025-11-08,22:27:46,218
WZ4085,Nordwind,2025-07-17,04:07:32,298
S78021,S7 Airlines,2024-12-08,17:46:51,227
WZ5761,S7 Airlines,2024-12-16,04:52:05,279
S75208,S7 Airlines,2024-10-21,05:09:23,153
SU9517,Nordwind,2025-03-10,00:16:39,1
DP5347,Utair,2025-02-05,19:52:32,207
SU3935,Red Wings,2025-10-06,14:07:43,92
SU9161,Ural Airlines,2025-08-05,09:12:22,203
SU911,S7 Airlines,2024-12-14,10:10:13,209
U62359,S7 Airlines,2025-05-09,08:42:02,239
SU7308,Nordwind,2025-11-17,11:53:41,198
SU7119,Nordwind,2024-10-20,00:02:45,285
U68954,Rossiya,2025-05-24,20:58:41,296
S73735,Aeroflot,2025-04-12,23:49:19,84
WZ5183,Red Wings,2024-04-03,01:33:08,262
WZ3568,S7 Airlines,2025-01-03,01:55:39,85
U65819,Rossiya,2025-07-05,20:04:03,28
U66444,S7 Airlines,2024-02-27,17:44:48,211
FV1038,Red Wings,2025-11-25,23:44:03,278
DP3308,Rossiya,2024-03-25,03:21:36,145
UT6946,Aeroflot,2025-11-16,13:50:26,258
UT8747,Red Wings,2025-07-11,03:36:53,87
SU808,Rossiya,2024-11-28,08:30:23,70
WZ6178,Ural Airlines,2025-07-14,06:33:54,73
UT6687,S7 Airlines,2024-02-02,18:53:23,244
S72614,Red Wings,2024-11-22,23:02:09,24
DP7610,Ural Airlines,2024-05-13,04:29:26,215
N42082,Aeroflot,2024-06-20,22:41:05,249
DP344,Nordwind,2024-10-27,12:31:18,125
WZ1775,Nordwind,2025-09-15,20:01:16,199
N47705,Ural Airlines,2025-05-25,05:05:24,129
WZ4544,Red Wings,2024-01-22,22:58:45,110
FV8641,Aeroflot,2025-02-18,19:17:45,203
S75332,Pobeda,2024-04-12,15:01:01,145
DP7533,S7 Airlines,2025-05-06,06:41:26,205
DP7046,Rossiya,2024-01-19,13:08:54,145
UT8301,Aeroflot,2025-09-14,00:09:51,161
FV1649,Aeroflot,2024-02-04,15:22:55,20
WZ1810,Red Wings,2024-03-27,02:49:24,101
WZ9947,Utair,2025-09-06,07:59:33,114
N42767,Utair,2024-12-05,01:59:38,27
U6626,S7 Airlines,2024-11-10,11:11:21,31
WZ8838,Utair,2025-06-11,00:42:39,131
DP647,Aeroflot,2025-07-17,07:22:00,215
S77029,Pobeda,2025-07-17,18:30:42,256
U67065,Rossiya,2024-06-04,04:25:34,27
UT6124,Utair,2024-10-01,01:05:59,267
N45856,Rossiya,2025-03-06,11:23:04,199
DP3131,Red Wings,2024-02-25,15:09:01,103
DP7865,Nordwind,2024-07-08,05:00:02,39
SU9871,Nordwind,2025-10-22,15:54:56,258
SU4881,Utair,2025-06-11,06:40:59,179
WZ2921,Ural Airlines,2024-06-19,15:14:19,183
SU7621,Red Wings,2025-06-21,12:11:32,143
WZ2087,Red Wings,2025-03-27,12:07:18,165
UT9351,Ural Airlines,2025-06-27,04:27:28,23
S76474,Ural Airlines,2024-05-08,07:08:01,19
SU3368,Ural Airlines,2024-06-27,01:33:49,24
DP1106,Rossiya,2024-07-25,22:23:39,111
S7476,Red Wings,2024-03-25,20:33:06,180
FV823,Aeroflot,2024-11-26,11:14:52,174
N46533,Rossiya,2024-05-06,16:10:19,208
SU9581,Nordwind,2024-08-06,18:20:19,16
WZ7756,Aeroflot,2025-05-27,04:53:05,133
U63611,Pobeda,2025-06-18,09:14:05,210
N42196,Nordwind,2025-03-15,15:03:17,120
SU5887,Utair,2025-11-03,22:53:05,118
UT524,Pobeda,2025-03-08,01:34:42,27
FV5983,Rossiya,2025-04-26,00:35:04,296
DP7129,Utair,2025-01-24,08:45:21,225
DP1326,S7 Airlines,2025-03-12,08:31:10,41
DP1871,Red Wings,2025-09-07,10:30:14,19
S79361,Red Wings,2025-12-24,01:07:15,56
UT6235,Ural Airlines,2024-02-10,20:12:17,14
WZ5276,Rossiya,2024-02-11,23:14:07,244
FV4498,Red Wings,2025-12-21,06:38:49,37
UT9991,S7 Airlines,2024-11-12,08:53:52,47
N47019,Utair,2025-03-13,19:07:02,166
WZ798,Nordwind,2025-07-19,11:54:19,20
WZ3992,Pobeda,2025-07-23,14:37:24,278
S77547,S7 Airlines,2025-03-27,07:16:58,88
N44963,Nordwind,2025-04-17,05:50:32,85
N49525,Red Wings,2024-12-23,19:00:51,81
UT5186,Nordwind,2024-02-15,21:13:11,195
U62506,Aeroflot,2024-05-03,20:33:41,164
N44287,Red Wings,2024-04-04,02:24:38,212
WZ1838,S7 Airlines,2024-03-17,10:26:39,230
DP6818,Utair,2024-06-08,09:36:50,220
DP6951,Pobeda,2025-02-12,06:50:41,97
N45232,Nordwind,2024-10-19,17:13:55,139
S79596,Red Wings,2024-08-08,01:41:34,166
WZ4039,Aeroflot,2024-02-27,21:56:17,263
DP8404,Rossiya,2024-01-01,13:46:17,240
S72706,Ural Airlines,2024-12-25,06:59:53,289
U64791,Nordwind,2024-04-13,02:04:52,159
N42618,Nordwind,2024-04-23,06:16:26,60
WZ2166,Ural Airlines,2025-12-04,01:09:15,178
S72486,Rossiya,2025-03-13,12:34:31,50
WZ9838,Nordwind,2024-05-23,01:43:05,160
FV5915,Aeroflot,2025-08-11,22:40:39,163
N48128,S7 Airlines,2025-01-23,05:14:53,261
WZ6129,Ural Airlines,2025-01-23,02:10:46,268
WZ3362,Pobeda,2025-09-17,21:44:11,234
S71905,Aeroflot,2025-05-22,10:31:19,250
U6609,Aeroflot,2024-11-04,18:08:34,264
UT1135,S7 Airlines,2025-07-15,19:42:07,113
FV1793,Red Wings,2025-08-27,16:02:15,273
S78222,S7 Airlines,2024-08-12,03:56:02,115
S79463,S7 Airlines,2024-12-25,19:28:16,194
FV4407,Red Wings,2024-01-21,21:46:45,70
UT3002,Rossiya,2025-07-02,05:04:34,117
DP4651,Aeroflot,2024-04-16,12:33:52,26
FV6897,Aeroflot,2025-08-21,05:51:11,139
N41661,S7 Airlines,2025-08-08,04:51:18,289
FV4608,Pobeda,2025-10-01,04:17:12,4
SU9070,Red Wings,2025-10-04,18:44:20,286
UT6632,Utair,2025-06-15,05:36:19,79
S77245,Red Wings,2024-05-01,13:02:39,67
N4512,Utair,2024-11-11,22:32:20,44
SU8208,Rossiya,2025-01-01,23:36:12,211
N43073,Red Wings,2025-01-15,00:27:27,79
WZ1724,Ural Airlines,2025-07-08,04:25:14,172
FV5482,Rossiya,2025-04-16,21:00:56,180
WZ5932,S7 Airlines,2024-04-06,14:06:38,172
N47175,Pobeda,2025-02-23,09:18:43,165
SU4752,Red Wings,2025-06-04,19:26:49,54
FV7613,Red Wings,2024-05-02,19:34:15,207
FV4242,Aeroflot,2025-12-18,15:48:55,45
UT1124,Aeroflot,2025-08-10,01:34:59,124
FV897,Rossiya,2025-07-12,03:59:43,81
SU5117,S7 Airlines,2025-12-01,03:35:03,184
WZ4535,Rossiya,2024-11-14,11:18:05,48
WZ3793,Rossiya,2024-06-15,17:20:54,33
UT4186,S7 Airlines,2024-02-18,04:39:18,271
N47399,Ural Airlines,2024-04-16,11:46:44,13
UT1996,Utair,2025-05-20,04:51:26,264
FV4899,Red Wings,2024-10-20,04:25:29,180
S71201,Nordwind,2025-06-22,08:16:53,23
UT4238,Pobeda,2024-08-09,15:28:28,49
SU5867,Pobeda,2025-07-21,11:09:58,272
DP4548,Red Wings,2024-03-09,16:56:30,86
U63807,Utair,2025-12-02,07:42:50,267
SU5930,Nordwind,2025-11-23,18:54:37,155
U67148,Ural Airlines,2025-10-01,13:05:23,15
N43332,Red Wings,2025-05-21,15:22:50,64
SU403,Utair,2024-10-06,04:12:36,107
FV1833,Rossiya,2025-07-27,12:07:33,174
DP5983,Nordwind,2024-11-22,03:32:01,167
FV5550,Utair,2025-12-15,13:43:23,1
UT843,S7 Airlines,2025-12-13,18:58:39,252
FV3105,Pobeda,2024-07-07,05:49:36,131
UT3383,Red Wings,2025-08-22,10:47:18,97
N44437,Rossiya,2024-05-03,13:29:01,174
U61191,Nordwind,2024-06-21,20:46:50,31
DP5983,Red Wings,2024-09-15,02:46:40,149
DP2863,Nordwind,2024-10-22,07:37:47,198
DP1257,Pobeda,2024-06-22,23:33:58,252
SU8241,Nordwind,2024-06-02,05:45:10,15
N43343,Rossiya,2024-11-01,17:25:01,6
SU3347,Rossiya,2025-08-28,07:48:29,260
FV1458,Utair,2025-06-14,14:46:45,172
U69436,Utair,2025-12-16,11:14:48,297
S75767,Ural Airlines,2025-12-15,16:59:05,132
S73025,Nordwind,2024-09-12,18:46:17,0
S72881,Ural Airlines,2024-08-03,03:28:35,109
S75191,Red Wings,2024-07-25,01:20:52,230
DP7943,S7 Airlines,2025-12-12,05:33:41,99
S73338,Nordwind,2024-07-14,22:05:05,67
WZ6022,Ural Airlines,2025-04-08,06:38:58,37
S76003,Utair,2024-06-12,12:42:16,45
S72085,Nordwind,2025-05-03,07:06:30,65
S78398,Pobeda,2024-09-18,12:14:44,25
U68826,Aeroflot,2024-04-26,18:43:50,50
SU671,S7 Airlines,2025-06-12,00:32:03,255
FV2625,Red Wings,2024-07-03,00:35:08,58
WZ6534,Rossiya,2025-01-19,02:15:40,213
WZ155,Ural Airlines,2025-01-09,04:00:30,65
U67650,S7 Airlines,2024-09-14,13:16:34,289
S78057,Nordwind,2024-07-28,19:41:00,127
U63091,S7 Airlines,2025-06-09,04:53:33,297
N42860,Utair,2024-10-03,23:53:50,202
SU3782,Pobeda,2024-07-06,03:42:58,29
WZ2385,Ural Airlines,2024-07-13,11:54:53,187
UT6279,Nordwind,2025-06-28,10:28:30,66
WZ6114,Utair,2025-10-15,07:01:55,107
DP1862,Ural Airlines,2025-01-23,18:37:14,18
UT1242,Ural Airlines,2025-07-13,06:40:45,75
UT2829,Ural Airlines,2024-06-17,17:43:17,268
FV5633,Pobeda,2024-08-21,04:20:52,137
UT8666,Aeroflot,2025-01-28,09:49:15,200
WZ4464,Aeroflot,2024-05-02,00:46:26,159
SU580,Utair,2025-05-14,03:11:12,248
DP4626,Red Wings,2024-09-26,18:28:07,175
WZ8637,Pobeda,2025-08-02,21:26:40,182
S74183,Nordwind,2024-08-17,14:55:22,228
S78087,Rossiya,2025-11-16,13:36:51,220
WZ2186,Pobeda,2025-05-07,23:03:16,97
WZ2837,Red Wings,2025-11-04,12:45:02,252
N44469,Pobeda,2025-08-28,11:44:34,300
UT4503,Ural Airlines,2025-06-13,18:54:52,143
SU900,Nordwind,2024-06-14,05:28:41,111
U65815,S7 Airlines,2025-01-07,04:22:41,297
FV8170,Rossiya,2025-05-19,03:54:34,200
WZ5107,Ural Airlines,2024-03-19,15:40:47,28
WZ7627,Pobeda,2024-08-16,07:12:36,240
N43458,S7 Airlines,2024-03-18,21:51:43,244
WZ5131,S7 Airlines,2025-02-10,07:32:33,160
S75134,Red Wings,2025-04-24,18:39:53,111
UT919,Nordwind,2024-06-18,04:58:32,93
UT5960,Ural Airlines,2025-05-23,20:59:00,281
FV5041,Ural Airlines,2024-10-27,10:09:36,159
S75930,Pobeda,2025-03-07,21:19:53,113
N43709,Ural Airlines,2025-05-01,12:57:38,199
U6824,Aeroflot,2025-08-11,13:16:22,252
FV884,Rossiya,2024-04-05,09:19:36,4
N49351,Nordwind,2024-09-19,05:42:39,107
DP5033,Red Wings,2024-08-15,22:35:46,29
DP1419,Red Wings,2025-05-04,11:25:49,136
U6394,Rossiya,2024-07-26,05:07:18,292
UT9031,Utair,2024-07-24,20:24:36,55
SU9202,Red Wings,2024-08-10,12:31:06,290
DP9355,Pobeda,2025-10-28,18:17:34,297
UT491,Nordwind,2025-10-06,18:06:09,211
FV7043,Utair,2024-08-10,10:00:31,34
S7297,Ural Airlines,2024-01-17,13:05:13,270
N45921,Pobeda,2024-05-06,07:29:54,51
FV1266,Utair,2024-07-27,12:48:34,280
U65320,S7 Airlines,2025-09-28,06:55:02,294
DP9008,Utair,2025-11-16,15:12:35,10
S76130,Red Wings,2025-01-27,04:52:24,250
U67914,Red Wings,2025-10-04,12:56:40,105
WZ1562,Rossiya,2025-02-23,15:02:08,101
UT5168,Rossiya,2024-11-25,18:17:20,14
UT4095,Aeroflot,2025-01-26,06:06:28,132
FV1350,Ural Airlines,2024-04-21,07:18:00,158
N4500,Nordwind,2025-08-01,23:18:02,226
WZ262,Aeroflot,2025-01-04,10:39:23,10
WZ6161,Red Wings,2024-01-03,05:24:42,191
U66254,Utair,2024-03-25,14:09:10,85
WZ9840,Ural Airlines,2025-07-10,04:50:17,59
WZ6104,Red Wings,2024-02-18,14:27:32,270
UT2621,Nordwind,2025-08-09,15:55:36,147
DP4061,Nordwind,2024-05-18,16:20:01,68
SU8499,Nordwind,2024-08-12,03:39:30,166
SU1082,Utair,2025-08-17,05:55:11,178
FV2851,Red Wings,2024-03-19,12:04:40,262
WZ1543,Pobeda,2024-08-11,03:48:36,271
FV7579,Pobeda,2024-04-28,04:24:04,193
S74503,Utair,2024-09-11,18:55:48,193
WZ8500,Rossiya,2024-07-27,23:08:48,88
SU8309,Red Wings,2024-12-25,23:53:55,1
SU2242,Rossiya,2025-08-28,03:28:23,2
UT7588,Ural Airlines,2024-12-08,00:15:56,92
WZ7555,S7 Airlines,2025-03-26,16:32:45,81
DP4656,Ural Airlines,2025-11-03,19:25:48,179
SU4964,Aeroflot,2024-07-22,22:48:15,18
DP1428,Pobeda,2024-01-11,17:14:03,169
S73365,Pobeda,2025-03-07,14:57:15,177
SU5637,Ural Airlines,2025-12-05,14:31:20,24
SU3582,Red Wings,2025-01-28,22:57:22,13
S77124,S7 Airlines,2024-02-18,02:52:23,204
UT1791,Pobeda,2025-06-01,14:51:45,210
U65337,Nordwind,2024-06-15,02:27:49,254
N46482,Red Wings,2025-10-12,16:58:53,174
S76098,Ural Airlines,2025-01-08,22:29:51,59
DP9137,S7 Airlines,2025-09-20,21:09:33,86
N44190,Red Wings,2025-11-04,01:46:50,155
FV4944,Utair,2025-10-28,18:47:37,31
WZ1782,Rossiya,2024-12-03,18:58:48,119
SU5188,S7 Airlines,2025-07-27,21:34:17,269
SU2717,Nordwind,2025-09-23,10:37:27,246
FV6067,Nordwind,2024-09-27,02:15:03,149
DP9267,Pobeda,2025-09-05,04:33:39,174
WZ4336,S7 Airlines,2024-07-07,15:54:06,81
S71558,Utair,2024-03-05,22:14:49,200
U67919,Rossiya,2025-08-20,23:20:42,164
WZ4444,Rossiya,2025-05-23,03:40:52,292
FV1630,S7 Airlines,2025-11-16,18:53:48,53
WZ3494,Red Wings,2025-02-26,22:06:02,280
DP4509,Red Wings,2025-07-22,08:07:58,262
U62280,Red Wings,2024-10-23,05:08:23,177
U69645,Ural Airlines,2024-01-13,20:01:41,289
DP5936,Red Wings,2024-01-05,21:16:19,155
SU215,Ural Airlines,2024-04-14,14:49:54,129
FV5831,S7 Airlines,2024-02-19,22:30:05,293
SU4175,Aeroflot,2024-07-15,04:31:21,29
WZ3784,Pobeda,2025-05-13,14:00:23,258
FV4035,Utair,2024-02-07,20:33:39,41
N47277,Aeroflot,2024-07-20,19:02:53,164
N44747,Ural Airlines,2024-06-08,22:20:28,56
U69427,Ural Airlines,2025-08-09,20:47:25,268
UT6387,Aeroflot,2025-09-06,11:53:14,284
WZ4676,Aeroflot,2024-10-28,11:10:29,16
N49562,Pobeda,2024-12-25,02:50:45,54
WZ4593,Red Wings,2024-09-14,06:33:43,52
U68913,Pobeda,2024-03-24,19:15:45,221
UT4782,Rossiya,2025-09-14,13:37:42,233
DP4719,Nordwind,2025-01-23,21:40:59,31
N44607,Ural Airlines,2024-04-21,02:14:20,273
SU8834,Nordwind,2024-07-18,15:54:35,289
U64784,Nordwind,2024-09-27,11:05:08,43
S77782,Ural Airlines,2025-09-23,07:20:36,216
SU5806,Ural Airlines,2025-02-15,19:14:00,215
SU634,Aeroflot,2024-01-20,13:54:15,9
SU2306,Red Wings,2025-04-21,18:46:21,152
N44177,Utair,2025-10-05,15:16:25,172
WZ6923,Nordwind,2025-03-13,02:33:28,37
N48706,Red Wings,2024-07-22,01:46:49,111
SU7343,Rossiya,2024-10-04,19:29:58,278
UT4065,Ural Airlines,2025-03-15,11:10:55,82
UT4288,Rossiya,2024-02-05,03:10:23,219
N49083,Pobeda,2025-02-25,23:28:46,297
N4672,Ural Airlines,2025-05-12,15:25:51,281
N48064,Red Wings,2024-02-12,22:05:52,226
FV2451,Nordwind,2024-08-25,10:07:28,30
SU7337,Red Wings,2025-01-20,00:10:34,94
SU8559,Aeroflot,2025-03-15,21:27:14,16
UT1793,Aeroflot,2024-02-04,09:46:33,40
U67045,Red Wings,2024-02-27,06:06:13,143
FV9258,Ural Airlines,2024-10-05,07:26:31,131
S77686,Aeroflot,2025-07-16,02:44:54,168
FV9583,Rossiya,2024-04-18,04:00:41,285
WZ4962,Aeroflot,2024-07-24,16:27:13,107
U69728,Ural Airlines,2024-03-08,18:18:19,200
U62381,S7 Airlines,2025-09-17,19:50:31,256
UT9040,Utair,2024-05-14,05:59:41,281
S79616,Red Wings,2025-04-05,00:41:49,117
N48342,Ural Airlines,2025-10-14,11:00:34,283
DP5486,Red Wings,2024-11-12,23:25:43,270
UT8183,Red Wings,2025-01-22,07:46:47,240
FV6884,Rossiya,2025-10-08,15:33:35,199
N42993,Pobeda,2024-11-18,17:42:55,263
U62586,Nordwind,2024-06-27,21:03:27,84
FV3314,Utair,2024-08-12,15:59:26,194
FV1616,Utair,2024-07-13,19:57:31,252
WZ4940,Rossiya,2025-09-28,01:01:44,284
DP8512,Nordwind,2025-01-28,23:51:04,269
DP6248,Rossiya,2024-11-14,21:17:49,88
DP7186,Nordwind,2024-01-03,21:00:19,55
SU9047,Ural Airlines,2024-01-21,18:09:25,108
S72117,Red Wings,2025-12-23,07:47:09,15
WZ9792,Red Wings,2025-10-08,03:36:01,163
N42278,Pobeda,2025-09-09,19:03:20,299
SU832,Pobeda,2025-06-18,03:40:18,93
DP7754,Aeroflot,2025-08-05,17:03:26,223
U69801,Rossiya,2024-10-14,07:30:13,86
SU9229,Aeroflot,2024-02-09,12:26:47,91
U67345,Utair,2024-04-04,15:51:33,174
UT7774,Rossiya,2025-04-10,01:54:48,297
U64167,Pobeda,2024-09-26,23:16:53,181
UT2830,Red Wings,2024-06-08,19:17:56,104
U6768,Utair,2024-10-17,01:02:57,29
S75362,Aeroflot,2024-12-09,00:55:47,4
N42079,S7 Airlines,2024-01-24,15:51:42,190
UT6310,Utair,2025-09-07,12:49:13,13
SU1302,Utair,2024-01-26,12:47:43,290
N46937,Nordwind,2025-12-22,19:14:07,281
N45793,Red Wings,2025-04-07,15:52:38,227
N47305,Utair,2025-12-22,03:36:49,250
SU3724,Nordwind,2024-12-10,03:43:32,43
DP4929,Rossiya,2025-11-21,22:09:28,58
DP3864,Utair,2024-08-19,21:50:36,91
S78669,Utair,2025-11-01,17:05:03,104
DP8056,Rossiya,2025-06-27,21:19:00,115
UT2305,Ural Airlines,2025-04-11,10:53:02,249
FV2423,Aeroflot,2024-02-13,13:06:57,155
FV9607,Rossiya,2025-02-27,09:35:51,224
SU7296,Aeroflot,2024-08-14,05:49:53,214
FV7365,Ural Airlines,2025-10-04,05:50:09,209
WZ2819,Pobeda,2025-08-10,12:50:43,65
FV3573,Red Wings,2024-05-28,02:18:57,93
S71494,Ural Airlines,2024-07-25,18:35:59,0
FV8831,Red Wings,2024-10-08,19:52:48,34
S72256,Red Wings,2025-03-13,09:37:48,46
N45762,S7 Airlines,2024-02-18,01:24:28,119
UT5402,Rossiya,2024-02-03,20:29:10,143
N41719,Pobeda,2025-03-08,21:57:02,188
SU9882,S7 Airlines,2024-01-14,02:14:00,74
S75293,Rossiya,2025-12-22,10:20:48,84
S73967,Pobeda,2025-10-09,04:23:55,11
FV5863,Nordwind,2024-02-25,08:13:48,76
U67780,Nordwind,2025-03-18,05:14:06,273
WZ7933,S7 Airlines,2024-07-27,10:47:08,105
S74788,Aeroflot,2025-01-08,11:55:03,187
SU6364,Aeroflot,2024-04-05,11:31:49,241
S79232,Utair,2025-01-03,17:22:01,157
WZ7284,Rossiya,2025-06-28,19:22:37,288
U68056,S7 Airlines,2024-06-22,20:46:56,271
S75560,S7 Airlines,2025-07-13,17:53:13,254
UT1884,Nordwind,2025-04-17,12:33:50,291
UT289,Nordwind,2025-10-14,10:47:06,56
SU1137,Red Wings,2024-11-10,14:18:14,275
FV3853,Aeroflot,2024-11-14,19:06:36,41
UT1946,Pobeda,2024-05-22,06:52:44,282
S72408,Utair,2025-01-18,11:02:51,245
FV6726,Aeroflot,2024-08-02,05:42:54,209
U67874,Aeroflot,2025-12-15,05:58:17,226
DP7310,S7 Airlines,2025-09-12,06:19:42,102
DP652,Pobeda,2025-08-22,17:08:49,53
N42621,Red Wings,2024-11-05,12:37:51,60
U61073,Ural Airlines,2024-10-25,17:54:13,88
DP9661,Ural Airlines,2025-05-03,17:37:11,198
FV1701,Red Wings,2025-03-11,00:12:44,231
U66155,Nordwind,2025-01-12,07:03:41,4
N41195,Pobeda,2024-12-22,16:35:34,19
SU7015,Pobeda,2025-12-18,15:31:26,78
SU2102,Utair,2024-06-24,16:45:39,43
N48985,Pobeda,2025-11-12,17:42:57,73
FV8820,S7 Airlines,2024-07-22,07:57:18,107
DP9347,Pobeda,2024-08-18,18:11:36,177
DP5886,Nordwind,2025-11-11,21:35:00,172
N41694,Utair,2025-05-21,16:31:44,167
UT7530,Pobeda,2025-04-15,03:34:19,104
WZ1812,Pobeda,2024-11-14,04:17:44,160
UT1183,S7 Airlines,2025-12-28,10:57:42,199
N41885,Utair,2024-01-23,17:13:20,85
UT4080,Pobeda,2024-02-17,01:34:43,84
N43884,S7 Airlines,2025-02-14,15:26:31,291
UT3439,Utair,2024-08-08,09:59:35,16
DP1787,S7 Airlines,2024-09-12,08:56:51,156
UT7392,Rossiya,2025-12-27,14:19:02,237
SU2118,Red Wings,2024-02-10,09:21:37,296
DP7062,Nordwind,2025-11-25,18:25:43,184
FV6330,S7 Airlines,2024-02-07,21:40:03,186
N43235,Ural Airlines,2025-03-12,05:22:41,264
FV4924,Red Wings,2025-05-04,02:26:52,188
UT9766,Nordwind,2024-06-21,12:13:13,223
S77168,Aeroflot,2025-06-03,21:49:52,13
U65364,Aeroflot,2024-09-25,09:50:02,204
DP8562,Ural Airlines,2025-03-01,07:36:06,223
WZ1424,S7 Airlines,2025-10-18,09:08:54,288
U66025,Nordwind,2024-07-26,19:03:02,187
FV2070,Utair,2024-04-06,22:37:15,6
S77591,Ural Airlines,2025-02-17,01:16:31,108
UT2010,Rossiya,2024-10-14,11:02:39,194
WZ8639,Utair,2024-04-20,06:38:30,187
DP1070,Nordwind,2025-12-22,11:42:48,253
WZ6202,Red Wings,2025-05-05,10:09:00,141
UT5787,Ural Airlines,2024-04-22,13:17:10,292
S79810,Utair,2024-05-07,22:55:56,92
U68918,Ural Airlines,2024-03-23,21:09:42,164
U66474,Nordwind,2025-08-09,13:34:13,239
DP8611,Pobeda,2024-12-11,18:19:15,240
N44693,Nordwind,2024-09-27,19:25:05,222
DP314,Nordwind,2024-06-14,17:57:21,258
U64074,Ural Airlines,2025-09-13,13:10:23,67
FV8658,Rossiya,2024-01-28,04:09:49,240
U65089,Utair,2025-07-09,13:12:57,117
FV2259,Aeroflot,2024-02-28,22:14:35,266
N44464,Pobeda,2025-08-18,16:31:13,259
SU285,Aeroflot,2025-09-08,18:14:06,117
N45929,Ural Airlines,2025-10-16,23:58:29,54
DP2667,Red Wings,2024-03-04,11:36:56,193
S73046,Aeroflot,2025-02-13,06:23:11,282
S72346,Aeroflot,2024-06-25,19:59:18,45
N43983,Nordwind,2025-08-21,06:54:15,279
FV7231,S7 Airlines,2025-08-26,16:13:48,98
DP5406,Rossiya,2024-06-01,02:02:48,177
S74859,Red Wings,2024-02-08,17:16:55,215
SU8684,Pobeda,2024-11-09,21:17:03,207
WZ3922,Red Wings,2025-01-16,03:58:44,205
UT7793,Nordwind,2024-11-22,21:06:31,44
N43961,Rossiya,2024-05-25,05:24:48,93
U68752,Pobeda,2024-09-18,21:26:09,105
N49872,Aeroflot,2025-08-24,08:29:44,199
WZ4997,Ural Airlines,2024-02-20,23:28:13,5
FV6770,Red Wings,2025-10-21,20:13:39,275
UT1840,Aeroflot,2024-11-06,12:40:51,167
S7825,Pobeda,2025-07-12,13:03:30,180
U64190,Red Wings,2024-02-09,21:13:58,79
WZ7717,Red Wings,2025-12-01,00:06:12,28
FV8804,Red Wings,2024-07-24,04:56:16,57
WZ7472,Nordwind,2024-11-18,19:14:48,3
UT500,Nordwind,2024-04-04,11:45:42,259
DP2956,Utair,2024-01-19,21:10:24,214
DP1125,Utair,2025-09-20,21:11:26,292
UT7341,Utair,2025-01-03,11:56:20,4
N41618,S7 Airlines,2025-03-26,16:36:18,7
SU3294,Ural Airlines,2024-07-11,04:13:00,53
S72037,S7 Airlines,2024-02-20,11:39:33,63
U61841,Red Wings,2024-09-17,03:04:05,247
N47479,S7 Airlines,2025-04-16,11:22:44,133
U68503,Red Wings,2025-03-04,16:15:32,225
S72189,Red Wings,2024-03-23,08:08:03,99
DP855,Pobeda,2025-10-07,03:14:40,94
U69504,Nordwind,2025-06-03,20:47:17,109
DP3011,Utair,2025-07-24,23:41:19,72
SU6290,Aeroflot,2024-03-18,07:34:49,183
U65120,S7 Airlines,2024-02-02,15:59:56,171
U64698,Aeroflot,2024-07-01,00:02:38,192
SU9414,Rossiya,2025-06-27,16:38:38,53
S79122,Pobeda,2024-05-10,10:34:43,248
DP2860,Rossiya,2024-02-22,13:56:15,70
N47335,S7 Airlines,2024-02-25,11:28:29,21
S71619,Red Wings,2025-11-24,11:14:17,218
UT1088,Nordwind,2024-04-24,11:02:41,267
U62432,Nordwind,2024-02-23,00:20:25,79
WZ5865,S7 Airlines,2024-12-05,03:21:51,245
SU1239,S7 Airlines,2024-11-05,16:22:57,57
DP4545,Red Wings,2024-04-04,01:02:52,106
FV5893,Red Wings,2025-12-23,14:25:18,133
DP2274,S7 Airlines,2025-06-08,07:31:28,188
S71940,Nordwind,2025-07-18,00:45:55,257
UT3067,Rossiya,2024-06-17,15:20:59,31
UT2179,Red Wings,2025-10-13,20:36:28,138
S77332,Aeroflot,2024-06-08,05:48:10,99
SU8579,S7 Airlines,2024-05-04,01:44:58,22
DP1593,Pobeda,2024-11-28,15:20:06,69
WZ2201,Utair,2024-08-23,19:00:53,9
U62755,S7 Airlines,2025-11-28,13:52:36,143
S71317,S7 Airlines,2024-12-15,16:49:17,107
S75052,Aeroflot,2024-08-23,05:54:58,56
DP2629,Aeroflot,2024-09-02,22:13:59,34
N46262,Utair,2025-12-22,16:32:35,154
UT9267,Ural Airlines,2024-04-21,11:59:19,65
U61536,Red Wings,2024-04-27,12:32:41,188
SU8466,Ural Airlines,2025-10-22,05:44:24,295
UT5763,Utair,2025-03-09,14:59:48,229
SU9195,Ural Airlines,2025-02-22,05:35:31,177
DP4394,Aeroflot,2025-10-20,04:37:23,7
S79464,Red Wings,2025-05-11,19:24:48,87
UT941,Utair,2025-02-20,13:12:07,210
UT3001,Utair,2024-06-08,23:11:40,38
FV9795,Rossiya,2024-05-25,21:26:46,229
N47620,Red Wings,2024-03-15,22:10:18,26
U65614,Pobeda,2024-05-11,13:40:15,31
UT6304,S7 Airlines,2024-04-08,00:06:35,113
UT3978,Aeroflot,2025-02-15,07:39:44,300
U65515,Nordwind,2024-01-01,08:48:53,275
WZ8519,Pobeda,2025-02-19,12:06:26,145
WZ3847,Aeroflot,2024-10-04,06:23:05,63
U62514,Ural Airlines,2025-05-12,08:56:28,31
N45140,Aeroflot,2024-06-25,01:17:06,121
UT6829,Utair,2024-06-23,10:51:34,139
U65716,Utair,2024-09-21,21:25:37,59
N41622,Red Wings,2025-02-15,10:07:17,56
N41957,Nordwind,2025-11-06,20:29:22,176
SU7674,Ural Airlines,2025-10-20,23:09:00,262
SU6078,Rossiya,2024-08-20,07:44:00,179
UT5366,Utair,2024-07-03,12:40:14,205
DP3316,Rossiya,2025-12-12,17:14:57,34
DP9393,Ural Airlines,2024-10-12,07:42:17,176
DP6949,Pobeda,2024-09-22,17:47:09,240
DP1597,Pobeda,2024-01-23,14:45:47,154
U61182,Rossiya,2025-09-24,02:49:10,71
WZ7580,Rossiya,2025-10-07,17:29:39,176
U63028,Red Wings,2024-02-08,17:02:32,290
DP2127,Ural Airlines,2024-05-01,13:49:34,98
DP1189,Pobeda,2024-02-06,17:04:08,159
SU7493,Red Wings,2025-07-19,22:59:43,23
UT9005,Nordwind,2025-05-23,22:07:00,144
WZ1053,Rossiya,2025-05-09,22:06:48,137
FV2366,Red Wings,2024-05-23,05:36:29,68
DP4130,Utair,2024-04-22,13:26:16,138
UT1342,Aeroflot,2024-02-01,14:15:05,163
FV3495,S7 Airlines,2025-12-06,04:00:47,155
N48124,Red Wings,2024-05-20,00:36:43,273
S75800,Pobeda,2024-06-11,07:53:15,215
FV5228,Red Wings,2024-02-13,01:18:55,51
N48964,S7 Airlines,2025-08-12,10:46:02,251
DP8599,Red Wings,2024-09-10,22:04:07,174
SU3705,Rossiya,2024-05-08,17:33:25,90
S79410,Aeroflot,2024-10-19,15:46:01,70
UT9368,S7 Airlines,2025-02-13,06:12:58,109
FV240,Nordwind,2024-01-09,04:01:59,237
FV9267,Pobeda,2024-10-17,11:05:15,189
SU9460,Ural Airlines,2025-08-24,02:09:39,32
UT1661,Rossiya,2025-06-16,00:54:27,270
WZ6494,Nordwind,2025-12-26,07:51:38,292
DP4860,Red Wings,2024-05-09,17:36:56,8
N42748,Red Wings,2024-09-06,22:31:58,179
N42593,Pobeda,2025-10-17,08:19:36,2
UT4457,Utair,2024-03-08,15:07:02,223
UT7964,Nordwind,2024-03-15,05:31:29,23
N47436,S7 Airlines,2025-03-27,15:42:02,253
N46448,Rossiya,2024-08-23,18:52:07,294
N48010,Rossiya,2025-02-11,00:53:58,137
SU6046,Red Wings,2025-08-28,08:24:01,260
U68840,S7 Airlines,2024-07-20,15:39:22,192
S73614,Nordwind,2025-08-01,21:29:22,104
U6613,Red Wings,2024-12-10,21:25:42,231
N46012,S7 Airlines,2025-11-13,08:49:59,284
DP5989,Rossiya,2025-09-20,03:00:55,44
SU8953,Rossiya,2025-12-09,09:33:29,248
U69014,Ural Airlines,2024-12-02,22:41:13,132
DP4377,Nordwind,2025-05-02,00:56:24,74
S78985,Nordwind,2025-11-17,00:47:26,271
DP1523,Pobeda,2025-04-01,16:43:28,295
DP9502,Pobeda,2025-05-20,08:25:22,112
DP6259,Nordwind,2025-04-28,20:58:20,65
DP5888,Aeroflot,2025-03-14,14:02:01,256
N49421,Pobeda,2024-09-16,17:29:27,46
UT9402,Rossiya,2025-11-09,12:15:31,178
DP4833,Ural Airlines,2025-07-28,10:51:36,175
SU7275,S7 Airlines,2024-08-19,04:27:26,287
U66994,Nordwind,2024-12-08,05:12:26,265
WZ8360,Pobeda,2024-12-07,22:54:09,267
DP9834,Aeroflot,2025-09-08,15:00:21,111
N45819,Rossiya,2024-04-28,17:34:47,257
S76180,Ural Airlines,2025-12-07,00:21:12,224
DP9395,Ural Airlines,2025-08-22,14:34:07,212
S71744,Ural Airlines,2024-02-02,01:43:46,39
UT9511,Nordwind,2025-08-23,08:59:18,144
N43702,Aeroflot,2025-05-25,14:21:44,205
UT3337,Aeroflot,2025-11-18,01:23:18,58
FV8053,Ural Airlines,2025-11-12,09:06:31,232
SU7022,Nordwind,2024-01-22,12:30:42,86
SU620,Rossiya,2025-04-05,11:45:58,21
U65837,Ural Airlines,2024-01-08,17:47:42,295
FV6385,Nordwind,2024-04-01,06:41:00,231
N47578,Ural Airlines,2024-04-28,12:56:04,285
DP835,Aeroflot,2025-03-02,01:27:55,272
U67845,Red Wings,2024-01-26,14:13:37,142
FV508,Pobeda,2025-12-26,12:04:31,146
UT9010,Pobeda,2024-01-11,14:45:49,78
N42122,Rossiya,2024-09-08,10:49:33,293
DP6127,Utair,2025-05-27,21:41:43,9
N4783,Red Wings,2025-06-07,19:23:40,161
N42424,Ural Airlines,2025-11-05,20:26:24,191
FV4517,Red Wings,2024-04-07,07:03:07,132
DP8430,Aeroflot,2024-02-10,00:36:36,43
S76181,Utair,2025-07-18,11:43:24,82
U61384,Red Wings,2025-05-19,05:51:18,231
U65299,Pobeda,2024-01-09,19:06:14,249
DP9376,S7 Airlines,2025-04-09,08:45:11,96
WZ4697,Rossiya,2024-06-27,15:55:38,226
UT5576,Ural Airlines,2024-07-17,02:18:17,287
UT1100,Ural Airlines,2025-02-26,05:02:05,98
S79749,Ural Airlines,2024-07-23,08:30:26,222
UT4622,Rossiya,2025-04-21,13:50:27,77
N49709,Rossiya,2025-05-25,23:13:54,234
U61338,Ural Airlines,2025-03-06,11:24:03,210
UT7333,Ural Airlines,2025-04-12,22:26:22,249
N44170,Ural Airlines,2025-04-24,19:48:46,199
SU2483,Aeroflot,2025-03-21,13:18:47,15
FV4336,Red Wings,2024-03-21,19:07:05,214
WZ2732,Utair,2024-06-25,16:02:48,252
FV3152,Rossiya,2025-05-26,07:15:45,48
UT1744,Rossiya,2025-08-08,19:54:37,13
WZ2166,Ural Airlines,2024-12-23,15:19:40,289
U67579,Pobeda,2025-09-10,14:03:57,278
DP8761,Aeroflot,2024-06-22,20:34:17,211
UT227,Rossiya,2025-07-18,10:21:02,256
N47908,Rossiya,2024-12-01,07:33:45,52
WZ2739,Pobeda,2024-11-13,22:20:54,198
S74237,Aeroflot,2025-05-16,13:27:18,141
DP8321,Nordwind,2025-07-11,17:56:42,51
SU5213,S7 Airlines,2025-12-27,12:06:12,104
SU5277,Nordwind,2025-04-28,13:25:38,296
WZ1631,Pobeda,2024-12-27,16:39:29,50
DP3961,Red Wings,2025-04-02,10:33:23,153
S78589,Nordwind,2025-01-12,21:05:31,284
SU4790,Pobeda,2025-03-28,22:21:37,216
WZ136,Aeroflot,2025-11-25,01:13:06,10
N4995,Aeroflot,2025-01-12,21:18:53,251
N41484,Nordwind,2025-09-06,14:30:43,265
U62984,Ural Airlines,2024-11-16,06:54:35,279
S77344,Pobeda,2024-09-26,11:18:34,195
UT4368,Aeroflot,2024-10-05,06:57:30,57
S75518,Pobeda,2024-09-23,09:04:21,265
DP8423,Nordwind,2024-07-08,05:18:49,29
WZ2010,Red Wings,2025-03-14,16:39:07,193
UT735,Nordwind,2024-11-09,01:46:50,21
SU8488,Red Wings,2024-11-01,18:19:55,254
S78553,Red Wings,2025-09-03,16:40:47,233
U65177,Nordwind,2024-12-27,00:59:44,63
S74213,Ural Airlines,2024-01-06,02:44:55,181
WZ7129,Red Wings,2024-11-21,17:28:06,239
SU1049,Red Wings,2024-02-23,08:55:49,170
U65696,Red Wings,2025-03-01,21:20:44,82
WZ4137,Rossiya,2024-08-06,11:26:48,245
SU2776,Nordwind,2025-08-16,06:51:05,161
WZ9962,Red Wings,2025-04-25,21:54:27,108
UT4747,Ural Airlines,2025-05-07,05:37:14,156
U69848,Rossiya,2024-03-10,12:04:10,239
DP7116,Ural Airlines,2024-10-27,09:04:07,94
UT7462,Pobeda,2024-04-23,07:18:00,36
N41333,Rossiya,2024-01-23,03:02:28,67
S75487,S7 Airlines,2024-12-14,22:40:29,296
UT5285,Pobeda,2025-10-22,20:11:39,231
DP8041,Pobeda,2024-09-02,15:08:11,14
WZ6981,Pobeda,2024-12-07,12:46:21,217
U64667,Red Wings,2024-12-13,16:13:25,59
SU5915,Rossiya,2025-08-02,00:36:56,139
WZ2834,Ural Airlines,2024-05-18,10:17:27,222
N45491,S7 Airlines,2024-12-02,21:48:41,110
WZ1559,S7 Airlines,2024-03-09,03:53:50,198
S78159,Aeroflot,2024-07-09,11:43:24,181
FV961,Nordwind,2024-09-23,21:31:25,286
SU7647,Pobeda,2024-08-08,17:19:28,170
S78476,Pobeda,2024-03-24,09:57:13,9
U64040,Pobeda,2025-09-15,15:26:46,90
S7742,S7 Airlines,2025-06-04,12:19:49,147
SU4422,S7 Airlines,2025-02-26,15:59:50,84
WZ4010,Pobeda,2025-04-20,23:19:33,29
S75348,Utair,2025-04-27,02:24:30,260
SU5521,Utair,2024-06-06,21:58:53,16
SU8203,Red Wings,2025-09-02,02:09:02,11
DP4541,Ural Airlines,2024-02-11,15:33:13,280
U67978,Ural Airlines,2025-01-24,20:16:40,192
UT194,S7 Airlines,2025-11-16,18:10:46,87
SU5360,Utair,2025-01-23,00:51:09,33
FV3355,Nordwind,2025-03-07,22:41:11,0
S73566,Red Wings,2025-06-20,23:16:27,221
S74202,Utair,2025-03-19,08:23:20,218
SU9002,S7 Airlines,2024-10-13,13:00:32,156
SU6137,Ural Airlines,2025-12-20,22:27:36,254
DP5392,Utair,2025-08-24,03:10:31,274
UT8507,Utair,2024-08-28,00:23:23,295
SU6419,Rossiya,2025-02-02,10:41:15,253
FV3273,Aeroflot,2024-07-20,04:58:28,256
WZ4318,Pobeda,2024-03-23,03:39:54,209
S72041,S7 Airlines,2024-11-24,21:24:49,153
UT4065,Utair,2025-10-19,00:08:56,10
WZ1984,S7 Airlines,2024-10-22,17:12:02,130
WZ6179,Nordwind,2025-07-08,04:20:19,214
N4808,Ural Airlines,2024-11-09,17:14:12,69
WZ5807,Red Wings,2025-03-04,17:29:09,51
UT6392,Aeroflot,2025-04-25,21:17:57,34
FV3952,Red Wings,2024-08-21,16:17:49,28
N43359,Nordwind,2024-10-16,05:03:43,283
N42649,Nordwind,2025-10-22,03:04:12,100
UT7753,Nordwind,2024-11-13,17:56:09,126
N45071,S7 Airlines,2024-03-21,14:34:44,248
WZ7072,Utair,2024-05-14,23:24:28,70
S72991,Rossiya,2025-10-05,23:17:07,81
WZ7315,S7 Airlines,2025-04-19,16:28:04,292
SU6515,Red Wings,2025-02-24,22:50:07,141
N42657,Aeroflot,2024-08-10,13:25:09,262
WZ3487,Utair,2024-06-07,02:52:03,86
WZ2045,Utair,2025-10-01,21:56:55,256
DP8466,S7 Airlines,2025-10-07,11:55:27,103
DP5691,Pobeda,2024-09-04,06:14:58,47
SU4162,Red Wings,2025-08-14,21:45:21,236
SU7655,Rossiya,2025-02-05,02:00:54,170
WZ786,Rossiya,2025-05-19,07:01:55,214
SU9884,Aeroflot,2024-06-10,13:24:52,281
N42787,Utair,2025-09-02,02:16:35,58
SU5484,Rossiya,2024-09-26,21:57:03,149
U62136,Utair,2025-02-01,19:31:58,175
UT8101,Red Wings,2025-10-22,22:53:43,87
FV5441,Nordwind,2025-08-05,02:25:33,270
DP1093,Utair,2024-06-03,06:49:00,77
WZ8203,Aeroflot,2024-05-06,11:14:21,127
WZ532,S7 Airlines,2024-01-01,18:52:12,124
DP6023,Aeroflot,2025-12-13,07:36:19,217
U62721,Aeroflot,2024-11-05,17:20:37,168
S7844,Pobeda,2025-04-26,15:23:00,191
DP6702,Aeroflot,2025-05-18,18:07:53,194
DP4809,Pobeda,2024-07-07,08:10:52,143
UT4485,Red Wings,2025-06-26,00:40:03,49
N49216,Utair,2024-07-17,18:07:00,115
UT4617,S7 Airlines,2025-12-28,11:12:09,36
FV9136,Red Wings,2025-09-27,01:21:16,209
UT4941,Utair,2024-12-01,00:15:04,14
UT2223,Utair,2025-11-04,12:07:57,241
N49888,Aeroflot,2025-11-25,11:25:44,276
FV5851,Red Wings,2024-06-19,01:10:37,114
SU8361,Red Wings,2025-12-11,03:12:01,187
WZ6364,Pobeda,2025-04-04,11:32:29,277
DP8553,Red Wings,2025-06-20,15:33:45,93
SU5817,Aeroflot,2024-02-19,09:16:27,11
S79460,Rossiya,2025-04-19,19:26:36,153
UT2960,Utair,2024-02-14,12:59:12,292
WZ961,Aeroflot,2025-09-21,02:41:59,173
FV7794,Utair,2024-01-17,16:19:29,138
U6281,Aeroflot,2025-12-02,17:02:38,19
WZ1713,Rossiya,2024-06-05,00:53:18,67
S75558,Pobeda,2024-06-24,03:26:31,275
SU9438,Utair,2024-12-04,14:26:11,148
SU5521,Rossiya,2025-12-06,09:32:07,182
WZ4406,Ural Airlines,2024-07-17,09:59:37,94
N45879,Aeroflot,2025-11-01,15:29:48,212
S71817,Ural Airlines,2025-10-05,12:09:11,81
WZ8613,S7 Airlines,2024-01-03,16:48:59,29
WZ6097,Pobeda,2025-10-16,21:48:58,135
UT7151,Utair,2025-08-20,23:22:44,10
U62267,Ural Airlines,2024-09-26,22:16:45,91
U62599,Utair,2024-01-17,21:40:34,263
DP9441,Aeroflot,2024-04-12,04:38:34,255
FV8532,Aeroflot,2024-10-01,22:37:49,226
S7182,Pobeda,2024-04-19,20:36:55,131
S79604,Pobeda,2024-05-19,22:39:36,171
N48038,Nordwind,2025-06-18,22:15:01,12
UT1045,Nordwind,2025-03-21,13:26:13,109
SU1356,Pobeda,2024-08-21,17:22:36,124
WZ9250,Nordwind,2024-01-01,04:24:43,127
WZ8195,S7 Airlines,2024-04-25,01:08:18,274
UT1562,Ural Airlines,2025-12-07,00:32:05,261
SU9736,Red Wings,2024-05-13,12:10:11,198
SU9590,Utair,2024-07-21,00:25:39,267
N47423,Rossiya,2024-04-25,02:32:39,293
S76086,Ural Airlines,2025-08-20,14:55:04,218
N48023,Nordwind,2025-08-02,11:46:09,223
U65472,Nordwind,2024-04-08,07:32:33,54
SU9930,Rossiya,2024-09-28,03:55:23,167
DP9496,Red Wings,2024-08-05,06:43:24,207
WZ3607,Ural Airlines,2025-12-09,17:46:23,51
SU317,Aeroflot,2025-02-19,11:47:28,209
S71150,Utair,2025-09-25,02:06:26,226
WZ2715,Nordwind,2024-08-12,23:28:27,110
S78982,Pobeda,2024-10-28,07:36:39,299
DP8873,Red Wings,2024-08-10,01:28:06,123
WZ4142,Rossiya,2024-10-02,05:32:02,172
DP9164,Aeroflot,2024-01-10,21:00:48,186
UT6656,Red Wings,2025-02-02,23:15:26,299
U69463,Red Wings,2024-10-19,18:52:08,196
WZ5400,Pobeda,2025-01-14,07:45:07,270
SU3197,S7 Airlines,2024-07-22,06:47:01,292
N47800,Nordwind,2024-04-25,01:44:00,147
UT8300,Rossiya,2025-09-10,16:07:59,248
SU7957,Aeroflot,2025-03-02,01:50:27,97
SU3987,Ural Airlines,2025-04-03,19:42:08,263
FV2088,S7 Airlines,2024-12-28,05:43:42,287
WZ4761,Utair,2025-08-22,14:52:25,120
DP3851,Red Wings,2024-11-07,04:03:40,19
S76475,Pobeda,2024-03-01,19:08:43,120
UT9712,Utair,2024-05-26,14:24:22,227
SU5475,S7 Airlines,2025-10-06,10:02:47,68
U69499,Rossiya,2025-05-27,16:22:13,43
WZ6801,Pobeda,2025-02-20,21:16:47,95
DP9158,Utair,2024-02-05,13:26:44,88
S74160,Utair,2025-02-03,20:24:44,151
SU770,Utair,2024-06-20,04:42:52,181
WZ3872,S7 Airlines,2024-03-20,06:35:05,176
U63039,Nordwind,2025-07-27,04:02:48,67
WZ4962,Ural Airlines,2025-08-11,08:12:00,48
SU9227,Nordwind,2024-08-27,00:10:17,255
U65067,Red Wings,2025-07-03,23:26:36,280
U6803,Red Wings,2025-02-04,12:39:30,192
U64491,Ural Airlines,2025-11-05,03:40:42,41
S76575,Ural Airlines,2025-06-08,13:35:26,292
DP2034,Pobeda,2025-10-02,01:49:12,31
WZ176,Ural Airlines,2024-04-05,03:34:02,16
UT8658,Rossiya,2025-08-01,14:01:44,270
DP1192,Ural Airlines,2025-10-04,18:44:24,21
SU2996,Rossiya,2024-02-20,12:43:59,118
UT5055,Pobeda,2024-04-08,17:10:11,28
UT7922,Pobeda,2024-02-22,22:39:48,265
SU3904,Utair,2025-02-06,22:47:18,64
UT9928,Nordwind,2024-03-09,16:40:38,269
WZ828,Ural Airlines,2024-03-12,20:17:46,30
DP2422,Nordwind,2024-05-18,17:43:14,110
U66133,Pobeda,2025-03-05,13:12:55,296
S73405,Red Wings,2024-06-15,11:55:58,230
DP1929,Rossiya,2025-03-14,01:27:35,271
FV4486,Aeroflot,2024-10-14,11:29:10,62
FV7580,Ural Airlines,2024-09-12,22:12:03,166
U61468,Red Wings,2024-09-18,08:33:33,96
SU9778,Pobeda,2024-05-02,01:01:24,278
S7559,Nordwind,2025-09-20,20:27:37,102
FV2187,Aeroflot,2025-04-06,20:36:23,157
S72379,Aeroflot,2024-05-20,04:15:13,45
WZ9631,Rossiya,2024-09-08,17:28:52,202
FV4923,Aeroflot,2024-08-27,23:21:00,60
FV3677,Rossiya,2025-05-23,21:52:55,180
WZ8110,Utair,2025-11-01,12:06:59,235
SU4079,Ural Airlines,2024-01-19,22:21:38,184
SU2084,Aeroflot,2024-08-19,08:32:44,218
FV7329,S7 Airlines,2025-05-26,17:28:08,211
SU6680,Aeroflot,2025-01-21,16:20:28,257
WZ6771,Utair,2024-12-24,22:57:40,297
DP2284,Nordwind,2025-01-27,10:00:07,210
UT8928,Rossiya,2024-06-23,06:57:07,3
SU6378,Aeroflot,2025-05-13,07:54:13,278
DP1262,Nordwind,2024-10-05,23:12:01,35
UT9533,Pobeda,2024-02-09,23:21:24,102
U67795,Aeroflot,2025-04-26,16:36:18,171
WZ132,Utair,2025-10-03,19:06:05,58
N43105,Nordwind,2024-06-09,07:13:31,90
U62861,Aeroflot,2025-01-18,00:20:54,71
U69443,Aeroflot,2025-09-16,13:56:34,161
U69336,S7 Airlines,2025-03-15,16:39:55,260
U61165,Ural Airlines,2025-07-08,22:32:16,289
WZ938,S7 Airlines,2025-09-13,11:58:53,255
DP3458,Red Wings,2025-11-03,13:33:33,248
WZ5023,Rossiya,2025-02-07,22:47:02,6
N45888,S7 Airlines,2024-03-11,20:56:27,244
S75520,S7 Airlines,2024-11-20,19:06:06,253
SU5559,S7 Airlines,2024-08-23,03:02:21,67
S79043,Rossiya,2025-11-19,19:11:15,210
S76291,Utair,2025-07-27,03:32:19,27
UT5462,S7 Airlines,2025-05-02,00:03:35,131
UT8305,Aeroflot,2024-09-10,16:25:28,52
DP2540,Red Wings,2025-04-02,06:28:18,235
WZ6778,Ural Airlines,2025-10-19,03:33:10,24
UT1802,Pobeda,2024-09-12,00:05:32,3
SU4337,Nordwind,2025-08-07,21:30:19,149
UT677,Nordwind,2024-05-17,13:18:52,114
U65465,Pobeda,2024-07-07,17:04:40,226
N44626,Rossiya,2024-10-23,19:08:18,47
UT103,Rossiya,2025-09-24,04:40:55,210
WZ3520,Red Wings,2025-08-08,09:13:12,100
N46556,Ural Airlines,2025-12-01,17:28:47,51
UT2326,Nordwind,2024-04-28,09:29:45,228
WZ8254,Utair,2024-11-25,14:04:53,113
FV4445,Aeroflot,2024-04-18,15:00:41,226
WZ9489,Rossiya,2025-05-17,09:07:51,39
UT8464,Rossiya,2024-02-16,08:11:05,19
WZ3452,Rossiya,2024-04-25,21:07:24,200
DP5504,Nordwind,2025-11-04,16:09:48,1
UT8141,Rossiya,2024-05-27,17:18:37,19
N48078,Nordwind,2024-01-28,23:32:12,22
S72769,Red Wings,2025-11-24,15:22:47,242
FV2788,Utair,2024-03-26,14:13:41,255
UT3731,Aeroflot,2024-08-16,01:50:21,277
WZ2534,Red Wings,2024-10-15,15:51:24,175
N48030,S7 Airlines,2025-05-28,14:12:31,111
U67730,Aeroflot,2024-01-10,23:02:50,169
N45574,S7 Airlines,2025-02-12,23:41:39,283
DP345,Utair,2024-11-03,09:09:57,105
U62011,Nordwind,2024-07-04,13:44:09,217
S76999,Nordwind,2024-03-24,09:34:45,166
N43403,S7 Airlines,2024-09-24,12:33:52,78
SU7377,Red Wings,2024-06-05,05:10:27,259
DP5393,S7 Airlines,2024-01-19,19:13:40,186
N44405,S7 Airlines,2025-01-24,20:30:58,97
UT619,Aeroflot,2024-11-06,18:59:32,264
SU7256,Nordwind,2025-04-16,01:03:55,218
DP4011,S7 Airlines,2025-05-20,13:37:30,197
SU7807,Red Wings,2024-12-06,16:50:17,114
WZ2174,S7 Airlines,2024-07-22,21:51:25,175
U69310,Rossiya,2024-04-22,12:13:20,143
UT1442,S7 Airlines,2025-05-14,21:47:58,4
U62812,Pobeda,2024-06-02,04:25:26,199
DP2626,Ural Airlines,2024-07-05,09:49:11,159
FV8753,Red Wings,2025-04-06,06:58:18,89
DP9008,Red Wings,2024-03-28,10:22:50,72
UT4226,S7 Airlines,2025-04-08,17:57:31,128
U68400,Aeroflot,2024-12-22,00:22:13,41
FV7920,Red Wings,2024-05-13,23:37:42,205
SU8504,Ural Airlines,2024-04-07,22:18:58,134
N47387,Utair,2025-08-27,05:47:00,115
N4995,Nordwind,2025-07-04,01:41:26,252
DP5375,Nordwind,2025-08-17,07:10:12,178
DP4679,Aeroflot,2025-12-18,20:16:45,276
DP818,Red Wings,2025-09-24,05:58:15,100
N47323,Rossiya,2024-06-11,09:57:09,170
DP4826,Ural Airlines,2024-02-17,22:10:52,57
WZ8858,Red Wings,2024-09-02,14:25:48,172
N44182,Pobeda,2025-05-09,20:07:59,236
DP306,Utair,2024-02-13,14:15:18,298
SU2069,Ural Airlines,2024-05-11,07:17:51,189
FV634,S7 Airlines,2024-11-03,05:20:59,292
S74560,Ural Airlines,2025-03-20,10:25:45,85
S72779,Pobeda,2025-07-13,13:48:56,271
U68178,S7 Airlines,2024-08-07,05:06:44,114
N45768,Pobeda,2025-06-03,12:15:57,26
U68804,S7 Airlines,2024-07-17,01:14:32,283
SU4455,Red Wings,2024-07-12,03:45:37,1
SU6967,Pobeda,2024-04-08,09:12:46,176
S76298,Utair,2025-04-08,15:40:03,219
U6380,Pobeda,2025-07-03,05:08:48,256
SU1281,Pobeda,2025-02-02,18:10:10,285
WZ3670,Ural Airlines,2025-11-19,23:15:43,75
UT7061,Nordwind,2024-04-22,01:08:51,183
S77545,Utair,2025-06-08,07:28:58,102
N48746,Ural Airlines,2024-03-25,19:54:36,32
WZ917,Aeroflot,2025-06-21,15:31:40,57
DP2907,Ural Airlines,2025-01-27,16:34:31,60
FV4477,Ural Airlines,2024-11-07,20:56:56,257
FV4662,Rossiya,2025-03-11,02:35:39,113
FV5620,Rossiya,2025-06-17,11:01:20,218
UT469,S7 Airlines,2024-06-21,20:52:09,181
S71221,S7 Airlines,2025-08-27,17:52:21,198
U64142,Utair,2024-10-14,21:26:30,167
UT3571,S7 Airlines,2024-07-04,08:19:30,31
DP2815,Aeroflot,2024-07-12,11:16:15,229
SU6176,Red Wings,2025-07-20,13:48:03,85
S78073,Ural Airlines,2024-04-10,01:10:59,23
S72735,Pobeda,2024-05-18,14:19:01,206
UT5632,Aeroflot,2025-06-07,21:50:52,236
DP602,Utair,2024-03-04,14:48:39,268
SU5455,Aeroflot,2024-11-24,07:44:56,17
FV3603,Rossiya,2024-06-12,04:31:10,178
UT1689,Aeroflot,2024-02-15,14:14:11,205
U65373,Rossiya,2024-05-19,10:03:48,152
S72375,Pobeda,2025-07-08,13:20:08,193
DP4358,S7 Airlines,2024-11-23,21:47:15,255
WZ3244,S7 Airlines,2025-08-11,16:38:49,96
N49947,Pobeda,2025-11-22,21:11:19,4
U63889,Rossiya,2024-10-01,20:30:07,138
DP1859,Ural Airlines,2025-05-24,05:45:30,19
UT1417,Pobeda,2025-11-27,14:06:29,273
DP1934,Ural Airlines,2024-04-08,21:19:12,162
WZ8205,Rossiya,2025-12-06,00:42:08,272
FV4864,Pobeda,2024-03-05,10:37:09,291
DP9215,Pobeda,2025-05-03,20:59:22,277
WZ5996,Rossiya,2025-09-02,15:25:17,269
WZ9682,Rossiya,2024-11-25,22:38:46,208
S72384,S7 Airlines,2025-10-01,14:09:37,82
FV6482,Aeroflot,2025-05-14,17:44:18,252
U66680,Utair,2025-02-27,02:31:21,152
U64541,Red Wings,2024-10-25,05:05:19,208
FV6349,Ural Airlines,2025-09-17,02:33:54,86
SU3844,Red Wings,2025-04-18,20:29:43,144
U64764,Utair,2024-05-07,08:42:53,161
U66996,Ural Airlines,2024-12-19,18:10:09,68
FV6717,Aeroflot,2025-06-04,19:29:37,136
FV4824,Ural Airlines,2024-10-15,06:39:58,201
WZ2981,S7 Airlines,2024-10-11,23:15:42,225
UT2154,Utair,2024-10-14,18:31:59,147
WZ9437,Red Wings,2025-01-02,13:03:54,260
UT1920,Rossiya,2024-09-09,15:28:20,278
FV4525,Nordwind,2024-11-23,14:07:38,111
SU9043,Nordwind,2025-02-14,02:27:57,193
SU2448,Rossiya,2024-08-14,17:14:58,139
S71188,Utair,2025-10-24,04:51:10,243
DP8310,Aeroflot,2025-02-02,12:35:26,129
FV9155,Nordwind,2024-07-11,19:40:13,261
S73081,Utair,2025-07-05,11:40:36,57
UT1222,Rossiya,2025-08-07,12:47:18,164
DP9609,Red Wings,2024-01-21,14:25:04,256
UT156,Utair,2024-03-05,23:39:52,227
UT8200,Red Wings,2024-06-15,01:56:53,59
WZ4027,Nordwind,2025-10-08,03:38:16,106
SU7202,Ural Airlines,2024-04-13,03:32:37,29
N42595,S7 Airlines,2025-07-02,18:06:35,227
DP5652,S7 Airlines,2024-04-04,16:13:45,245
DP2068,Pobeda,2025-01-06,19:52:35,160
SU7909,Nordwind,2024-01-03,06:51:11,282
DP9590,Rossiya,2025-09-15,05:42:54,251
WZ5172,Utair,2025-12-12,10:10:15,205
WZ3809,S7 Airlines,2024-02-21,17:33:31,110
S72651,Rossiya,2025-06-02,10:24:06,88
S76429,S7 Airlines,2025-04-21,22:10:51,72
S77025,S7 Airlines,2025-09-18,01:03:47,159
FV3762,Aeroflot,2024-03-07,14:48:29,100
FV9101,Nordwind,2024-12-20,06:39:29,57
U63682,Rossiya,2024-02-07,01:36:53,261
FV7344,Nordwind,2025-07-11,12:42:46,69
S76812,Rossiya,2025-04-15,10:23:45,262
N48975,Pobeda,2025-04-28,01:02:00,43
FV827,Ural Airlines,2024-12-15,09:47:31,197
SU1069,Nordwind,2025-02-12,12:21:42,130
DP9723,Utair,2024-03-17,14:50:05,257
UT2911,Rossiya,2025-02-26,12:26:53,58
DP7794,S7 Airlines,2024-08-13,20:00:29,209
WZ2134,Ural Airlines,2024-05-04,06:54:15,43
WZ130,Rossiya,2025-03-06,06:03:34,199
WZ6989,Pobeda,2024-10-20,21:25:41,252
FV2908,Utair,2024-11-03,12:57:12,282
U62449,Nordwind,2025-02-06,23:09:30,273
SU9043,S7 Airlines,2024-06-16,16:12:19,34
FV7085,Nordwind,2025-08-05,18:55:21,18
SU432,Nordwind,2024-11-05,12:24:40,287
FV146,Nordwind,2025-02-18,23:52:11,106
FV8257,Utair,2025-07-20,23:07:56,124
DP6047,Utair,2024-11-25,18:17:17,156
FV7834,Utair,2024-07-16,13:49:19,88
WZ9027,Aeroflot,2025-05-25,15:47:04,5
SU6089,Red Wings,2024-03-13,07:01:15,78
FV3500,Ural Airlines,2025-06-02,07:16:39,101
FV4263,Red Wings,2024-06-15,12:33:10,276
UT3963,Ural Airlines,2024-12-26,03:58:52,231
S75369,Ural Airlines,2025-11-16,02:08:58,297
FV4211,Aeroflot,2024-03-13,17:14:02,53
FV4820,Utair,2025-11-21,02:25:22,226
U68855,Red Wings,2025-07-01,14:59:08,181
SU9859,Utair,2024-04-20,19:47:12,279
N43078,Pobeda,2024-02-16,01:28:04,284
SU4658,Red Wings,2024-08-11,23:24:35,27
N43955,Aeroflot,2024-12-11,15:53:31,142
SU5775,Rossiya,2024-07-09,21:16:30,150
S78844,Red Wings,2024-04-08,06:04:11,158
WZ9917,Red Wings,2024-07-02,10:17:23,132
SU5511,Pobeda,2025-09-16,20:01:03,244
SU6471,Nordwind,2025-08-14,17:48:03,73
S79167,Nordwind,2025-11-07,18:09:30,84
SU5243,Rossiya,2025-08-04,07:31:33,196
DP481,Utair,2025-08-07,02:40:18,137
WZ2490,Ural Airlines,2025-01-03,01:25:37,89
S71509,Aeroflot,2025-12-26,17:54:11,298
S72313,Red Wings,2025-02-15,12:34:49,40
WZ325,Utair,2025-10-20,00:47:03,98
FV3689,Aeroflot,2025-09-09,20:06:37,282
S7631,S7 Airlines,2025-06-08,19:20:33,2
S75305,Rossiya,2024-01-05,02:37:18,128
FV1479,Ural Airlines,2025-01-25,05:48:54,286
SU2947,Nordwind,2025-09-20,06:18:21,241
S77219,Ural Airlines,2025-12-01,04:06:38,171
U65078,Rossiya,2024-02-27,06:37:47,183
SU7112,Pobeda,2025-07-18,16:16:03,286
WZ7804,Pobeda,2024-03-04,00:13:11,223
S74646,Red Wings,2024-09-24,12:58:22,110
WZ8368,S7 Airlines,2024-10-25,03:25:57,4
FV8586,Utair,2024-12-28,13:36:19,100
S72050,S7 Airlines,2024-07-13,08:36:59,178
DP4906,Ural Airlines,2024-02-08,06:29:24,237
N4105,Pobeda,2025-11-16,11:07:48,262
SU7051,S7 Airlines,2024-03-07,09:28:48,266
UT8383,Aeroflot,2024-11-13,08:49:37,289
S7155,Nordwind,2024-11-01,04:02:25,233
UT5750,Aeroflot,2024-02-02,03:07:57,54
N49264,S7 Airlines,2024-09-02,00:32:54,281
DP4190,Nordwind,2025-03-10,01:14:21,157
S72984,Red Wings,2025-01-15,08:37:41,172
UT8873,S7 Airlines,2024-12-20,08:42:25,225
DP844,Rossiya,2024-12-15,14:36:27,219
U62041,Utair,2025-12-04,21:38:38,152
UT7327,S7 Airlines,2025-01-24,07:56:07,300
WZ7968,S7 Airlines,2025-07-01,22:06:40,159
U6185,Red Wings,2025-09-24,21:39:38,129
N42414,Red Wings,2024-06-25,09:09:58,15
UT6943,S7 Airlines,2024-02-13,00:30:56,126
UT6482,Utair,2024-01-20,14:19:12,118
SU1633,S7 Airlines,2025-02-18,16:30:48,49
DP6387,S7 Airlines,2025-12-07,05:01:22,75
U63310,S7 Airlines,2024-07-14,23:40:44,130
WZ3223,Ural Airlines,2024-11-19,22:56:03,5
SU5686,S7 Airlines,2024-05-28,09:09:34,199
WZ4259,Utair,2024-11-25,03:59:02,116
DP9644,Nordwind,2024-12-10,14:30:06,108
UT4432,S7 Airlines,2025-03-17,15:18:55,83
UT7354,S7 Airlines,2025-07-13,20:26:42,217
DP2782,Nordwind,2024-08-16,09:03:39,222
SU4009,S7 Airlines,2024-06-23,12:59:03,53
WZ2599,Ural Airlines,2024-05-20,12:20:03,284
S77159,Aeroflot,2024-04-09,05:49:27,36
N43183,Utair,2025-02-16,18:09:32,37
SU5492,Rossiya,2025-03-16,04:52:05,247
SU5032,Rossiya,2024-03-21,04:40:45,188
FV5185,Red Wings,2024-09-01,11:21:08,152
FV261,Nordwind,2025-03-27,12:19:28,148
N49116,Rossiya,2025-09-24,09:08:36,214
DP8307,Pobeda,2025-09-13,01:54:44,191
SU3798,Red Wings,2025-10-21,18:49:34,253
WZ4441,Red Wings,2024-12-15,13:44:34,247
UT6408,Nordwind,2025-08-17,04:20:37,291
FV4981,Aeroflot,2025-07-04,07:31:20,169
S71296,Utair,2025-11-05,09:37:12,298
FV7648,Ural Airlines,2025-01-14,17:12:18,136
SU3001,Utair,2024-02-19,15:53:52,172
N46165,Rossiya,2025-03-25,08:10:02,234
FV9109,Pobeda,2025-06-06,19:29:24,297
UT269,Nordwind,2024-12-27,09:18:13,133
SU572,Aeroflot,2025-08-11,03:18:38,283
N42611,S7 Airlines,2025-09-07,10:14:27,127
U67616,Ural Airlines,2025-03-11,19:57:33,263
WZ684,Ural Airlines,2025-11-01,09:51:02,128
N45843,Nordwind,2025-01-08,17:37:07,272
UT2018,Nordwind,2025-10-01,01:40:35,276
U66062,Utair,2024-08-09,06:45:43,194
S71304,Pobeda,2025-05-19,16:54:21,155
SU9508,Utair,2025-07-28,08:55:09,247
WZ9923,Pobeda,2024-06-13,15:39:20,169
UT2015,Utair,2025-11-23,23:56:10,122
WZ4671,Utair,2025-01-08,23:16:40,47
SU6702,Red Wings,2024-01-01,22:54:15,77
UT7347,Nordwind,2024-09-18,03:19:27,194
UT9747,Aeroflot,2024-03-09,03:18:41,125
N49568,Ural Airlines,2025-07-02,18:57:22,115
UT7958,Nordwind,2024-02-06,06:38:53,296
N45580,Nordwind,2024-09-21,16:03:11,290
DP6962,Red Wings,2025-11-20,04:37:20,94
S71282,Rossiya,2024-08-09,04:23:34,118
UT9700,Ural Airlines,2025-06-05,01:56:45,298
N43030,Red Wings,2025-01-25,12:35:07,69
FV9484,Nordwind,2025-03-26,03:18:12,278
U63118,Utair,2024-06-06,17:21:58,200
DP3540,Red Wings,2025-10-26,17:48:48,69
SU1161,Ural Airlines,2025-08-19,22:09:20,67
DP9733,S7 Airlines,2025-08-16,21:41:30,44
DP6836,Nordwind,2025-02-19,13:22:53,214
WZ7835,Rossiya,2025-12-02,17:01:34,8
N49746,Nordwind,2025-02-18,11:11:12,215
S79201,Nordwind,2025-04-27,23:00:38,45
U66118,Rossiya,2024-09-16,07:40:40,281
N41791,Rossiya,2024-04-17,20:42:48,149
DP1279,S7 Airlines,2024-02-17,17:37:21,167
DP3873,Rossiya,2025-06-05,12:09:40,232
DP190,Ural Airlines,2024-06-19,19:55:48,66
WZ3121,Pobeda,2025-11-28,16:05:34,254
UT8918,Ural Airlines,2024-06-09,17:31:50,125
U6874,Pobeda,2024-04-25,15:42:01,241
FV9347,Pobeda,2024-07-27,18:43:51,69
SU2322,Nordwind,2025-12-26,01:07:27,233
FV4689,Pobeda,2025-01-08,07:53:07,225
UT6601,Pobeda,2024-05-11,11:38:00,65
SU742,Ural Airlines,2024-09-08,03:02:29,237
N47813,Aeroflot,2025-08-22,08:00:46,300
UT3169,S7 Airlines,2024-12-28,19:23:14,218
UT3304,Pobeda,2024-08-10,18:53:12,274
WZ6647,Rossiya,2024-01-08,14:40:59,295
N48787,Pobeda,2024-08-17,01:16:24,122
N46474,Nordwind,2024-09-02,21:32:42,73
UT5142,Aeroflot,2025-10-27,11:15:05,93
FV5255,Utair,2025-01-15,12:53:04,272
FV7969,Aeroflot,2025-04-27,13:50:42,51
SU6651,Pobeda,2025-03-04,09:27:31,36
DP4080,Rossiya,2024-10-01,20:25:32,8
U64767,Aeroflot,2024-06-08,18:16:45,203
S75358,Red Wings,2024-06-17,08:45:06,138
UT1994,Red Wings,2025-02-12,17:34:41,169
UT9756,Red Wings,2025-02-18,03:13:52,191
WZ7241,Pobeda,2024-01-28,18:48:30,115
UT3101,Utair,2025-11-12,18:41:02,67
SU4990,Red Wings,2024-10-02,14:45:10,118
UT3628,Pobeda,2025-05-20,13:04:27,254
SU1515,Ural Airlines,2025-10-17,12:33:49,22
DP2189,Utair,2024-07-24,09:57:46,224
U68472,S7 Airlines,2024-07-18,15:36:28,240
SU6985,Pobeda,2024-11-10,04:35:21,180
SU3318,Nordwind,2025-02-17,13:39:29,182
DP7845,Ural Airlines,2025-04-23,16:45:52,233
S74745,Ural Airlines,2025-07-20,00:42:27,143
DP633,Ural Airlines,2025-06-10,15:18:01,147
SU5320,Ural Airlines,2025-10-01,16:53:03,240
SU1585,Utair,2024-06-25,05:47:33,169
N4145,Rossiya,2024-06-06,21:12:44,152
S72173,Aeroflot,2024-10-07,06:03:38,182
DP221,S7 Airlines,2024-12-24,21:22:51,61
DP2265,Utair,2025-07-22,12:49:30,137
WZ6204,Aeroflot,2024-04-08,07:46:31,247
WZ4703,Red Wings,2025-06-16,15:42:09,11
N47970,Aeroflot,2025-06-27,13:04:58,185
DP9998,Ural Airlines,2025-06-07,16:52:28,237
SU123,Red Wings,2025-03-12,17:59:41,161
DP151,Aeroflot,2025-05-09,11:51:08,269
S74729,Utair,2025-03-10,14:58:32,125
S77823,Red Wings,2025-01-15,05:27:02,153
WZ9922,Pobeda,2024-11-05,06:39:30,54
WZ2302,Ural Airlines,2024-06-18,07:09:31,196
N41378,Utair,2025-09-17,09:53:06,172
FV3836,Red Wings,2024-09-14,21:45:41,37
WZ4232,S7 Airlines,2025-07-15,00:53:32,136
S75670,Pobeda,2024-11-08,09:16:57,142
U66321,Aeroflot,2024-07-23,17:04:50,34
WZ1238,Rossiya,2024-09-02,16:16:01,140
U62240,Red Wings,2024-04-06,14:06:06,77
DP7195,Nordwind,2025-02-14,09:51:32,195
U68503,Red Wings,2025-06-27,01:52:36,172
WZ2471,Aeroflot,2024-12-20,09:05:08,89
FV5130,Utair,2025-05-26,19:55:51,130
SU2190,Nordwind,2025-05-04,02:11:33,279
U65217,Rossiya,2024-11-12,16:58:38,264
UT6893,Red Wings,2025-08-02,04:31:21,116
DP3838,Utair,2025-06-02,07:42:06,199
WZ2797,S7 Airlines,2025-09-27,07:45:49,297
S72188,Nordwind,2025-12-16,04:40:23,257
UT7648,S7 Airlines,2025-04-16,20:55:35,143
N42558,Pobeda,2025-10-04,19:40:49,290
N4849,Rossiya,2024-08-09,16:37:03,94
WZ8789,Aeroflot,2024-03-03,11:36:22,294
U62628,Nordwind,2024-02-09,10:39:38,161
WZ9336,Ural Airlines,2025-06-22,15:54:07,148
SU7894,Rossiya,2024-03-27,12:16:57,220
S74164,Utair,2024-05-16,14:36:45,110
WZ6973,Nordwind,2025-03-19,11:38:46,174
U66016,Aeroflot,2024-01-22,17:46:16,92
N47924,S7 Airlines,2024-05-21,18:33:43,147
U66832,Utair,2025-09-07,19:26:34,25
FV6047,Ural Airlines,2025-08-24,15:47:03,38
UT3028,Red Wings,2025-08-15,09:37:27,196
SU785,Utair,2025-12-26,23:27:27,266
SU685,Nordwind,2024-05-21,01:43:00,178
DP6152,Red Wings,2024-01-01,14:47:35,7
U63550,Nordwind,2024-06-15,22:49:25,133
SU4384,Red Wings,2025-01-07,14:47:19,262
SU4943,S7 Airlines,2025-04-07,20:27:06,225
UT1378,Ural Airlines,2024-08-18,03:04:26,163
SU915,Red Wings,2024-10-26,07:54:22,61
UT8264,Rossiya,2024-10-12,14:47:46,51
DP9182,S7 Airlines,2025-11-17,11:32:37,8
WZ366,Aeroflot,2024-06-08,13:38:32,129
WZ594,Ural Airlines,2024-04-27,19:36:48,226
UT132,Pobeda,2025-05-18,09:29:17,162
DP8755,Aeroflot,2025-01-26,15:01:53,203
U67060,S7 Airlines,2024-09-26,17:26:57,266
N48009,Nordwind,2025-10-02,11:29:40,281
SU6067,S7 Airlines,2024-03-09,21:58:45,2
S7828,Aeroflot,2024-07-23,14:19:08,81
DP3966,Nordwind,2024-02-26,12:45:09,273
FV2611,Pobeda,2024-07-07,23:34:33,226
N42119,Pobeda,2024-03-15,15:32:48,185
SU7551,Red Wings,2025-04-18,17:17:26,136
UT2062,Nordwind,2024-12-11,01:34:21,220
DP1892,Utair,2024-08-14,12:23:16,84
UT4842,Rossiya,2025-04-28,06:05:58,187
WZ8083,Red Wings,2024-11-10,15:56:26,299
UT1935,Pobeda,2025-08-24,21:22:34,274
U64154,S7 Airlines,2024-07-02,18:12:59,19
DP6118,Pobeda,2024-02-28,10:10:01,57
UT9375,Aeroflot,2024-10-28,04:28:40,106
U68539,Pobeda,2024-03-11,15:28:18,238
WZ5439,Aeroflot,2024-08-18,12:34:06,193
S76045,S7 Airlines,2025-08-28,22:49:11,114
N46871,Aeroflot,2025-02-28,17:04:39,136
DP6717,Nordwind,2024-04-26,03:25:00,256
DP3935,Nordwind,2025-01-05,15:52:20,139
U61604,Red Wings,2024-01-24,04:56:23,142
SU2831,Ural Airlines,2025-01-13,07:12:37,300
WZ3355,Ural Airlines,2024-10-09,20:11:10,167
UT624,Aeroflot,2025-07-04,15:37:18,44
SU2788,Aeroflot,2025-04-05,03:57:37,79
FV7405,Red Wings,2024-04-04,14:07:30,25
N46311,Pobeda,2024-01-04,12:20:01,147
UT9805,Rossiya,2025-06-01,15:48:12,266
FV5167,Aeroflot,2024-08-10,19:54:06,280
UT4158,Red Wings,2024-10-11,07:52:11,114
DP7709,Red Wings,2024-06-04,16:32:26,43
FV5710,Pobeda,2025-11-02,10:53:07,296
UT5253,Utair,2024-12-22,03:36:02,207
DP5048,Pobeda,2025-02-05,11:05:51,134
N4478,Utair,2025-07-28,21:54:37,269
DP8709,Nordwind,2025-09-11,00:31:53,39
S77788,Rossiya,2024-12-21,09:50:41,236
U61896,Pobeda,2025-12-25,18:27:23,120
FV5492,Nordwind,2025-11-17,19:23:41,202
FV6070,S7 Airlines,2025-04-23,02:39:43,28
S78907,Ural Airlines,2025-07-18,10:29:45,262
DP6984,S7 Airlines,2025-09-04,01:38:07,96
S75360,Red Wings,2024-12-08,21:13:45,155
FV3841,Pobeda,2024-02-15,12:48:50,81
WZ6826,Ural Airlines,2025-09-07,15:36:49,87
SU6275,Aeroflot,2024-09-15,19:08:22,185
WZ6018,Red Wings,2024-03-09,06:29:07,225
WZ4190,S7 Airlines,2025-02-17,19:25:55,236
N4783,Utair,2025-08-24,10:15:27,217
FV975,S7 Airlines,2024-10-02,22:36:06,130
DP6279,Nordwind,2024-10-23,02:04:33,132
S74327,Red Wings,2024-07-22,05:09:10,241
FV2259,Rossiya,2025-12-23,00:11:18,204
WZ5937,Aeroflot,2024-03-28,23:41:08,113
DP4217,S7 Airlines,2024-12-27,18:29:00,65
U67909,Ural Airlines,2025-03-23,01:22:29,3
UT4826,Utair,2025-03-06,11:56:47,243
N43363,Ural Airlines,2025-10-07,15:55:37,42
U65215,Aeroflot,2024-07-05,13:44:02,200
UT8914,Nordwind,2024-06-09,02:41:23,300
DP1226,Utair,2024-08-05,08:27:49,0
S76550,Pobeda,2024-03-28,16:34:19,205
SU9073,S7 Airlines,2025-12-03,18:54:37,133
S76950,Ural Airlines,2024-08-24,09:58:11,284
N42036,Nordwind,2025-02-11,04:26:44,234
UT1903,S7 Airlines,2025-05-12,18:05:55,155
UT7423,Nordwind,2024-01-28,22:12:29,0
N46061,Ural Airlines,2024-04-13,22:23:26,256
U64468,Red Wings,2024-10-28,21:57:21,195
N48045,Utair,2025-11-03,21:35:55,159
N45012,S7 Airlines,2025-01-16,10:39:50,99
WZ5075,Nordwind,2024-07-14,21:32:09,7
N42102,Rossiya,2024-01-04,07:29:35,80
FV1291,Pobeda,2025-03-06,01:30:59,248
UT5226,Rossiya,2024-06-25,09:07:23,252
DP8184,Ural Airlines,2024-12-28,20:52:08,33
S76648,Nordwind,2024-06-26,07:54:21,193
SU2543,Red Wings,2024-06-10,02:45:30,8
N47526,Ural Airlines,2024-12-27,08:20:31,36
WZ2449,Rossiya,2024-06-06,04:22:33,223
DP9544,Aeroflot,2025-07-04,03:27:00,10
SU9156,Ural Airlines,2024-11-09,15:15:08,240
DP9491,Ural Airlines,2024-09-18,18:48:05,172
SU6061,Red Wings,2024-03-23,02:26:50,241
SU9771,Ural Airlines,2024-05-22,04:21:26,107
SU614,Rossiya,2025-05-09,23:48:16,29
N46384,Red Wings,2025-09-01,19:46:32,261
UT3077,Aeroflot,2025-03-20,23:42:33,278
S74580,Ural Airlines,2025-09-14,05:26:27,254
U66991,Nordwind,2025-02-21,13:51:13,27
N48691,Aeroflot,2025-05-07,17:34:59,258
UT6384,Nordwind,2024-04-20,07:14:35,248
N42183,Nordwind,2024-07-02,09:05:37,90
FV5103,Red Wings,2024-02-20,10:01:54,147
FV1159,Aeroflot,2024-06-15,06:33:07,95
S76680,Rossiya,2025-05-02,16:36:27,44
DP921,Utair,2025-11-24,19:09:22,193
WZ6759,Ural Airlines,2025-03-05,15:55:04,83
U63760,Nordwind,2024-02-02,14:49:13,79
U66303,Aeroflot,2024-11-23,20:55:38,190
FV368,Red Wings,2025-02-27,07:59:45,13
WZ8324,Utair,2025-11-01,02:23:00,169
FV3041,Aeroflot,2024-06-17,09:12:58,249
SU6703,Aeroflot,2024-11-12,00:46:29,232
U65451,Aeroflot,2025-09-20,11:44:30,145
UT1603,Aeroflot,2025-03-17,17:27:26,237
U67001,Rossiya,2024-03-15,09:03:48,85
WZ5136,Pobeda,2024-11-12,18:12:52,80
WZ6362,S7 Airlines,2024-05-24,09:32:25,111
U64673,S7 Airlines,2024-04-18,23:12:23,33
WZ145,Ural Airlines,2024-06-21,02:39:19,231
SU6866,Ural Airlines,2025-08-16,07:11:12,122
SU7667,Nordwind,2024-01-21,23:14:32,210
S76600,Rossiya,2024-05-01,19:09:50,101
UT7825,Red Wings,2024-11-01,19:41:26,184
SU9868,Ural Airlines,2025-06-08,04:40:52,243
SU5554,Pobeda,2025-06-28,20:27:24,145
U69537,Aeroflot,2025-10-10,09:06:38,96
U66343,Red Wings,2025-10-19,15:22:20,152
DP1340,Red Wings,2025-12-08,12:52:08,242
S78437,Red Wings,2024-02-04,09:40:04,180
N47701,Utair,2025-10-13,04:05:31,278
UT5331,Red Wings,2025-04-28,01:37:13,40
WZ643,Ural Airlines,2025-02-07,09:39:23,119
S78178,Red Wings,2025-01-21,13:26:30,39
FV6353,Rossiya,2024-08-05,15:41:17,0
N48552,Aeroflot,2025-09-20,13:22:14,14
WZ5751,Rossiya,2024-02-11,14:56:24,46
WZ487,Nordwind,2024-08-01,08:16:52,283
S74769,Nordwind,2024-01-23,00:04:07,186
UT8971,S7 Airlines,2024-05-13,06:15:38,99
SU844,S7 Airlines,2024-12-01,08:36:33,155
FV4400,Aeroflot,2024-11-14,13:34:43,265
U61080,S7 Airlines,2025-10-12,05:01:06,194
SU5075,Rossiya,2024-03-21,19:00:42,47
FV6112,S7 Airlines,2025-07-06,06:38:53,144
N48382,Pobeda,2025-07-07,21:14:00,242
UT4877,S7 Airlines,2024-08-08,15:31:15,43
S72261,Utair,2024-11-15,00:09:26,182
DP6161,Rossiya,2025-11-16,08:04:00,61
FV9583,Utair,2024-01-01,18:13:22,8
DP2113,Pobeda,2025-10-02,12:41:13,220
WZ4142,Ural Airlines,2024-03-27,00:40:36,227
S77986,Rossiya,2025-05-22,23:23:38,61
UT8326,Ural Airlines,2024-07-21,22:23:43,82
DP4648,S7 Airlines,2025-10-15,20:00:52,15
SU4099,Utair,2025-03-01,11:53:16,18
WZ1275,Rossiya,2024-04-22,02:48:07,108
DP4085,Rossiya,2025-12-24,13:41:30,226
SU1721,Aeroflot,2024-09-16,04:15:57,2
SU4514,Utair,2024-12-05,21:31:29,247
FV4306,Red Wings,2025-05-12,09:52:26,77
N44252,Nordwind,2025-08-10,00:35:41,115
DP4405,Aeroflot,2025-01-01,06:35:20,117
FV9519,Pobeda,2025-05-22,14:55:22,214
SU9861,Utair,2025-02-13,15:31:38,42
N41942,Nordwind,2025-11-08,00:23:44,68
UT4798,Pobeda,2025-05-28,15:51:07,4
WZ8096,Red Wings,2025-08-16,23:03:39,148
N45906,Nordwind,2024-09-07,02:56:15,113
DP7787,S7 Airlines,2025-10-13,07:19:15,277
N42268,Ural Airlines,2025-06-22,04:14:04,92
SU6889,Red Wings,2024-06-21,14:00:09,66
N44110,Pobeda,2025-03-18,16:29:05,155
S73301,Rossiya,2024-04-20,05:55:19,97
UT9304,Nordwind,2025-03-28,00:48:13,110
UT8134,Red Wings,2025-05-28,18:30:11,69
DP3029,Aeroflot,2025-07-20,12:34:23,21
N43848,Ural Airlines,2024-03-12,16:15:23,167
S72582,Ural Airlines,2024-12-07,13:19:58,103
WZ5936,Rossiya,2024-06-07,17:16:21,239
U6524,S7 Airlines,2025-02-17,05:35:05,223
WZ9259,Aeroflot,2024-06-16,11:17:52,29
DP6175,Aeroflot,2024-06-23,09:19:43,164
FV3934,Aeroflot,2025-10-07,01:43:09,129
SU2838,Utair,2025-10-12,05:03:40,184
SU1067,Nordwind,2024-08-14,15:48:12,221
FV6341,S7 Airlines,2024-06-19,09:16:30,295
S7451,Ural Airlines,2024-03-03,16:24:08,74
U62242,Red Wings,2024-01-03,08:50:56,12
S77450,Utair,2024-06-21,23:57:29,116
UT8519,Pobeda,2024-02-13,13:57:08,266
U64609,Rossiya,2024-12-18,06:58:39,105
SU5348,S7 Airlines,2024-09-02,00:34:36,172
UT6874,Ural Airlines,2024-08-19,09:03:54,134
WZ590,Nordwind,2025-03-09,00:12:31,143
DP1254,Red Wings,2024-08-02,22:35:45,149
UT638,Ural Airlines,2024-12-25,00:01:35,246
WZ6679,Ural Airlines,2024-05-23,09:00:30,192
U63870,Rossiya,2024-12-06,04:33:39,86
N44619,Aeroflot,2024-02-05,01:28:23,69
U68149,Red Wings,2024-04-04,12:52:14,165
N43838,Rossiya,2024-10-21,21:56:27,277
U65383,Nordwind,2025-04-13,08:17:15,35
S75725,Aeroflot,2024-11-28,11:32:08,66
FV3631,Red Wings,2024-04-06,04:10:23,110
FV9009,S7 Airlines,2025-10-05,20:46:58,21
UT4020,Pobeda,2025-07-05,00:10:19,231
UT6529,Rossiya,2024-05-09,03:10:36,157
UT9287,S7 Airlines,2024-12-11,11:30:35,292
DP8994,Utair,2025-05-01,02:25:45,59
S78955,Rossiya,2024-04-16,18:37:13,63
UT4570,Nordwind,2024-07-06,22:08:34,171
WZ4768,Pobeda,2025-09-13,03:40:48,75
SU6500,Nordwind,2025-07-26,03:06:45,212
DP6770,Nordwind,2024-06-01,08:29:30,237
DP6396,Red Wings,2025-03-18,12:18:44,238
U67448,Aeroflot,2024-04-07,13:55:19,137
FV8697,Utair,2024-07-13,07:16:58,252
WZ2659,Pobeda,2025-01-18,04:15:41,291
UT5938,Aeroflot,2025-04-04,16:00:00,236
WZ9882,Nordwind,2024-06-05,08:39:50,135
U6452,Nordwind,2025-01-07,15:07:57,296
S77339,Red Wings,2024-10-12,10:13:02,30
UT5647,Nordwind,2025-07-05,18:04:49,157
N46977,Rossiya,2025-01-13,16:36:40,171
N46373,Pobeda,2024-12-21,23:24:56,201
N43511,Nordwind,2024-09-23,12:36:46,168
UT2672,Pobeda,2025-09-07,11:42:53,68
UT868,Ural Airlines,2024-09-05,04:13:22,250
SU6479,Aeroflot,2024-01-05,10:40:42,40
UT8283,Ural Airlines,2025-05-27,05:28:31,148
FV3145,Rossiya,2025-04-03,12:04:23,251
U69240,Aeroflot,2025-08-20,06:19:11,222
U66238,S7 Airlines,2025-11-22,18:35:57,48
FV938,Aeroflot,2025-07-25,05:46:16,9
FV1523,Utair,2025-11-20,11:10:14,1
DP8041,Aeroflot,2024-10-24,23:22:49,183
DP5749,Utair,2025-04-14,15:44:55,78
UT4076,Nordwind,2024-04-26,09:52:49,234
U63925,Pobeda,2025-04-18,08:43:26,160
FV1317,Rossiya,2025-07-06,16:03:53,25
DP5024,Pobeda,2025-08-03,07:17:17,79
UT4959,Red Wings,2024-09-11,00:22:31,214
DP3045,Pobeda,2025-06-12,07:41:01,102
U69339,Red Wings,2025-04-28,00:24:47,49
WZ5756,S7 Airlines,2024-11-26,20:26:40,62
DP9517,Nordwind,2025-08-20,00:16:07,130
DP7412,Ural Airlines,2024-02-17,16:50:25,46
DP2993,Ural Airlines,2024-02-16,08:10:47,196
SU6926,Ural Airlines,2025-05-06,01:20:32,243
S71352,Ural Airlines,2024-10-22,11:51:33,173
S78272,Aeroflot,2025-01-24,09:59:20,220
UT8973,Utair,2025-03-20,02:28:12,180
N45119,Ural Airlines,2024-04-25,08:27:55,31
FV5442,Red Wings,2024-04-22,12:27:03,192
S71470,S7 Airlines,2024-12-11,07:00:33,156
FV5297,Rossiya,2025-02-15,11:48:54,272
WZ8861,Pobeda,2025-10-17,08:03:56,95
FV1178,Red Wings,2025-08-05,22:33:40,4
SU2795,Pobeda,2025-11-01,20:25:46,47
DP3774,S7 Airlines,2024-03-17,00:15:26,246
WZ4158,Aeroflot,2024-06-28,21:04:17,190
S7243,Nordwind,2025-03-26,08:16:47,0
UT5194,S7 Airlines,2024-07-14,08:15:54,163
S71649,Utair,2025-02-18,05:57:17,246
SU9407,Utair,2024-06-05,20:05:20,192
FV9301,Aeroflot,2024-02-22,02:16:33,138
N49903,Rossiya,2024-01-10,10:37:00,71
DP2249,Rossiya,2025-11-25,20:56:20,104
N4833,Aeroflot,2025-11-04,07:24:01,165
DP3852,Pobeda,2025-09-03,21:28:50,277
S76711,Pobeda,2025-10-14,00:16:53,193
UT4832,Pobeda,2024-01-05,00:21:54,98
S72719,Rossiya,2025-02-18,21:14:03,38
WZ9904,S7 Airlines,2025-02-25,21:20:55,214
N46019,Aeroflot,2025-01-03,05:23:39,225
UT3759,Utair,2024-03-26,11:19:49,187
N42155,S7 Airlines,2024-11-01,10:25:23,31
UT5656,Utair,2024-11-11,11:33:47,223
N46029,Red Wings,2025-10-23,05:22:48,209
UT6785,Pobeda,2025-07-05,02:33:47,31
S74545,Pobeda,2025-03-17,14:04:59,87
N43202,Ural Airlines,2024-07-06,15:26:39,252
N45367,Pobeda,2024-12-25,10:25:17,153
S78565,Rossiya,2025-04-12,23:54:15,124
WZ3947,Ural Airlines,2024-04-04,14:52:09,166
SU1565,S7 Airlines,2024-12-09,07:01:53,255
N47944,Red Wings,2024-07-18,23:31:46,228
S73674,Aeroflot,2024-07-09,10:20:21,214
S74471,Rossiya,2025-06-06,22:28:00,206
S72812,S7 Airlines,2025-02-21,06:04:36,289
U68311,Red Wings,2024-03-05,10:21:17,281
SU2654,Red Wings,2025-02-19,17:21:48,150
U65693,Utair,2025-05-15,03:36:16,248
FV5020,Nordwind,2025-02-15,05:09:47,102
FV9779,Utair,2025-11-14,02:16:29,79
UT4739,Red Wings,2025-05-20,05:12:18,185
WZ8310,S7 Airlines,2025-08-14,10:37:47,216
UT3372,Utair,2024-02-14,01:50:19,244
SU4472,Utair,2024-03-25,05:20:30,63
UT4451,Rossiya,2024-01-24,02:16:33,276
N44396,Utair,2025-05-02,11:44:42,80
SU5425,Aeroflot,2025-09-19,07:01:10,138
U65025,Pobeda,2025-09-13,14:41:44,78
FV9608,Utair,2025-12-09,18:19:47,204
WZ404,Rossiya,2024-12-14,10:15:41,268
S71854,Nordwind,2025-06-21,22:38:49,233
N4998,Rossiya,2025-08-01,14:51:23,98
WZ3449,Ural Airlines,2024-04-22,00:18:48,64
S72009,Pobeda,2024-01-12,14:42:49,199
N44371,Red Wings,2025-10-20,21:13:58,31
SU5236,Aeroflot,2024-02-22,20:42:09,272
UT6617,Ural Airlines,2025-02-02,09:55:47,215
UT8694,Red Wings,2025-11-17,22:23:17,182
S74353,Pobeda,2025-11-14,09:31:43,28
UT8736,Utair,2025-01-11,03:34:30,112
DP5005,S7 Airlines,2025-08-03,23:31:29,233
S78701,Nordwind,2025-12-13,23:18:40,79
N45142,Rossiya,2025-08-21,22:15:00,277
U65459,Utair,2025-05-02,21:59:58,1
WZ2579,Nordwind,2025-03-14,11:55:43,5
UT9916,Pobeda,2025-02-25,09:43:43,227
DP9138,Utair,2025-03-06,02:43:05,180
WZ9813,Ural Airlines,2025-05-21,09:28:13,232
WZ4181,Nordwind,2025-08-26,21:19:59,100
N41648,Nordwind,2024-01-08,07:59:26,232
FV563,S7 Airlines,2025-08-26,06:47:14,162
WZ4766,Utair,2024-10-23,12:32:35,96
SU1074,S7 Airlines,2025-11-01,01:01:15,252
UT1817,Utair,2024-02-20,09:15:41,118
U65372,Nordwind,2024-01-19,05:17:02,34
U66102,Red Wings,2024-11-27,23:17:20,150
FV7243,Utair,2024-04-15,12:48:08,2
FV5818,Ural Airlines,2025-10-05,13:37:34,167
FV1706,Ural Airlines,2025-06-16,00:45:34,269
FV3066,Utair,2025-04-02,02:01:19,300
SU3560,Aeroflot,2025-11-08,10:33:07,6
U66597,Aeroflot,2024-01-23,00:00:21,123
N46334,Rossiya,2024-01-21,23:17:21,31
S72704,Rossiya,2025-06-16,13:55:31,107
N44936,Rossiya,2024-04-03,00:56:52,250
WZ5418,Ural Airlines,2025-07-12,03:25:49,94
SU5754,Pobeda,2024-06-05,12:55:52,251
U65762,Aeroflot,2025-03-28,01:44:19,297
N47395,Red Wings,2025-08-04,05:53:17,142
S78240,Utair,2024-02-04,20:33:22,134
S71827,Aeroflot,2025-05-09,23:48:26,97
FV3592,Aeroflot,2024-07-02,04:44:03,233
UT216,Pobeda,2024-12-21,23:01:24,67
S74494,Red Wings,2024-03-14,14:30:43,41
FV6124,S7 Airlines,2024-03-27,04:28:17,115
SU9923,Utair,2024-10-16,20:52:24,196
FV4820,Ural Airlines,2025-01-24,17:10:00,67
U62930,S7 Airlines,2024-05-20,01:31:27,150
U68980,Rossiya,2025-01-16,11:57:27,142
S77165,Red Wings,2025-01-13,00:07:32,16
S7925,Utair,2025-08-28,07:11:01,53
U61591,Pobeda,2025-08-14,02:20:23,49
WZ1616,Rossiya,2024-06-26,02:34:06,261
U68250,Utair,2024-09-28,18:52:56,67
UT700,S7 Airlines,2024-10-11,11:08:13,168
U66043,Red Wings,2024-10-14,17:15:06,115
DP9388,Nordwind,2024-07-13,15:21:11,296
U68120,Red Wings,2024-05-11,07:22:14,285
UT3661,Rossiya,2025-04-21,03:22:00,231
DP4933,Aeroflot,2024-06-15,15:44:19,284
FV9683,Red Wings,2025-06-27,05:01:49,95
N46053,Ural Airlines,2024-11-14,07:04:17,261
DP6862,Pobeda,2024-12-22,01:03:25,88
U64492,Utair,2024-03-10,19:50:54,283
SU2810,Utair,2024-04-13,18:56:51,51
U66026,Nordwind,2024-01-12,22:05:18,160
WZ4676,Ural Airlines,2025-04-11,22:47:20,136
FV1378,Nordwind,2025-02-18,06:46:08,57
DP2440,Red Wings,2025-12-15,16:42:51,93
WZ5419,Red Wings,2024-06-17,23:29:37,194
S77329,Rossiya,2025-07-17,19:03:06,289
FV5323,Utair,2024-11-28,17:32:35,28
UT7574,Ural Airlines,2024-11-20,00:39:09,212
FV8980,Aeroflot,2024-07-09,05:46:45,120
S77955,Ural Airlines,2024-06-14,10:38:29,24
U64425,Utair,2024-04-13,12:30:21,97
U61909,Nordwind,2024-09-04,15:53:38,25
WZ1636,Aeroflot,2024-07-23,07:55:01,98
SU3546,Rossiya,2024-06-11,00:20:09,233
U66872,Ural Airlines,2025-11-25,20:07:20,34
WZ7817,Nordwind,2025-09-15,06:11:47,270
WZ7828,S7 Airlines,2024-11-09,18:00:46,165
S73949,Utair,2024-09-14,03:21:42,283
DP3115,Rossiya,2024-06-07,18:16:52,103
U66004,Pobeda,2025-04-21,14:40:37,267
N49708,Nordwind,2024-06-01,12:40:11,66
FV4868,Nordwind,2025-11-25,05:56:47,103
DP9826,Pobeda,2024-03-24,10:02:57,78
DP3364,Aeroflot,2025-10-15,01:19:56,125
UT4790,Utair,2025-08-11,22:18:08,184
N46176,Red Wings,2024-07-08,00:13:03,241
DP568,Pobeda,2024-02-25,18:31:09,300
UT4822,Rossiya,2024-04-01,11:18:46,225
S77167,Red Wings,2025-06-21,20:20:13,199
SU8723,Rossiya,2025-03-16,08:52:45,114
U62634,Ural Airlines,2025-03-10,05:18:15,300
SU2290,Utair,2025-11-21,15:45:43,86
SU8307,Red Wings,2024-08-13,15:27:13,119
DP3577,Ural Airlines,2024-03-18,21:51:53,98
DP7255,Nordwind,2025-12-17,20:25:03,270
U63557,S7 Airlines,2025-12-21,19:39:24,149
S73966,Utair,2024-08-25,14:29:56,116
N41253,Ural Airlines,2025-07-05,02:52:34,173
UT4190,Nordwind,2025-01-03,13:25:54,9
U67064,Pobeda,2025-10-03,14:28:24,90
WZ7034,Ural Airlines,2025-11-12,05:48:50,99
SU9360,Nordwind,2025-06-20,16:57:19,254
DP6041,Utair,2024-03-24,00:40:05,58
SU4416,Rossiya,2024-04-09,04:28:07,127
S71061,S7 Airlines,2024-10-01,06:43:21,136
N4433,Rossiya,2024-12-07,11:40:21,264
N41354,Pobeda,2025-08-05,23:55:49,267
DP7624,Pobeda,2025-08-04,04:04:57,8
S77599,Ural Airlines,2024-11-14,15:06:34,167
FV1459,Nordwind,2024-04-22,21:36:39,296
S78094,Pobeda,2025-01-14,21:10:36,238
FV3645,Rossiya,2025-11-17,06:48:02,1
DP9794,S7 Airlines,2024-07-16,10:32:52,143
FV5013,Nordwind,2025-11-07,11:19:33,64
FV6819,Pobeda,2024-06-11,10:12:29,142
N42420,Rossiya,2025-10-21,22:12:05,122
WZ147,Pobeda,2025-07-27,08:53:32,61
DP2579,Red Wings,2024-05-12,16:48:15,264
DP6321,Rossiya,2024-07-19,20:04:36,285
FV1000,Red Wings,2025-10-26,17:59:50,164
FV1170,Red Wings,2024-12-02,20:49:09,273
FV6172,Ural Airlines,2024-08-25,03:19:46,253
S78981,Ural Airlines,2025-10-21,19:31:18,35
WZ3762,Pobeda,2024-02-18,06:20:16,33
DP2148,Aeroflot,2024-09-05,07:57:34,22
U66748,Nordwind,2025-06-16,12:44:05,17
UT7398,Ural Airlines,2024-07-24,09:08:24,62
DP8029,S7 Airlines,2025-09-18,18:37:38,156
N47842,Aeroflot,2025-01-02,05:35:30,279
U62078,Nordwind,2025-11-03,15:14:25,74
S73519,Pobeda,2024-05-21,19:55:16,69
N43331,Pobeda,2024-01-26,11:06:23,108
FV3571,Pobeda,2025-03-24,15:46:38,103
DP2854,Red Wings,2025-04-25,09:22:46,53
N46723,Red Wings,2024-08-16,12:14:24,36
N44424,Nordwind,2024-10-05,02:00:39,88
DP2868,S7 Airlines,2024-12-01,03:39:24,157
SU8356,Nordwind,2024-09-06,06:29:46,96
FV8141,Pobeda,2025-09-06,00:43:56,45
N45238,Rossiya,2024-09-23,15:34:28,107
FV2116,Ural Airlines,2025-09-06,17:01:15,181
N43067,Ural Airlines,2024-09-02,10:51:50,161
WZ9550,Nordwind,2024-06-26,20:47:04,216
WZ5714,Red Wings,2024-12-03,16:49:54,111
N46977,Nordwind,2024-05-16,07:08:54,162
SU3491,Nordwind,2025-06-25,06:41:42,229
U6966,Nordwind,2024-07-25,16:01:13,124
FV6037,Rossiya,2024-09-12,23:34:14,241
SU2008,Nordwind,2025-07-27,09:53:15,123
S7652,Nordwind,2025-07-18,11:43:50,20
SU9174,S7 Airlines,2025-07-14,09:35:28,79
SU6052,S7 Airlines,2025-02-07,00:19:40,36
S73678,Red Wings,2025-09-13,19:04:02,92
DP3279,Nordwind,2024-01-08,22:27:08,2
FV655,Nordwind,2024-10-28,07:16:31,1
N46663,Utair,2025-06-03,23:22:22,281
SU3465,S7 Airlines,2024-06-21,16:00:11,203
U63354,Pobeda,2024-11-28,01:58:57,39
UT6313,Ural Airlines,2024-12-28,10:40:35,175
WZ1170,S7 Airlines,2025-03-27,02:07:18,28
WZ1387,Ural Airlines,2024-05-03,10:08:45,237
WZ1161,Pobeda,2025-01-09,21:33:01,6
U61390,Nordwind,2025-06-02,05:32:59,37
N46122,Pobeda,2024-04-22,23:29:22,37
DP7468,Red Wings,2025-09-17,18:30:03,288
SU1060,Pobeda,2025-06-18,00:53:46,108
WZ9300,Ural Airlines,2024-02-24,19:30:13,133
DP3914,Aeroflot,2025-10-10,20:40:15,54
U62330,Pobeda,2024-03-08,21:07:40,243
FV1522,Ural Airlines,2024-02-27,08:51:08,43
DP4867,S7 Airlines,2024-10-12,05:14:18,203
WZ4739,Nordwind,2025-12-17,11:01:48,35
WZ5594,Pobeda,2025-07-28,13:58:14,95
UT9078,Aeroflot,2025-10-10,04:13:18,149
U6557,Pobeda,2025-10-03,19:17:43,78
S75663,Pobeda,2024-01-05,13:03:10,192
S76631,Pobeda,2025-11-07,14:26:37,300
S74667,Nordwind,2024-09-08,17:34:17,233
DP9136,Ural Airlines,2025-03-16,01:57:10,128
WZ9134,Pobeda,2024-05-07,15:04:41,179
N43252,Nordwind,2025-05-07,13:30:28,235
N45091,Pobeda,2024-01-14,03:12:05,65
SU1936,Aeroflot,2024-12-15,05:59:51,279
DP9805,S7 Airlines,2025-02-05,16:32:25,10
SU1065,Red Wings,2025-04-26,23:14:45,249
S72986,Ural Airlines,2025-02-16,13:51:27,279
FV6798,Aeroflot,2024-06-19,19:20:12,153
FV6924,S7 Airlines,2024-08-09,18:06:10,267
N43350,Nordwind,2024-02-26,03:51:05,279
SU853,Utair,2024-06-03,02:00:29,93
FV5006,Nordwind,2025-02-15,22:35:57,293
DP9593,Ural Airlines,2025-10-22,15:42:45,193
S71366,Aeroflot,2024-11-26,21:45:39,225
N44715,Rossiya,2025-08-04,03:54:19,220
DP2297,Utair,2025-05-24,17:12:48,217
FV2870,Ural Airlines,2024-12-16,13:49:10,145
S74281,Aeroflot,2024-05-13,23:40:25,213
SU9382,Red Wings,2025-06-10,13:04:20,249
SU3883,Pobeda,2025-08-22,23:30:36,188
FV2826,Aeroflot,2024-06-02,17:39:58,226
S77289,Ural Airlines,2024-02-18,03:34:03,157
FV2818,Nordwind,2024-09-27,18:37:10,139
N47921,Rossiya,2025-06-19,07:23:30,25
FV5512,Nordwind,2024-11-09,23:05:05,115
SU6679,Ural Airlines,2025-12-11,01:01:31,32
N44828,Utair,2024-07-13,12:17:51,203
N44676,S7 Airlines,2025-08-18,11:04:15,263
FV6239,Ural Airlines,2025-12-09,14:18:45,123
UT2062,Nordwind,2025-07-03,08:31:49,217
FV1572,Ural Airlines,2024-08-27,04:03:29,278
WZ4394,Nordwind,2024-11-01,05:11:18,249
FV6872,S7 Airlines,2024-12-27,21:36:13,29
WZ9637,Pobeda,2025-10-16,22:19:31,169
S7718,Aeroflot,2024-02-08,08:31:19,95
FV1093,Utair,2025-05-23,13:19:32,174
DP5927,S7 Airlines,2025-08-26,13:59:03,94
FV6247,Rossiya,2024-12-17,20:26:39,15
DP8452,Red Wings,2024-01-13,23:28:11,36
S76122,Red Wings,2024-08-17,06:19:19,3
UT8416,Aeroflot,2025-11-02,08:29:01,80
N44796,Aeroflot,2025-04-22,08:22:57,98
UT7101,Red Wings,2024-06-24,14:15:23,227
U6428,Nordwind,2025-12-12,05:14:55,98
FV5461,Red Wings,2025-06-06,12:08:08,261
N49229,Red Wings,2025-06-28,09:47:05,141
WZ9887,Nordwind,2024-11-23,03:42:22,19
WZ4740,Red Wings,2025-01-24,05:12:48,126
U6709,Pobeda,2025-02-18,00:04:01,203
SU1156,Pobeda,2025-07-26,15:16:05,20
S74892,Rossiya,2025-09-24,16:57:14,72
UT3277,Nordwind,2024-07-07,23:42:07,263
UT6107,Rossiya,2024-02-08,19:51:07,104
FV2834,Pobeda,2025-12-10,06:27:29,204
FV8579,Aeroflot,2025-04-14,12:46:08,16
UT723,Rossiya,2024-02-12,12:14:34,226
SU6939,Red Wings,2025-04-28,02:50:29,191
S71970,Pobeda,2025-01-04,08:58:34,280
U6728,S7 Airlines,2025-07-01,03:50:34,26
DP8566,S7 Airlines,2024-02-21,20:50:41,93
WZ2609,Rossiya,2024-07-14,02:44:00,112
N49847,Aeroflot,2025-10-01,05:24:24,106
UT5972,Aeroflot,2024-04-07,16:14:29,89
U6515,Red Wings,2024-06-03,20:54:52,272
DP615,Pobeda,2025-08-03,14:23:01,112
N44834,S7 Airlines,2025-11-03,12:39:41,10
SU5564,Ural Airlines,2025-03-21,13:43:19,73
UT4206,Utair,2025-05-27,01:34:47,246
WZ2111,Pobeda,2024-03-27,07:38:07,18
S78743,S7 Airlines,2024-04-06,21:19:21,1
DP699,Aeroflot,2024-12-12,19:51:34,53
UT4211,Pobeda,2025-12-11,13:00:32,32
N4618,Utair,2024-04-28,19:35:45,71
WZ3661,Ural Airlines,2025-12-13,04:17:06,284
U67378,Ural Airlines,2025-09-03,11:05:06,91
WZ7631,Red Wings,2025-10-15,04:36:35,13
U63303,Utair,2025-10-25,22:29:50,89
WZ4689,Aeroflot,2025-01-25,15:02:02,152
N4792,Nordwind,2024-01-26,21:01:07,250
U63866,S7 Airlines,2024-05-14,16:53:21,15
S74079,S7 Airlines,2024-04-04,21:10:09,15
WZ8914,S7 Airlines,2024-10-11,18:29:00,125
S75802,Utair,2025-12-13,00:12:33,17
N4688,Nordwind,2025-01-05,00:03:56,228
U66550,Aeroflot,2025-03-03,12:16:13,39
UT9760,Red Wings,2025-06-17,06:13:39,215
DP1919,Rossiya,2024-09-10,20:48:17,32
UT5318,Utair,2025-03-10,10:46:27,140
FV9594,Aeroflot,2024-02-11,17:48:59,250
S74744,Rossiya,2024-05-25,00:04:11,256
DP8102,Utair,2025-09-21,22:16:52,206
FV7494,Red Wings,2025-12-12,03:28:16,34
S75559,Utair,2025-10-14,15:04:54,17
U6156,Aeroflot,2025-08-10,20:01:39,258
WZ8182,Pobeda,2024-09-27,13:12:20,116
DP2868,Nordwind,2025-01-09,05:06:56,124
N41930,Ural Airlines,2025-04-14,05:32:19,176
S77762,Pobeda,2024-06-09,10:47:34,196
WZ2661,Rossiya,2025-02-20,17:18:57,10
S76655,Red Wings,2024-03-23,10:48:44,86
DP9098,Rossiya,2024-09-21,19:58:02,289
DP6233,Aeroflot,2025-09-20,22:35:36,249
SU1783,Nordwind,2024-09-06,01:40:28,169
WZ9828,Aeroflot,2024-03-19,15:23:34,235
DP5014,Pobeda,2025-03-19,01:24:09,222
DP2159,Ural Airlines,2025-03-17,12:22:04,3
FV5533,Utair,2024-11-22,20:25:16,26
UT6811,Aeroflot,2025-12-23,17:43:52,274
UT7220,Nordwind,2025-10-15,21:38:54,120
U66975,Ural Airlines,2024-02-26,14:43:54,284
WZ805,Utair,2024-03-25,22:47:53,100
WZ1146,Utair,2025-04-28,12:56:21,20
UT181,Rossiya,2025-07-22,11:07:33,280
DP6855,Utair,2025-08-27,14:50:10,296
FV8168,Nordwind,2024-04-27,19:45:46,300
DP8809,Rossiya,2024-01-03,00:55:43,224
N47432,S7 Airlines,2025-06-19,23:28:31,31
SU6566,Utair,2025-02-15,06:11:30,9
U69166,Aeroflot,2024-12-05,17:16:38,179
N45377,Rossiya,2024-04-26,05:04:37,252
UT5207,Pobeda,2024-03-20,23:39:10,174
N42480,Ural Airlines,2025-07-28,23:16:13,243
UT4882,Pobeda,2025-10-27,15:35:54,114
S74336,Pobeda,2024-01-25,20:37:18,261
N47497,S7 Airlines,2025-03-14,17:21:06,104
FV5459,Pobeda,2025-11-04,23:47:50,139
UT6191,Ural Airlines,2025-08-25,10:02:11,202
SU9599,Aeroflot,2025-09-08,11:35:41,250
S79522,Red Wings,2025-03-11,15:00:32,118
WZ6671,Red Wings,2024-03-06,01:36:36,199
S77659,Aeroflot,2024-03-07,12:43:56,221
N43529,Pobeda,2025-09-15,03:36:08,250
FV3011,Ural Airlines,2024-01-27,11:34:55,298
WZ4629,Aeroflot,2024-03-28,15:22:28,171
DP9687,Pobeda,2024-09-06,01:29:13,139
S7606,Aeroflot,2025-11-05,09:06:26,103
DP8383,Rossiya,2025-05-14,00:13:04,201
N45454,Nordwind,2025-12-14,22:31:06,133
WZ3945,S7 Airlines,2024-02-25,08:52:10,9
S71291,Rossiya,2024-12-14,04:19:05,133
UT5206,Pobeda,2025-09-11,23:20:02,149
WZ2363,Rossiya,2025-03-16,16:46:08,188
N47052,S7 Airlines,2024-03-24,07:35:56,196
S74353,S7 Airlines,2024-06-18,04:15:00,156
DP6367,Utair,2025-05-15,07:43:53,21
FV3396,Nordwind,2025-04-09,08:57:09,59
UT2685,Pobeda,2025-08-22,23:04:26,42
FV5564,Red Wings,2024-01-01,23:02:19,140
UT415,Ural Airlines,2024-05-05,07:44:26,271
FV8434,S7 Airlines,2025-08-14,15:26:31,175
U68583,Red Wings,2025-04-06,09:22:01,178
WZ3086,Pobeda,2025-12-21,16:34:44,27
N43302,Rossiya,2024-09-05,14:17:12,172
DP5754,Utair,2025-12-23,01:44:29,151
N41594,Nordwind,2025-09-28,03:09:40,66
FV4936,Ural Airlines,2024-12-20,09:33:40,40
S78052,Utair,2025-07-24,20:56:20,101
N41520,Ural Airlines,2025-01-08,01:09:51,251
FV8408,Aeroflot,2025-04-16,00:23:50,85
SU7757,Ural Airlines,2025-05-11,01:38:18,238
FV2055,Ural Airlines,2025-11-16,18:14:06,219
UT6212,Red Wings,2024-06-05,12:50:29,200
SU5040,Nordwind,2024-09-16,22:07:12,149
U63719,Aeroflot,2024-02-15,06:46:09,15
FV5521,Nordwind,2025-07-10,23:37:10,237
U67444,Ural Airlines,2025-04-13,01:52:32,141
U69963,Rossiya,2024-04-20,17:41:05,146
S73202,Red Wings,2024-04-24,21:18:59,266
FV9886,S7 Airlines,2024-12-23,00:48:28,283
N49766,Aeroflot,2025-09-14,23:50:45,151
N4402,Utair,2024-05-10,13:05:35,177
UT5320,Pobeda,2025-08-23,22:16:53,275
FV355,S7 Airlines,2025-12-09,19:05:44,168
U6746,Aeroflot,2024-06-15,03:37:02,272
WZ5792,Utair,2025-11-16,18:24:32,277
SU9391,Rossiya,2025-12-22,18:24:07,13
S71382,Pobeda,2025-09-09,04:09:26,50
S77636,Nordwind,2024-01-22,07:31:20,168
N42611,Nordwind,2025-12-03,18:03:42,230
U61257,Utair,2024-07-16,16:57:01,93
FV3041,Rossiya,2025-08-24,04:42:57,169
N44029,Nordwind,2024-09-18,09:04:21,53
S7903,Rossiya,2025-12-03,01:16:37,51
N42585,S7 Airlines,2024-03-24,04:32:47,115
WZ8933,Utair,2025-12-14,23:12:54,143
WZ3023,Rossiya,2025-07-26,05:54:27,228
N49246,Utair,2025-02-10,16:40:04,271
N43539,Ural Airlines,2024-11-13,16:20:51,204
N43513,Ural Airlines,2025-08-27,15:07:56,213
S75043,S7 Airlines,2025-09-24,05:19:16,161
N48568,Ural Airlines,2024-10-11,23:18:27,190
UT3217,Ural Airlines,2024-12-23,15:36:46,171
SU1175,Red Wings,2024-10-24,11:51:31,250
U63126,Aeroflot,2024-08-19,09:32:26,115
S73975,Pobeda,2024-08-28,04:31:10,47
N49214,Utair,2024-05-06,12:46:54,153
SU2092,Pobeda,2024-12-06,07:46:01,41
N48318,Rossiya,2025-08-23,17:49:53,56
UT9494,S7 Airlines,2025-04-16,10:27:34,242
UT2284,Pobeda,2024-12-17,01:51:54,188
S76265,S7 Airlines,2025-01-06,23:50:29,126
FV6574,Pobeda,2024-11-20,13:26:20,216
WZ1239,Red Wings,2024-06-22,14:40:36,222
WZ6430,Aeroflot,2025-03-11,13:02:36,121
DP7173,Utair,2025-09-09,20:50:09,107
FV8613,Aeroflot,2024-10-27,04:35:11,18
UT2898,Ural Airlines,2025-07-23,11:41:46,209
SU4515,Ural Airlines,2024-07-19,03:58:18,79
U66350,S7 Airlines,2024-12-24,05:36:08,95
S73398,Nordwind,2025-11-08,00:56:57,92
FV2149,Rossiya,2025-11-27,10:22:47,67
S72335,Pobeda,2025-09-05,13:42:45,126
UT8340,S7 Airlines,2024-12-19,04:35:27,135
DP6290,Nordwind,2024-04-18,16:48:23,298
UT1220,Rossiya,2025-03-10,13:50:57,289
SU7908,Rossiya,2025-01-01,05:16:28,70
FV6361,Pobeda,2025-03-16,21:06:50,239
DP3611,Utair,2024-12-11,11:06:59,279
U64338,Rossiya,2025-11-15,19:24:47,15
WZ3320,S7 Airlines,2025-08-05,18:27:28,278
DP8198,Aeroflot,2025-12-01,13:20:47,251
SU4287,Ural Airlines,2025-06-27,08:29:22,211
WZ176,Aeroflot,2024-05-14,13:05:01,46
U68830,Rossiya,2024-05-02,09:22:45,204
DP281,Nordwind,2025-03-01,06:31:33,147
DP9018,Pobeda,2025-12-03,14:02:23,77
N47847,Pobeda,2024-03-16,23:12:19,51
UT9751,S7 Airlines,2024-02-17,02:29:29,102
WZ3602,Aeroflot,2025-12-21,18:27:47,108
U66892,Ural Airlines,2025-11-19,14:47:30,194
DP2815,S7 Airlines,2025-04-06,05:39:06,211
S7198,Pobeda,2024-03-04,17:44:12,291
SU6384,Ural Airlines,2025-08-17,00:54:39,111
FV9414,Ural Airlines,2024-12-12,04:49:10,285
U63035,Red Wings,2024-08-08,21:27:46,114
WZ2632,Rossiya,2024-01-04,02:47:48,281
FV9524,Nordwind,2024-01-01,00:25:24,202
N41423,Ural Airlines,2024-03-20,13:47:17,199
N48503,Nordwind,2024-12-25,05:52:25,85
UT5622,Rossiya,2024-01-26,06:34:47,261
FV689,Rossiya,2025-04-17,20:24:04,62
N41756,Red Wings,2025-06-05,06:51:35,279
S73423,Aeroflot,2025-03-28,16:54:14,0
WZ1539,Aeroflot,2024-07-24,22:37:56,259
SU5676,Rossiya,2025-03-25,08:33:12,75
S73009,Aeroflot,2025-07-26,18:38:19,44
DP3553,S7 Airlines,2025-10-05,08:43:27,274
WZ9923,S7 Airlines,2024-04-03,12:29:56,74
FV6581,Nordwind,2024-11-18,13:45:30,82
UT7835,Nordwind,2025-11-03,04:57:35,270
U65305,Utair,2024-12-22,20:21:58,127
SU7974,Nordwind,2024-11-03,06:59:45,261
DP6647,Utair,2024-04-22,20:58:42,79
WZ3483,Nordwind,2024-11-12,14:13:14,94
UT2398,Nordwind,2025-08-20,06:37:40,99
FV4088,Red Wings,2025-12-22,13:41:00,256
S78047,S7 Airlines,2024-04-09,21:12:44,37
N47765,S7 Airlines,2025-03-23,04:38:27,214
S76593,Aeroflot,2024-06-12,05:06:20,292
UT3850,Aeroflot,2024-09-01,06:01:33,24
SU2528,Nordwind,2024-10-19,02:44:34,51
U65264,Pobeda,2024-04-05,01:27:04,293
DP8095,Aeroflot,2024-06-07,06:56:21,169
U63899,S7 Airlines,2025-01-10,08:21:40,121
UT7949,Ural Airlines,2025-09-12,15:02:05,295
U61927,Pobeda,2025-11-19,00:49:21,294
FV9720,Aeroflot,2025-06-05,23:46:09,102
SU7491,Nordwind,2025-08-26,09:39:43,59
S79741,Ural Airlines,2025-08-11,20:43:31,17
U67085,Red Wings,2024-11-25,04:29:37,97
SU1859,Ural Airlines,2024-04-06,03:04:55,100
UT3310,Aeroflot,2025-03-27,16:52:39,115
U62691,Pobeda,2025-08-16,04:37:02,282
WZ8721,Red Wings,2025-06-17,00:30:43,34
UT8019,Utair,2024-11-18,17:46:29,93
S73769,Red Wings,2025-12-03,03:24:04,180
DP6714,Nordwind,2025-07-27,15:47:49,69
SU4806,Ural Airlines,2025-09-04,16:15:43,189
U65905,Pobeda,2025-02-09,10:07:29,190
S72112,S7 Airlines,2024-03-12,18:08:43,59
SU8925,S7 Airlines,2025-03-28,21:16:24,67
WZ6817,Aeroflot,2024-04-11,22:45:23,217
UT4979,Aeroflot,2024-11-08,22:03:36,222
U68879,Pobeda,2025-09-10,05:04:52,257
FV565,Nordwind,2024-10-14,06:50:02,67
S7639,Rossiya,2025-08-23,04:30:08,19
DP6843,Rossiya,2025-11-04,18:43:41,76
S77725,Pobeda,2024-02-12,09:22:57,167
S79257,Nordwind,2024-02-26,14:54:34,228
SU7198,S7 Airlines,2024-10-05,17:57:38,233
WZ2802,Nordwind,2024-12-15,12:17:15,35
SU8569,Nordwind,2025-02-01,10:06:56,99
SU2584,S7 Airlines,2024-07-05,14:50:07,90
U64479,Rossiya,2025-11-28,02:17:02,229
S76459,S7 Airlines,2024-12-27,17:04:27,229
DP5760,Red Wings,2024-03-28,13:11:11,135
SU2216,Pobeda,2024-10-08,00:17:08,192
UT2861,S7 Airlines,2024-09-25,14:38:54,201
UT9102,Nordwind,2024-11-02,16:26:09,61
UT8348,Ural Airlines,2025-07-01,01:13:30,236
FV9583,S7 Airlines,2025-03-11,20:03:13,292
UT8125,Utair,2025-06-08,07:01:46,151
FV8144,Utair,2025-09-08,08:34:13,14
U65704,Red Wings,2024-06-13,11:24:45,223
N44353,Aeroflot,2025-08-28,15:33:39,101
N46060,Utair,2025-03-24,21:57:46,127
S77116,Ural Airlines,2025-09-07,15:10:46,223
WZ7089,Utair,2025-12-22,23:43:26,290
N4520,Rossiya,2025-09-01,00:57:27,7
S71989,Red Wings,2025-11-02,18:09:22,224
DP838,S7 Airlines,2025-05-02,08:33:57,177
SU1537,Nordwind,2025-11-16,11:59:57,234
SU8777,Red Wings,2024-03-08,12:37:22,119
U68465,Pobeda,2024-06-23,04:18:41,231
SU3762,S7 Airlines,2025-11-11,22:18:23,206
UT9629,Aeroflot,2024-05-11,00:52:54,41
DP2137,Utair,2024-02-10,18:00:56,274
WZ7769,Red Wings,2025-06-14,07:01:19,264
DP6222,Red Wings,2025-02-19,08:56:44,79
U65674,Utair,2024-10-27,12:32:06,54
WZ7559,Red Wings,2025-11-16,11:00:18,214
FV2053,Aeroflot,2024-07-25,16:27:09,62
N48505,Ural Airlines,2024-04-21,11:54:52,8
U65000,Rossiya,2024-09-03,23:54:46,258
DP9636,S7 Airlines,2025-06-11,06:14:28,194
N4147,Ural Airlines,2025-11-16,05:27:21,228
SU7329,Utair,2025-05-25,14:06:19,97
DP2566,Red Wings,2025-09-17,17:12:04,141
SU3684,Rossiya,2024-12-10,12:38:05,33
S73646,Nordwind,2025-07-09,08:48:47,182
S7311,Nordwind,2025-08-25,17:51:14,154
DP6971,Utair,2024-09-18,03:59:12,152
UT3809,S7 Airlines,2024-04-08,16:20:05,45
DP3071,Red Wings,2025-06-28,11:23:29,100
U62740,S7 Airlines,2025-03-21,07:44:29,177
N43898,Pobeda,2024-08-06,09:46:23,104
S71142,Ural Airlines,2024-10-01,03:04:38,214
SU5404,Rossiya,2024-04-17,17:38:49,193
UT9321,Aeroflot,2025-05-05,20:34:00,113
WZ1966,Rossiya,2024-10-17,18:10:09,169
WZ2358,S7 Airlines,2024-03-11,10:02:20,28
UT3546,Pobeda,2024-07-26,07:22:35,52
FV2591,S7 Airlines,2024-12-20,22:54:29,211
FV5847,Red Wings,2025-06-22,03:41:15,69
N46375,Pobeda,2024-05-23,23:15:00,255
FV5086,Ural Airlines,2025-08-09,15:41:52,10
S72943,Pobeda,2025-12-06,19:26:28,91
DP7748,Utair,2025-08-20,02:20:54,140
DP4187,Utair,2025-02-02,06:54:24,111
U65683,Pobeda,2025-11-06,05:31:28,175
U63165,Aeroflot,2025-10-11,10:51:29,53
N46969,Ural Airlines,2025-01-28,18:39:02,168
WZ4119,Rossiya,2024-02-06,12:38:32,98
WZ6858,Pobeda,2025-04-25,11:26:59,154
SU7250,S7 Airlines,2024-10-20,17:21:05,32
N44835,Red Wings,2025-04-01,13:22:26,108
FV1354,Utair,2024-03-10,17:04:42,216
UT655,S7 Airlines,2024-03-03,08:58:20,286
UT4950,S7 Airlines,2024-06-05,21:19:38,104
FV2112,Rossiya,2025-02-20,02:12:15,40
DP8491,Pobeda,2024-07-26,22:22:13,29
N47960,Ural Airlines,2024-06-07,08:57:46,278
WZ3796,Ural Airlines,2025-02-16,03:47:46,88
UT2808,Red Wings,2024-01-27,04:29:17,191
SU7222,Aeroflot,2024-11-04,10:45:12,67
SU2340,Red Wings,2025-06-10,04:37:21,291
UT4747,Ural Airlines,2024-09-21,20:08:46,4
N46391,Pobeda,2024-03-04,08:22:31,267
S72938,Utair,2025-03-19,01:27:20,133
WZ6704,Pobeda,2025-10-03,14:46:28,119
UT3209,S7 Airlines,2025-07-02,01:23:56,141
SU4156,Nordwind,2024-12-01,23:10:41,116
SU7658,Rossiya,2024-09-10,22:06:54,183
UT3960,Nordwind,2024-09-08,02:10:52,52
S78027,Ural Airlines,2025-02-01,07:52:18,221
WZ2778,Pobeda,2024-01-17,12:35:22,188
DP3768,Red Wings,2024-05-18,16:03:31,156
N47516,S7 Airlines,2024-09-18,12:29:43,79
UT220,Rossiya,2024-04-15,09:02:13,256
FV5840,Pobeda,2025-04-04,17:15:43,184
N48090,Nordwind,2024-06-21,19:56:40,55
DP3120,S7 Airlines,2024-09-01,21:24:37,63
FV9250,Rossiya,2024-11-26,12:15:21,175
N45437,S7 Airlines,2024-01-11,13:06:48,106
N46572,Ural Airlines,2024-04-14,19:24:24,59
S72788,Nordwind,2024-01-11,16:27:39,211
SU7061,Pobeda,2025-02-03,18:35:48,49
N49678,Rossiya,2025-05-21,11:19:49,164
S74811,Rossiya,2024-01-03,23:00:24,62
SU1105,Aeroflot,2025-08-05,20:10:56,220
FV7922,S7 Airlines,2025-12-18,06:49:52,109
S76571,S7 Airlines,2025-07-02,14:13:01,237
N41358,Ural Airlines,2024-12-16,10:00:13,199
UT1986,Ural Airlines,2025-12-19,14:50:26,226
WZ9647,Ural Airlines,2024-11-08,02:19:21,234
N43443,Pobeda,2025-07-16,14:48:48,44
FV7151,Pobeda,2025-11-16,14:40:56,35
SU2960,Pobeda,2024-12-07,15:15:39,173
SU6221,Nordwind,2024-06-20,15:04:43,296
U61092,Utair,2024-04-18,17:54:52,165
WZ6545,Red Wings,2024-10-28,08:51:58,148
WZ1705,Pobeda,2024-05-08,01:49:54,166
S75790,Utair,2024-02-24,08:47:05,29
UT9144,Ural Airlines,2024-03-19,05:44:57,188
FV8825,Ural Airlines,2025-11-17,08:19:48,48
N44623,Utair,2024-06-01,07:40:22,157
S71175,Utair,2025-07-05,20:24:14,63
FV3537,Pobeda,2024-12-11,23:04:48,294
SU3806,Aeroflot,2024-10-05,07:25:53,94
UT772,Utair,2025-01-24,03:33:56,12
U67528,Ural Airlines,2024-10-09,13:10:59,62
DP2927,S7 Airlines,2025-11-24,15:25:56,58
U66749,Pobeda,2024-04-27,18:43:24,0
FV8238,Rossiya,2024-05-10,02:30:14,235
UT9580,Ural Airlines,2025-07-17,02:57:44,108
U65338,S7 Airlines,2025-05-09,18:41:01,134
S76808,Utair,2025-10-19,11:02:29,140
UT2942,S7 Airlines,2024-04-13,20:03:18,221
WZ3310,Aeroflot,2025-08-06,08:20:55,183
UT3256,Nordwind,2025-08-25,06:50:30,171
DP8589,Utair,2025-03-27,05:47:38,269
N41912,Aeroflot,2024-08-18,10:33:08,93
WZ4375,Nordwind,2024-08-21,14:54:37,77
WZ3148,Ural Airlines,2025-04-20,09:21:45,283
FV1695,Utair,2024-05-17,09:48:14,104
N42825,Pobeda,2025-08-12,15:11:39,258
N41054,Red Wings,2025-08-17,00:23:05,5
WZ1700,Pobeda,2024-09-02,12:48:15,36
U6252,Nordwind,2024-07-20,08:18:31,264
U64120,Ural Airlines,2025-05-16,23:47:54,91
UT1305,Aeroflot,2024-08-27,18:18:27,2
SU4106,Rossiya,2024-04-26,10:40:45,194
DP7948,Ural Airlines,2024-08-25,12:53:25,105
N41773,S7 Airlines,2025-05-07,09:25:32,80
FV4558,Nordwind,2024-08-06,22:29:29,99
SU2538,Rossiya,2024-07-08,05:21:50,267
WZ3797,Rossiya,2025-06-21,10:12:16,15
FV4859,Rossiya,2024-09-10,08:46:02,156
FV8535,Utair,2024-10-15,16:50:52,72
N49252,Rossiya,2024-06-17,03:24:38,82
S79027,Aeroflot,2025-01-26,16:26:37,90
UT3072,Red Wings,2024-07-26,13:11:13,128
FV4169,Rossiya,2024-11-02,13:37:19,158
S79280,Utair,2025-11-18,16:29:00,76
WZ4203,Rossiya,2025-12-14,01:47:32,289
SU9789,Nordwind,2024-07-25,21:30:49,132
SU6749,Pobeda,2024-07-07,01:41:27,113
DP4651,Aeroflot,2025-03-01,03:20:15,177
U61874,Utair,2024-05-20,10:34:32,109
DP9519,Ural Airlines,2025-02-23,05:26:30,242
SU2656,Aeroflot,2025-03-27,02:30:39,45
DP7476,Aeroflot,2024-07-06,01:03:17,35
SU8730,Utair,2024-01-23,02:55:51,32
FV9657,Red Wings,2025-05-24,01:35:31,221
N45553,Ural Airlines,2024-04-05,10:48:33,234
WZ630,Ural Airlines,2025-04-15,12:25:27,184
FV3278,Rossiya,2024-06-06,11:15:59,45
UT2610,Aeroflot,2025-07-19,22:01:42,85
N45939,Aeroflot,2025-05-04,22:23:04,155
S76944,Pobeda,2024-07-20,20:30:18,4
UT2859,Ural Airlines,2025-07-23,20:37:46,88
N4726,Rossiya,2025-08-11,00:16:13,237
S7666,Nordwind,2024-05-12,12:12:22,247
N49961,Ural Airlines,2024-11-10,01:41:45,130
DP283,Ural Airlines,2025-10-22,18:00:30,71
WZ808,Rossiya,2024-09-27,06:57:33,272
UT2231,Red Wings,2025-11-11,20:13:46,130
S79931,Aeroflot,2025-05-13,05:13:25,84
WZ6321,Nordwind,2025-02-16,03:17:14,287
SU2479,Red Wings,2025-06-12,11:15:00,252
WZ385,Utair,2024-04-10,04:51:21,240
U65150,Rossiya,2025-11-21,07:32:30,167
N42752,Aeroflot,2025-01-02,19:46:37,165
U62000,Rossiya,2024-04-19,01:10:51,164
U61360,Pobeda,2024-06-07,18:30:31,181
S7669,Ural Airlines,2025-04-28,12:33:25,96
FV5925,Rossiya,2025-12-28,17:24:31,145
S79286,Pobeda,2024-08-17,11:05:19,283
U69076,Aeroflot,2025-12-03,16:43:17,20
DP6640,S7 Airlines,2025-01-02,00:27:42,201
DP288,Ural Airlines,2024-03-19,19:06:13,238
N45526,Red Wings,2024-11-19,18:48:44,181
FV4406,Pobeda,2025-05-25,08:42:50,72
FV5935,Utair,2024-07-06,22:43:52,31
SU3436,S7 Airlines,2025-06-03,21:57:13,84
UT6929,Red Wings,2024-04-13,03:28:00,12
S79226,Aeroflot,2025-01-17,03:52:55,177
FV2231,Red Wings,2025-04-07,22:56:28,176
UT6346,Rossiya,2024-04-01,07:25:54,204
S71502,Utair,2025-11-04,09:53:05,150
S73405,Pobeda,2025-01-21,21:50:50,112
WZ5505,Pobeda,2025-05-15,14:40:57,214
U63807,Nordwind,2024-01-24,23:18:14,75
S77048,Nordwind,2024-09-26,00:50:22,56
U69540,Aeroflot,2025-11-28,09:15:28,203
UT8989,Pobeda,2024-04-07,14:33:06,24
UT731,Utair,2025-05-09,03:27:36,238
SU6109,Nordwind,2025-08-25,03:35:33,33
U6173,Aeroflot,2025-12-24,19:29:17,129
WZ9252,Rossiya,2025-08-09,22:36:21,226
U63370,S7 Airlines,2024-09-16,12:01:52,243
FV9125,Aeroflot,2024-10-15,05:34:43,66
N46122,Aeroflot,2024-04-07,08:16:14,55
DP9868,Red Wings,2025-02-23,11:20:34,84
N4455,S7 Airlines,2024-02-25,22:12:15,143
S76373,Red Wings,2024-07-09,18:51:53,1
U61727,Ural Airlines,2024-07-28,09:00:42,117
UT7236,S7 Airlines,2024-05-06,18:47:58,73
FV9591,Utair,2024-11-05,08:27:09,170
U69439,Red Wings,2024-02-28,05:07:19,197
U63848,Utair,2024-09-23,15:03:50,280
N4243,Aeroflot,2025-06-03,04:56:03,252
S78150,S7 Airlines,2025-09-17,22:26:43,156
N43653,Nordwind,2024-09-06,17:26:11,173
WZ9261,Red Wings,2024-04-18,10:16:21,74
DP2455,Aeroflot,2025-03-14,11:19:30,97
U65157,S7 Airlines,2024-05-24,00:19:45,71
S75969,Ural Airlines,2024-06-11,08:41:59,26
WZ7114,Nordwind,2024-09-08,10:14:23,32
DP4995,Ural Airlines,2025-11-04,11:47:25,216
N48832,Utair,2025-01-14,22:02:59,125
S75993,Nordwind,2025-07-06,19:42:52,13
FV4958,Red Wings,2024-04-14,18:37:29,229
DP8747,Ural Airlines,2025-02-26,00:38:02,1
U65763,Pobeda,2024-03-08,12:01:34,115
SU8269,Nordwind,2024-06-25,10:55:56,108
U61097,Nordwind,2025-06-22,17:12:12,126
UT5189,Nordwind,2025-09-12,10:44:45,94
UT8431,Aeroflot,2025-05-26,03:27:35,222
U61829,Rossiya,2025-04-20,21:02:16,50
N43093,Aeroflot,2025-04-25,09:04:50,162
U62216,Aeroflot,2024-06-19,23:39:57,175
FV2909,Rossiya,2024-07-05,09:41:57,79
DP7481,S7 Airlines,2025-11-05,13:16:55,7
SU7283,Ural Airlines,2024-01-05,06:34:20,214
DP4955,Aeroflot,2025-11-02,21:21:16,39
SU925,Aeroflot,2025-10-17,17:20:30,122
DP580,Red Wings,2024-12-10,20:02:34,14
UT8990,Pobeda,2024-10-09,17:42:43,247
UT6549,S7 Airlines,2025-04-17,07:45:18,82
U64860,Nordwind,2025-01-25,21:27:55,61
S78409,Ural Airlines,2025-03-27,12:05:09,9
N41956,Rossiya,2024-11-06,17:00:07,52
N41912,Ural Airlines,2024-02-20,04:59:22,118
FV9050,S7 Airlines,2024-07-08,10:20:34,138
WZ1352,Nordwind,2024-10-03,15:07:26,8
FV9177,Pobeda,2025-07-24,13:30:34,275
U64423,Nordwind,2025-06-24,16:22:39,117
DP6087,Aeroflot,2024-05-28,18:33:49,89
U65715,Ural Airlines,2024-06-13,03:03:08,255
FV8070,Aeroflot,2024-06-10,11:28:25,103
UT9605,Pobeda,2024-05-27,00:37:03,20
U67339,Utair,2025-06-15,06:04:31,16
U69695,Pobeda,2025-08-10,22:00:14,94
FV6847,Utair,2024-01-17,00:46:48,129
FV8786,Ural Airlines,2025-01-20,17:56:07,75
WZ3395,Rossiya,2025-02-14,08:17:29,147
FV1798,Aeroflot,2024-06-14,07:09:59,93
UT7575,Ural Airlines,2025-04-05,19:29:38,15
WZ3997,Utair,2024-10-01,14:52:41,106
WZ3920,Red Wings,2024-07-03,15:35:01,282
S74334,Pobeda,2025-11-13,23:08:41,66
S74563,Pobeda,2024-02-15,20:59:57,278
S71745,Rossiya,2024-11-18,21:36:03,79
N49598,Aeroflot,2025-02-25,16:44:45,118
UT8472,Rossiya,2025-04-05,10:38:51,112
UT8301,Rossiya,2025-01-14,15:47:43,176
UT8411,Rossiya,2024-02-09,23:41:10,8
UT5793,Pobeda,2025-08-09,03:12:45,74
SU4759,Red Wings,2025-07-07,04:54:12,85
UT6435,Utair,2025-12-24,02:48:26,80
DP6287,Aeroflot,2024-02-05,08:23:40,119
FV6548,Aeroflot,2025-07-05,14:46:52,185
UT4498,Aeroflot,2025-11-17,14:26:30,282
UT3638,Ural Airlines,2024-11-15,13:00:18,158
DP9724,Ural Airlines,2024-02-21,06:46:49,269
UT3036,Pobeda,2025-04-05,07:08:10,164
U67582,Rossiya,2025-04-04,16:57:59,11
UT6569,Red Wings,2024-09-24,05:26:09,8
U61097,Aeroflot,2025-06-13,11:53:36,6
N45917,Ural Airlines,2025-01-21,21:04:53,163
WZ479,S7 Airlines,2024-06-21,19:10:26,71
SU7794,Red Wings,2025-03-13,08:38:23,128
DP9613,Red Wings,2025-09-25,08:04:26,130
WZ9961,Nordwind,2024-05-27,10:47:55,188
WZ2277,Utair,2024-09-11,17:02:17,24
N4732,Aeroflot,2025-03-20,05:10:26,149
N49690,Pobeda,2024-11-16,08:41:36,171
N46487,Pobeda,2024-11-20,19:33:40,131
WZ5123,Pobeda,2025-11-01,14:37:21,220
N44204,Pobeda,2025-11-21,22:59:05,232
WZ3428,Nordwind,2025-10-22,13:16:08,33
WZ8569,Aeroflot,2024-10-26,07:52:09,147
S77388,Pobeda,2025-05-08,21:27:37,269
N45708,Pobeda,2025-03-18,10:57:31,70
FV2519,S7 Airlines,2024-10-12,06:58:55,267
UT7936,Red Wings,2025-05-16,07:49:28,130
S76376,Red Wings,2025-06-09,13:58:53,109
N41477,S7 Airlines,2024-06-26,16:56:43,210
S75499,Red Wings,2025-12-21,13:16:27,288
S7421,Red Wings,2024-09-02,13:35:33,53
S77189,Ural Airlines,2024-04-16,04:10:01,215
UT2017,Pobeda,2024-01-26,08:51:37,130
N4252,Utair,2024-11-18,08:35:44,168
N43341,Red Wings,2025-11-11,04:30:33,211
SU7769,Red Wings,2024-05-28,11:21:50,211
S79100,Pobeda,2024-10-23,18:42:34,54
UT8025,Rossiya,2025-07-25,23:22:39,240
DP3364,Rossiya,2025-02-09,01:15:29,70
DP8636,Pobeda,2025-02-21,18:29:22,181
UT8706,Rossiya,2024-06-25,07:11:17,240
FV8231,Aeroflot,2025-11-21,11:20:45,255
WZ7673,Ural Airlines,2025-07-26,05:15:39,88
S71484,Rossiya,2024-01-22,04:38:36,121
N46281,Pobeda,2024-12-23,16:30:11,40
U62872,S7 Airlines,2025-04-13,15:31:44,64
U68707,Red Wings,2025-01-10,04:07:02,202
U67291,Pobeda,2025-04-15,09:59:34,145
N46684,Red Wings,2025-12-17,01:38:18,286
U67543,Aeroflot,2024-11-18,03:56:28,114
SU9022,S7 Airlines,2025-10-03,22:03:29,188
DP9793,Ural Airlines,2024-02-18,22:07:26,275
UT8656,S7 Airlines,2024-12-06,05:33:28,275
S73841,Rossiya,2025-11-18,01:31:43,254
DP4431,Nordwind,2024-11-17,16:03:28,50
S7600,Aeroflot,2025-01-24,17:38:23,156
U65181,Ural Airlines,2025-05-02,22:08:28,167
DP7667,Aeroflot,2025-08-14,16:14:30,253
SU905,Ural Airlines,2025-05-07,20:55:07,150
N45664,Aeroflot,2024-08-21,08:54:48,2
FV4161,Rossiya,2025-04-26,01:08:11,76
DP7526,S7 Airlines,2025-06-23,21:15:55,35
U64329,S7 Airlines,2024-06-25,21:50:58,219
N49767,S7 Airlines,2024-08-27,23:14:39,155
SU1207,Aeroflot,2025-07-05,21:37:02,24
U64205,Nordwind,2024-10-18,11:19:12,251
SU7807,Utair,2024-08-02,22:19:42,257
WZ1051,Utair,2025-06-28,12:34:14,227
UT3238,Pobeda,2025-08-15,07:02:52,27
SU2847,Rossiya,2025-01-21,21:18:28,228
U6914,Aeroflot,2025-02-26,04:28:28,22
U64310,Ural Airlines,2024-06-21,08:39:03,16
WZ3022,Pobeda,2024-03-19,20:22:50,243
DP8517,Pobeda,2024-08-06,22:23:23,229
UT7400,Ural Airlines,2024-06-19,17:37:13,68
DP1174,Pobeda,2025-11-01,07:30:34,212
U67600,Red Wings,2025-06-26,02:19:19,62
FV9756,Nordwind,2025-05-01,21:49:11,152
N48245,Pobeda,2024-08-18,05:25:36,190
WZ3027,Nordwind,2025-01-03,05:21:57,258
S74104,Nordwind,2025-12-01,13:21:27,73
DP4800,S7 Airlines,2024-10-09,13:18:11,184
N48652,Ural Airlines,2025-04-27,01:08:12,84
UT1867,Aeroflot,2025-09-08,16:30:57,145
UT2206,Aeroflot,2024-11-11,00:33:40,254
S78245,Red Wings,2025-07-05,09:44:08,7
WZ2921,Rossiya,2024-10-17,19:04:47,247
DP9171,Aeroflot,2025-11-20,10:04:42,38
U6787,Rossiya,2025-05-10,21:59:07,260
UT8607,S7 Airlines,2025-12-13,05:00:57,158
FV5741,Pobeda,2025-02-22,17:53:43,274
U63906,S7 Airlines,2025-10-04,21:21:33,205
N47945,Utair,2025-10-27,05:38:54,99
DP8304,S7 Airlines,2025-12-09,10:20:07,61
S74758,Nordwind,2024-08-11,22:23:33,130
SU8229,Ural Airlines,2025-06-08,20:28:11,269
FV9655,Aeroflot,2025-05-23,04:44:20,164
U65034,Nordwind,2024-02-13,13:48:03,181
FV2472,Red Wings,2024-11-22,18:42:19,203
DP2532,Red Wings,2024-03-20,08:17:50,20
N44676,Aeroflot,2025-02-17,21:17:37,156
SU7282,Aeroflot,2025-08-23,13:47:57,92
SU3714,S7 Airlines,2024-10-20,16:53:57,160
S78241,Ural Airlines,2024-04-26,20:43:11,201
U68724,Red Wings,2025-12-01,10:32:06,296
U64126,Utair,2025-07-07,13:07:14,101
S77434,S7 Airlines,2024-02-09,12:32:18,51
SU6388,Aeroflot,2025-06-21,19:28:16,18
U65151,Nordwind,2024-04-02,04:33:34,183
U63409,Nordwind,2025-10-13,14:58:35,272
DP9870,Aeroflot,2024-08-19,17:49:21,300
N49806,S7 Airlines,2024-12-13,21:15:19,76
UT5001,Ural Airlines,2025-05-18,22:42:02,181
DP8359,Ural Airlines,2024-05-02,11:04:09,29
DP6480,Pobeda,2025-06-05,11:54:02,58
S71541,Aeroflot,2025-04-11,19:05:26,224
U64715,Rossiya,2024-11-10,07:29:41,135
SU8416,Ural Airlines,2025-06-13,12:47:59,229
U66189,Rossiya,2025-06-21,21:39:47,145
WZ7375,Nordwind,2024-02-03,23:20:50,160
S77330,Nordwind,2025-12-23,19:18:23,154
N49841,Aeroflot,2024-11-16,02:03:51,196
S71818,Nordwind,2024-06-15,14:33:52,247
SU9349,Utair,2024-06-07,01:33:49,162
S77875,Ural Airlines,2025-02-16,14:10:40,278
UT363,Rossiya,2024-03-10,00:46:59,187
N41039,Rossiya,2024-10-27,23:30:50,16
WZ6908,Pobeda,2025-04-03,21:38:32,115
WZ7872,Utair,2024-09-16,07:23:11,272
SU3399,Red Wings,2024-02-07,17:11:55,34
UT4425,Rossiya,2024-04-13,23:39:04,296
WZ5783,Red Wings,2024-03-22,08:40:15,33
SU1402,Rossiya,2024-03-03,00:48:16,8
DP611,Nordwind,2025-05-17,23:15:16,58
N45121,Nordwind,2024-12-19,12:26:04,280
FV5232,Aeroflot,2025-09-21,16:11:53,86
N42449,Aeroflot,2024-09-22,07:20:22,123
DP677,Red Wings,2025-09-04,15:57:10,19
WZ8836,Nordwind,2025-10-01,23:23:51,254
FV7310,Aeroflot,2025-09-26,11:25:31,29
DP738,Rossiya,2024-07-28,15:55:49,247
WZ5539,Ural Airlines,2025-11-25,19:22:24,172
SU4277,S7 Airlines,2024-07-25,05:57:31,20
U69599,Aeroflot,2024-02-02,08:23:50,24
DP7256,Aeroflot,2024-03-27,20:39:54,266
UT6808,Rossiya,2024-10-11,15:26:43,11
N42001,Ural Airlines,2024-09-22,23:21:52,161
DP6127,Ural Airlines,2024-02-18,19:05:38,290
UT2027,Rossiya,2025-04-05,04:21:32,187
N46037,S7 Airlines,2025-02-08,04:37:35,255
SU3830,Red Wings,2025-12-18,20:35:28,46
N48936,Pobeda,2024-09-08,00:02:30,186
WZ8551,Red Wings,2024-07-21,05:31:37,54
UT8216,Nordwind,2025-10-01,02:53:54,124
SU9632,Nordwind,2024-12-18,08:01:37,298
DP8787,Ural Airlines,2025-12-10,11:08:41,224
WZ9780,Ural Airlines,2025-04-04,19:23:21,19
S75299,Rossiya,2024-10-17,17:55:11,121
UT4958,Red Wings,2025-06-17,19:15:01,15
WZ9698,Pobeda,2024-05-04,21:16:11,20
FV8125,Nordwind,2024-10-26,01:30:23,236
U6157,Red Wings,2025-08-18,20:05:46,272
U62675,Utair,2024-09-01,20:57:51,242
SU2136,S7 Airlines,2025-02-09,00:30:59,210
U69259,Aeroflot,2024-08-26,19:15:18,133
WZ3611,Utair,2025-05-07,11:15:56,240
DP9728,S7 Airlines,2024-04-09,07:21:07,25
N48273,Aeroflot,2025-02-28,08:01:19,173
WZ2691,Nordwind,2024-11-20,01:16:34,90
S75480,S7 Airlines,2024-11-15,16:32:22,93
DP612,Pobeda,2025-10-04,03:13:14,223
DP5831,Ural Airlines,2024-04-13,23:22:36,297
S76452,Red Wings,2025-09-09,16:17:52,275
DP3384,Red Wings,2025-11-18,08:31:04,76
U6228,S7 Airlines,2025-01-03,16:19:01,67
UT5732,Nordwind,2025-12-17,17:51:32,189
UT2892,Utair,2024-10-21,08:57:32,227
N43820,Ural Airlines,2025-07-18,00:10:20,175
N49167,Pobeda,2024-06-25,03:44:49,153
DP3194,Aeroflot,2024-02-01,01:03:33,148
SU598,Red Wings,2025-03-14,16:11:13,287
UT751,Utair,2025-12-13,07:29:09,156
N42248,Pobeda,2024-04-16,09:35:31,93
DP1614,Aeroflot,2025-06-28,00:11:20,273
S73156,Ural Airlines,2024-01-17,21:37:46,186
WZ3306,Aeroflot,2025-12-05,19:35:46,53
FV1414,Rossiya,2025-11-04,18:49:57,237
UT9199,Ural Airlines,2025-08-27,22:12:24,44
UT363,S7 Airlines,2024-06-19,05:27:23,120
S71315,Pobeda,2025-09-04,14:17:01,253
FV9083,Nordwind,2024-01-02,08:09:33,125
SU5551,S7 Airlines,2025-11-21,21:05:38,203
WZ2226,Utair,2024-08-18,23:47:19,160
U6277,Red Wings,2024-10-16,05:53:40,114
DP2536,S7 Airlines,2024-06-05,07:16:25,242
UT5471,Ural Airlines,2024-06-05,01:14:40,124
U66708,Utair,2025-10-14,21:00:27,68
SU2548,Rossiya,2025-11-03,22:56:33,262
SU4057,Ural Airlines,2025-07-05,02:32:14,294
UT9094,Red Wings,2024-08-05,07:27:29,12
FV8999,Rossiya,2025-06-20,04:38:24,53
S79423,S7 Airlines,2025-07-13,09:08:24,289
S72788,Ural Airlines,2025-11-05,01:02:15,151
N48312,Utair,2024-11-11,01:57:52,249
S77881,Nordwind,2025-09-10,06:58:59,38
UT3476,Utair,2025-10-04,06:07:49,198
DP4205,Utair,2024-03-25,23:24:13,230
WZ7598,Ural Airlines,2025-09-12,15:09:47,106
DP622,S7 Airlines,2025-10-26,15:42:42,198
U66263,Pobeda,2025-01-21,13:29:17,189
SU8903,Utair,2024-04-09,01:57:21,229
N43973,Ural Airlines,2024-10-11,05:41:32,88
WZ6078,Nordwind,2024-06-22,06:11:29,199
S79074,Aeroflot,2024-12-18,18:44:00,33
DP2042,Rossiya,2024-07-15,07:51:42,117
DP7564,Red Wings,2024-09-04,13:07:44,41
U63547,Aeroflot,2024-05-04,05:27:41,61
N46064,Rossiya,2025-11-25,13:05:57,161
U66615,Ural Airlines,2024-02-05,18:53:54,1
FV1753,Pobeda,2024-09-25,10:38:02,150
N47251,Red Wings,2024-11-24,21:31:24,93
N44829,Rossiya,2025-07-18,14:21:07,197
FV7665,Nordwind,2025-07-21,10:15:12,96
S73288,Nordwind,2025-08-28,02:40:15,76
S78828,Red Wings,2025-04-21,14:33:19,184
WZ8507,S7 Airlines,2024-01-02,17:17:57,158
FV8666,Rossiya,2024-04-20,05:14:49,112
U66939,Nordwind,2025-08-26,16:04:44,263
S75935,Pobeda,2025-09-22,08:34:54,130
WZ5498,Aeroflot,2025-01-07,08:53:15,266
DP1182,S7 Airlines,2025-04-16,01:32:10,4
SU3434,Pobeda,2025-06-27,01:22:54,11
SU2035,Ural Airlines,2024-03-06,09:04:26,15
DP8982,Rossiya,2024-08-28,10:27:01,235
DP7698,Utair,2025-01-06,01:58:12,281
SU6061,Red Wings,2024-10-13,09:11:59,259
FV8116,Red Wings,2025-04-16,23:42:20,253
U69131,Aeroflot,2024-01-25,10:01:19,202
FV5949,S7 Airlines,2024-07-23,05:56:12,106
N44518,Utair,2024-08-21,17:33:17,194
S71947,Aeroflot,2024-12-06,03:50:44,269
FV7513,Nordwind,2024-12-18,00:13:31,293
SU2184,Nordwind,2025-09-20,02:10:12,38
SU9034,Aeroflot,2024-05-16,04:05:19,180
WZ7245,S7 Airlines,2024-09-08,14:33:06,94
DP7483,Nordwind,2025-07-18,02:38:11,186
WZ7314,Utair,2025-11-27,12:31:47,169
N47740,S7 Airlines,2024-10-21,09:31:12,196
UT5020,Aeroflot,2025-01-09,01:22:00,254
SU5892,Ural Airlines,2025-03-10,01:27:43,89
SU9183,S7 Airlines,2025-02-13,11:25:52,185
N44408,Red Wings,2024-06-14,18:50:14,38
WZ242,Nordwind,2025-10-21,04:57:59,71
S75432,Utair,2025-06-04,06:00:49,265
U62571,Ural Airlines,2025-03-12,18:01:17,128
DP2514,Pobeda,2025-05-14,10:20:45,65
FV239,Pobeda,2025-04-17,02:32:45,205
SU5680,Nordwind,2025-02-12,13:21:57,44
WZ8909,S7 Airlines,2025-01-18,13:54:07,290
N46986,Nordwind,2025-11-28,10:56:42,60
UT9886,Pobeda,2024-02-05,20:30:00,5
WZ3821,Rossiya,2025-01-02,00:56:47,167
U67895,Aeroflot,2025-09-04,12:29:42,209
U64141,Ural Airlines,2025-10-17,09:35:49,269
FV8712,Utair,2025-04-01,08:17:19,272
WZ9189,S7 Airlines,2024-06-05,19:39:47,66
S76799,Nordwind,2025-09-17,03:04:02,8
FV7778,Pobeda,2025-09-13,11:38:33,77
S75456,S7 Airlines,2025-06-27,03:35:36,291
WZ1481,Pobeda,2024-06-06,22:29:21,267
SU5841,Rossiya,2025-01-18,06:03:50,41
FV9272,Pobeda,2025-05-23,21:23:09,157
N45104,Utair,2025-09-13,22:30:15,200
N41674,S7 Airlines,2024-08-02,09:10:24,60
WZ7778,Aeroflot,2024-11-17,00:08:56,7
UT7510,Rossiya,2024-10-08,20:37:32,78
DP9355,Pobeda,2025-02-19,16:00:01,178
DP7597,S7 Airlines,2024-09-12,18:04:49,127
SU6657,Rossiya,2025-03-18,13:26:18,143
WZ4939,Aeroflot,2024-08-24,04:52:56,93
N41847,Rossiya,2025-11-10,04:33:59,76
S7479,S7 Airlines,2025-04-13,18:01:45,117
DP1759,Pobeda,2025-03-05,05:14:25,78
FV3726,Aeroflot,2024-01-18,16:06:17,65
FV7652,S7 Airlines,2024-05-19,13:10:57,168
U61756,S7 Airlines,2025-06-18,16:29:38,0
U64698,Nordwind,2025-06-16,19:41:58,230
DP4020,Pobeda,2025-08-03,04:08:13,104
S72889,Ural Airlines,2024-10-04,19:28:51,236
SU3471,Pobeda,2024-10-14,18:20:07,64
N43518,Rossiya,2025-02-03,00:32:23,114
N42637,Nordwind,2024-12-17,02:18:39,40
S78463,Ural Airlines,2025-07-09,12:33:45,134
UT8097,Red Wings,2024-09-15,10:53:30,100
FV4609,Red Wings,2024-07-28,07:28:14,56
FV9711,Pobeda,2025-05-05,02:55:36,77
DP4523,Nordwind,2024-04-04,12:57:29,16
UT3584,Pobeda,2024-03-05,12:52:24,241
DP3058,Rossiya,2025-09-18,08:04:29,274
DP226,Red Wings,2025-05-07,13:23:07,58
U6994,Rossiya,2024-07-13,12:23:45,137
UT9263,Ural Airlines,2024-08-13,21:15:24,177
WZ1848,Rossiya,2024-07-05,02:04:46,59
WZ2745,Pobeda,2024-03-09,12:42:52,128
S74642,Rossiya,2024-07-02,13:37:33,221
N45707,S7 Airlines,2024-09-21,01:20:35,149
FV6379,Aeroflot,2024-06-02,12:27:37,28
S71266,Red Wings,2024-09-12,19:00:44,68
WZ5795,Pobeda,2024-04-03,20:05:44,281
DP1865,Utair,2024-07-19,17:25:46,263
WZ2539,Ural Airlines,2024-03-06,14:46:17,30
FV400,Ural Airlines,2025-10-08,10:08:06,8
S72725,S7 Airlines,2024-07-15,02:42:15,195
UT2247,Red Wings,2024-03-03,20:24:12,159
WZ780,Red Wings,2025-07-01,03:38:28,280
SU375,Red Wings,2025-08-01,16:40:33,146
S72838,Pobeda,2025-12-20,03:58:13,84
WZ1326,Ural Airlines,2025-07-27,16:49:02,262
SU8130,Rossiya,2024-07-20,23:34:56,171
S74265,Pobeda,2025-06-23,18:14:02,231
N49308,Aeroflot,2024-11-07,19:14:46,30
WZ6276,Ural Airlines,2024-05-20,01:12:15,7
N43235,Nordwind,2024-10-07,20:36:19,282
UT9992,Utair,2025-12-06,09:04:51,18
N48144,Red Wings,2025-01-28,01:10:28,4
N45687,Pobeda,2024-10-09,05:12:08,183
SU3756,Nordwind,2024-04-12,01:16:45,6
WZ8813,Rossiya,2025-06-02,17:52:05,135
SU3732,S7 Airlines,2024-06-24,16:26:31,292
SU6315,Pobeda,2025-11-14,15:08:10,79
N46978,Red Wings,2025-12-02,16:11:30,43
DP3709,Rossiya,2024-12-09,18:08:00,43
S79383,Utair,2025-05-23,10:28:20,2
U65070,Utair,2024-10-18,02:57:29,286
U64848,Pobeda,2024-05-22,18:32:58,68
N44878,Utair,2024-03-01,22:19:02,246
S76447,S7 Airlines,2025-12-05,10:51:18,288
N48043,Nordwind,2024-03-16,19:45:09,181
N49716,Red Wings,2025-01-09,18:58:22,226
UT1191,Aeroflot,2024-10-01,17:08:38,75
SU8146,Aeroflot,2024-06-03,12:55:41,45
WZ407,Aeroflot,2025-03-04,13:33:46,129
FV7820,Nordwind,2024-11-16,15:20:51,101
DP7414,Ural Airlines,2024-02-25,12:07:33,229
S77061,Pobeda,2025-08-23,17:14:01,15
FV7176,S7 Airlines,2024-08-06,17:01:18,77
SU6220,Utair,2024-08-25,01:44:40,200
UT3933,Nordwind,2024-01-17,19:33:44,15
DP4299,Red Wings,2025-02-12,04:50:41,0
DP774,Aeroflot,2025-10-06,06:32:22,11
DP5878,S7 Airlines,2024-06-15,03:15:12,22
N44112,Pobeda,2024-12-18,20:19:42,134
U69502,Pobeda,2025-04-13,10:37:23,264
N41673,Ural Airlines,2025-01-13,18:51:51,285
UT6053,Red Wings,2025-10-12,12:52:00,198
S73966,Utair,2025-03-12,20:54:20,212
DP8341,Utair,2025-02-22,10:33:22,34
U64015,S7 Airlines,2025-10-18,01:57:59,4
UT6309,Nordwind,2025-04-27,20:35:04,51
SU2867,Red Wings,2024-11-11,03:56:44,221
N44699,Aeroflot,2024-03-18,06:55:48,34
UT9866,Rossiya,2024-03-25,15:03:29,138
DP1694,Nordwind,2024-03-17,10:30:58,288
UT5490,Rossiya,2024-11-17,23:03:53,231
DP608,Pobeda,2025-09-07,07:13:58,264
UT1352,Aeroflot,2024-10-28,00:30:18,154
U68576,S7 Airlines,2024-10-11,13:52:25,6
U61287,Nordwind,2024-01-18,12:17:10,47
FV4071,S7 Airlines,2025-01-10,05:53:49,84
S77105,Rossiya,2024-11-17,23:29:14,55
S73862,Pobeda,2025-05-03,10:37:52,148
FV3783,Rossiya,2024-07-05,01:27:17,183
UT1359,Ural Airlines,2025-02-25,12:25:50,116
U64293,S7 Airlines,2025-03-23,02:26:28,14
UT1664,Pobeda,2024-02-08,11:29:00,177
N41618,Red Wings,2025-04-09,22:35:15,18
FV4936,Ural Airlines,2025-11-07,01:53:36,230
S71990,S7 Airlines,2025-05-11,20:06:01,43
FV3764,Rossiya,2024-03-25,21:03:24,185
N46233,Ural Airlines,2025-05-09,14:55:30,99
WZ4815,S7 Airlines,2024-08-07,13:39:12,45
FV173,Red Wings,2024-02-17,17:46:52,35
DP3571,Red Wings,2025-02-20,17:58:12,265
FV7064,Aeroflot,2024-01-16,00:57:31,146
N44120,Utair,2024-06-17,09:09:16,210
FV3113,Nordwind,2025-06-12,13:30:44,156
FV4577,Nordwind,2025-02-20,07:01:44,198
SU4980,Aeroflot,2025-04-24,13:44:51,94
WZ113,Pobeda,2024-09-11,17:48:55,115
U68457,Pobeda,2024-02-07,04:38:12,10
SU1964,Pobeda,2025-03-17,00:41:27,24
SU8817,Aeroflot,2025-09-07,22:35:50,190
UT8008,Red Wings,2025-08-09,16:22:05,162
U64087,S7 Airlines,2024-12-13,18:56:12,68
WZ2547,Red Wings,2025-12-24,16:09:06,171
N44356,Utair,2024-06-15,17:47:43,17
S71170,Nordwind,2024-09-10,04:49:55,42
DP6505,Ural Airlines,2024-02-05,14:53:11,86
SU4803,Nordwind,2024-10-26,22:45:10,185
DP7284,Pobeda,2025-04-15,05:02:25,80
WZ3133,Pobeda,2024-09-16,04:03:55,24
S75283,Ural Airlines,2024-03-18,10:38:29,165
UT9788,Rossiya,2025-04-03,22:47:50,178
WZ9629,Rossiya,2024-07-23,00:33:37,20
S78665,Utair,2025-10-13,04:26:24,65
N48807,Ural Airlines,2024-07-03,17:45:24,103
N44957,Rossiya,2025-10-23,01:17:24,214
DP7534,Pobeda,2024-07-12,15:31:15,209
SU302,Pobeda,2025-02-01,20:59:41,163
FV813,Pobeda,2025-09-03,19:43:51,195
N45605,Nordwind,2025-01-04,09:57:05,113
S79340,Pobeda,2024-09-01,04:25:32,160
DP2795,Ural Airlines,2024-12-11,15:35:16,107
DP7412,Red Wings,2025-12-09,11:00:35,162
WZ8553,Red Wings,2025-11-10,00:10:22,196
N41311,Red Wings,2024-05-07,16:58:26,12
DP7515,Pobeda,2025-10-11,01:37:01,109
WZ6376,Red Wings,2024-06-24,03:17:55,167
WZ3172,Rossiya,2025-10-07,16:59:17,274
N47018,Ural Airlines,2024-03-05,23:53:41,7
U6687,Rossiya,2024-05-23,17:24:39,262
U63705,S7 Airlines,2024-07-05,11:32:12,220
U68527,Nordwind,2025-10-22,17:26:15,150
WZ696,Pobeda,2025-06-06,21:40:41,291
DP7328,Red Wings,2024-08-21,12:25:56,257
DP3801,Pobeda,2025-01-12,09:36:24,168
SU3098,Red Wings,2025-01-07,00:00:44,30
WZ511,Aeroflot,2025-04-09,23:17:16,17
U61324,Red Wings,2025-12-21,09:20:48,147
FV1483,Ural Airlines,2025-08-18,23:54:02,127
SU8003,Ural Airlines,2025-03-13,09:16:45,186
U62903,Ural Airlines,2024-02-20,18:59:11,129
N48178,Nordwind,2025-08-28,09:54:54,194
DP1865,Rossiya,2025-06-14,22:10:08,261
U6628,Utair,2024-10-01,01:39:27,18
FV1770,Ural Airlines,2025-12-02,21:15:46,189
S7314,Ural Airlines,2024-10-25,03:42:29,233
UT647,Pobeda,2024-09-24,02:26:29,114
WZ7173,Ural Airlines,2025-08-09,05:54:36,238
U69312,Utair,2024-09-06,07:06:11,133
FV2890,Rossiya,2024-10-19,04:20:13,1
N42594,Nordwind,2024-04-03,18:35:39,108
S74672,Red Wings,2025-12-11,03:44:18,80
N46488,Red Wings,2025-03-20,20:34:16,49
FV9138,Nordwind,2024-02-03,14:57:43,224
DP2108,Rossiya,2025-03-25,04:31:37,215
UT2231,Aeroflot,2025-05-27,11:50:32,127
N4127,Aeroflot,2024-03-22,02:04:09,130
S73884,Utair,2025-11-14,17:31:38,9
UT9666,Utair,2024-11-18,23:34:18,145
U65339,S7 Airlines,2024-08-12,18:54:55,92
FV8274,S7 Airlines,2025-01-27,06:16:10,86
UT5698,Pobeda,2024-03-15,22:14:57,88
U64308,Utair,2024-11-27,08:38:28,137
S72696,Nordwind,2025-03-17,09:07:36,235
S74211,Red Wings,2024-07-28,05:49:44,136
S79910,Utair,2024-11-05,05:27:50,132
U62502,Nordwind,2025-10-01,10:30:25,76
DP9257,Aeroflot,2025-12-12,12:08:02,255
S79772,Aeroflot,2024-10-02,07:43:09,190
FV5919,Red Wings,2025-04-22,13:38:58,298
DP692,Pobeda,2025-01-06,08:47:03,269
FV7239,Utair,2025-05-28,05:52:56,14
UT8382,Rossiya,2025-02-22,06:24:56,57
SU6059,Rossiya,2024-08-24,10:04:08,205
SU8021,S7 Airlines,2025-06-09,11:43:05,271
S71456,Rossiya,2025-06-16,15:12:00,222
N42767,Rossiya,2024-08-15,19:09:44,208
SU3763,Pobeda,2025-07-25,15:04:49,65
WZ2594,Ural Airlines,2024-03-16,21:27:51,185
SU3466,Ural Airlines,2024-02-25,00:48:33,266
UT821,Rossiya,2025-11-03,04:16:37,79
U68498,Aeroflot,2025-07-13,13:41:10,211
SU4364,S7 Airlines,2024-05-04,01:14:09,57
N46297,Utair,2024-02-11,10:12:34,240
FV4336,Aeroflot,2025-12-12,07:43:26,187
SU6452,Aeroflot,2024-05-19,14:51:12,286
S7937,Rossiya,2025-04-23,06:05:17,106
SU7269,Utair,2025-03-24,20:34:17,188
SU9382,Utair,2025-04-21,12:48:11,163
WZ5161,S7 Airlines,2024-04-27,11:29:17,10
WZ5591,Nordwind,2024-03-17,02:23:10,100
WZ3013,Utair,2024-04-28,19:39:54,231
N41879,Aeroflot,2025-08-12,04:00:00,176
DP6522,Pobeda,2025-04-28,20:26:17,147
N42596,Ural Airlines,2025-02-18,10:19:41,109
WZ2661,Pobeda,2025-01-16,15:56:42,234
WZ7790,Utair,2025-12-02,10:21:53,240
U62845,Pobeda,2024-10-06,00:22:06,129
UT1181,Red Wings,2025-04-12,03:44:44,13
S79150,Pobeda,2025-07-24,18:05:06,242
S76787,Ural Airlines,2025-07-03,10:34:54,62
N42164,Nordwind,2024-08-27,03:56:36,254
FV1030,Rossiya,2025-09-27,02:16:41,275
WZ3216,Rossiya,2024-06-02,01:12:45,137
SU7389,Aeroflot,2025-01-04,17:42:24,188
WZ3571,Aeroflot,2025-06-05,23:13:19,249
S79508,Nordwind,2024-10-16,22:04:01,208
N45393,Ural Airlines,2025-05-25,22:53:08,146
WZ5981,Red Wings,2024-11-25,17:32:27,67
DP5190,Nordwind,2025-03-14,07:11:39,142
U6180,Utair,2024-12-07,06:02:11,219
FV5062,Red Wings,2024-03-16,07:17:10,258
S79413,Ural Airlines,2025-05-22,03:34:10,282
S75653,Red Wings,2024-09-03,14:57:22,166
N49353,S7 Airlines,2025-07-18,05:15:52,141
N47928,Nordwind,2024-08-18,21:01:29,75
S78270,Utair,2024-11-07,00:42:35,137
N46038,Nordwind,2025-02-25,10:42:32,180
WZ4445,Pobeda,2024-11-28,05:04:38,215
S77589,Red Wings,2024-02-23,21:38:03,70
FV8609,Pobeda,2024-08-10,22:39:43,65
FV2734,Rossiya,2024-03-13,15:50:10,26
U67908,Utair,2024-03-28,23:53:34,68
SU4605,Aeroflot,2025-11-14,16:09:30,204
UT2462,Rossiya,2025-05-15,22:38:51,138
DP2742,Utair,2024-08-20,06:57:57,295
DP6009,Ural Airlines,2024-07-15,00:24:14,156
N42748,Aeroflot,2025-12-21,08:56:36,18
U65229,Pobeda,2025-12-25,12:07:31,115
U65852,Aeroflot,2024-09-06,06:26:03,288
N41271,Utair,2024-11-28,13:29:34,201
WZ1958,Nordwind,2024-09-20,22:47:32,57
U64211,Red Wings,2025-04-13,09:57:22,279
FV1175,Ural Airlines,2024-05-02,18:13:57,211
UT3912,S7 Airlines,2025-10-12,17:02:58,160
DP4032,Nordwind,2024-02-25,09:48:00,190
WZ449,Pobeda,2025-02-14,19:43:54,231
S7196,Ural Airlines,2024-09-16,15:58:12,3
FV4113,Aeroflot,2024-10-25,07:34:51,292
SU4448,Red Wings,2025-08-08,21:17:30,42
SU2874,Aeroflot,2024-05-28,21:16:00,227
SU4182,Rossiya,2025-02-18,20:24:56,162
N43504,S7 Airlines,2025-12-15,22:41:08,122
UT5003,S7 Airlines,2024-11-16,04:31:23,187
U66922,S7 Airlines,2025-08-05,16:41:41,139
N43652,Rossiya,2024-12-26,07:41:59,202
S79861,Aeroflot,2025-09-08,06:12:27,184
S76564,Pobeda,2025-08-18,03:25:22,237
WZ350,Red Wings,2025-08-04,13:11:32,154
S78602,Ural Airlines,2025-08-12,08:03:15,190
N43999,Rossiya,2024-06-05,06:24:25,271
SU6860,Nordwind,2025-01-28,14:43:20,161
FV6984,Red Wings,2025-10-11,20:26:02,65
SU3854,Utair,2025-09-14,12:13:50,141
UT6124,Pobeda,2024-05-21,07:54:29,201
FV5130,Nordwind,2025-08-07,05:47:55,198
WZ9672,Aeroflot,2025-04-03,20:54:24,167
WZ1774,Aeroflot,2024-12-23,04:16:35,145
S74991,S7 Airlines,2025-09-05,22:01:06,43
U65646,Pobeda,2024-02-08,06:02:18,242
UT360,Nordwind,2024-09-08,15:07:51,228
FV5577,Rossiya,2024-11-10,10:08:04,122
S72391,Nordwind,2024-01-19,15:52:19,124
N49166,Pobeda,2024-09-20,02:40:35,67
N43145,Utair,2024-06-25,08:18:19,95
SU1562,Nordwind,2025-12-22,03:59:25,82
S74259,Red Wings,2024-11-01,03:22:33,95
FV6136,Utair,2025-08-27,23:15:38,79
U69220,Rossiya,2025-10-19,21:29:21,49
DP5566,Utair,2025-02-14,11:21:36,156
FV2177,S7 Airlines,2025-05-09,16:33:59,14
UT4492,Ural Airlines,2025-09-13,19:22:19,227
SU7200,Pobeda,2024-06-13,03:33:20,126
WZ5834,S7 Airlines,2025-08-09,08:52:01,167
FV4731,Nordwind,2024-09-23,12:49:46,11
S79002,Pobeda,2025-09-21,12:26:33,207
UT5504,Nordwind,2024-11-26,17:44:44,125
WZ5199,Aeroflot,2024-10-06,21:55:52,105
N46720,Red Wings,2024-01-03,07:50:04,212
U64785,Rossiya,2025-12-03,01:24:13,290
SU8514,Rossiya,2025-10-23,15:13:47,88
UT4732,Red Wings,2025-11-22,13:45:31,87
N46101,Utair,2025-04-28,15:48:00,220
N45837,Red Wings,2025-03-07,11:20:05,87
DP1832,Red Wings,2025-10-01,17:19:25,141
S72499,Red Wings,2025-07-20,10:04:34,295
FV6522,Nordwind,2025-05-11,00:32:20,269
UT9940,Aeroflot,2024-02-22,23:38:02,213
N47187,Rossiya,2024-09-12,03:36:46,191
DP5083,Aeroflot,2025-01-02,09:47:49,171
UT444,Rossiya,2024-07-21,17:43:16,262
FV2192,Pobeda,2025-09-21,22:31:17,112
U68585,Pobeda,2025-05-12,20:02:16,191
U67639,Ural Airlines,2024-05-24,08:23:22,239
N45407,Red Wings,2025-02-26,01:28:18,225
DP3354,Rossiya,2025-09-10,01:15:02,14
DP8282,Utair,2024-09-13,21:46:51,149
WZ8789,Ural Airlines,2024-05-10,12:14:22,248
N41573,S7 Airlines,2025-06-17,08:00:07,137
FV8179,Red Wings,2024-11-13,21:54:37,158
SU7682,Pobeda,2024-07-22,02:49:02,211
WZ376,Utair,2025-07-03,05:20:35,90
N4107,Nordwind,2024-11-10,18:59:19,145
S76509,Pobeda,2024-07-01,06:00:39,260
U66761,Pobeda,2024-04-14,17:33:05,237
S79813,Pobeda,2025-06-16,18:14:37,147
U62536,Pobeda,2025-11-28,22:50:02,58
UT5805,Rossiya,2025-07-27,15:43:43,41
N46192,Pobeda,2024-11-11,03:48:26,144
S7729,Red Wings,2024-05-03,03:32:01,272
N47180,Rossiya,2024-11-10,10:12:16,35
S72946,Utair,2025-02-23,16:46:09,271
UT7751,Utair,2024-04-28,05:08:47,203
S75565,Nordwind,2024-10-16,12:48:13,68
UT4463,Pobeda,2024-07-19,16:46:18,135
UT1155,Nordwind,2025-08-09,19:14:56,209
FV2653,Utair,2024-01-09,09:38:10,186
S73161,Red Wings,2024-06-11,23:35:27,147
N45885,Ural Airlines,2024-02-20,01:22:17,193
SU7431,Red Wings,2024-12-04,17:08:07,199
N48878,Rossiya,2025-08-02,08:04:03,187
S75660,Ural Airlines,2025-01-16,00:10:45,108
DP2528,S7 Airlines,2025-08-27,10:17:17,91
FV7635,Pobeda,2025-03-28,04:31:29,207
FV4234,Pobeda,2024-02-16,13:00:46,248
DP8320,Pobeda,2024-02-19,03:45:38,207
S78014,Red Wings,2025-04-06,03:05:31,220
UT9287,Rossiya,2025-10-16,10:33:15,73
U67278,Nordwind,2024-12-14,01:49:42,297
FV6195,S7 Airlines,2024-02-24,14:57:15,172
U65786,Red Wings,2024-07-08,09:49:40,56
N43204,Pobeda,2025-05-17,13:24:37,175
U64420,Pobeda,2024-07-12,18:14:43,38
FV4903,Utair,2024-10-19,10:24:49,85
FV7952,Red Wings,2025-05-27,07:43:24,192
UT9255,Ural Airlines,2024-11-15,11:30:07,48
DP2214,Rossiya,2024-09-05,06:09:40,31
SU520,Nordwind,2025-08-06,08:36:00,286
S7277,Pobeda,2024-10-13,08:58:28,276
FV2955,Red Wings,2025-09-06,20:47:55,75
U64249,S7 Airlines,2024-08-21,15:55:07,64
WZ2257,Aeroflot,2025-03-27,10:09:49,192
FV8105,Aeroflot,2025-08-16,10:32:57,85
FV3497,Rossiya,2024-11-05,13:00:14,164
DP6406,Ural Airlines,2024-01-15,10:05:47,255
SU8350,Aeroflot,2025-08-05,07:57:04,109
FV2284,Red Wings,2025-07-15,14:13:55,141
WZ1320,Utair,2024-01-04,01:30:09,14
U66718,Rossiya,2025-05-25,01:52:11,118
DP3521,Ural Airlines,2024-03-13,17:03:43,47
DP440,Rossiya,2024-09-07,09:39:29,16
DP814,Aeroflot,2025-08-19,19:42:47,180
FV9731,S7 Airlines,2025-04-16,21:46:00,17
WZ2135,S7 Airlines,2025-12-27,23:22:25,94
U62459,Utair,2024-09-12,07:32:29,93
FV2883,Utair,2025-01-03,08:29:20,115
S77322,Utair,2025-04-08,13:52:42,225
FV2108,Pobeda,2025-12-25,17:49:38,226
FV8946,Red Wings,2024-11-27,01:06:18,169
UT7124,Ural Airlines,2024-10-18,11:04:41,26
U69841,Nordwind,2025-06-11,04:51:33,163
DP3775,S7 Airlines,2025-10-19,01:14:35,41
SU4459,Pobeda,2024-01-20,02:42:53,152
U63079,Aeroflot,2025-06-12,09:28:04,73
FV2946,S7 Airlines,2024-01-02,06:43:55,182
FV1808,Utair,2024-09-21,09:52:42,32
UT9860,Nordwind,2025-06-15,16:32:26,261
FV7879,Aeroflot,2024-09-19,01:47:24,62
S72888,S7 Airlines,2025-06-25,00:45:44,185
U65538,Red Wings,2025-01-28,18:59:33,14
UT6518,Utair,2025-08-18,18:30:17,29
SU7122,Pobeda,2024-04-11,01:52:26,209
S71361,Red Wings,2024-06-09,17:36:46,95
UT362,Ural Airlines,2024-08-14,16:10:34,82
SU2316,Aeroflot,2024-03-19,16:23:24,153
U61690,Pobeda,2025-09-02,00:33:09,104
SU2203,Rossiya,2024-02-18,23:06:11,169
UT6780,Red Wings,2025-03-28,20:15:31,19
U67111,Utair,2024-01-05,13:20:39,258
DP233,Utair,2024-03-14,23:48:04,156
SU715,S7 Airlines,2025-07-23,11:05:42,184
UT7797,Ural Airlines,2024-12-25,18:17:12,290
S79256,Utair,2024-11-24,19:36:08,145
SU3749,Aeroflot,2024-04-17,22:32:57,19
N42172,Aeroflot,2024-06-10,18:44:56,96
WZ3489,Nordwind,2025-07-15,01:39:11,250
SU4723,Utair,2025-10-01,09:30:05,157
WZ9865,S7 Airlines,2025-12-25,09:57:58,23
SU8678,Pobeda,2024-09-24,10:02:10,227
SU3146,Red Wings,2025-12-28,01:09:16,18
SU1992,Red Wings,2025-11-05,22:29:15,169
N49171,Red Wings,2025-11-21,17:57:35,22
UT2727,Aeroflot,2025-09-21,22:28:51,138
WZ4846,Pobeda,2025-02-02,00:03:23,175
FV6228,Rossiya,2024-07-02,01:30:24,28
DP1149,Aeroflot,2024-09-18,17:34:02,13
U67428,Rossiya,2024-04-12,11:43:06,264
UT1718,Ural Airlines,2024-07-11,07:07:03,7
SU257,Utair,2024-12-02,12:40:39,244
N43056,Aeroflot,2024-03-08,18:13:35,181
WZ3226,Nordwind,2024-07-26,21:49:05,192
SU3062,Ural Airlines,2024-09-09,18:37:45,100
UT7804,Rossiya,2024-12-11,23:16:47,258
WZ6776,S7 Airlines,2025-09-18,16:30:07,73
N48396,Rossiya,2025-01-03,19:45:48,166
N48298,Pobeda,2025-06-23,17:51:03,221
FV3636,Aeroflot,2025-12-25,20:29:09,114
U64602,Nordwind,2025-10-27,13:03:38,199
FV4313,Utair,2024-11-09,09:51:03,291
N44400,Red Wings,2024-08-17,23:37:43,18
S73935,Ural Airlines,2024-12-03,14:26:06,160
S72925,Utair,2024-11-23,21:34:12,77
WZ6877,Rossiya,2025-07-07,19:36:56,32
UT3691,Red Wings,2024-10-13,19:03:47,107
DP6633,Pobeda,2024-04-02,09:38:36,15
S74916,Red Wings,2024-12-07,00:41:31,167
U66717,Ural Airlines,2024-07-02,22:52:27,117
U64334,Rossiya,2025-11-19,07:15:17,161
N46470,Red Wings,2025-05-15,21:26:58,69
FV9149,Pobeda,2025-04-12,01:41:15,299
SU5801,Rossiya,2025-04-21,21:59:42,163
N47082,Utair,2024-07-17,12:22:13,19
WZ7246,Aeroflot,2024-02-26,09:31:01,55
S72612,Pobeda,2024-02-28,10:13:26,226
UT2313,Ural Airlines,2025-04-06,16:37:58,239
UT2522,S7 Airlines,2024-08-17,00:32:39,258
FV503,Rossiya,2024-12-23,15:31:15,268
N43516,Red Wings,2025-03-04,19:13:49,130
WZ6060,Pobeda,2024-07-21,10:56:00,29
U64621,Utair,2024-09-11,09:48:40,90
S7866,Aeroflot,2024-03-22,22:23:40,291
UT5289,Ural Airlines,2024-05-17,17:49:30,141
UT3668,Pobeda,2024-03-26,19:45:17,112
UT8880,Rossiya,2025-03-07,03:25:49,293
N44400,S7 Airlines,2024-11-24,11:57:53,272
FV5735,Pobeda,2025-06-15,06:02:55,242
N43310,Utair,2025-12-13,13:09:07,277
WZ1657,Red Wings,2024-06-24,19:50:34,270
WZ3143,Rossiya,2025-02-06,22:59:34,35
WZ6290,Aeroflot,2024-12-17,19:51:12,176
WZ458,Utair,2024-06-01,06:37:05,169
S79130,Pobeda,2025-01-09,13:39:32,16
SU7508,Ural Airlines,2025-04-04,10:19:20,102
DP3135,Utair,2025-06-04,03:39:46,93
WZ8527,Ural Airlines,2025-07-04,05:12:48,38
FV438,Aeroflot,2025-11-15,04:58:04,243
WZ8704,Utair,2025-07-28,19:01:08,141
WZ5089,Ural Airlines,2025-09-21,19:35:23,165
SU7154,Rossiya,2024-03-11,07:51:40,50
UT4685,Utair,2024-02-13,05:31:08,109
UT1904,Rossiya,2024-10-19,15:02:21,87
FV6007,Utair,2025-12-12,22:33:16,43
N45344,S7 Airlines,2024-11-20,11:31:57,48
N48245,Aeroflot,2025-10-18,21:47:14,54
WZ1349,Utair,2024-06-12,01:34:12,150
WZ7916,S7 Airlines,2025-08-06,22:10:52,82
SU7839,Red Wings,2025-07-22,22:53:30,19
DP9152,S7 Airlines,2024-06-25,22:54:20,172
SU180,Red Wings,2025-01-19,05:52:26,263
FV9371,S7 Airlines,2024-10-11,05:31:02,145
UT9166,Nordwind,2025-08-19,11:05:14,242
WZ1128,Nordwind,2024-06-19,20:52:46,278
N44167,Utair,2024-08-02,00:42:04,95
SU1318,Nordwind,2024-01-21,17:10:44,293
WZ219,Rossiya,2025-11-09,00:30:05,220
N46966,Rossiya,2025-06-14,15:43:48,280
UT3424,Pobeda,2025-07-15,11:37:29,210
WZ5431,Red Wings,2025-07-12,13:29:09,12
N4656,Rossiya,2024-07-04,16:50:18,7
N42114,Aeroflot,2024-06-07,09:35:06,152
WZ4382,Utair,2025-06-05,12:25:13,186
DP3663,S7 Airlines,2024-11-21,00:20:43,213
UT8724,Utair,2024-08-05,19:19:49,210
S71791,Ural Airlines,2025-04-06,09:24:15,146
FV6516,Utair,2024-05-03,18:06:03,230
UT4427,Pobeda,2025-10-22,08:06:28,37
FV9040,Pobeda,2024-05-20,05:20:32,156
FV5116,Ural Airlines,2025-11-09,06:26:35,115
U61942,Nordwind,2025-04-27,11:49:20,133
U66081,Aeroflot,2025-08-27,06:10:23,142
FV639,Nordwind,2024-04-14,04:05:51,180
U62509,Aeroflot,2025-03-28,22:39:22,57
WZ4675,Red Wings,2024-12-22,08:49:19,40
SU179,Utair,2025-01-10,08:35:36,116
N48800,Ural Airlines,2025-01-09,21:33:57,51
N43972,Ural Airlines,2024-07-11,02:52:32,247
FV9246,Aeroflot,2025-03-21,02:36:38,36
S71535,S7 Airlines,2025-10-19,01:39:27,164
FV338,Pobeda,2024-06-09,21:32:48,241
SU9552,Rossiya,2024-01-11,11:36:48,183
DP1025,Ural Airlines,2024-07-19,14:38:53,124
FV2755,Red Wings,2025-12-18,14:52:19,214
WZ9892,Aeroflot,2024-05-04,00:35:12,23
N49473,Red Wings,2024-07-10,06:34:54,239
U67659,Pobeda,2025-09-12,16:06:46,204
DP1390,Red Wings,2024-07-11,05:48:20,4
UT7133,Aeroflot,2024-05-20,10:00:25,29
WZ7444,Rossiya,2025-07-28,06:27:26,194
S74626,Ural Airlines,2024-07-11,23:04:20,220
DP5582,Utair,2024-11-04,06:29:34,34
U67448,Ural Airlines,2025-11-05,21:25:16,164
UT5565,Utair,2024-12-28,08:38:35,42
U61211,Ural Airlines,2024-03-13,01:22:27,142
N4171,Pobeda,2024-03-15,22:31:50,165
FV8280,Ural Airlines,2024-12-07,06:00:14,297
U62717,Red Wings,2025-03-14,18:03:35,187
S75376,Rossiya,2024-02-24,08:31:07,183
N48300,Utair,2024-06-26,21:35:44,194
S72660,Ural Airlines,2025-04-01,02:04:05,134
S79331,Aeroflot,2024-03-03,03:21:01,195
SU8972,Nordwind,2025-02-11,01:07:27,213
SU4785,Ural Airlines,2025-06-14,02:31:12,225
U69083,Red Wings,2024-06-16,23:11:41,240
U63230,Aeroflot,2025-02-08,23:44:57,33
S73168,Rossiya,2024-08-26,05:09:00,135
DP2172,S7 Airlines,2025-11-21,02:50:51,139
WZ7998,Ural Airlines,2025-10-25,20:13:34,296
WZ1458,Rossiya,2024-11-08,04:30:36,81
U62373,Ural Airlines,2025-02-02,08:48:39,127
U65640,Aeroflot,2024-08-06,15:18:23,197
U68117,Pobeda,2024-01-07,01:54:18,118
UT6808,Nordwind,2024-10-13,04:47:50,57
S79232,S7 Airlines,2025-03-26,13:44:52,109
FV4168,S7 Airlines,2024-08-26,07:54:48,52
U63343,S7 Airlines,2025-04-24,22:45:57,87
DP466,Ural Airlines,2024-01-22,13:48:12,31
SU8829,Red Wings,2024-03-04,09:31:47,290
FV1961,Rossiya,2025-02-15,16:21:14,35
U63303,Aeroflot,2025-09-03,11:51:48,282
WZ1955,Nordwind,2024-12-24,07:43:39,193
N4856,Rossiya,2024-11-19,12:26:10,70
DP5976,Ural Airlines,2025-02-05,22:16:19,130
U64158,Aeroflot,2024-03-06,15:45:25,1
S7707,Nordwind,2025-06-16,13:40:22,209
SU2218,Rossiya,2024-01-18,16:56:46,247
FV3935,Rossiya,2025-09-09,01:55:02,154
U63607,Ural Airlines,2024-10-17,22:35:13,155
S75417,Pobeda,2024-09-07,09:36:02,46
SU2621,Pobeda,2024-02-20,01:09:42,135
WZ3728,Red Wings,2024-06-05,23:13:59,8
S75155,Ural Airlines,2024-02-05,23:50:46,66
WZ382,Pobeda,2024-01-15,10:25:45,121
N44601,Nordwind,2024-07-18,18:42:13,227
SU1763,Red Wings,2024-01-26,22:30:17,261
UT8187,Pobeda,2025-11-14,19:49:39,129
N4397,S7 Airlines,2025-11-14,17:02:29,206
S71866,Pobeda,2024-04-11,06:39:30,229
SU7311,Nordwind,2025-11-28,21:36:47,53
WZ9166,Utair,2025-02-18,11:48:25,203
S75082,Red Wings,2024-05-11,03:05:47,190
UT9970,Utair,2024-01-12,08:24:47,94
SU4395,S7 Airlines,2025-09-08,07:01:18,259
SU9066,Ural Airlines,2025-07-12,00:50:50,147
SU5209,Rossiya,2024-12-20,23:09:49,150
DP6935,S7 Airlines,2025-06-10,11:40:16,108
FV875,Nordwind,2024-01-08,07:28:24,1
DP6149,Ural Airlines,2025-03-18,07:07:51,152
UT3989,Utair,2025-10-17,20:33:42,224
S71585,Rossiya,2025-04-06,08:01:48,49
N42614,Red Wings,2025-12-24,20:07:55,208
S72852,Red Wings,2024-10-09,10:09:54,200
S71649,Utair,2025-06-24,14:58:40,112
FV6640,Utair,2025-07-24,16:08:18,217
UT1155,Red Wings,2025-07-28,10:16:16,99
U61952,S7 Airlines,2025-06-03,12:49:46,9
WZ9878,Pobeda,2024-12-16,18:34:04,163
U6839,S7 Airlines,2025-08-11,20:54:25,294
DP5564,Red Wings,2024-10-11,12:22:49,58
DP8854,Nordwind,2024-04-28,17:46:31,264
UT9539,Utair,2025-07-24,14:36:29,71
WZ7861,Ural Airlines,2024-11-03,04:26:47,76
FV7673,Rossiya,2025-02-19,12:07:16,4
N48332,S7 Airlines,2025-02-07,03:39:51,91
WZ6970,Utair,2025-04-11,04:43:21,273
WZ3539,Red Wings,2024-10-27,18:03:12,269
WZ1784,Red Wings,2025-03-22,16:44:08,73
S76717,Rossiya,2025-02-06,11:20:31,252
FV4104,Pobeda,2025-10-23,04:46:17,74
N49081,Aeroflot,2025-01-06,12:28:27,124
U65114,Rossiya,2024-09-13,21:37:12,142
N41176,S7 Airlines,2025-03-19,07:33:18,48
N48402,Red Wings,2024-01-22,06:52:08,272
FV8840,Ural Airlines,2024-09-02,16:39:47,261
SU8578,Utair,2024-12-04,15:40:35,263
S77179,S7 Airlines,2025-04-23,02:52:17,79
S78082,Utair,2025-06-18,11:50:46,78
SU4339,Rossiya,2025-10-18,15:06:53,288
SU6872,Red Wings,2024-11-03,10:39:01,291
SU156,Rossiya,2024-08-18,07:04:20,69
DP7739,S7 Airlines,2024-09-04,16:25:10,107
SU1037,Pobeda,2025-02-10,20:32:50,108
N44247,Utair,2024-01-17,21:36:54,94
FV461,Red Wings,2024-01-14,22:16:13,234
UT4783,Pobeda,2025-04-18,14:11:53,143
S7966,Red Wings,2025-03-21,15:47:54,283
S79979,Nordwind,2024-12-19,06:48:30,23
U68974,Rossiya,2024-05-01,08:20:33,181
UT270,Ural Airlines,2024-06-14,14:48:34,176
WZ6616,Aeroflot,2025-07-21,22:31:36,276
FV4312,Red Wings,2024-05-14,08:11:53,0
U62896,Aeroflot,2025-10-06,06:32:11,155
SU3136,Ural Airlines,2024-09-22,03:15:56,293
WZ9980,Ural Airlines,2025-11-23,12:23:05,58
SU6341,Red Wings,2025-01-27,17:06:42,155
N47573,Rossiya,2025-05-10,11:04:35,18
WZ6538,Aeroflot,2024-11-22,22:26:34,293
U67275,Ural Airlines,2024-09-16,18:55:59,202
S79808,Pobeda,2024-09-07,13:51:16,8
N41854,Aeroflot,2025-11-26,05:22:29,130
WZ8208,S7 Airlines,2024-04-12,02:39:44,168
N49265,Nordwind,2025-01-14,07:57:10,186
DP8378,Nordwind,2024-12-03,21:53:40,145
DP6628,Red Wings,2024-09-20,06:21:06,215
U6100,Nordwind,2024-08-07,14:42:21,30
SU8861,Red Wings,2025-11-09,20:55:32,262
N45555,Utair,2025-09-08,23:32:30,16
U67579,Aeroflot,2025-08-07,07:03:16,210
S76737,S7 Airlines,2025-12-21,19:52:09,136
WZ3723,Rossiya,2024-04-25,09:17:14,94
UT1080,Rossiya,2024-04-21,02:41:36,92
N47612,Pobeda,2025-12-09,05:46:57,69
U62742,Pobeda,2025-06-08,13:24:02,51
UT3035,S7 Airlines,2025-09-28,00:26:34,48
N47669,Pobeda,2024-06-19,15:57:52,138
N43335,Utair,2025-05-09,07:33:22,271
N42629,Pobeda,2024-04-19,16:57:35,59
WZ2423,Utair,2024-08-05,22:52:32,2
WZ7952,Aeroflot,2025-05-15,05:00:24,131
U62565,Nordwind,2024-09-12,22:06:58,248
S73134,Rossiya,2025-10-20,03:44:41,250
N4231,Utair,2024-06-21,03:17:33,138
S7266,S7 Airlines,2024-07-05,02:17:42,279
SU6513,Red Wings,2025-08-08,15:08:25,275
U64264,Aeroflot,2025-09-21,10:37:42,154
UT785,S7 Airlines,2024-07-14,10:47:21,294
FV1895,Aeroflot,2025-11-28,23:24:33,186
WZ9669,Red Wings,2024-11-05,13:59:58,287
SU2203,Ural Airlines,2024-07-10,06:01:01,125
N41664,Aeroflot,2024-12-24,02:32:12,14
WZ1630,Nordwind,2025-08-04,06:30:39,241
WZ9960,Utair,2025-10-26,04:03:37,222
S79267,S7 Airlines,2024-09-19,20:39:30,230
S74538,Nordwind,2025-05-14,06:10:56,2
N46558,Utair,2024-01-21,17:18:27,250
WZ2715,Nordwind,2025-05-07,04:08:25,187
FV6408,Pobeda,2025-05-26,13:51:12,34
N46550,Pobeda,2025-10-25,14:45:28,254
UT6070,S7 Airlines,2024-09-04,04:59:00,206
U6495,Aeroflot,2025-01-22,00:13:07,294
WZ5352,Pobeda,2024-09-04,20:06:18,126
FV1098,Ural Airlines,2024-06-12,13:31:10,256
SU5910,Rossiya,2025-10-07,10:42:01,104
FV7047,Nordwind,2024-06-24,20:33:09,286
U65501,Ural Airlines,2025-04-22,15:14:58,230
U65938,Ural Airlines,2025-09-20,16:27:35,151
UT5281,Rossiya,2025-11-13,09:34:49,51
N48951,Nordwind,2024-07-06,02:35:33,228
SU940,Aeroflot,2024-03-23,07:18:12,108
DP1605,Nordwind,2024-12-18,17:05:56,177
SU1675,Aeroflot,2025-01-12,10:16:56,161
U6244,S7 Airlines,2024-10-02,01:19:04,195
WZ5079,Red Wings,2025-08-19,08:29:53,289
N42502,Utair,2025-08-21,09:01:01,242
DP7639,Nordwind,2024-11-18,17:44:50,268
UT3762,S7 Airlines,2024-05-01,10:46:27,284
UT9553,Pobeda,2024-07-02,18:46:06,69
DP964,Pobeda,2025-03-28,07:39:59,141
SU900,Ural Airlines,2025-10-08,03:15:03,95
DP2666,Red Wings,2024-03-21,10:57:36,37
S78329,Utair,2025-09-03,17:10:33,219
SU7312,Aeroflot,2024-04-27,10:59:54,98
U6876,Utair,2024-02-11,10:02:01,124
U69560,Red Wings,2024-09-16,06:51:17,272
U68441,Rossiya,2024-02-24,08:02:27,57
S76078,Ural Airlines,2024-05-03,05:07:03,285
WZ7672,Utair,2025-02-23,16:58:52,56
N47228,Rossiya,2025-07-03,08:55:36,96
U68399,Ural Airlines,2025-01-20,05:12:08,33
U65927,Utair,2024-12-28,22:32:56,15
DP7873,Nordwind,2024-09-22,00:07:56,284
SU3018,Nordwind,2024-11-08,13:00:57,49
DP3061,Ural Airlines,2025-01-14,02:08:56,234
DP151,Pobeda,2025-03-01,01:43:36,95
U61377,Aeroflot,2025-01-04,17:19:22,137
S77956,S7 Airlines,2024-02-09,01:02:52,23
U6226,Nordwind,2024-03-10,17:04:25,49
SU3083,Rossiya,2025-02-05,21:09:06,265
UT8621,Aeroflot,2024-01-19,10:34:02,163
WZ1525,Nordwind,2024-12-25,17:54:15,220
WZ9188,Rossiya,2025-07-19,21:07:26,194
N49196,Utair,2024-06-28,13:44:29,261
S72095,Pobeda,2024-04-16,20:16:14,55
N43160,Ural Airlines,2024-01-23,18:54:11,59
FV9203,Pobeda,2025-07-12,13:16:29,40
FV2274,Nordwind,2024-05-14,21:13:41,148
S79817,Utair,2025-03-18,11:26:52,168
N43377,Ural Airlines,2024-05-25,04:24:47,141
UT7749,Ural Airlines,2024-06-24,07:04:42,213
SU2716,Pobeda,2024-06-14,15:54:48,233
WZ9434,Aeroflot,2024-12-04,05:48:51,110
FV4738,Pobeda,2025-07-22,15:01:23,251
DP6806,Utair,2024-07-05,04:13:08,36
N43975,Rossiya,2024-08-09,22:16:58,140
DP4434,Pobeda,2025-12-17,10:17:45,162
FV4844,Utair,2024-09-05,21:31:45,56
N47931,Rossiya,2024-12-03,15:09:26,226
N45646,Rossiya,2025-12-25,05:34:30,154
FV2775,Red Wings,2025-01-27,08:46:46,9
WZ8470,Pobeda,2025-10-14,22:48:47,146
UT1314,Aeroflot,2025-10-16,19:16:32,95
S74582,Aeroflot,2025-06-16,08:13:06,290
DP471,Pobeda,2025-06-06,03:46:39,65
N47104,Pobeda,2025-01-27,16:25:40,295
SU2287,Ural Airlines,2024-03-27,05:24:23,277
UT1566,Aeroflot,2025-11-04,18:33:57,112
N43915,Aeroflot,2025-03-05,02:29:45,202
SU6492,Ural Airlines,2025-07-05,15:36:15,282
FV1809,Pobeda,2024-07-13,19:51:30,85
SU2927,Ural Airlines,2025-11-17,20:11:24,153
FV965,Rossiya,2025-09-08,09:25:34,289
SU7089,Nordwind,2025-04-17,23:04:09,96
U69823,Nordwind,2024-06-24,12:20:05,96
N44435,Ural Airlines,2025-01-28,09:52:39,300
S77004,Nordwind,2024-12-16,05:46:39,182
N44793,Utair,2024-05-11,04:58:39,53
DP8985,Aeroflot,2025-07-12,12:07:21,131
N42024,Rossiya,2025-08-19,20:02:57,206
U64087,Utair,2025-06-23,17:05:43,281
WZ4943,Utair,2025-06-04,00:05:15,169
S72404,Aeroflot,2024-08-28,04:28:31,80
N49679,Utair,2025-02-19,20:18:40,199
WZ7388,Rossiya,2025-08-20,12:10:45,53
UT9449,Nordwind,2024-06-20,09:40:29,155
N41645,Ural Airlines,2025-02-19,05:21:42,92
U61245,Pobeda,2025-09-07,21:08:31,60
SU4620,Nordwind,2025-12-11,01:35:07,232
SU3118,Red Wings,2024-08-15,01:14:05,38
FV9497,S7 Airlines,2024-03-02,18:21:04,28
SU1590,Ural Airlines,2025-10-05,20:42:53,125
N4382,Pobeda,2024-09-16,03:01:55,239
U69611,Pobeda,2025-06-17,09:35:47,65
S78786,Red Wings,2024-06-01,17:56:11,136
WZ3301,S7 Airlines,2025-09-04,03:16:52,48
S79975,Nordwind,2024-12-03,04:48:36,269
S75867,Nordwind,2024-08-11,17:04:53,73
S72864,Ural Airlines,2024-06-13,15:29:58,0
S79397,Pobeda,2025-02-28,06:23:02,156
FV4225,Aeroflot,2024-04-08,10:26:02,134
S72345,Pobeda,2025-09-26,21:36:24,261
WZ9164,Ural Airlines,2024-09-05,12:43:42,15
N41044,S7 Airlines,2025-10-23,13:13:02,214
FV4989,S7 Airlines,2024-04-07,07:27:35,141
SU1021,Utair,2024-11-16,20:04:30,88
U63791,Pobeda,2024-02-17,02:47:28,161
DP2849,Aeroflot,2024-04-28,21:58:36,51
N45320,Red Wings,2025-02-24,06:24:50,33
FV2712,Utair,2025-07-22,01:52:00,117
DP1115,Nordwind,2024-12-16,10:22:46,90
FV5618,Rossiya,2025-08-23,19:20:15,156
S71113,Nordwind,2024-02-13,08:00:17,298
WZ6654,Nordwind,2024-03-17,09:38:09,222
WZ2836,S7 Airlines,2025-03-25,02:17:57,48
SU9466,Rossiya,2024-06-15,00:32:33,254
S72363,Rossiya,2024-04-28,19:58:29,185
WZ1658,Pobeda,2024-05-13,23:56:12,137
FV8821,Red Wings,2024-05-25,09:53:04,70
DP9284,Aeroflot,2024-06-07,01:47:51,152
DP1317,S7 Airlines,2025-03-06,21:17:16,252
UT9152,Nordwind,2025-04-06,15:31:27,62
N43094,Nordwind,2025-11-25,03:48:31,10
U6190,Ural Airlines,2024-03-07,06:05:27,244
FV2063,Utair,2024-11-28,04:22:48,240
N49929,Nordwind,2024-12-07,14:47:31,101
WZ9282,Rossiya,2024-04-03,18:54:25,193
DP3665,Pobeda,2025-07-22,14:06:31,202
FV2063,Pobeda,2024-05-11,20:35:49,142
SU8535,Nordwind,2025-10-07,01:02:02,139
SU9404,Red Wings,2025-03-21,05:29:02,102
WZ2504,Pobeda,2025-01-23,15:23:04,56
WZ7506,Ural Airlines,2024-09-20,10:39:56,244
UT1811,Nordwind,2025-09-13,22:20:18,280
SU4617,Nordwind,2024-03-08,22:31:44,288
DP200,Utair,2025-09-12,23:18:20,27
WZ3835,Rossiya,2024-11-24,16:55:45,146
UT6941,Rossiya,2024-02-03,02:55:24,237
N4977,Rossiya,2024-10-27,17:39:58,201
N41924,S7 Airlines,2024-04-28,14:01:03,238
UT1755,Pobeda,2025-11-26,18:22:54,125
S78849,Utair,2025-12-08,04:41:32,44
FV7291,Rossiya,2025-10-27,22:41:54,36
U63002,Ural Airlines,2024-09-19,16:38:39,232
UT1547,Pobeda,2024-05-01,14:11:17,249
N46958,Aeroflot,2025-10-05,08:04:47,32
DP6263,Pobeda,2024-05-14,19:04:30,277
S77805,Utair,2025-10-11,09:03:18,67
DP9125,Pobeda,2024-05-05,16:08:56,109
U68589,Pobeda,2025-03-27,01:03:30,9
S79099,Aeroflot,2025-10-21,16:37:39,269
WZ2578,Nordwind,2024-04-08,07:52:22,168
UT4496,S7 Airlines,2025-02-11,00:34:30,220
UT6339,S7 Airlines,2024-05-24,05:38:41,212
WZ2128,Red Wings,2024-01-16,23:52:29,46
SU7847,Utair,2025-06-28,00:22:00,83
SU456,Aeroflot,2024-08-16,20:33:36,48
DP9330,Aeroflot,2024-05-20,23:59:17,58
WZ7902,Red Wings,2024-07-04,17:31:44,31
DP9376,Utair,2024-11-02,22:26:22,66
U69415,Pobeda,2024-04-25,22:55:00,99
N42054,Ural Airlines,2025-12-23,13:40:24,153
WZ168,Aeroflot,2024-02-23,00:25:17,265
WZ1398,Aeroflot,2025-08-11,14:34:01,247
S78837,Ural Airlines,2025-07-26,15:11:07,114
S76503,Utair,2024-04-20,10:06:25,191
DP6849,Red Wings,2024-03-17,13:54:48,31
N4248,Nordwind,2025-02-03,17:50:17,254
S75034,Aeroflot,2025-09-06,15:18:17,179
N49174,Aeroflot,2025-04-27,06:35:38,168
SU508,Ural Airlines,2024-03-15,22:12:27,263
DP9567,Aeroflot,2024-11-20,20:23:30,24
DP2330,Ural Airlines,2025-03-15,14:57:18,286
S72287,Pobeda,2024-04-06,02:05:48,259
UT8967,Nordwind,2025-04-26,15:43:35,78
N44925,Aeroflot,2024-09-10,18:00:58,153
S76408,Nordwind,2025-10-01,14:22:14,42
WZ3293,S7 Airlines,2025-04-26,21:06:26,122
DP2785,Utair,2024-09-15,06:05:56,272
U63282,Aeroflot,2025-09-25,14:21:48,223
U66435,Nordwind,2024-12-02,04:43:56,131
FV3499,Red Wings,2024-05-09,22:40:19,31
WZ3983,Utair,2024-12-27,17:08:20,170
FV4578,Nordwind,2024-12-28,19:55:03,83
U63889,Rossiya,2025-12-02,01:08:14,168
DP6249,Rossiya,2025-07-09,20:03:15,74
DP5891,Red Wings,2025-05-25,11:55:07,196
S7182,Ural Airlines,2024-06-03,04:51:01,30
U65909,Nordwind,2025-11-27,14:33:17,191
U65186,Red Wings,2024-03-24,19:43:26,75
UT3828,S7 Airlines,2025-04-06,05:40:02,190
DP8617,Rossiya,2024-04-28,09:42:25,199
U65166,Ural Airlines,2025-09-07,23:36:26,99
FV773,Utair,2024-11-24,04:30:24,1
N46099,Ural Airlines,2024-06-05,05:33:28,97
U67068,Ural Airlines,2024-03-16,01:56:37,121
S75663,Pobeda,2025-09-24,16:58:20,195
WZ2092,Red Wings,2024-09-21,16:21:04,116
WZ4143,Rossiya,2024-04-12,10:41:37,227
SU4881,Pobeda,2025-09-28,00:21:26,173
U61975,Utair,2024-05-16,16:41:11,39
N45847,Utair,2024-02-05,10:14:40,263
S74386,Ural Airlines,2024-07-05,05:31:01,102
WZ2949,Utair,2025-12-06,00:16:36,128
S7832,Aeroflot,2025-07-27,07:16:00,264
UT4218,Rossiya,2024-08-17,05:55:47,290
U63468,Utair,2024-10-27,08:26:16,219
FV9662,Aeroflot,2024-12-21,05:25:13,86
U69648,Ural Airlines,2024-09-01,15:43:24,191
UT9352,Red Wings,2024-03-04,10:35:12,111
WZ8784,Ural Airlines,2025-11-08,20:13:45,75
N43195,Rossiya,2024-03-26,04:19:40,270
N47838,S7 Airlines,2025-12-25,03:37:54,55
UT2929,Nordwind,2024-03-13,15:16:51,254
U63002,S7 Airlines,2025-06-03,05:12:20,62
FV8637,Aeroflot,2025-10-25,16:48:25,146
S75280,Ural Airlines,2024-04-23,07:28:19,238
S78485,Ural Airlines,2025-02-23,23:35:11,292
FV2044,S7 Airlines,2024-05-04,20:19:23,290
WZ7835,Aeroflot,2025-12-28,20:06:10,161
U66777,Ural Airlines,2025-03-17,08:19:12,126
N42819,Rossiya,2024-10-19,18:51:23,261
DP157,Aeroflot,2025-01-08,08:21:30,50
U68042,Rossiya,2025-04-14,19:07:38,39
SU441,Red Wings,2025-09-01,05:10:17,39
S77712,Nordwind,2025-06-03,12:27:43,137
U65969,S7 Airlines,2025-11-09,19:45:23,288
FV3257,Aeroflot,2025-10-12,23:44:59,70
UT3012,Nordwind,2025-10-23,02:08:12,240
N42214,Nordwind,2025-09-09,18:45:24,294
S77677,Ural Airlines,2024-05-14,12:20:34,54
DP8156,Utair,2025-09-09,02:54:01,286
FV4336,Nordwind,2024-09-11,05:13:59,107
U61487,Pobeda,2024-09-13,17:58:51,15
UT9828,Nordwind,2025-10-14,11:48:12,205
N44686,Utair,2025-04-16,15:21:39,257
U66571,Rossiya,2024-04-18,00:38:48,81
N48031,Nordwind,2024-03-18,05:57:26,108
SU8924,Ural Airlines,2025-01-02,15:38:55,254
UT6033,Ural Airlines,2024-01-08,01:49:31,256
DP3961,Utair,2025-02-25,23:07:15,80
WZ9554,Utair,2024-01-02,13:04:54,79
S74239,Pobeda,2024-02-24,16:31:25,4
U63725,Ural Airlines,2024-08-05,15:29:33,245
S79337,Pobeda,2024-07-02,10:43:14,164
DP4578,Red Wings,2025-06-24,19:42:16,214
N47244,Ural Airlines,2025-09-25,02:15:22,1
S71090,Red Wings,2024-10-06,12:04:49,59
UT5726,Rossiya,2025-11-04,09:27:27,122
WZ7405,S7 Airlines,2024-06-06,20:45:20,41
FV1584,Rossiya,2025-05-19,20:20:26,208
DP9773,Red Wings,2024-11-20,12:22:38,40
UT6324,Utair,2025-11-13,16:38:45,290
WZ6544,Aeroflot,2025-04-07,09:01:05,128
U6811,Nordwind,2025-08-22,10:27:31,31
FV5511,Utair,2024-10-26,04:47:48,114
DP7388,Nordwind,2024-01-10,08:45:00,142
UT5435,Nordwind,2025-06-20,15:31:10,14
N49726,Ural Airlines,2024-04-05,23:14:35,175
N42893,Ural Airlines,2024-06-21,06:38:58,5
N45954,S7 Airlines,2024-10-20,11:57:09,44
SU5910,Aeroflot,2025-11-04,19:02:41,85
N43509,Nordwind,2024-05-06,03:31:08,115
FV270,Ural Airlines,2024-10-18,08:27:52,158
UT6115,Rossiya,2025-11-24,06:56:30,138
SU581,Ural Airlines,2024-05-18,00:50:13,134
WZ7699,Nordwind,2025-06-17,03:13:24,94
U61735,Aeroflot,2024-03-27,10:38:36,21
DP9541,Pobeda,2024-10-18,14:36:55,56
N44418,Ural Airlines,2024-05-20,01:36:30,212
WZ7152,Utair,2025-09-03,12:48:08,181
S73705,Ural Airlines,2025-02-15,13:05:40,267
FV9744,Pobeda,2024-06-07,04:59:58,59
DP7573,Aeroflot,2025-01-08,02:06:17,131
U62456,Red Wings,2024-12-21,02:27:59,134
DP1309,Nordwind,2025-06-04,17:04:59,110
UT5346,Nordwind,2025-06-05,14:03:02,163
WZ3079,Pobeda,2024-01-08,13:42:19,50
DP6191,Aeroflot,2024-02-06,12:04:54,27
UT1246,Aeroflot,2025-11-03,19:45:42,263
N43082,S7 Airlines,2024-04-19,00:45:09,207
FV9171,Red Wings,2025-07-11,06:38:27,156
S74813,Aeroflot,2025-05-10,23:20:59,170
U67661,Utair,2025-04-25,14:37:29,111
UT1350,Nordwind,2024-04-08,01:10:22,144
UT3632,Rossiya,2025-05-22,23:30:01,223
SU6804,Aeroflot,2024-01-24,18:32:24,21
FV544,Pobeda,2024-02-07,17:56:13,244
SU6925,Aeroflot,2025-12-19,15:13:15,288
WZ8671,S7 Airlines,2024-06-04,19:21:18,5
UT9459,Utair,2024-05-26,00:07:25,121
DP4562,S7 Airlines,2024-11-26,23:09:07,96
SU8528,Utair,2024-05-18,10:38:20,255
S79009,Pobeda,2025-09-20,18:33:33,165
DP746,Ural Airlines,2025-09-01,07:22:54,258
N45341,Ural Airlines,2024-03-15,00:16:19,286
UT2905,Rossiya,2024-02-22,11:31:47,281
DP3323,Utair,2025-09-24,23:04:34,184
DP8648,Red Wings,2025-12-07,23:03:17,289
N44230,Utair,2024-06-03,23:15:34,48
S76262,Pobeda,2024-08-27,00:59:01,209
WZ5104,S7 Airlines,2024-11-22,11:06:12,203
UT6423,Red Wings,2025-08-17,12:12:35,285
UT9254,S7 Airlines,2024-03-09,02:42:42,83
SU4069,Utair,2024-02-14,05:17:07,285
SU4469,S7 Airlines,2024-05-20,03:21:43,267
FV6379,Utair,2025-02-15,21:52:33,120
S73650,S7 Airlines,2024-02-03,07:42:20,292
S78310,Red Wings,2025-05-08,12:48:43,187
SU1407,Red Wings,2025-02-20,06:48:44,30
FV2063,Ural Airlines,2024-10-09,07:10:21,91
UT1407,Ural Airlines,2025-08-15,02:24:20,76
U63615,Nordwind,2024-12-13,14:45:19,83
WZ5157,Utair,2025-04-06,17:48:47,11
UT5601,Aeroflot,2024-12-12,12:01:48,188
SU6433,Aeroflot,2025-07-07,23:56:55,140
DP9978,Aeroflot,2025-04-02,02:16:35,164
U62628,Rossiya,2025-06-11,10:56:09,184
FV5590,Pobeda,2024-05-15,22:23:03,223
UT9395,Rossiya,2025-01-28,17:53:00,271
WZ5979,Red Wings,2024-11-10,22:17:53,255
DP5809,Red Wings,2024-05-07,07:23:50,263
UT8393,Rossiya,2024-05-03,00:06:24,281
N46341,Pobeda,2024-07-04,02:26:26,285
S72954,Pobeda,2024-04-27,01:33:08,97
FV3696,Pobeda,2024-02-06,04:49:01,3
SU9338,Red Wings,2024-08-28,13:26:28,111
FV7797,Aeroflot,2025-05-20,01:58:17,158
FV392,Ural Airlines,2024-03-06,08:36:59,213
N47893,Utair,2024-08-19,11:35:06,295
DP8020,Aeroflot,2025-05-13,02:55:50,191
N43876,Rossiya,2025-01-09,02:47:19,258
N44835,Red Wings,2024-03-12,00:47:06,112
SU2974,S7 Airlines,2024-02-16,13:37:14,189
N42248,Nordwind,2024-01-18,05:11:44,115
S73239,Ural Airlines,2025-04-15,14:16:55,21
DP5870,Ural Airlines,2024-09-17,05:47:53,214
SU7095,Aeroflot,2024-09-18,01:57:16,82
N44824,Rossiya,2025-04-11,05:04:32,295
U66626,Aeroflot,2025-08-22,14:22:43,117
UT4938,S7 Airlines,2024-06-14,03:43:20,202
WZ8686,Pobeda,2024-08-23,23:54:57,16
N48309,Ural Airlines,2024-09-14,03:55:07,225
DP750,Nordwind,2025-02-06,15:47:00,75
N48677,Ural Airlines,2025-08-18,17:01:27,249
WZ1663,Rossiya,2024-09-14,19:26:48,129
S74785,Ural Airlines,2024-08-09,17:47:33,62
S75846,Rossiya,2024-06-07,09:32:15,289
WZ8985,Ural Airlines,2024-08-01,11:57:40,282
SU2692,S7 Airlines,2024-12-18,20:40:05,283
SU9556,Pobeda,2025-09-19,21:57:54,82
U6985,Red Wings,2025-02-02,02:58:30,293
N48320,S7 Airlines,2024-09-02,03:56:52,205
S77849,Nordwind,2025-10-20,13:01:42,232
WZ661,Utair,2025-08-19,13:41:01,132
U69073,Aeroflot,2024-09-03,02:30:44,55
S72590,Rossiya,2025-04-26,04:26:29,89
FV6188,Aeroflot,2024-03-24,12:56:41,5
WZ7097,Red Wings,2025-08-16,20:03:32,101
FV2788,Aeroflot,2025-12-12,18:52:32,23
SU7400,Utair,2024-06-04,20:21:08,245
S7744,Pobeda,2025-07-16,00:50:34,5
DP4059,Aeroflot,2024-02-09,14:01:18,25
SU4401,Nordwind,2025-03-25,05:44:24,199
FV2043,Aeroflot,2025-04-28,00:48:48,167
U67901,Red Wings,2024-06-10,04:20:33,69
FV7955,Utair,2024-11-14,14:50:54,122
U69295,Rossiya,2024-09-05,06:54:54,261
DP1480,Ural Airlines,2025-11-10,19:43:59,16
DP1029,Utair,2024-06-04,08:20:29,223
N46335,Red Wings,2025-05-13,10:50:29,286
U61561,Red Wings,2024-03-13,11:50:26,128
UT3542,Aeroflot,2024-09-05,23:11:45,127
N46997,Nordwind,2024-07-26,10:39:17,94
DP2619,Rossiya,2024-01-08,21:05:20,128
WZ2803,Utair,2024-01-02,00:31:41,32
WZ1817,Pobeda,2025-10-21,04:02:11,18
SU9879,S7 Airlines,2024-05-26,19:26:12,287
S74792,Nordwind,2024-04-15,20:48:48,3
FV8555,S7 Airlines,2025-11-22,21:58:28,162
FV9282,S7 Airlines,2025-06-18,00:40:12,145
SU5846,Red Wings,2024-02-25,14:48:48,176
DP7821,Aeroflot,2024-07-23,00:51:52,72
WZ4821,S7 Airlines,2024-04-27,10:20:21,26
SU3478,S7 Airlines,2025-11-04,04:32:48,23
WZ7047,Utair,2024-03-14,17:07:40,115
WZ302,Ural Airlines,2024-11-10,01:22:25,218
UT9497,Ural Airlines,2024-02-15,17:39:30,21
SU984,Aeroflot,2024-12-23,22:17:22,253
WZ6528,Pobeda,2025-04-04,12:13:20,67
UT2460,Rossiya,2024-07-03,12:21:30,231
FV2058,Nordwind,2024-08-01,07:13:18,144
U66966,Aeroflot,2025-05-19,19:08:25,286
DP4287,Pobeda,2025-08-21,06:16:18,293
N49843,Nordwind,2024-11-03,19:25:51,120
SU7073,S7 Airlines,2024-10-05,14:45:08,31
UT3080,Pobeda,2025-05-25,04:51:00,299
UT9137,Utair,2024-12-09,07:40:23,45
UT2953,Nordwind,2024-07-22,02:04:36,57
SU9984,Aeroflot,2024-03-25,13:34:56,150
U64155,Red Wings,2025-11-28,11:24:12,70
U64757,Ural Airlines,2025-12-17,20:10:04,141
DP7772,Aeroflot,2024-03-19,09:20:19,223
S76674,Pobeda,2024-03-12,17:56:52,208
FV1721,S7 Airlines,2024-12-07,15:46:52,82
SU4778,Ural Airlines,2025-01-14,09:46:32,27
U61957,Pobeda,2024-09-14,09:55:03,152
FV8289,Aeroflot,2024-12-12,08:10:28,29
SU8149,Rossiya,2025-07-14,13:39:12,146
UT4771,Aeroflot,2025-04-10,23:17:30,141
N49136,S7 Airlines,2025-09-22,01:23:50,7
SU8319,Ural Airlines,2025-05-08,12:51:18,219
N44839,Nordwind,2025-10-19,06:43:33,275
FV6103,Nordwind,2025-01-12,16:06:07,219
WZ5254,Nordwind,2025-03-11,05:25:00,248
U63707,Pobeda,2025-04-24,09:04:06,90
WZ2767,Utair,2024-07-23,02:16:50,208
FV3196,Utair,2024-09-06,23:06:30,134
WZ7247,Aeroflot,2024-01-04,19:07:56,174
UT6235,Red Wings,2025-04-03,13:31:33,157
WZ4966,Pobeda,2024-03-15,08:26:22,234
S79718,Aeroflot,2024-03-13,11:46:58,100
FV7420,Nordwind,2024-01-15,12:25:56,175
WZ1655,Rossiya,2024-06-05,10:26:17,104
UT1135,Ural Airlines,2025-11-28,17:55:48,222
WZ1881,Pobeda,2025-08-17,06:45:49,40
UT9755,Rossiya,2025-06-26,22:13:59,87
FV7947,Nordwind,2024-10-16,17:59:20,297
WZ8815,S7 Airlines,2024-11-02,16:57:41,33
WZ2222,Ural Airlines,2025-09-08,04:52:11,1
SU4453,Pobeda,2024-02-19,10:10:24,140
FV8856,Pobeda,2025-02-08,08:15:59,251
DP6545,Pobeda,2025-12-01,18:34:08,11
UT7458,Utair,2025-05-04,22:28:07,224
SU227,Nordwind,2024-04-24,17:21:13,110
WZ1659,Aeroflot,2024-06-26,12:36:22,150
S73673,S7 Airlines,2025-03-10,07:10:22,15
SU9183,Red Wings,2025-12-15,14:03:21,93
UT6770,Ural Airlines,2025-08-28,07:34:25,97
U64270,Utair,2025-12-06,06:45:28,186
S7315,Red Wings,2025-10-18,11:57:21,58
U68599,S7 Airlines,2025-06-21,21:24:12,216
FV7350,Rossiya,2024-01-14,02:54:14,119
U6357,S7 Airlines,2024-12-28,10:15:17,264
UT4089,Pobeda,2024-03-13,12:37:41,111
U67411,Red Wings,2025-09-13,21:36:02,269
WZ6053,S7 Airlines,2024-03-02,12:06:47,58
DP4332,Ural Airlines,2025-02-01,07:47:00,278
FV2764,Red Wings,2024-04-21,11:31:15,18
WZ9072,Ural Airlines,2025-02-01,04:31:30,295
N49799,Nordwind,2024-04-24,13:58:12,194
U62664,Nordwind,2024-11-24,23:55:07,124
N43263,Ural Airlines,2025-06-06,18:01:30,264
FV4362,Nordwind,2025-06-01,03:33:27,16
DP6767,Nordwind,2025-06-24,18:26:59,248
WZ7129,Nordwind,2024-12-22,10:23:47,179
U68934,Aeroflot,2024-07-04,18:12:15,123
UT8548,Aeroflot,2025-03-25,01:49:04,164
SU6259,S7 Airlines,2024-12-24,21:38:38,121
SU1031,S7 Airlines,2025-10-17,19:53:11,150
WZ4361,Utair,2025-10-08,16:11:15,41
U63625,Utair,2024-02-26,15:58:05,21
UT3580,Utair,2025-11-24,15:20:34,282
SU2010,Ural Airlines,2024-10-24,20:26:16,143
S76796,Aeroflot,2024-05-01,15:30:27,242
FV1477,Red Wings,2024-11-25,12:52:12,157
SU5191,Aeroflot,2024-02-22,03:03:09,140
U63528,Ural Airlines,2025-05-28,03:21:50,298
U66306,Nordwind,2024-10-03,16:15:38,65
FV9328,S7 Airlines,2024-05-21,06:52:41,85
U65258,Rossiya,2024-02-19,20:06:49,196
FV5677,Utair,2024-01-16,11:56:36,19
UT8210,Nordwind,2024-03-19,23:35:17,69
N48463,Aeroflot,2025-10-21,13:28:16,167
S7330,Pobeda,2025-05-23,00:38:16,226
WZ2714,S7 Airlines,2024-01-01,19:30:26,289
SU8902,Nordwind,2024-01-02,16:18:21,101
DP2443,Pobeda,2024-02-07,13:40:09,260
WZ3719,Ural Airlines,2025-11-24,14:52:32,287
S72125,Rossiya,2025-11-06,15:15:10,231
SU8228,Rossiya,2025-05-23,00:08:28,53
FV613,Red Wings,2025-11-27,22:52:16,202
DP5478,Aeroflot,2024-03-03,10:25:45,294
DP2467,Utair,2025-03-06,13:15:20,108
UT9352,Ural Airlines,2024-03-12,02:46:45,111
FV7907,S7 Airlines,2024-03-24,13:10:33,63
FV3041,Pobeda,2024-04-04,09:02:23,166
FV4301,S7 Airlines,2025-04-16,05:48:56,149
N4801,Ural Airlines,2024-12-07,13:47:19,52
N4679,Rossiya,2024-04-19,19:39:27,251
DP5393,Aeroflot,2025-04-18,05:15:47,31
WZ5668,S7 Airlines,2025-05-18,20:50:33,121
N45362,Nordwind,2024-12-03,05:45:09,18
FV9477,Aeroflot,2024-07-13,19:10:36,224
S74761,Pobeda,2025-12-28,19:03:57,183
UT6077,Red Wings,2024-10-02,09:55:45,214
U69664,Aeroflot,2024-12-03,16:19:49,36
SU1209,Nordwind,2024-05-20,22:26:41,212
WZ4831,Red Wings,2024-10-13,02:26:24,9
FV5809,Nordwind,2025-04-12,14:15:31,236
SU7756,Aeroflot,2024-07-20,16:50:42,143
WZ1031,Aeroflot,2024-06-15,19:32:17,25
UT8775,Red Wings,2025-01-01,18:57:25,288
N4941,Pobeda,2024-12-09,06:30:10,185
N4475,S7 Airlines,2025-02-20,12:05:19,29
SU5425,Utair,2025-08-28,05:16:44,67
DP6395,Rossiya,2025-06-23,08:11:30,105
SU6190,Aeroflot,2025-05-08,11:16:17,173
N45152,Nordwind,2025-07-11,21:15:29,176
S75194,S7 Airlines,2024-02-15,11:30:44,237
DP9593,Aeroflot,2024-05-18,08:47:38,61
U65999,Nordwind,2025-04-03,03:31:18,42
S76868,Utair,2025-04-17,11:30:34,7
U65427,Pobeda,2025-05-19,06:35:40,268
S71412,Aeroflot,2024-10-22,22:58:38,299
DP4915,Nordwind,2024-01-19,19:13:25,275
N48043,Red Wings,2025-08-18,08:33:43,91
S75101,Aeroflot,2025-07-28,07:26:04,195
S77582,Pobeda,2024-09-13,07:22:27,45
FV5082,S7 Airlines,2024-04-27,09:16:26,242
S7208,Nordwind,2025-04-28,16:39:25,88
FV6213,Aeroflot,2025-08-22,14:42:32,245
FV7834,Aeroflot,2024-12-27,00:18:52,2
N4852,Ural Airlines,2025-08-18,00:05:15,240
FV7561,S7 Airlines,2025-05-15,09:50:58,264
S75185,Utair,2025-06-02,01:37:54,177
DP1438,Utair,2024-10-22,16:51:39,216
WZ4328,Ural Airlines,2025-07-10,03:58:46,100
N4805,Ural Airlines,2025-05-25,09:51:06,21
U67246,Nordwind,2024-02-18,20:51:47,217
N47456,Utair,2024-08-12,08:34:28,217
UT5736,Ural Airlines,2025-06-18,04:51:44,20
SU917,Rossiya,2024-08-17,02:12:39,217
SU6859,Red Wings,2024-03-27,11:02:29,8
WZ8609,Ural Airlines,2024-01-11,15:24:05,128
WZ513,Ural Airlines,2025-11-13,17:18:03,59
S78329,Nordwind,2025-05-19,04:03:00,27
WZ3855,Utair,2024-10-19,21:22:56,86
SU7731,Red Wings,2024-01-23,05:22:56,249
SU3601,Red Wings,2025-06-02,04:09:42,295
FV3410,Pobeda,2024-03-27,04:53:10,0
WZ905,Rossiya,2024-05-09,02:02:14,42
SU9745,Nordwind,2024-12-25,13:37:28,114
U61115,Aeroflot,2025-01-09,02:53:21,152
FV5168,Utair,2024-07-02,10:44:35,125
FV9773,Nordwind,2025-12-20,10:30:58,32
WZ9667,Rossiya,2024-02-23,06:10:14,110
DP1316,S7 Airlines,2025-10-03,13:28:18,97
FV678,S7 Airlines,2024-12-20,17:15:05,120
S74949,Pobeda,2025-05-17,05:24:11,125
SU3522,Pobeda,2025-08-13,16:00:30,156
SU5666,S7 Airlines,2025-07-27,05:20:36,242
N49734,Pobeda,2025-09-24,17:25:44,228
UT9406,Aeroflot,2024-08-15,02:43:35,134
FV2552,Red Wings,2024-03-03,16:14:37,90
N4858,Aeroflot,2025-09-12,07:02:06,43
DP6577,Pobeda,2024-07-07,23:28:41,244
S78578,Nordwind,2025-10-11,16:19:44,190
FV1896,Rossiya,2025-12-21,01:09:08,62
U67730,Aeroflot,2025-12-25,08:12:34,138
SU3256,Aeroflot,2024-03-26,16:19:45,125
FV6310,Red Wings,2024-03-25,14:04:18,288
SU5185,Aeroflot,2024-07-05,16:12:22,135
DP5936,Aeroflot,2025-03-10,10:01:48,179
DP1482,Aeroflot,2025-05-23,07:43:38,92
WZ5501,Pobeda,2024-05-19,02:47:11,150
SU876,Utair,2025-11-03,04:21:38,215
FV6295,Pobeda,2025-09-15,07:09:44,225
N42484,Ural Airlines,2025-08-02,01:43:28,157
WZ3920,Ural Airlines,2025-07-05,01:38:23,158
DP3162,Ural Airlines,2024-08-28,15:22:08,20
N45564,Utair,2025-07-15,21:22:56,84
SU5042,Nordwind,2025-10-23,10:32:29,22
S73279,Nordwind,2025-08-15,06:05:27,172
FV5039,Red Wings,2024-10-24,20:46:05,190
FV8476,Pobeda,2024-04-17,13:33:05,205
FV8930,Red Wings,2024-12-27,08:00:02,177
UT2887,Aeroflot,2024-08-02,22:16:06,119
FV9898,Ural Airlines,2025-02-04,12:13:18,197
SU7443,Rossiya,2024-02-20,13:41:20,245
WZ5724,Aeroflot,2024-05-27,05:28:27,30
N42702,Pobeda,2024-12-08,04:07:30,156
WZ3371,Nordwind,2024-06-23,06:11:19,175
WZ4384,S7 Airlines,2024-03-14,10:11:04,291
SU6211,Utair,2024-11-05,23:06:14,216
SU3196,Ural Airlines,2024-06-25,23:11:34,236
WZ7428,Red Wings,2024-06-25,22:02:39,263
WZ9419,Nordwind,2025-07-11,15:42:44,156
WZ7548,S7 Airlines,2024-11-25,10:32:19,33
WZ5231,Red Wings,2025-01-22,15:11:01,130
N47449,Rossiya,2024-06-28,05:55:42,32
WZ1028,Aeroflot,2025-02-26,12:47:41,296
SU4357,Red Wings,2024-04-27,16:38:37,254
FV1954,Aeroflot,2025-08-20,16:55:55,56
S71196,Red Wings,2024-10-20,12:39:09,118
SU5050,Nordwind,2025-07-17,09:12:19,126
WZ2030,Nordwind,2025-11-23,15:54:30,99
SU6353,Pobeda,2024-08-08,03:10:11,126
N44363,Utair,2024-01-13,02:56:13,165
WZ3410,Red Wings,2024-11-13,10:30:54,265
FV7703,Rossiya,2024-02-01,05:27:48,95
N46658,Aeroflot,2024-01-02,21:52:42,116
U66372,Aeroflot,2025-01-20,03:45:22,1
WZ9677,Ural Airlines,2024-12-16,22:07:49,137
DP9786,Utair,2024-05-13,19:59:47,15
UT6234,Rossiya,2025-12-26,20:39:05,71
S74419,Utair,2025-08-25,12:25:14,169
UT1907,Pobeda,2024-08-24,21:23:35,298
SU7763,Nordwind,2025-07-22,15:48:35,148
SU1166,S7 Airlines,2025-07-22,22:53:18,283
N4722,S7 Airlines,2024-04-18,22:30:52,222
U63006,Rossiya,2024-09-02,14:23:23,220
U62703,Utair,2024-12-16,16:38:26,22
SU3571,S7 Airlines,2025-04-21,02:26:05,244
UT9573,Pobeda,2024-11-10,13:51:44,270
UT3424,S7 Airlines,2025-07-13,23:26:39,25
UT3088,Aeroflot,2024-05-08,09:52:35,53
UT9572,Utair,2025-04-26,04:33:47,63
DP8229,Rossiya,2025-04-12,11:38:08,172
N43179,Red Wings,2025-06-12,17:46:04,127
DP1978,Utair,2025-03-02,08:34:58,56
SU7844,Nordwind,2025-06-17,20:37:15,83
SU7025,Red Wings,2025-08-27,09:38:15,87
FV696,Utair,2024-10-16,02:46:11,137
DP5828,Pobeda,2024-11-05,14:05:24,35
DP6543,Pobeda,2025-02-22,13:53:13,201
SU8628,Utair,2025-07-04,21:45:22,262
S76553,Pobeda,2025-12-06,04:10:07,258
U68902,Aeroflot,2024-02-22,08:23:12,269
FV1165,Pobeda,2024-02-10,06:03:15,172
FV6547,Rossiya,2024-03-05,07:18:05,197
N46683,Rossiya,2025-09-06,00:17:10,73
N49101,Ural Airlines,2024-09-16,01:17:02,256
SU2915,S7 Airlines,2024-04-19,20:58:24,191
U66250,Ural Airlines,2024-10-25,02:26:01,251
SU6268,Pobeda,2025-08-10,10:49:45,158
SU9182,Aeroflot,2025-03-28,18:25:56,112
SU8091,Red Wings,2025-09-28,07:47:52,15
N45607,Nordwind,2024-12-02,00:30:46,28
U69365,Utair,2024-07-23,08:14:40,56
SU5286,Red Wings,2024-07-18,06:49:20,105
N45063,Pobeda,2024-11-20,23:15:36,163
SU4182,Nordwind,2025-01-11,06:00:31,139
N49704,Nordwind,2024-02-21,13:02:33,156
WZ4815,Pobeda,2025-02-04,15:06:30,36
FV3173,S7 Airlines,2024-08-11,05:39:27,277
UT6182,Pobeda,2025-07-07,00:37:33,169
DP6717,Nordwind,2025-04-26,07:01:44,138
U64637,S7 Airlines,2024-02-03,15:53:19,168
U62263,S7 Airlines,2024-04-05,02:42:32,5
UT6282,Red Wings,2024-04-22,15:53:32,298
DP7715,Red Wings,2024-06-08,02:51:31,258
U64381,Nordwind,2024-03-24,06:43:42,4
U65716,Nordwind,2025-06-19,08:26:40,5
WZ3887,S7 Airlines,2024-02-12,08:57:14,187
S72805,Utair,2025-02-26,04:30:39,10
DP2590,Pobeda,2024-05-26,09:54:44,191
SU5330,Ural Airlines,2024-10-23,03:05:08,292
WZ6620,Aeroflot,2024-02-09,02:23:36,36
FV2216,Aeroflot,2024-12-14,08:29:02,171
UT8077,S7 Airlines,2025-11-20,20:32:33,288
N41877,Red Wings,2024-10-09,06:31:40,281
WZ9250,S7 Airlines,2025-01-17,06:19:37,205
S75270,Nordwind,2024-04-23,13:37:17,161
WZ5411,Pobeda,2025-07-20,15:05:39,250
WZ1625,Aeroflot,2025-12-26,18:45:05,267
S73425,Utair,2024-08-13,06:36:51,105
U62566,Utair,2025-12-24,09:13:17,35
FV8094,Pobeda,2025-10-10,15:12:15,19
SU4765,Aeroflot,2024-06-09,20:20:21,297
DP4859,Rossiya,2025-05-19,21:46:01,17
FV8238,Pobeda,2025-10-26,17:36:04,65
DP8466,Pobeda,2025-03-03,22:28:14,112
WZ802,Aeroflot,2024-05-21,01:31:29,22
FV3877,Nordwind,2025-01-21,19:42:09,168
UT3330,Ural Airlines,2024-12-16,02:02:48,259
U6389,Utair,2024-11-02,06:07:53,111
S79741,Utair,2025-12-12,18:48:14,143
FV2068,Nordwind,2024-03-01,18:21:34,126
FV6378,Rossiya,2024-12-25,22:26:38,46
WZ2865,Pobeda,2024-05-26,16:01:42,19
WZ8602,Pobeda,2024-08-19,03:11:03,15
DP9874,Utair,2025-08-25,22:52:56,102
SU5236,Pobeda,2024-02-22,12:30:22,211
UT4956,Utair,2024-05-01,09:23:24,130
S74677,Pobeda,2025-04-09,03:45:57,10
WZ7420,S7 Airlines,2025-01-03,09:05:37,32
DP3905,Ural Airlines,2024-08-16,22:40:21,214
U62557,S7 Airlines,2024-09-27,11:05:45,196
SU3405,Pobeda,2024-05-05,09:55:11,100
WZ608,Nordwind,2025-12-25,02:36:25,243
N49774,Aeroflot,2024-03-20,05:20:27,87
S7438,Nordwind,2024-06-05,00:23:47,61
N43115,Nordwind,2024-01-21,17:39:46,189
DP6492,Utair,2024-11-14,04:23:16,66
WZ260,Red Wings,2025-05-25,18:38:14,257
WZ9946,Rossiya,2025-06-08,13:05:07,116
S7409,S7 Airlines,2025-01-22,22:04:34,259
WZ1121,S7 Airlines,2024-10-02,15:05:13,138
WZ4765,Aeroflot,2024-05-26,02:26:56,291
UT9845,Nordwind,2024-04-04,00:49:45,135
UT9753,Red Wings,2025-02-12,03:58:21,105
N43897,Aeroflot,2025-07-17,02:05:16,142
DP6082,S7 Airlines,2025-01-16,20:26:25,195
N47528,S7 Airlines,2024-09-15,23:14:50,229
DP3974,Ural Airlines,2024-03-03,02:47:32,242
WZ9062,S7 Airlines,2025-04-25,20:20:05,208
UT7821,Rossiya,2025-01-28,04:12:49,124
U68715,Utair,2024-03-26,07:07:32,146
WZ5862,Rossiya,2025-03-24,11:58:33,191
U63907,Utair,2025-08-16,07:58:59,273
U61785,S7 Airlines,2025-07-02,02:56:57,34
U64813,Ural Airlines,2024-08-18,17:01:06,6
WZ6367,Red Wings,2024-10-26,20:24:46,178
N42010,Utair,2025-04-19,08:04:44,217
FV6509,Red Wings,2024-09-26,08:48:17,181
U6209,Nordwind,2025-02-04,17:10:30,139
N44795,Rossiya,2024-11-04,15:05:41,62
U66160,Rossiya,2024-03-01,21:16:37,193
UT7841,S7 Airlines,2024-11-08,19:20:05,199
FV9448,Utair,2024-09-16,00:45:37,136
WZ7341,Red Wings,2024-04-04,16:24:41,214
UT8516,Pobeda,2025-10-28,02:48:48,53
FV831,Utair,2024-02-23,11:31:38,198
FV1572,Nordwind,2025-10-15,22:54:25,262
N48992,Nordwind,2024-03-07,19:41:23,223
U65605,Aeroflot,2025-11-20,07:32:40,193
U66204,Aeroflot,2024-07-17,15:01:48,62
S75823,Aeroflot,2024-06-18,05:38:55,295
U65812,Ural Airlines,2025-10-01,00:05:04,208
SU6260,Utair,2025-11-14,20:10:31,294
U64258,Nordwind,2025-12-01,08:14:24,79
U63679,Utair,2025-09-14,21:33:10,245
S77832,Red Wings,2024-02-20,17:52:33,83
WZ2815,Pobeda,2024-07-16,07:15:21,139
S79985,Red Wings,2025-03-16,11:04:33,35
UT6091,Pobeda,2025-04-22,00:24:12,148
DP226,Utair,2024-01-08,16:19:11,256
WZ2151,Red Wings,2024-08-06,11:34:11,263
WZ7036,Ural Airlines,2024-11-27,03:57:38,65
SU4980,Aeroflot,2025-12-22,15:19:46,154
FV2284,Aeroflot,2024-08-20,21:23:28,274
S77851,Aeroflot,2025-05-08,01:15:22,32
UT8745,Rossiya,2025-06-17,03:16:46,101
DP8953,Utair,2025-01-19,19:54:47,214
UT3054,Red Wings,2024-06-02,02:17:50,163
U63923,Ural Airlines,2025-02-01,15:55:05,290
FV5648,S7 Airlines,2025-02-09,21:18:22,299
S7551,Nordwind,2024-01-26,23:43:52,190
DP2326,S7 Airlines,2025-02-13,04:09:46,48
FV1984,Utair,2025-07-02,07:45:27,97
UT906,Utair,2025-03-25,19:39:47,56
U69572,Nordwind,2024-08-23,03:12:55,250
DP3004,Nordwind,2025-10-14,18:05:11,224
SU2417,Rossiya,2025-04-23,03:28:59,170
SU7193,Pobeda,2024-10-03,23:10:42,53
FV2996,Ural Airlines,2025-07-12,00:42:14,248
SU3189,Red Wings,2025-01-05,06:17:10,174
SU6733,Pobeda,2024-02-27,04:18:02,25
FV9400,Nordwind,2025-06-06,06:03:25,35
U6439,Pobeda,2024-08-02,19:30:37,299
SU3490,S7 Airlines,2024-09-17,14:18:22,50
DP7228,Utair,2025-08-09,02:27:19,247
SU4996,Aeroflot,2024-05-08,06:36:13,270
S73986,S7 Airlines,2024-02-04,18:40:53,118
WZ5089,Nordwind,2025-09-06,14:40:32,48
SU6731,Aeroflot,2025-08-11,22:52:06,104
U69908,Pobeda,2024-12-26,02:56:07,145
WZ9445,Utair,2024-03-19,00:29:01,191
UT5473,Rossiya,2024-10-14,07:14:29,198
UT3620,Ural Airlines,2025-08-14,07:22:01,289
FV7174,Aeroflot,2025-08-21,06:02:31,180
S78279,Pobeda,2024-10-01,02:54:14,247
U67917,Rossiya,2024-03-04,20:24:58,1
SU6511,Rossiya,2025-01-24,17:16:11,98
WZ9759,Aeroflot,2025-04-03,06:20:52,203
UT2138,S7 Airlines,2025-11-27,05:37:28,54
FV1322,Red Wings,2025-03-15,07:39:33,94
DP1771,Utair,2024-06-08,05:34:01,277
S74183,Utair,2025-05-10,08:12:17,48
S72959,Aeroflot,2024-05-20,21:05:56,284
WZ7456,Red Wings,2024-04-23,19:16:40,104
S72751,S7 Airlines,2024-11-21,03:28:47,41
N47184,Red Wings,2024-09-24,21:39:25,181
SU6664,Ural Airlines,2025-08-15,01:59:17,181
FV2403,Ural Airlines,2024-01-13,15:33:24,252
DP6262,Nordwind,2024-02-23,04:05:46,44
DP6108,Aeroflot,2025-05-19,23:19:20,124
UT5566,Red Wings,2025-09-10,16:03:26,226
WZ7335,Rossiya,2024-03-15,05:48:27,93
UT5335,Red Wings,2024-09-14,00:33:13,147
S72585,Ural Airlines,2024-08-02,13:41:22,223
WZ8214,Aeroflot,2024-01-18,14:11:12,262
UT4719,Ural Airlines,2025-12-10,13:41:11,268
DP3321,Aeroflot,2025-07-26,10:02:14,3
WZ5055,Aeroflot,2025-12-04,04:20:31,17
UT9644,S7 Airlines,2025-06-16,05:18:39,71
U67839,S7 Airlines,2024-01-06,17:05:23,45
DP4758,Ural Airlines,2025-01-17,06:48:58,276
SU5926,Red Wings,2024-10-20,13:33:21,143
WZ2113,Red Wings,2025-04-09,05:14:33,223
FV7113,Rossiya,2025-02-23,03:22:28,248
U68537,Rossiya,2025-01-06,17:15:59,276
UT5569,Ural Airlines,2025-09-20,18:15:44,276
DP6655,Nordwind,2025-12-17,06:13:21,61
U67498,Pobeda,2024-03-02,15:42:53,145
WZ8935,Rossiya,2024-01-07,07:55:07,222
N49872,Red Wings,2025-02-16,02:06:55,261
WZ2848,Ural Airlines,2024-09-16,10:33:32,53
WZ8093,Utair,2024-12-15,22:03:47,40
DP6027,Pobeda,2024-11-01,17:22:28,168
FV3534,Rossiya,2024-04-07,17:32:10,40
N43780,Rossiya,2024-03-28,20:26:28,132
N48444,Rossiya,2025-03-20,14:32:08,6
S75369,Utair,2025-04-11,07:16:16,139
UT1260,Nordwind,2024-07-21,03:19:46,295
UT7857,Pobeda,2025-11-06,10:50:24,137
FV6697,Nordwind,2024-11-15,21:40:07,113
SU9774,Rossiya,2024-05-20,11:27:28,278
FV7783,Pobeda,2025-10-20,03:52:28,95
UT7917,Ural Airlines,2025-02-18,02:04:56,187
U6864,Rossiya,2024-09-28,14:46:34,210
UT7195,Nordwind,2025-06-11,20:39:35,34
N45833,Utair,2025-03-20,01:45:30,62
FV9583,Pobeda,2024-03-04,02:40:36,1
WZ8673,Rossiya,2024-06-10,04:49:50,196
UT9859,Ural Airlines,2024-03-08,01:53:37,280
U66344,Red Wings,2024-03-10,04:39:34,236
U63180,Pobeda,2025-04-26,21:47:47,16
S78800,Red Wings,2025-05-10,20:46:27,215
FV5228,Utair,2025-05-10,05:56:34,55
SU7448,Utair,2025-08-02,23:09:19,44
N46108,Red Wings,2025-10-03,20:54:41,288
UT3299,Ural Airlines,2025-08-15,14:31:00,242
U63249,Utair,2024-05-19,21:43:49,66
U62669,Ural Airlines,2024-03-05,07:09:28,296
WZ5373,S7 Airlines,2025-07-15,19:46:58,261
S73380,S7 Airlines,2025-09-10,00:15:21,66
UT637,S7 Airlines,2025-08-24,23:16:40,149
N47070,Utair,2024-12-21,21:25:38,245
FV5387,Rossiya,2025-11-01,23:12:00,92
DP6015,Pobeda,2024-08-09,14:17:31,207
WZ3726,Utair,2024-11-15,00:22:56,125
N48083,Pobeda,2025-12-18,21:42:18,274
SU1361,S7 Airlines,2024-12-02,14:06:16,176
UT240,Ural Airlines,2024-07-16,02:57:28,111
N42532,Red Wings,2025-10-03,15:35:12,93
WZ5326,Aeroflot,2024-05-08,17:59:39,116
SU9510,Aeroflot,2025-10-19,17:13:11,192
SU3724,Utair,2024-05-03,09:33:47,123
SU302,Utair,2025-09-08,20:17:06,250
S75750,Rossiya,2024-05-02,23:24:04,185
DP5835,Aeroflot,2024-05-28,18:36:41,285
UT8641,Nordwind,2025-04-03,16:58:41,154
DP8204,S7 Airlines,2025-04-06,02:50:56,33
N47350,Utair,2025-04-17,16:03:16,181
U63607,Ural Airlines,2024-02-14,01:29:24,14
UT729,Ural Airlines,2024-01-02,17:47:11,214
DP5845,Nordwind,2024-10-10,03:52:12,111
N49918,S7 Airlines,2025-03-25,20:19:14,208
DP4552,Utair,2025-10-19,06:29:07,109
U68784,Rossiya,2025-10-18,10:00:43,168
N44371,Aeroflot,2025-03-17,23:53:13,122
DP7043,Aeroflot,2025-02-05,13:57:59,125
FV5333,Red Wings,2024-09-12,17:08:48,55
SU3319,Pobeda,2024-11-24,23:47:50,256
N46425,Utair,2024-07-04,19:54:39,176
FV7221,Rossiya,2025-04-27,07:36:23,136
S79821,Nordwind,2025-08-23,05:54:26,196
FV7087,Red Wings,2024-01-05,07:29:42,288
S78945,Pobeda,2024-10-22,04:44:19,98
UT9883,Aeroflot,2024-12-12,07:56:42,283
FV1278,Aeroflot,2024-07-20,17:16:56,3
N46002,Nordwind,2024-01-06,08:16:29,25
U69491,Ural Airlines,2025-08-12,15:21:38,73
S73734,Pobeda,2025-09-16,09:21:14,12
S76571,Red Wings,2024-12-03,02:01:08,47
UT5839,Pobeda,2025-04-12,08:34:04,81
S75853,Rossiya,2024-12-20,13:01:18,92
FV7907,Rossiya,2025-09-12,00:32:17,147
WZ9997,Aeroflot,2025-06-14,23:40:12,258
WZ9328,Aeroflot,2024-12-01,09:31:40,213
S78386,Red Wings,2025-10-23,10:51:23,109
WZ9776,Utair,2024-03-18,15:11:27,177
S79547,Utair,2024-07-14,13:09:28,150
S78475,S7 Airlines,2024-04-01,06:24:36,287
FV9672,Red Wings,2025-01-15,03:46:10,101
WZ5762,Aeroflot,2025-04-27,08:03:16,155
N4697,Red Wings,2024-12-01,13:38:24,1
U67043,Pobeda,2025-05-16,04:58:00,55
UT6087,Utair,2024-03-08,18:20:55,198
S71827,Red Wings,2024-09-14,10:08:12,233
FV6652,S7 Airlines,2025-06-13,08:00:45,173
FV6975,Ural Airlines,2024-09-22,12:31:30,56
FV7862,Pobeda,2025-03-24,05:39:38,247
UT1129,Aeroflot,2024-04-05,04:04:02,264
SU2227,Utair,2024-03-28,15:02:01,151
SU7843,Rossiya,2025-06-27,06:36:09,177
S76901,Utair,2024-05-20,12:49:08,264
N44550,S7 Airlines,2025-09-11,01:30:25,258
DP1968,Ural Airlines,2024-04-07,00:53:00,277
N45832,Aeroflot,2024-01-19,11:26:08,150
N46258,Rossiya,2024-05-11,15:14:53,178
U67016,Red Wings,2024-04-07,06:42:51,227
WZ5418,Ural Airlines,2024-05-17,21:31:19,125
U65897,Ural Airlines,2024-06-03,04:56:12,257
S79226,Red Wings,2025-04-22,12:31:35,208
UT6964,Rossiya,2025-01-18,21:06:07,86
WZ7172,Aeroflot,2024-01-02,22:26:20,3
S79590,Aeroflot,2024-02-10,14:09:41,229
DP3948,Rossiya,2024-08-22,03:50:15,97
S71932,S7 Airlines,2024-12-23,12:49:34,149
U69469,Utair,2024-10-19,19:34:34,197
N4347,Red Wings,2024-04-01,03:01:14,186
SU8263,Pobeda,2025-11-12,13:41:17,79
N45803,Ural Airlines,2025-03-26,17:40:36,270
DP4824,Red Wings,2025-07-09,15:06:25,266
U63823,Rossiya,2025-07-02,00:59:22,51
FV6977,S7 Airlines,2024-12-26,19:47:03,105
DP3415,Rossiya,2024-07-05,04:38:06,180
WZ7698,Utair,2024-01-28,06:51:42,278
N41058,S7 Airlines,2025-04-23,05:30:20,82
DP1487,Pobeda,2025-04-14,05:05:26,164
SU5647,Rossiya,2025-11-13,09:04:34,241
FV2106,Red Wings,2025-02-16,13:51:09,259
WZ2868,Pobeda,2024-06-17,23:46:38,1
WZ5735,Nordwind,2025-07-23,13:09:52,77
WZ9291,Aeroflot,2025-09-10,22:20:39,230
UT3715,Utair,2024-08-15,02:47:41,42
S75356,Aeroflot,2024-01-27,03:21:02,125
SU2322,Red Wings,2024-04-01,14:44:47,51
N49431,Rossiya,2024-12-17,10:38:56,161
S77296,Red Wings,2025-08-05,17:16:53,105
UT3423,Rossiya,2025-08-04,21:59:21,66
WZ1056,Ural Airlines,2025-10-26,10:43:15,200
SU9243,Nordwind,2024-02-23,18:15:06,221
UT7382,Red Wings,2024-06-17,23:48:12,232
FV9700,Red Wings,2025-10-14,03:39:28,179
UT2941,Red Wings,2024-08-28,09:58:43,67
U64452,S7 Airlines,2025-07-06,02:07:41,60
U64987,Pobeda,2024-06-26,09:15:17,95
S76062,Red Wings,2025-12-24,04:16:02,52
WZ8857,Pobeda,2025-11-20,05:05:45,257
N43903,Utair,2025-08-11,10:29:38,7
S75223,Pobeda,2025-08-25,10:22:49,295
S7584,S7 Airlines,2024-05-18,00:40:02,186
S73388,Ural Airlines,2024-04-25,22:46:00,274
WZ403,Aeroflot,2025-01-07,13:33:14,54
FV1753,S7 Airlines,2025-07-01,05:58:50,190
S79934,Rossiya,2025-12-13,18:55:12,187
SU2087,Pobeda,2025-06-18,18:38:41,273
U64640,Red Wings,2024-04-02,20:05:32,107
FV286,Pobeda,2025-08-22,12:49:18,165
SU8017,Aeroflot,2024-03-26,11:12:01,112
UT9551,Utair,2024-11-02,07:21:50,234
S73351,Red Wings,2024-04-15,13:20:24,283
FV1485,Pobeda,2024-12-19,16:34:30,179
U69695,Red Wings,2025-05-09,20:38:36,55
N4844,Pobeda,2025-01-28,20:42:13,185
WZ3474,S7 Airlines,2025-09-26,09:14:26,11
FV8162,Rossiya,2025-06-26,22:22:37,110
S75590,Rossiya,2025-12-19,15:23:38,199
UT9750,Red Wings,2024-03-27,23:39:20,132
DP2326,Utair,2025-01-19,10:54:06,111
S73017,Utair,2025-05-06,13:21:04,98
WZ1784,Aeroflot,2024-06-05,05:36:38,85
U6182,Rossiya,2025-07-01,11:23:56,182
WZ3977,Rossiya,2025-07-10,23:31:41,219
DP5741,Aeroflot,2024-05-10,12:32:44,27
DP6524,Red Wings,2024-05-07,11:26:38,77
S77340,Pobeda,2025-08-13,11:58:03,239
S71924,Pobeda,2025-10-01,05:27:46,297
FV444,Aeroflot,2025-03-20,09:54:23,2
S78126,Utair,2024-12-16,13:45:55,113
UT683,S7 Airlines,2025-05-20,01:47:12,36
S77499,Pobeda,2024-12-17,02:41:04,163
WZ999,Pobeda,2024-12-06,04:43:19,38
S77204,Nordwind,2024-02-02,04:17:27,112
WZ281,Aeroflot,2025-08-28,20:42:13,33
N45780,Pobeda,2025-05-14,16:17:28,30
UT1949,Utair,2024-10-17,13:27:41,197
DP5311,Red Wings,2025-02-20,23:36:16,128
WZ6558,Aeroflot,2025-02-23,19:21:32,221
S78171,Ural Airlines,2025-04-08,19:22:55,152
UT5387,Utair,2025-04-26,09:57:41,90
FV3932,Rossiya,2024-02-25,15:55:31,49
U64626,Rossiya,2025-05-13,18:30:24,222
WZ7714,Red Wings,2025-04-03,19:34:26,130
DP9725,Ural Airlines,2025-04-19,12:49:36,144
UT6248,Ural Airlines,2024-11-17,10:50:13,3
N41940,Utair,2025-12-19,16:55:50,121
U67654,Red Wings,2025-05-04,13:19:56,50
FV4209,Nordwind,2024-09-17,13:52:32,174
FV1590,Aeroflot,2025-02-17,19:34:50,112
SU640,Pobeda,2024-02-09,01:21:03,147
SU3429,S7 Airlines,2024-02-15,07:04:17,291
N43302,Utair,2024-11-12,01:33:19,212
WZ1406,Aeroflot,2025-09-13,02:40:13,55
UT3376,Nordwind,2025-01-20,14:24:03,152
DP4631,Ural Airlines,2024-09-16,06:52:30,271
UT2688,Rossiya,2024-08-18,00:38:55,280
FV2761,Rossiya,2024-04-11,15:27:08,263
S71290,S7 Airlines,2024-05-07,04:42:42,156
SU8047,Utair,2025-02-20,14:45:52,191
N44231,Aeroflot,2024-08-09,22:31:30,33
UT578,Red Wings,2024-10-06,04:18:04,40
U65231,Nordwind,2024-01-12,13:44:10,70
WZ749,Red Wings,2024-02-13,23:54:28,98
FV7899,Red Wings,2024-03-23,14:27:09,272
UT9139,Aeroflot,2024-03-27,06:38:26,94
N45138,Pobeda,2024-02-09,17:08:37,189
WZ4724,Ural Airlines,2025-10-22,19:53:18,98
UT7657,Pobeda,2024-10-13,18:56:30,286
DP8261,Aeroflot,2025-12-18,12:48:36,122
SU6811,Red Wings,2025-01-19,07:35:36,109
DP2295,Rossiya,2025-07-11,16:55:03,132
UT1326,S7 Airlines,2025-02-11,18:58:04,14
WZ1592,Utair,2025-04-11,14:50:54,7
S71641,Pobeda,2025-06-24,20:44:08,183
FV5135,Utair,2025-04-17,13:32:03,131
S74123,Aeroflot,2024-04-11,15:22:10,295
U65785,Nordwind,2025-10-17,11:40:29,82
DP1104,Red Wings,2025-10-08,20:57:24,26
UT7045,S7 Airlines,2024-04-14,13:07:34,46
SU3286,Aeroflot,2024-07-16,00:10:38,17
N45014,S7 Airlines,2024-04-21,03:04:16,127
N43084,S7 Airlines,2025-11-03,11:21:23,79
UT1300,Ural Airlines,2025-07-27,19:54:59,23
WZ2070,Rossiya,2025-11-23,20:26:59,88
S74944,Utair,2025-11-09,17:31:01,25
U63077,Aeroflot,2024-10-27,22:55:00,145
UT723,S7 Airlines,2025-12-13,18:09:27,29
N43893,Nordwind,2024-01-20,11:35:00,275
WZ6751,Aeroflot,2024-03-25,03:02:10,59
UT5938,Rossiya,2025-05-25,15:54:50,81
U65020,S7 Airlines,2025-01-06,23:06:48,203
SU7633,Nordwind,2024-07-12,21:18:06,154
N45749,Red Wings,2024-07-01,23:10:27,196
UT4937,Nordwind,2024-10-22,21:38:02,49
FV6553,Aeroflot,2024-01-16,08:53:16,238
FV2904,Pobeda,2024-07-09,17:55:29,61
DP3688,S7 Airlines,2024-10-14,20:34:56,299
UT5060,Red Wings,2024-09-01,02:34:55,295
U65767,S7 Airlines,2025-07-26,11:17:14,195
DP2999,Ural Airlines,2025-10-27,23:09:09,207
DP8099,Ural Airlines,2024-11-21,05:33:50,46
U63076,S7 Airlines,2025-08-23,19:24:31,184
WZ6726,Aeroflot,2025-08-26,15:17:36,296
U69117,S7 Airlines,2024-08-10,20:38:05,218
N48043,Red Wings,2025-09-18,00:42:30,262
DP2239,Aeroflot,2024-10-07,03:11:52,295
UT1496,Rossiya,2024-05-17,02:13:15,144
N43927,Red Wings,2025-03-05,11:03:59,137
N4695,Ural Airlines,2024-01-17,14:55:15,91
SU6416,Pobeda,2024-01-10,22:41:21,23
N43824,Utair,2025-04-16,16:29:51,187
SU745,S7 Airlines,2024-05-01,00:24:15,71
FV9387,Utair,2025-01-23,09:08:21,189
SU965,Ural Airlines,2024-10-19,19:23:12,142
N46948,S7 Airlines,2024-09-15,06:07:26,210
WZ1086,Aeroflot,2024-02-26,03:03:35,224
U67484,Pobeda,2024-09-20,09:15:29,65
SU4944,Utair,2025-11-09,12:11:10,31
S79135,Ural Airlines,2025-03-04,19:38:52,79
N43295,Ural Airlines,2025-05-19,18:31:55,71
SU4388,Utair,2024-12-11,12:24:48,204
U62364,Aeroflot,2025-10-21,06:15:46,38
DP1052,Rossiya,2024-04-19,01:02:46,284
FV9555,Pobeda,2024-03-09,21:49:19,195
N4888,Pobeda,2025-12-01,19:17:15,31
S74385,S7 Airlines,2025-02-07,13:44:35,24
S77426,Aeroflot,2025-01-10,22:24:24,47
FV8543,Red Wings,2024-05-07,00:06:48,97
WZ554,S7 Airlines,2025-01-18,00:42:16,167
UT5320,Rossiya,2025-11-06,08:00:48,268
SU8043,Utair,2024-10-03,14:14:41,138
FV8841,Utair,2025-12-21,18:11:22,241
DP2179,Utair,2025-04-25,22:15:52,224
UT324,Utair,2024-01-02,06:51:47,190
WZ358,S7 Airlines,2025-05-25,11:05:33,246
SU1297,Aeroflot,2025-01-09,08:46:59,91
UT4332,Pobeda,2024-11-10,16:15:08,74
SU3530,Rossiya,2025-09-16,00:00:25,13
SU6373,S7 Airlines,2025-02-17,16:09:21,3
S73845,Aeroflot,2024-08-25,15:48:29,21
S75115,Red Wings,2024-05-21,14:06:20,282
U6491,S7 Airlines,2024-12-20,14:50:06,288
SU2012,Rossiya,2024-01-11,16:50:15,268
DP6992,Nordwind,2025-12-05,13:13:31,178
U64723,Aeroflot,2025-04-04,14:39:12,153
FV5043,Nordwind,2024-04-16,15:43:10,14
UT3206,Aeroflot,2024-11-12,16:05:54,120
UT3021,Utair,2024-01-06,16:24:08,200
U66568,Pobeda,2024-09-16,19:39:09,154
WZ1592,Ural Airlines,2024-06-10,04:24:14,132
WZ1698,S7 Airlines,2024-05-08,20:23:22,203
S7418,Aeroflot,2024-01-24,20:26:02,55
N4597,Aeroflot,2024-03-21,08:43:04,197
FV6615,Ural Airlines,2025-10-16,04:30:23,166
N41690,S7 Airlines,2024-05-04,02:05:21,89
DP6785,Aeroflot,2025-07-17,23:24:47,157
UT8294,Nordwind,2025-02-26,20:00:44,286
DP9406,Red Wings,2024-05-17,02:27:14,90
S75653,Red Wings,2025-09-06,11:58:07,149
U61853,Red Wings,2024-10-15,13:55:56,102
SU7292,Pobeda,2025-10-01,03:39:44,97
SU7967,Ural Airlines,2024-06-28,04:26:46,50
WZ6730,S7 Airlines,2024-08-02,13:18:29,267
SU8214,Ural Airlines,2024-05-21,02:55:40,129
DP9474,Aeroflot,2024-11-28,01:06:34,2
SU1910,Aeroflot,2024-12-09,07:56:48,78
SU4347,S7 Airlines,2025-02-21,22:40:28,83
U65621,Pobeda,2024-06-18,13:08:47,63
UT4112,Aeroflot,2025-04-16,19:29:22,216
WZ6461,Ural Airlines,2025-12-25,08:13:00,266
N4917,Aeroflot,2024-02-04,05:31:25,176
WZ5671,Rossiya,2024-08-10,15:52:12,262
U68829,Red Wings,2025-12-17,00:49:17,151
WZ8318,Red Wings,2024-03-09,00:45:21,163
U6729,S7 Airlines,2025-07-23,19:59:52,38
S75581,Utair,2025-12-02,19:23:44,147
FV786,Utair,2025-04-08,12:40:26,143
DP1285,Pobeda,2024-10-14,03:09:21,120
FV3149,Aeroflot,2025-03-06,17:01:20,149
WZ1945,Nordwind,2025-10-12,06:01:56,252
S76567,S7 Airlines,2025-04-08,01:13:59,59
S78356,S7 Airlines,2025-04-20,17:53:43,37
WZ9414,Ural Airlines,2024-04-26,01:40:00,87
UT912,Aeroflot,2025-08-15,19:03:45,184
N48631,S7 Airlines,2024-12-10,04:28:28,17
SU1335,Utair,2024-05-12,02:24:11,246
U63414,S7 Airlines,2024-05-22,06:33:48,198
WZ1151,Nordwind,2025-09-26,12:35:08,131
DP3369,Utair,2025-03-06,02:44:41,217
UT8446,Aeroflot,2025-05-07,08:24:04,191
WZ3323,Pobeda,2024-10-11,15:49:02,169
DP5898,Red Wings,2024-06-06,11:42:25,209
U61994,S7 Airlines,2024-05-28,06:43:15,120
DP187,S7 Airlines,2025-04-22,08:29:52,290
S78388,Rossiya,2024-11-28,15:43:02,133
DP3113,Utair,2025-10-08,05:29:37,71
U69237,Utair,2025-12-01,19:56:15,41
FV9006,Pobeda,2025-12-05,07:52:13,133
U62608,Red Wings,2024-03-04,13:47:27,260
DP1355,Nordwind,2025-12-08,22:07:39,9
DP1558,Red Wings,2024-07-10,12:48:18,75
N41739,S7 Airlines,2024-11-09,13:35:45,290
DP8933,Red Wings,2024-03-13,05:32:30,223
S79205,S7 Airlines,2024-07-09,04:51:44,51
UT3920,Ural Airlines,2025-10-18,05:11:04,138
WZ8005,Utair,2025-11-20,12:49:35,204
UT3347,Pobeda,2024-10-09,21:37:07,85
SU6157,Nordwind,2024-02-01,15:43:05,175
S75576,Red Wings,2025-04-07,06:08:19,241
N49529,Pobeda,2025-08-23,21:45:20,260
FV7494,Red Wings,2024-09-12,07:56:15,187
WZ1325,Red Wings,2024-10-16,01:35:17,258
DP2486,Rossiya,2025-11-15,08:32:49,135
SU9750,Nordwind,2024-06-02,00:09:04,161
S7825,Rossiya,2024-01-17,02:54:10,267
UT3371,Utair,2025-11-05,22:26:48,55
N49535,Rossiya,2025-02-15,16:47:59,156
U66241,S7 Airlines,2024-02-09,21:48:12,42
UT7868,Aeroflot,2025-05-26,20:34:16,174
FV8208,Nordwind,2025-04-22,02:28:03,144
DP6983,Ural Airlines,2025-08-28,14:59:13,100
WZ3147,Utair,2024-07-24,21:40:06,33
UT8435,Pobeda,2025-09-16,23:10:29,93
UT1488,Pobeda,2024-12-12,21:37:52,27
FV6009,Utair,2025-08-18,16:07:24,27
UT1257,S7 Airlines,2024-08-20,14:26:26,83
SU321,Red Wings,2024-07-23,05:57:39,129
U63780,Ural Airlines,2025-11-14,22:03:50,59
WZ8271,Pobeda,2025-04-13,13:25:14,61
WZ1695,Pobeda,2025-10-24,05:53:42,137
U62745,Ural Airlines,2024-07-22,14:49:04,111
DP2951,S7 Airlines,2025-10-13,03:03:48,244
U67961,Nordwind,2025-07-12,05:49:23,51
WZ6593,Aeroflot,2024-03-10,09:16:18,112
WZ765,S7 Airlines,2024-10-01,04:34:15,22
U62098,Aeroflot,2025-12-11,16:58:37,87
UT2859,Ural Airlines,2025-01-24,09:01:22,294
S75034,Red Wings,2024-05-15,18:50:16,37
SU5727,Utair,2024-02-02,17:50:09,171
DP8762,Rossiya,2025-01-12,05:18:46,26
FV8924,Utair,2024-10-07,05:57:12,265
WZ8921,Aeroflot,2024-09-22,13:15:28,210
DP3813,Red Wings,2024-09-05,15:52:45,122
DP962,Pobeda,2025-03-17,18:01:34,189
S73474,Rossiya,2024-10-21,10:04:21,97
S71170,Red Wings,2024-09-03,12:20:44,48
S74153,S7 Airlines,2024-01-05,08:04:57,245
N45381,Rossiya,2025-11-28,22:24:00,45
SU5447,Ural Airlines,2025-02-10,05:05:18,52
UT1072,Utair,2025-02-21,07:05:47,124
SU4668,Nordwind,2025-06-25,13:57:45,289
WZ5391,Ural Airlines,2025-06-09,05:56:08,40
S79793,Rossiya,2024-12-04,03:28:44,30
UT3944,Aeroflot,2025-01-19,12:09:57,267
UT6468,Aeroflot,2025-02-20,05:49:41,151
S72700,Nordwind,2025-03-05,18:36:34,228
U65604,Rossiya,2024-08-05,00:28:15,154
UT4505,Ural Airlines,2024-10-07,01:19:46,126
UT1775,Utair,2024-01-28,13:23:48,4
WZ2128,Pobeda,2024-12-15,17:21:58,71
WZ4384,Red Wings,2025-11-24,20:28:29,16
U67070,Pobeda,2025-01-26,16:53:27,63
FV6637,S7 Airlines,2024-10-20,07:18:21,263
U62170,Ural Airlines,2025-09-16,09:36:06,29
S74212,Ural Airlines,2025-08-17,11:41:10,68
N48515,Nordwind,2024-04-25,17:35:39,243
SU995,Red Wings,2025-10-21,02:18:40,127
UT5188,S7 Airlines,2025-03-23,19:58:40,286
UT9862,Ural Airlines,2025-09-05,01:35:45,5
N47781,Red Wings,2025-03-15,14:07:32,106
DP4663,Utair,2024-06-12,11:14:30,226
N42963,Nordwind,2025-02-27,15:32:25,76
N47138,Ural Airlines,2024-03-21,01:10:37,214
WZ8351,Nordwind,2025-10-04,00:54:36,225
WZ4541,Pobeda,2025-01-27,13:39:52,265
N44713,Utair,2025-10-24,03:10:59,224
N45430,Aeroflot,2025-06-24,17:17:15,174
FV8652,S7 Airlines,2025-08-05,03:46:37,127
UT817,Utair,2025-02-24,02:36:45,297
N43562,Aeroflot,2024-02-07,09:38:28,251
S75934,Rossiya,2024-03-12,13:27:55,95
UT4508,Red Wings,2025-02-12,16:31:12,218
DP1152,Pobeda,2025-07-02,02:04:58,68
FV7993,Rossiya,2024-07-27,14:25:43,257
N48082,Rossiya,2025-10-27,19:39:22,258
SU3162,Pobeda,2024-01-24,12:45:52,189
N48492,Ural Airlines,2024-02-04,23:46:13,270
DP1586,Ural Airlines,2024-08-22,17:34:05,36
DP4843,Nordwind,2025-12-12,15:05:09,218
N42885,Pobeda,2025-12-05,13:37:28,85
U6470,Red Wings,2025-10-13,03:07:36,82
UT6855,Nordwind,2025-10-12,04:49:24,250
FV379,Aeroflot,2024-09-15,10:10:00,10
UT9106,Utair,2025-07-03,22:09:35,160
WZ4381,S7 Airlines,2025-01-12,01:10:45,53
U67376,Rossiya,2025-01-02,22:58:03,32
FV9495,S7 Airlines,2024-03-27,07:49:17,262
UT9352,S7 Airlines,2024-12-12,10:46:26,7
N49920,Nordwind,2025-12-12,12:27:26,70
DP2193,Nordwind,2024-10-02,09:07:08,268
WZ5247,Red Wings,2024-10-18,03:33:06,224
DP2156,Aeroflot,2025-03-16,10:06:41,69
DP2327,Nordwind,2024-01-06,11:47:35,8
U65709,Rossiya,2024-09-11,12:02:49,193
WZ4711,Nordwind,2024-11-05,11:20:13,183
S77668,Utair,2024-12-18,21:35:24,183
N47928,Ural Airlines,2025-10-20,20:15:13,256
S71589,S7 Airlines,2025-04-15,00:13:42,196
DP9785,Utair,2024-11-17,08:37:02,29
S74238,Rossiya,2025-09-16,09:03:20,168
UT9077,Ural Airlines,2024-04-20,15:20:18,93
DP3363,Utair,2025-01-11,09:47:47,158
N47266,Red Wings,2024-06-13,00:30:34,133
N45531,Utair,2024-11-06,19:07:56,68
UT7154,Utair,2025-12-19,01:02:48,0
U69710,S7 Airlines,2025-10-13,20:31:13,118
S74473,Aeroflot,2025-08-19,01:42:39,286
N41996,Rossiya,2025-06-15,14:00:10,90
SU4550,Ural Airlines,2024-07-18,10:15:21,270
S78090,Red Wings,2025-09-11,00:17:09,94
S79800,Pobeda,2024-07-02,19:07:20,210
SU7031,Utair,2024-08-08,10:26:59,63
DP4037,Utair,2025-03-02,23:20:26,197
SU1545,Aeroflot,2024-11-17,17:44:42,88
SU7832,Pobeda,2024-07-13,08:49:23,65
U69336,Ural Airlines,2025-04-22,13:38:21,207
N43700,Aeroflot,2025-07-21,19:05:03,22
N48824,Utair,2024-10-21,06:27:31,280
FV1100,Pobeda,2024-05-06,10:49:20,6
U68299,Nordwind,2024-06-16,05:20:30,207
FV2822,Nordwind,2024-09-14,20:02:58,56
UT1847,S7 Airlines,2024-02-12,01:04:41,217
S76189,Utair,2024-02-28,02:36:34,50
WZ8016,Ural Airlines,2024-07-11,15:21:39,25
N43570,Pobeda,2025-06-07,17:32:02,52
DP6957,Ural Airlines,2024-01-25,19:12:06,73
FV1943,Rossiya,2024-03-12,01:30:43,83
FV5253,Pobeda,2025-05-13,23:44:04,257
N48321,Red Wings,2024-06-20,22:11:40,27
DP3919,Pobeda,2024-10-15,17:01:57,189
S71762,Ural Airlines,2025-03-22,01:45:58,26
FV6115,S7 Airlines,2024-10-22,10:37:07,78
N41730,Nordwind,2025-04-12,12:00:05,52
N43322,Nordwind,2024-12-16,12:05:40,42
DP7443,Pobeda,2025-09-14,21:57:36,45
SU8284,Red Wings,2024-10-07,10:40:17,253
N45882,Red Wings,2025-04-09,12:48:00,165
N46483,Utair,2024-12-23,08:56:54,131
N47840,Rossiya,2025-07-02,07:08:40,51
DP7618,Rossiya,2024-04-07,07:53:38,26
DP6331,Utair,2024-12-25,21:53:23,110
N48801,Utair,2025-03-06,12:04:04,203
WZ4622,Pobeda,2025-11-20,11:19:39,82
FV293,Rossiya,2024-08-26,11:47:42,296
U66843,S7 Airlines,2025-02-13,06:25:50,187
UT4601,Ural Airlines,2024-07-17,12:24:53,54
U61960,Ural Airlines,2025-03-26,04:54:32,210
N44698,Aeroflot,2024-09-22,09:42:51,132
N47107,Pobeda,2024-01-22,10:51:56,131
N41898,Aeroflot,2024-04-11,18:07:39,131
UT3888,S7 Airlines,2024-05-01,09:07:07,171
S7712,Aeroflot,2024-07-26,15:32:38,173
S74926,S7 Airlines,2024-11-12,11:33:22,113
SU3511,Red Wings,2024-05-10,08:17:34,9
U6192,Utair,2025-03-09,08:33:03,79
S78319,Ural Airlines,2024-08-10,13:31:25,43
S79265,Ural Airlines,2025-05-25,01:58:05,40
WZ5149,Utair,2024-09-18,15:38:34,161
N41685,S7 Airlines,2025-09-27,15:26:24,257
S7922,Aeroflot,2024-12-17,22:50:30,131
U69093,Ural Airlines,2024-09-03,14:17:56,139
DP3924,Rossiya,2024-07-27,12:36:26,133
U68728,Utair,2025-03-10,04:35:45,9
U66477,Utair,2025-01-27,02:21:20,114
UT5650,S7 Airlines,2025-05-09,15:03:33,231
DP6092,Rossiya,2025-04-10,08:15:24,10
DP2415,Nordwind,2024-07-04,12:24:01,46
N46756,Utair,2025-01-05,13:29:24,110
S74730,Red Wings,2024-04-27,16:41:02,124
WZ5919,Utair,2025-11-20,03:36:45,159
WZ9290,S7 Airlines,2024-12-16,16:01:07,226
N42842,Aeroflot,2024-07-10,21:12:08,173
U66284,Rossiya,2024-06-18,07:27:20,145
UT8475,Rossiya,2024-11-16,11:17:17,52
DP7928,Ural Airlines,2024-04-10,20:35:07,179
S74963,Aeroflot,2025-08-26,20:49:06,51
UT6209,Red Wings,2024-05-24,07:40:53,103
DP2786,Utair,2025-11-04,04:17:42,130
SU622,Ural Airlines,2024-02-02,16:02:02,102
FV6117,Utair,2025-04-10,04:15:56,54
WZ7401,Pobeda,2025-12-05,11:28:35,80
UT2464,Aeroflot,2024-11-08,00:15:48,299
S79123,Nordwind,2025-06-22,16:36:35,148
U6656,Rossiya,2025-05-16,04:42:27,151
FV2917,S7 Airlines,2025-03-27,19:00:12,178
SU3078,Utair,2024-12-20,23:12:19,267
WZ3259,Nordwind,2024-08-20,07:42:14,222
UT3207,Ural Airlines,2025-06-21,00:37:01,172
U67138,Aeroflot,2025-02-22,19:23:27,43
SU5201,Rossiya,2024-03-05,18:54:48,219
SU6884,Rossiya,2025-06-07,22:50:26,149
WZ4155,Rossiya,2024-11-16,20:10:18,71
FV1382,Aeroflot,2024-10-08,17:50:57,133
U64574,Nordwind,2025-06-03,15:17:34,27
N49251,S7 Airlines,2025-02-25,02:28:36,93
U63401,Nordwind,2025-12-10,17:23:23,44
DP9843,Pobeda,2024-07-17,19:00:52,121
UT4617,Ural Airlines,2025-10-09,15:34:25,240
WZ8693,Nordwind,2024-11-23,20:50:34,171
SU6680,Rossiya,2025-05-03,02:40:31,179
FV9321,Rossiya,2025-03-03,10:42:39,278
U69225,Aeroflot,2025-12-16,16:31:47,204
N47070,Red Wings,2024-03-03,05:31:54,140
N41020,Utair,2024-12-13,03:44:00,131
UT5657,S7 Airlines,2024-04-10,02:42:53,88
WZ3056,Pobeda,2025-11-25,19:06:12,88
S79351,Pobeda,2024-06-23,18:13:37,259
N42409,Rossiya,2024-03-14,19:06:43,64
S76855,Aeroflot,2024-03-20,04:47:24,237
UT8749,Utair,2024-12-10,16:01:50,200
FV4568,S7 Airlines,2024-10-18,03:49:52,96
SU7271,Aeroflot,2024-08-15,02:54:36,28
WZ9997,Rossiya,2024-07-14,04:28:55,133
WZ6932,Pobeda,2025-06-25,03:17:49,283
FV2204,Ural Airlines,2024-08-16,01:24:34,244
SU4704,Nordwind,2024-11-12,13:16:05,278
FV1622,S7 Airlines,2024-06-27,15:32:43,134
U63336,Ural Airlines,2024-02-17,17:00:51,268
WZ400,Ural Airlines,2024-02-23,05:52:11,221
WZ9678,Red Wings,2025-06-18,22:07:30,289
U67882,Utair,2024-12-22,05:20:34,258
U6456,S7 Airlines,2025-08-26,13:23:25,192
WZ8248,Utair,2024-10-14,02:21:18,18
WZ1705,Aeroflot,2025-12-19,13:54:03,94
U64841,Red Wings,2025-06-20,00:26:55,252
S78935,Pobeda,2024-01-19,11:45:17,179
SU5897,Ural Airlines,2024-07-24,04:52:52,211
SU8015,Aeroflot,2024-10-13,23:09:06,37
SU1677,Aeroflot,2025-10-13,17:06:39,77
UT4293,Pobeda,2024-01-15,08:10:20,47
WZ9246,Red Wings,2024-09-03,14:32:18,107
DP5081,S7 Airlines,2025-12-04,10:53:34,44
FV8528,Rossiya,2025-09-04,15:43:43,17
FV8715,Ural Airlines,2025-09-11,04:50:02,45
DP8414,S7 Airlines,2024-03-18,18:24:33,205
SU2117,Nordwind,2024-04-04,07:36:32,124
FV4172,S7 Airlines,2024-05-21,01:27:32,65
DP462,Red Wings,2025-10-17,20:28:29,219
WZ6502,Rossiya,2025-08-13,03:04:30,250
S79475,Aeroflot,2025-06-19,19:35:44,62
U68724,Nordwind,2024-07-24,14:31:45,290
SU5975,Pobeda,2024-12-22,10:16:26,120
S78303,Ural Airlines,2024-05-13,12:13:04,219
SU5136,Pobeda,2024-07-18,13:30:16,104
WZ7030,Utair,2025-12-22,09:33:01,263
WZ9620,Aeroflot,2025-03-13,14:58:43,147
N43061,Ural Airlines,2024-03-12,02:29:37,193
WZ5730,Rossiya,2025-09-07,14:52:07,212
WZ9670,Pobeda,2024-02-13,13:00:11,242
N46255,S7 Airlines,2025-03-10,18:01:30,46
U61100,Aeroflot,2024-02-15,11:44:30,92
SU5263,Aeroflot,2024-09-21,19:36:20,54
FV4263,Utair,2024-12-03,10:40:29,69
SU4376,Aeroflot,2025-12-21,12:50:34,142
UT7544,Pobeda,2024-11-21,12:51:43,124
WZ6102,Nordwind,2025-10-27,06:55:36,197
FV8014,Red Wings,2025-11-23,09:12:17,148
UT8978,Nordwind,2025-08-19,05:51:41,267
S78664,Utair,2025-01-15,15:41:41,161
UT7244,Aeroflot,2024-10-27,14:01:25,245
SU3532,Utair,2024-08-28,04:33:31,86
UT5512,Red Wings,2025-12-24,21:11:46,150
DP9776,Aeroflot,2025-05-03,02:25:25,10
UT7673,Utair,2024-05-03,19:10:59,150
S78540,Ural Airlines,2025-02-12,02:14:41,16
UT6210,S7 Airlines,2024-02-22,08:38:21,81
S76868,Pobeda,2025-06-25,03:58:15,26
S75684,Utair,2024-04-11,21:44:54,201
UT6934,Aeroflot,2025-07-22,16:42:57,154
N46868,Red Wings,2024-09-21,17:16:10,77
WZ1148,Red Wings,2025-10-01,12:19:12,255
UT9631,Aeroflot,2025-03-16,11:27:32,259
N42785,Ural Airlines,2025-06-24,21:43:50,216
FV6951,S7 Airlines,2024-08-22,06:44:19,76
FV8558,Aeroflot,2024-03-27,03:33:05,285
S72463,Aeroflot,2025-04-15,19:49:27,285
SU6824,Nordwind,2024-10-20,07:30:51,175
FV2327,Aeroflot,2024-10-15,18:41:26,89
SU1659,Nordwind,2024-03-06,05:46:15,50
SU7200,Pobeda,2024-08-19,09:01:43,179
FV9386,S7 Airlines,2024-05-08,14:55:45,139
SU3850,S7 Airlines,2025-08-01,04:13:26,295
U68964,Ural Airlines,2025-01-15,04:45:45,139
S71134,S7 Airlines,2025-04-03,14:50:41,98
N49997,Utair,2025-01-14,18:55:00,58
N42473,Ural Airlines,2025-05-09,20:29:00,23
FV8908,Nordwind,2024-10-24,12:27:45,36
SU6273,Utair,2024-11-08,17:41:57,244
N49685,Rossiya,2024-06-17,02:44:48,102
S73299,Pobeda,2024-01-08,07:51:38,224
WZ4123,Red Wings,2025-08-07,20:12:58,171
DP408,Nordwind,2024-02-27,10:44:28,247
N45375,Utair,2025-03-02,19:17:49,81
UT6496,Nordwind,2024-10-26,03:33:27,36
FV7825,Ural Airlines,2025-04-26,08:25:40,268
UT8383,Red Wings,2024-12-20,13:10:51,51
WZ9165,Utair,2025-08-07,17:31:04,80
UT6404,S7 Airlines,2024-07-07,14:31:00,247
U62679,Red Wings,2025-12-16,14:00:15,0
FV2010,Nordwind,2024-03-23,20:32:59,148
SU6615,Ural Airlines,2025-06-23,20:00:25,273
WZ1464,Red Wings,2025-01-24,07:56:05,128
UT5323,Red Wings,2024-03-11,01:14:24,297
WZ6487,Nordwind,2025-06-23,07:53:49,250
SU5975,Utair,2025-03-08,17:00:36,5
DP979,Ural Airlines,2025-07-01,08:12:11,129
SU7213,Aeroflot,2025-10-15,05:28:56,10
WZ8189,S7 Airlines,2025-08-13,04:30:02,43
N49564,Nordwind,2025-11-14,22:24:49,8
DP3764,Aeroflot,2024-01-06,10:57:43,162
N4569,Pobeda,2024-09-27,22:55:39,196
UT2305,Red Wings,2025-03-02,00:46:36,22
UT1074,S7 Airlines,2025-09-08,04:42:46,78
SU6548,Aeroflot,2025-08-10,08:12:31,16
N49924,Red Wings,2025-06-07,13:46:00,54
SU243,Red Wings,2025-02-24,04:02:03,121
N43070,S7 Airlines,2025-02-24,02:31:03,46
DP5799,Ural Airlines,2024-12-11,23:31:15,237
UT2547,Aeroflot,2024-03-06,11:58:09,222
SU2367,Rossiya,2024-04-06,03:04:54,283
WZ1988,Nordwind,2025-06-05,08:31:02,62
DP7434,Aeroflot,2025-07-23,02:06:34,232
UT5932,Rossiya,2025-12-08,09:41:57,246
S79526,Nordwind,2025-05-16,02:11:47,160
SU8640,S7 Airlines,2024-01-16,05:16:25,130
UT3471,Aeroflot,2025-10-28,03:51:27,37
WZ4141,Rossiya,2024-06-11,10:38:02,101
FV6934,Pobeda,2025-02-17,19:24:06,241
DP937,Aeroflot,2024-05-02,18:04:02,68
S79429,Pobeda,2024-09-14,08:49:59,39
UT3197,Utair,2025-08-18,09:04:56,192
SU793,S7 Airlines,2025-10-25,08:43:35,283
N44767,Aeroflot,2025-02-11,06:41:13,77
U68365,Aeroflot,2025-05-25,04:38:12,156
U69681,Aeroflot,2025-02-27,18:11:34,123
SU1436,Rossiya,2024-08-15,12:11:29,213
DP1037,Rossiya,2024-06-10,12:18:28,211
N43953,Ural Airlines,2024-06-26,16:33:42,159
FV4523,S7 Airlines,2024-12-18,22:36:42,208
FV5939,Ural Airlines,2024-04-16,11:58:13,77
SU2880,Red Wings,2024-09-13,19:47:01,103
UT7196,Rossiya,2024-05-07,01:19:34,176
FV5909,Aeroflot,2024-01-17,20:50:26,19
UT8717,Rossiya,2024-09-16,12:56:37,96
WZ8713,Nordwind,2024-11-26,17:44:42,37
DP2718,Ural Airlines,2024-06-21,06:04:00,104
FV7909,Ural Airlines,2024-05-21,05:49:36,205
WZ7028,Ural Airlines,2024-09-14,05:38:20,94
S79503,Nordwind,2024-07-04,20:32:47,240
SU1284,Ural Airlines,2024-04-08,13:44:24,30
WZ7347,Red Wings,2024-01-23,21:04:55,236
N41641,Utair,2025-06-25,20:38:02,57
FV5297,S7 Airlines,2024-01-12,02:45:08,257
WZ5088,S7 Airlines,2025-05-04,17:55:15,233
SU7278,S7 Airlines,2024-12-18,18:09:25,227
WZ8245,Nordwind,2024-03-19,01:39:14,263
U69575,Rossiya,2024-06-05,16:54:54,82
SU9410,Pobeda,2024-07-18,18:17:09,264
N48194,Red Wings,2025-04-20,07:27:58,280
WZ1493,S7 Airlines,2024-07-17,20:59:01,110
S74170,Red Wings,2025-01-05,02:34:25,162
S71977,Nordwind,2024-08-12,05:42:50,233
WZ7051,Ural Airlines,2025-10-20,07:14:32,74
DP779,Red Wings,2024-08-01,17:48:35,26
N45536,Red Wings,2025-01-14,01:05:56,187
DP7763,Red Wings,2025-10-17,21:56:13,213
WZ7656,Rossiya,2024-01-23,15:23:39,90
SU9092,Ural Airlines,2025-12-25,04:12:57,76
U69459,Utair,2024-02-02,18:57:19,43
S78227,Red Wings,2025-01-24,03:06:14,246
SU7937,Rossiya,2025-03-01,23:19:54,171
UT3291,S7 Airlines,2024-12-22,18:01:39,178
SU8137,Utair,2024-09-09,04:28:37,257
UT2510,Red Wings,2025-08-20,10:58:48,23
U61453,Utair,2024-06-27,20:17:08,160
DP3651,Ural Airlines,2024-06-09,14:30:33,180
UT2023,Rossiya,2025-11-10,14:02:27,86
N43378,Aeroflot,2024-06-21,10:37:56,241
S74580,Rossiya,2025-10-13,03:20:13,105
U61750,Utair,2025-10-11,15:32:37,156
U65384,Nordwind,2025-10-23,00:11:34,137
FV8175,Pobeda,2025-12-16,12:51:04,68
DP1406,Rossiya,2024-01-14,18:49:58,229
WZ2912,Pobeda,2025-05-22,00:22:04,53
UT7352,Rossiya,2025-02-04,09:51:30,9
FV6668,Utair,2025-06-17,16:10:06,103
UT6634,Nordwind,2025-10-14,08:01:06,79
N4112,Pobeda,2024-12-22,00:04:24,258
UT6530,Rossiya,2024-09-28,20:53:16,12
FV319,S7 Airlines,2024-06-27,00:58:25,15
UT1255,Aeroflot,2024-03-10,15:59:01,136
FV7099,Red Wings,2024-01-07,21:22:40,233
S79315,Aeroflot,2025-07-01,09:25:44,277
DP9670,Red Wings,2024-05-18,03:17:31,263
SU191,Rossiya,2024-07-08,19:12:42,73
UT5567,S7 Airlines,2024-02-11,18:12:40,252
N49884,Red Wings,2025-03-20,05:23:13,43
S76181,Utair,2025-06-09,16:36:06,226
SU2563,Nordwind,2024-08-04,19:34:08,242
S79978,S7 Airlines,2025-08-16,20:12:50,27
FV2183,Utair,2025-02-25,08:10:47,227
S78358,Nordwind,2025-09-21,06:04:16,161
S73235,Red Wings,2024-05-04,04:06:40,182
SU433,Aeroflot,2024-11-16,10:21:46,89
WZ4702,Aeroflot,2024-05-12,04:19:06,115
WZ9928,Aeroflot,2025-07-04,20:37:33,74
FV1643,Utair,2024-04-25,13:17:56,259
SU2561,Pobeda,2024-11-07,02:07:20,264
UT5649,Ural Airlines,2024-09-28,04:25:36,169
SU3360,Rossiya,2024-08-14,18:13:07,122
WZ5745,Ural Airlines,2024-05-12,01:09:03,23
DP9512,Nordwind,2025-01-15,02:07:59,249
SU3036,Rossiya,2025-08-08,18:22:55,131
N48667,S7 Airlines,2024-10-05,16:31:01,118
WZ5119,S7 Airlines,2024-12-19,02:28:08,177
WZ8526,Red Wings,2024-10-11,22:30:42,76
S79495,Rossiya,2024-08-19,19:45:05,249
DP5905,Pobeda,2024-07-15,04:05:21,30
U67911,Rossiya,2024-12-17,12:22:58,80
DP1657,Ural Airlines,2024-09-16,04:27:58,165
FV9026,Ural Airlines,2024-07-28,03:39:49,286
FV6060,Utair,2024-07-12,06:06:11,173
DP2154,Nordwind,2025-04-04,21:36:19,181
N43950,S7 Airlines,2025-12-02,17:07:08,124
S7164,Ural Airlines,2025-11-09,08:16:38,128
N45006,Utair,2025-09-28,01:44:43,98
FV5109,Utair,2024-10-03,21:38:58,101
SU4049,Red Wings,2025-03-22,01:10:11,28
S77490,S7 Airlines,2024-05-10,19:40:31,27
SU6400,Aeroflot,2025-12-03,17:27:03,47
UT8290,Ural Airlines,2024-03-25,14:22:23,88
U66562,Rossiya,2024-03-16,15:21:15,31
S79932,Pobeda,2024-03-21,18:53:59,88
U61058,Aeroflot,2024-02-22,01:06:07,96
N44393,Rossiya,2024-03-03,15:31:31,116
S74695,Red Wings,2025-12-16,17:56:15,70
UT5174,Red Wings,2024-12-02,11:56:28,40
FV4383,Rossiya,2025-08-20,10:52:57,234
N48275,Aeroflot,2024-11-08,11:39:28,226
N45633,Ural Airlines,2024-01-18,01:48:19,136
U6787,Aeroflot,2025-09-20,06:45:36,239
FV5160,Red Wings,2025-08-02,08:38:11,242
UT8695,S7 Airlines,2025-01-17,03:17:10,275
FV7072,S7 Airlines,2024-10-12,06:12:18,174
DP9057,Ural Airlines,2025-01-06,22:50:00,249
SU1381,Nordwind,2025-03-18,19:25:16,173
UT8952,Rossiya,2025-04-08,06:39:23,269
DP9723,Ural Airlines,2024-08-26,12:27:52,298
FV9082,Utair,2025-08-25,03:37:19,247
FV5930,Pobeda,2025-01-03,11:44:12,210
FV2799,S7 Airlines,2024-10-12,18:22:09,117
SU8323,Nordwind,2025-01-25,18:03:31,221
S78479,Ural Airlines,2024-04-25,06:16:21,286
FV1742,Pobeda,2025-08-07,16:25:03,249
WZ6776,Aeroflot,2024-02-11,15:36:48,82
U67835,Ural Airlines,2025-05-23,13:48:15,125
UT2431,Rossiya,2025-07-01,04:35:00,212
DP6416,Aeroflot,2025-11-07,07:03:14,107
WZ5931,Rossiya,2024-11-19,18:56:04,221
WZ2506,Ural Airlines,2025-07-23,22:30:14,190
DP2760,S7 Airlines,2025-07-13,10:27:33,17
SU8117,S7 Airlines,2025-04-22,20:43:11,191
WZ7743,S7 Airlines,2025-12-23,13:05:23,270
FV2452,Red Wings,2025-04-06,04:32:28,265
DP6018,Utair,2025-12-20,15:53:27,187
WZ8401,Red Wings,2024-09-04,06:44:24,154
WZ9380,Rossiya,2024-05-06,02:21:20,294
WZ9867,Utair,2024-09-15,13:28:59,253
U65032,S7 Airlines,2025-01-08,18:54:54,159
SU5644,Pobeda,2024-03-28,05:08:58,33
WZ8329,Nordwind,2024-12-25,20:20:23,92
DP6769,S7 Airlines,2024-04-08,02:39:20,33
DP1243,Aeroflot,2025-08-05,01:40:09,57
FV9487,Red Wings,2024-04-27,04:42:17,36
N43801,Nordwind,2025-08-20,06:51:01,221
WZ2957,Rossiya,2024-07-28,02:09:33,181
DP8315,Rossiya,2024-03-11,05:19:45,30
FV9397,Rossiya,2025-10-12,15:00:07,54
DP2664,Pobeda,2025-03-03,08:14:46,255
N43517,S7 Airlines,2024-05-14,03:23:21,198
U67082,Rossiya,2024-02-07,17:03:35,275
N44980,Utair,2024-03-04,11:27:16,158
U64307,Pobeda,2024-10-07,01:32:26,104
SU1515,Aeroflot,2024-02-26,18:46:54,228
S77053,Aeroflot,2025-02-03,17:57:35,37
U63890,Red Wings,2024-11-02,14:45:17,2
S75807,Rossiya,2024-03-02,05:10:17,223
UT174,Pobeda,2024-07-22,05:20:14,80
N4414,Red Wings,2025-03-12,00:48:58,197
FV4081,Utair,2024-05-09,04:04:28,136
UT666,Nordwind,2025-11-03,21:53:04,60
N44519,Utair,2025-03-08,17:59:06,260
WZ7662,Ural Airlines,2025-05-17,12:36:31,51
UT1178,Ural Airlines,2024-02-20,19:45:36,217
S78666,Ural Airlines,2025-11-17,02:05:44,130
U65659,Nordwind,2024-09-05,10:38:33,171
UT166,Pobeda,2024-04-18,02:13:30,128
FV5837,Ural Airlines,2024-07-27,04:59:42,176
UT6999,Aeroflot,2025-08-18,08:40:33,221
WZ4641,Aeroflot,2024-06-27,16:26:53,30
FV9654,Ural Airlines,2024-03-14,02:55:28,280
DP2785,Pobeda,2025-06-16,23:09:00,57
S79698,Aeroflot,2025-01-08,03:59:06,256
S76810,Nordwind,2025-05-28,20:58:09,96
U65007,Aeroflot,2025-09-26,11:41:51,12
DP9105,S7 Airlines,2025-11-19,09:39:10,187
U65373,Pobeda,2025-08-25,19:20:33,243
FV4580,Red Wings,2025-06-12,20:02:03,182
DP2544,Aeroflot,2025-01-02,06:24:20,96
U66748,S7 Airlines,2025-11-07,18:37:49,267
U62480,S7 Airlines,2024-05-22,18:25:36,64
SU2555,Ural Airlines,2025-05-25,11:41:32,193
U68602,Red Wings,2025-04-24,15:32:29,87
WZ1469,Aeroflot,2025-12-23,01:39:20,22
UT6494,Red Wings,2024-07-20,22:46:12,80
SU2874,Pobeda,2025-02-16,16:24:38,232
SU6581,S7 Airlines,2025-06-07,06:20:03,248
S71138,Aeroflot,2025-10-24,14:54:19,93
SU373,Utair,2025-06-18,02:09:11,214
S75651,Ural Airlines,2024-08-03,17:43:10,285
N47385,Rossiya,2025-09-25,13:12:18,3
UT4503,Ural Airlines,2025-11-12,00:55:59,44
SU9317,Aeroflot,2025-10-22,04:01:33,12
SU4102,Nordwind,2025-05-26,11:18:58,89
SU1828,S7 Airlines,2025-04-12,18:41:27,203
UT2686,Rossiya,2024-11-21,04:21:26,210
WZ7569,Aeroflot,2025-01-24,00:31:31,124
UT3524,Rossiya,2024-12-14,07:09:42,11
U6842,Red Wings,2025-08-04,17:13:27,20
UT5420,Nordwind,2024-06-14,11:29:01,232
S73954,Utair,2024-09-02,05:40:00,173
U66271,Pobeda,2025-02-26,02:38:33,143
DP4565,Aeroflot,2024-04-24,05:00:55,184
DP6052,Aeroflot,2024-12-26,11:42:09,36
SU9046,Red Wings,2025-04-01,01:14:40,48
WZ8685,Rossiya,2024-10-20,13:29:34,153
N41404,Utair,2024-08-16,19:35:50,39
SU1198,Red Wings,2024-04-16,01:48:05,228
WZ5601,Red Wings,2024-11-14,11:14:27,230
SU3959,Rossiya,2024-10-04,12:12:22,216
SU9928,Utair,2025-09-04,07:24:22,125
WZ2831,S7 Airlines,2024-11-01,17:27:35,246
U61716,S7 Airlines,2025-05-05,12:24:34,36
N44095,Rossiya,2024-07-26,15:22:26,287
SU8073,Red Wings,2025-11-08,12:58:42,160
U61999,Utair,2024-03-11,16:58:55,47
SU7978,Red Wings,2024-08-15,12:40:15,217
S75739,S7 Airlines,2025-03-17,05:29:06,152
WZ5563,Ural Airlines,2024-09-23,06:43:32,30
SU7876,Red Wings,2024-12-23,14:59:08,165
UT7446,Aeroflot,2025-10-01,15:45:46,160
WZ6810,S7 Airlines,2025-08-28,18:36:46,118
SU6539,Rossiya,2025-08-27,18:50:20,272
WZ1044,Pobeda,2025-10-21,21:29:00,184
UT5533,Red Wings,2025-09-02,21:18:21,156
FV2505,Nordwind,2024-02-22,10:01:13,180
WZ8246,Utair,2024-08-05,08:40:03,240
DP5324,Nordwind,2025-10-14,08:35:45,104
SU9324,S7 Airlines,2024-03-26,13:31:58,24
WZ5280,Ural Airlines,2025-10-28,08:14:15,64
WZ9893,Utair,2024-06-05,06:01:41,126
SU756,Pobeda,2025-10-14,04:31:05,167
N43318,Nordwind,2024-10-13,16:02:35,157
DP8912,Ural Airlines,2024-11-06,19:28:17,117
U62459,Rossiya,2025-02-27,18:38:41,189
FV9017,Nordwind,2024-07-15,04:02:52,64
N47031,Ural Airlines,2025-07-26,01:45:17,124
WZ9687,Aeroflot,2025-10-11,04:33:15,59
S79222,Pobeda,2025-09-25,16:02:40,187
S75669,Pobeda,2024-06-13,08:01:46,298
SU252,Rossiya,2025-12-07,12:22:41,48
DP7484,S7 Airlines,2024-12-08,02:07:44,148
FV2227,S7 Airlines,2025-09-16,08:46:53,117
UT7695,Aeroflot,2025-11-17,06:05:00,123
SU7324,Nordwind,2025-01-27,10:48:32,246
FV6689,Nordwind,2024-01-23,20:03:04,268
N46976,Ural Airlines,2024-02-07,20:25:03,152
UT3404,Aeroflot,2024-02-02,21:30:55,62
UT4161,Aeroflot,2024-12-01,02:05:33,66
SU2348,Rossiya,2025-02-20,01:54:07,136
UT3507,Utair,2024-03-25,18:08:10,30
U64782,Red Wings,2024-07-18,16:29:39,254
S78074,Aeroflot,2025-10-17,20:49:41,60
N42661,Aeroflot,2024-10-12,05:29:14,194
S78022,Utair,2025-07-25,09:16:50,52
FV7227,Pobeda,2024-06-04,03:32:04,109
DP2167,Aeroflot,2024-07-08,19:15:45,174
SU8925,Red Wings,2025-01-28,06:42:10,160
WZ1711,Rossiya,2024-02-11,04:01:16,264
DP8832,Nordwind,2024-07-22,14:06:17,198
FV3410,Pobeda,2025-02-22,12:00:11,4
U61912,Utair,2025-04-12,04:35:38,11
S74349,Ural Airlines,2025-11-28,19:30:31,134
N4115,S7 Airlines,2025-09-08,05:58:11,8
U63062,S7 Airlines,2025-11-24,04:55:31,4
UT3518,S7 Airlines,2025-02-20,17:37:55,256
DP8690,Rossiya,2024-09-14,10:38:46,68
U63803,Pobeda,2024-11-15,08:25:27,57
FV8664,Red Wings,2025-07-23,08:24:38,261
FV9317,Ural Airlines,2024-05-23,21:55:14,266
UT1823,S7 Airlines,2025-08-16,21:37:18,26
FV8225,Utair,2024-12-18,20:43:59,77
DP1845,Ural Airlines,2025-09-26,08:54:41,268
U61780,Nordwind,2025-01-12,23:47:14,215
N4847,Rossiya,2025-06-24,01:45:23,107
S78223,S7 Airlines,2024-10-17,20:24:37,122
UT5516,Ural Airlines,2025-03-02,19:33:24,48
UT6936,Rossiya,2025-01-09,02:57:40,253
SU9841,Aeroflot,2025-12-24,18:06:22,288
S78234,Aeroflot,2024-09-27,21:49:34,75
U67778,Red Wings,2025-09-08,05:16:31,0
UT7226,Nordwind,2025-01-15,16:37:31,250
UT1093,Utair,2024-04-10,12:16:43,230
UT7275,Pobeda,2025-01-03,21:21:54,93
U64448,Rossiya,2024-05-19,20:04:35,124
DP2053,Pobeda,2025-07-21,09:16:20,109
UT9832,Utair,2025-07-11,09:03:22,294
FV3387,Aeroflot,2024-01-28,04:10:17,88
FV871,Red Wings,2025-03-14,17:36:36,197
N41284,Red Wings,2024-06-24,17:09:10,98
WZ4559,Ural Airlines,2025-04-26,10:20:34,87
N42030,Red Wings,2025-02-14,05:54:26,31
DP1012,Ural Airlines,2025-08-10,02:58:51,123
S78763,Aeroflot,2025-12-07,01:18:05,172
FV7546,Rossiya,2024-08-27,12:34:52,121
DP6642,Rossiya,2025-07-18,15:12:23,8
S72189,S7 Airlines,2024-01-25,01:11:46,83
SU8856,Utair,2025-10-06,03:22:18,136
UT4837,S7 Airlines,2024-10-24,14:04:36,66
U6367,S7 Airlines,2024-01-01,19:14:18,108
WZ9068,S7 Airlines,2024-06-16,09:21:07,259
S71643,Utair,2024-05-01,10:18:38,300
DP4177,Nordwind,2024-02-13,22:52:24,60
UT4992,Aeroflot,2025-04-25,20:06:16,129
DP7993,Pobeda,2024-03-16,17:21:55,139
UT4599,S7 Airlines,2025-11-28,12:42:50,221
WZ7470,Nordwind,2024-06-14,01:06:58,12
N41509,Aeroflot,2025-07-25,07:31:18,10
S74862,Ural Airlines,2025-10-22,00:06:10,200
DP6186,Pobeda,2024-06-23,02:53:50,223
N49467,Pobeda,2025-07-26,06:15:33,180
WZ2268,Pobeda,2024-08-11,07:30:23,232
UT8593,Pobeda,2024-07-21,00:45:02,277
FV5362,Nordwind,2024-04-27,08:25:13,300
N45067,Pobeda,2024-03-08,03:49:40,287
FV1281,Aeroflot,2024-10-28,11:25:23,206
S74954,Pobeda,2025-03-03,00:15:28,182
U62641,S7 Airlines,2025-04-05,00:13:34,131
U61910,Rossiya,2024-09-28,18:31:29,290
FV6469,Nordwind,2024-04-04,09:37:10,264
FV4414,Ural Airlines,2024-12-16,03:54:01,139
WZ5846,Rossiya,2025-10-08,09:38:48,33
SU7653,Aeroflot,2025-03-19,09:12:40,262
FV9669,Rossiya,2025-08-20,15:16:02,161
S73765,Utair,2024-08-21,11:01:20,136
N41628,S7 Airlines,2025-03-21,17:25:21,161
WZ9617,Aeroflot,2025-02-28,20:24:10,51
UT5268,S7 Airlines,2024-05-27,07:42:13,59
U64674,Aeroflot,2025-05-04,12:46:18,279
WZ4567,Pobeda,2025-02-14,19:17:20,52
UT4646,S7 Airlines,2024-04-22,09:25:00,251
U62115,Nordwind,2024-06-05,18:40:29,84
UT4099,Rossiya,2025-06-15,12:44:43,80
U62453,Nordwind,2025-01-05,04:48:19,130
U69783,S7 Airlines,2025-10-03,23:32:11,260
N46896,Ural Airlines,2025-11-04,05:35:21,87
FV3846,S7 Airlines,2025-11-10,09:58:51,243
DP1932,Aeroflot,2024-08-11,11:31:49,274
UT2533,Red Wings,2024-01-22,03:19:27,218
SU411,Nordwind,2024-07-21,19:29:50,28
WZ6526,Red Wings,2025-07-17,15:24:21,140
WZ3142,Utair,2025-06-16,08:20:56,78
UT4125,Pobeda,2024-05-21,13:36:18,282
FV4747,Ural Airlines,2025-02-10,02:47:50,296
SU1796,Ural Airlines,2025-01-06,13:21:11,268
U61633,S7 Airlines,2025-02-27,17:50:09,266
UT4675,Nordwind,2024-08-21,07:42:33,14
DP1235,Pobeda,2024-05-01,22:53:43,33
WZ8287,Red Wings,2025-12-14,14:55:28,86
FV5717,Aeroflot,2025-09-22,06:05:05,287
WZ2919,Pobeda,2025-11-11,11:20:17,28
U62943,S7 Airlines,2025-07-25,10:36:18,111
N46125,Utair,2024-01-11,04:18:17,22
DP4553,Pobeda,2024-03-23,02:14:59,238
UT8912,Red Wings,2024-06-07,23:21:26,155
WZ3819,S7 Airlines,2025-08-24,21:51:35,93
UT2446,Rossiya,2025-09-05,18:05:25,224
S73386,Pobeda,2025-10-05,11:10:56,252
U66377,Rossiya,2024-08-16,20:23:27,276
UT8983,Rossiya,2024-01-19,18:33:55,35
UT8734,Aeroflot,2024-03-18,17:25:42,180
U63920,Aeroflot,2024-12-18,09:39:55,246
WZ4361,S7 Airlines,2024-07-10,19:00:22,1
WZ2945,Rossiya,2024-02-07,01:51:06,140
S71371,Nordwind,2025-03-08,12:27:03,260
FV7366,S7 Airlines,2025-04-28,08:10:29,51
UT1659,Ural Airlines,2025-03-18,09:07:36,86
S77960,Rossiya,2024-11-27,16:06:58,244
FV3372,S7 Airlines,2025-02-06,06:51:02,197
S73866,Aeroflot,2024-01-27,04:07:23,231
UT8699,Red Wings,2025-05-17,01:18:24,168
FV8604,Ural Airlines,2024-07-11,07:15:40,228
WZ7298,S7 Airlines,2024-11-28,15:08:03,221
SU4452,Pobeda,2025-06-12,02:21:28,15
U65758,Pobeda,2024-11-16,11:47:49,51
SU7390,S7 Airlines,2025-02-01,20:50:09,230
SU6408,Aeroflot,2025-02-01,17:54:42,42
DP5840,Nordwind,2024-08-13,03:26:24,122
U68395,Pobeda,2024-04-16,23:02:44,232
FV4618,Utair,2024-10-09,17:40:42,241
FV5376,Rossiya,2025-10-27,19:06:14,10
UT174,S7 Airlines,2024-04-17,09:14:27,232
DP8955,Red Wings,2024-07-10,12:09:08,75
UT8738,S7 Airlines,2024-02-22,09:07:25,253
SU2484,Aeroflot,2024-04-04,00:09:55,289
S72465,Ural Airlines,2024-09-02,02:06:50,129
U67135,Red Wings,2024-04-23,23:58:02,202
N42989,Rossiya,2025-10-21,03:56:11,20
N41346,Nordwind,2024-06-13,20:58:41,153
SU7963,Rossiya,2024-09-17,00:47:26,292
SU4211,Utair,2025-05-15,22:58:06,50
WZ179,Ural Airlines,2025-11-14,23:23:11,172
WZ3691,Utair,2024-08-17,06:15:39,113
S77177,Nordwind,2024-09-24,04:50:39,185
DP5433,Nordwind,2025-12-14,17:38:10,24
DP4800,Aeroflot,2024-07-05,19:04:23,157
DP2460,Aeroflot,2024-12-27,00:55:20,113
DP4389,S7 Airlines,2024-12-12,18:43:56,132
SU4704,S7 Airlines,2024-01-20,15:15:48,112
UT932,Ural Airlines,2025-04-16,13:14:24,179
FV8296,Utair,2024-11-05,20:48:47,144
FV3115,Red Wings,2024-01-10,06:25:00,294
UT2418,Ural Airlines,2025-02-17,06:55:45,138
DP1794,Nordwind,2024-11-11,11:37:21,153
SU8711,S7 Airlines,2025-09-07,14:06:28,255
DP5150,Red Wings,2024-10-22,15:42:58,299
N41555,Rossiya,2024-06-24,21:52:24,91
FV5018,Aeroflot,2024-09-19,17:37:40,77
DP5700,Nordwind,2024-02-15,16:34:30,104
FV2350,Ural Airlines,2024-06-04,02:15:38,266
S76520,Ural Airlines,2024-03-05,02:26:30,105
WZ6310,Red Wings,2025-05-21,16:50:15,149
UT5024,Nordwind,2025-03-18,23:51:59,229
DP6529,Pobeda,2025-09-06,23:09:35,78
DP1112,Nordwind,2025-11-15,11:43:56,238
SU5132,Pobeda,2024-02-20,12:49:38,2
SU2376,Ural Airlines,2025-02-13,04:45:39,195
U66270,Red Wings,2025-02-15,16:47:28,62
SU7495,Red Wings,2024-04-02,08:07:16,84
WZ5028,Nordwind,2025-03-20,02:54:57,76
DP6050,S7 Airlines,2024-12-28,09:51:58,189
DP2421,Red Wings,2024-07-18,14:34:46,143
N46437,S7 Airlines,2025-10-08,13:02:45,198
U67468,Nordwind,2024-03-07,22:37:14,196
S76978,Rossiya,2024-06-26,09:24:19,235
N41260,Pobeda,2024-09-27,22:32:47,28
UT1894,Ural Airlines,2024-02-18,09:22:17,169
FV1128,Ural Airlines,2025-08-28,15:31:13,277
S75145,Rossiya,2024-11-05,16:16:45,225
S75824,Utair,2025-01-09,01:53:09,265
U65677,Red Wings,2024-11-02,05:08:36,206
S79608,Red Wings,2025-04-10,03:52:43,296
UT7147,Pobeda,2025-06-02,12:08:45,87
N45931,Utair,2025-10-27,03:32:08,167
UT9398,S7 Airlines,2025-03-14,23:57:21,82
N49409,Aeroflot,2025-10-07,02:13:51,83
FV6293,Aeroflot,2025-07-22,21:46:22,215
S71795,Nordwind,2024-02-12,11:04:10,178
WZ9436,Rossiya,2025-10-10,22:42:05,11
S75615,Aeroflot,2024-07-07,12:20:40,240
DP1174,Nordwind,2025-10-12,06:04:59,22
U65438,Pobeda,2025-04-05,14:48:34,164
SU1915,Utair,2025-08-22,17:48:01,78
SU6831,Red Wings,2024-08-05,04:39:44,223
U62125,Utair,2024-11-09,03:03:49,297
U65667,Red Wings,2025-05-15,09:50:42,98
WZ1435,Nordwind,2024-03-21,17:59:38,88
WZ4503,Nordwind,2024-04-05,08:02:03,179
SU1431,Rossiya,2025-04-08,04:54:31,151
DP1381,Pobeda,2024-09-23,13:38:47,119
U66214,Red Wings,2024-03-05,17:36:00,6
U69513,Aeroflot,2024-08-05,10:57:49,191
SU2465,Rossiya,2024-08-24,14:11:25,215
UT2144,Ural Airlines,2024-08-12,18:28:37,79
FV8080,Rossiya,2024-01-02,22:39:28,211
FV9477,Aeroflot,2024-10-05,18:32:07,294
DP4641,Utair,2024-01-21,23:51:26,80
N41015,Ural Airlines,2024-06-15,22:46:49,94
WZ9438,Nordwind,2025-09-16,19:05:46,178
SU7716,Aeroflot,2025-09-11,17:28:06,129
SU720,Utair,2024-01-04,22:16:57,8
FV1040,Red Wings,2024-09-17,05:24:04,130
DP6966,S7 Airlines,2024-10-06,22:41:00,226
WZ5428,Red Wings,2025-07-09,16:27:46,91
WZ8249,Ural Airlines,2024-03-02,23:38:39,42
WZ6668,Aeroflot,2025-02-02,13:38:55,93
UT3693,Utair,2025-04-21,20:05:16,31
WZ4407,Aeroflot,2025-01-12,11:06:58,273
FV4472,Ural Airlines,2025-08-15,19:33:26,280
SU1367,Utair,2024-06-10,18:28:49,293
UT5486,Ural Airlines,2024-07-01,00:00:25,21
FV6145,Utair,2025-10-15,23:31:08,171
S78174,Ural Airlines,2025-03-03,23:56:35,34
FV2294,Ural Airlines,2025-05-25,03:38:18,99
S76035,Pobeda,2024-09-05,00:32:18,23
UT1506,Nordwind,2024-03-07,23:09:26,205
SU6380,S7 Airlines,2024-11-24,17:35:31,237
WZ8164,Utair,2024-10-14,11:44:27,201
UT2968,Aeroflot,2024-10-25,17:38:32,142
N45712,Nordwind,2024-12-22,17:09:57,172
U69555,S7 Airlines,2025-07-22,01:42:17,95
U69714,Aeroflot,2024-07-01,02:11:48,271
UT297,Aeroflot,2024-12-10,01:53:03,66
SU3766,Nordwind,2025-04-07,17:06:30,64
FV2783,Nordwind,2024-12-25,05:50:13,258
SU6755,Nordwind,2024-11-24,09:31:51,282
U63224,Pobeda,2025-10-09,15:17:59,136
SU1363,Ural Airlines,2024-07-11,10:13:21,228
WZ2881,Red Wings,2024-05-24,23:17:23,189
UT3398,Utair,2025-11-05,18:54:45,198
N48478,Red Wings,2024-04-20,14:36:45,185
N49248,Utair,2024-12-01,17:02:05,135
SU851,Red Wings,2025-04-28,18:13:21,279
S77578,S7 Airlines,2024-12-03,21:26:10,133
UT9769,Aeroflot,2024-10-14,07:04:27,260
WZ8962,Rossiya,2024-05-19,07:25:46,127
SU5452,Rossiya,2025-12-17,05:49:14,201
WZ5585,Pobeda,2025-02-25,09:50:31,90
FV4622,Rossiya,2025-07-28,06:07:30,257
WZ2831,Pobeda,2025-07-22,15:08:30,150
S73877,Nordwind,2024-01-21,14:50:46,170
SU3559,Rossiya,2025-11-28,06:29:21,251
DP3430,Nordwind,2025-12-18,17:33:42,33
N45505,Ural Airlines,2024-12-28,03:36:37,99
DP329,Pobeda,2024-05-26,07:10:07,202
UT382,Rossiya,2024-12-04,13:16:12,188
SU463,Pobeda,2025-01-19,11:21:51,0
S79040,Aeroflot,2024-07-02,01:05:28,94
WZ9458,Pobeda,2025-08-01,16:22:45,232
U64956,Rossiya,2025-08-06,23:16:35,155
N47446,S7 Airlines,2025-09-12,05:06:47,255
N46866,Pobeda,2025-02-22,05:10:44,206
U69999,Ural Airlines,2025-07-11,07:16:57,49
N4729,Red Wings,2025-02-15,08:23:28,176
UT6130,S7 Airlines,2025-07-09,10:47:13,173
WZ8650,Nordwind,2024-10-07,18:25:21,23
U63374,Nordwind,2024-06-16,16:05:53,258
UT4577,Utair,2025-12-02,07:25:59,238
UT8426,Pobeda,2025-04-01,19:28:00,31
U6220,S7 Airlines,2024-08-13,22:35:07,55
U68707,Pobeda,2025-08-08,15:45:36,186
DP9502,S7 Airlines,2025-01-14,12:20:08,8
FV3525,Rossiya,2025-03-21,23:06:08,241
DP6291,Ural Airlines,2024-12-17,12:47:31,222
FV5014,Ural Airlines,2025-01-08,15:20:40,236
SU2901,Red Wings,2024-08-03,17:40:56,45
SU9564,Aeroflot,2024-11-21,16:49:48,162
S77014,Pobeda,2024-05-27,02:10:26,149
S71579,Red Wings,2024-04-27,08:15:44,102
U64433,Nordwind,2025-02-10,12:16:11,255
SU7124,Rossiya,2025-12-19,03:16:57,241
DP6321,Pobeda,2024-01-05,10:48:14,50
N46192,Nordwind,2024-06-02,20:50:02,260
SU9766,Nordwind,2024-06-14,13:22:52,277
S74205,S7 Airlines,2024-05-27,15:16:35,99
DP1530,Aeroflot,2024-08-13,05:45:24,209
UT5248,Red Wings,2025-03-10,07:09:57,261
SU3823,Red Wings,2024-08-17,13:21:24,290
UT5935,Utair,2024-02-07,18:44:26,69
N49800,Pobeda,2025-02-24,19:04:16,295
SU9309,Aeroflot,2024-10-14,19:19:35,236
U65308,Rossiya,2025-11-11,19:59:51,156
N4598,Nordwind,2024-09-04,11:00:30,109
WZ6382,Aeroflot,2024-10-27,10:57:56,14
WZ4837,Rossiya,2024-08-26,04:15:07,16
SU9189,Ural Airlines,2024-02-27,14:31:32,260
SU6021,S7 Airlines,2025-07-07,01:34:24,172
SU197,Aeroflot,2024-10-02,05:35:24,106
SU5686,Utair,2024-06-05,16:42:28,213
FV7826,S7 Airlines,2024-06-28,00:17:47,288
SU9536,Aeroflot,2024-02-26,06:50:21,39
DP790,S7 Airlines,2025-11-16,08:09:21,182
N4465,Aeroflot,2025-04-27,02:34:29,155
WZ6201,Aeroflot,2025-06-20,14:06:12,187
DP5467,Nordwind,2025-11-02,21:45:53,255
FV8937,Red Wings,2025-07-24,04:39:45,170
S73322,Rossiya,2025-10-23,17:24:15,128
FV938,Aeroflot,2024-06-23,09:50:45,171
SU2486,Rossiya,2025-07-16,18:29:26,144
U62669,Aeroflot,2025-09-07,23:11:13,103
FV6523,Pobeda,2025-10-24,05:12:56,262
FV6432,Utair,2025-10-14,20:24:14,113
DP3052,Rossiya,2025-02-27,19:35:44,229
FV8972,S7 Airlines,2025-11-09,19:12:23,168
S73077,Red Wings,2024-08-08,12:50:24,80
WZ1034,Nordwind,2024-11-08,19:57:55,239
SU3211,Ural Airlines,2024-01-17,15:05:58,242
FV4634,Rossiya,2024-06-08,12:17:21,172
S78958,Red Wings,2025-07-04,16:10:58,65
DP8910,Pobeda,2024-02-23,02:39:27,70
SU279,Pobeda,2025-05-11,15:25:28,171
WZ1228,S7 Airlines,2024-06-11,02:37:59,68
DP6743,Pobeda,2024-05-17,04:12:54,56
N45435,Utair,2025-09-14,01:21:13,196
UT2797,Pobeda,2025-03-08,00:55:01,30
WZ2841,Red Wings,2024-07-09,06:36:04,72
SU9802,S7 Airlines,2025-05-10,21:08:18,230
S73246,Utair,2025-12-08,10:49:05,290
UT3008,S7 Airlines,2025-10-08,10:08:12,64
S72454,Red Wings,2024-09-11,03:15:12,183
N47278,Utair,2024-10-03,06:31:39,179
FV4370,Nordwind,2024-05-17,20:22:14,72
S74025,Utair,2025-05-01,04:21:12,139
DP4196,Utair,2024-03-05,21:40:47,118
SU761,Rossiya,2024-03-25,11:53:46,287
U66208,Red Wings,2024-04-03,23:45:56,158
DP9229,Rossiya,2024-05-02,05:30:22,156
FV7566,Rossiya,2025-02-15,21:43:15,95
SU9037,S7 Airlines,2025-04-15,19:37:11,269
DP565,Red Wings,2024-07-26,02:23:40,162
U68697,Rossiya,2024-08-03,23:07:52,115
S76162,Utair,2025-01-06,19:25:33,191
S78924,Red Wings,2024-01-03,07:03:39,140
UT2826,S7 Airlines,2024-06-06,02:58:19,105
DP4153,Nordwind,2024-04-03,22:07:31,79
N42977,Aeroflot,2024-08-25,11:34:42,225
SU7728,Ural Airlines,2025-03-13,18:19:49,90
S79448,Red Wings,2024-05-15,19:10:01,72
UT2447,Rossiya,2024-08-15,20:34:52,184
N45104,Red Wings,2024-01-18,09:40:47,214
DP9494,Ural Airlines,2025-06-15,16:17:13,50
UT8464,Aeroflot,2024-11-02,00:14:21,137
WZ9841,Pobeda,2024-01-21,08:45:27,88
U65982,Aeroflot,2024-11-04,20:25:34,149
FV8588,Aeroflot,2024-08-02,00:00:18,275
SU8468,S7 Airlines,2024-10-05,12:46:38,186
N49177,Aeroflot,2024-12-21,15:10:08,256
FV6800,Nordwind,2024-04-11,02:15:29,37
N42056,Aeroflot,2024-09-21,18:07:44,124
SU8652,Red Wings,2025-09-26,15:50:12,200
WZ7404,Ural Airlines,2025-12-04,14:12:44,144
DP3010,Ural Airlines,2024-07-08,19:18:10,79
WZ3760,Rossiya,2025-10-19,08:49:28,90
WZ5239,Utair,2024-08-25,20:27:54,101
DP2005,S7 Airlines,2024-12-09,01:55:37,32
FV2632,Utair,2024-04-24,10:48:40,49
FV6052,Utair,2025-02-21,03:26:49,35
UT9772,S7 Airlines,2024-09-14,02:55:20,226
WZ6015,Red Wings,2024-07-16,08:28:59,129
SU5258,Nordwind,2024-11-26,14:33:55,261
FV9547,Utair,2024-03-09,11:12:05,161
SU756,S7 Airlines,2024-09-14,02:54:07,196
UT491,Rossiya,2024-06-12,22:57:50,169
UT2848,Red Wings,2024-02-20,08:29:19,291
UT6011,Utair,2024-11-23,22:53:11,211
SU4963,Pobeda,2025-08-06,22:21:38,235
U63797,Red Wings,2025-06-19,06:08:37,90
N45169,Red Wings,2024-08-04,06:33:09,14
UT7937,Ural Airlines,2024-09-26,17:59:14,268
DP1804,Pobeda,2025-08-16,01:29:32,18
WZ710,Utair,2024-12-04,14:22:54,194
WZ6369,Nordwind,2024-01-11,07:22:13,16
UT9549,Red Wings,2025-02-25,15:10:40,294
N44960,S7 Airlines,2024-02-03,07:56:35,17
SU850,Ural Airlines,2025-01-08,06:10:15,162
S74630,S7 Airlines,2024-04-10,22:05:52,240
UT6241,Pobeda,2024-01-02,00:40:34,62
SU8037,Aeroflot,2025-12-24,07:52:47,70
UT2236,Ural Airlines,2024-02-14,04:06:12,232
DP8080,Utair,2025-03-01,03:10:49,80
U69176,Pobeda,2024-02-18,02:51:31,47
UT8939,Nordwind,2025-08-15,22:04:53,126
SU397,Utair,2024-01-21,09:35:08,279
N46617,Pobeda,2024-08-02,00:34:24,58
UT1031,S7 Airlines,2025-04-25,03:26:24,156
SU7693,Utair,2024-06-24,06:43:36,254
SU7886,Red Wings,2024-07-27,14:09:45,236
N42074,Aeroflot,2024-10-24,00:55:32,110
FV2158,Utair,2024-05-23,08:58:12,241
WZ6808,Nordwind,2024-04-02,00:07:55,112
U67332,S7 Airlines,2024-10-03,15:20:26,130
DP4605,Rossiya,2025-12-16,01:45:16,287
WZ8828,Rossiya,2025-02-17,17:42:49,130
N44228,Nordwind,2024-08-12,13:37:27,153
UT7863,S7 Airlines,2025-04-12,11:14:28,90
S7300,Ural Airlines,2024-11-04,04:48:26,266
S71590,Red Wings,2024-08-04,17:13:39,114
U61909,Utair,2025-06-10,13:02:04,207
SU6562,Utair,2025-03-13,15:51:23,286
S79823,Pobeda,2024-09-01,12:52:25,66
DP1979,S7 Airlines,2024-07-11,01:39:41,198
DP8763,Rossiya,2025-03-28,14:52:12,249
S79677,Nordwind,2024-02-08,19:36:08,104
U69764,Aeroflot,2025-05-19,15:16:09,181
WZ3887,Aeroflot,2024-10-28,18:03:17,164
WZ6485,Pobeda,2025-06-20,00:07:24,130
SU8485,Aeroflot,2024-12-01,12:13:00,51
U67474,Ural Airlines,2025-09-20,19:42:43,295
DP9061,S7 Airlines,2024-12-01,00:23:37,209
SU3684,Nordwind,2025-07-19,20:51:06,30
U68691,Nordwind,2024-04-18,02:20:33,250
U63619,Aeroflot,2024-07-01,11:37:22,15
DP2437,Utair,2025-04-24,03:00:55,252
FV6662,Nordwind,2025-01-27,18:40:47,153
UT3517,Rossiya,2025-10-01,17:04:38,236
U67230,Pobeda,2024-05-12,08:59:08,197
FV5123,Pobeda,2025-06-07,04:19:43,191
SU4224,Utair,2025-05-26,08:00:25,114
S74646,S7 Airlines,2025-10-27,16:01:12,141
S75628,Aeroflot,2025-06-26,13:59:19,51
SU5995,Nordwind,2024-10-23,12:20:05,182
U62484,S7 Airlines,2025-07-28,15:14:41,159
SU4032,S7 Airlines,2025-09-11,08:30:58,14
WZ9075,Nordwind,2025-09-03,23:53:22,227
SU703,Ural Airlines,2024-02-23,02:39:18,60
N42630,Utair,2024-09-14,10:06:43,246
UT1039,Pobeda,2025-07-19,22:56:12,259
UT3341,Rossiya,2024-05-01,06:33:07,174
WZ5664,Ural Airlines,2024-02-11,01:48:05,75
S75674,Utair,2025-11-10,16:11:51,85
DP8012,Nordwind,2024-12-12,06:19:37,172
S78350,Ural Airlines,2024-10-01,05:07:58,274
N47727,Utair,2024-02-21,12:04:51,80
N45824,Ural Airlines,2025-06-20,23:07:02,47
SU8648,Red Wings,2024-06-23,04:19:46,19
U6748,S7 Airlines,2024-01-09,00:57:50,43
SU3211,Rossiya,2025-03-22,12:24:22,116
WZ3241,S7 Airlines,2024-08-19,20:13:21,243
SU4128,Utair,2025-06-11,20:47:38,91
UT6560,Pobeda,2025-03-19,08:43:31,25
FV2862,Utair,2025-10-03,22:33:40,96
U65419,Pobeda,2025-12-22,14:38:16,261
U68051,S7 Airlines,2024-07-26,22:42:04,257
N42952,Pobeda,2025-05-01,20:28:46,23
U61593,Nordwind,2024-02-05,18:38:21,220
DP8915,Rossiya,2024-07-16,11:17:19,64
DP4042,Pobeda,2025-07-24,03:21:08,90
WZ4324,Rossiya,2025-02-07,15:38:17,1
N44113,Rossiya,2024-03-28,19:30:45,290
FV8080,Red Wings,2025-06-13,14:28:21,231
WZ9180,Utair,2025-10-27,12:47:21,115
S73317,Ural Airlines,2025-07-15,01:16:40,141
WZ6205,Utair,2025-09-25,11:43:11,191
N42051,Pobeda,2025-11-03,23:35:55,90
DP4481,Rossiya,2025-04-12,14:15:15,69
FV4635,S7 Airlines,2024-07-16,08:48:05,101
N47117,Ural Airlines,2024-02-09,01:42:00,288
UT7676,Ural Airlines,2025-11-16,07:13:08,202
N4297,Rossiya,2024-07-14,14:41:00,165
FV4716,Ural Airlines,2025-06-19,10:28:56,43
FV6494,Red Wings,2025-08-07,13:40:30,229
DP1669,Utair,2025-10-25,14:42:35,218
N41482,S7 Airlines,2024-03-05,12:54:09,232
UT7450,Rossiya,2025-01-10,16:26:00,218
DP1876,S7 Airlines,2024-10-22,15:32:58,106
UT9441,Pobeda,2025-10-24,22:06:33,150
U61128,Utair,2024-02-20,05:59:31,150
WZ8921,Nordwind,2025-12-05,23:40:16,106
WZ4383,Aeroflot,2024-02-26,05:35:07,149
UT6038,Red Wings,2025-08-24,18:00:46,122
U64191,Aeroflot,2024-09-26,06:19:17,172
WZ4589,Rossiya,2024-11-10,06:30:52,143
FV7058,Rossiya,2025-05-27,03:48:17,70
U66474,Rossiya,2025-09-22,10:13:41,67
FV8356,Rossiya,2025-07-01,20:54:59,190
U6450,Utair,2025-02-22,20:08:06,225
U6489,Pobeda,2025-04-07,11:31:20,269
U69540,Aeroflot,2024-04-21,19:32:40,251
FV1640,Utair,2024-04-07,16:01:45,176
U61618,S7 Airlines,2025-12-07,09:42:47,254
UT6088,Aeroflot,2025-04-23,12:53:06,225
FV4850,Nordwind,2025-10-08,08:16:02,155
UT5175,Aeroflot,2024-09-24,14:42:34,135
N4932,Aeroflot,2024-01-03,16:41:09,172
DP5273,Ural Airlines,2025-01-13,18:15:01,235
DP8746,Red Wings,2024-08-09,15:15:59,56
N43368,S7 Airlines,2024-09-08,18:14:17,244
S79533,Nordwind,2024-08-25,15:08:39,75
DP3986,Red Wings,2024-10-25,09:55:26,8
N43741,Red Wings,2024-08-28,22:57:05,7
S77517,Red Wings,2024-10-21,04:07:03,229
SU4947,S7 Airlines,2024-10-24,21:47:20,0
U61976,Ural Airlines,2024-03-14,11:40:43,174
SU2475,Utair,2025-07-27,14:17:07,251
DP4861,Nordwind,2025-11-02,22:00:40,227
FV3055,Ural Airlines,2024-03-09,21:18:15,282
SU2649,Red Wings,2025-09-17,06:06:37,227
UT2280,Red Wings,2025-01-18,07:32:02,180
S72227,Ural Airlines,2025-08-06,20:22:55,45
U61356,Ural Airlines,2024-04-02,12:36:48,69
UT4114,Red Wings,2025-06-16,06:44:27,104
DP6271,Nordwind,2025-01-15,06:16:53,71
UT3214,Utair,2024-05-24,06:41:56,204
N47505,Aeroflot,2025-01-15,14:58:42,204
FV4785,Utair,2024-12-18,02:38:02,45
WZ572,Nordwind,2024-08-10,11:49:53,52
S79707,Red Wings,2025-11-15,23:36:38,253
DP2676,S7 Airlines,2024-05-21,05:57:48,25
N43472,Utair,2024-03-09,17:44:26,213
FV1590,S7 Airlines,2024-11-21,17:46:26,40
DP6730,Pobeda,2024-10-19,17:23:45,126
S77997,Rossiya,2025-11-13,06:47:20,22
FV7326,Utair,2025-06-12,17:33:26,137
UT1703,S7 Airlines,2025-04-13,01:57:05,252
DP2444,Rossiya,2025-07-01,16:48:20,45
WZ6569,Red Wings,2024-10-13,19:15:00,203
U64873,Ural Airlines,2024-04-02,08:27:49,260
FV8055,Rossiya,2024-12-26,09:53:53,187
UT1862,Rossiya,2024-12-25,21:48:25,121
SU8965,Rossiya,2025-10-13,02:24:26,8
SU1855,Pobeda,2024-07-13,11:41:14,101
DP7917,Utair,2025-05-16,08:16:38,293
SU1156,S7 Airlines,2025-05-26,04:34:24,282
FV3446,Utair,2025-04-27,09:23:57,179
S71214,Pobeda,2025-11-24,01:53:33,12
UT5180,Utair,2025-03-14,07:34:25,113
U69996,Rossiya,2025-11-16,18:12:59,206
UT6779,S7 Airlines,2025-02-17,08:36:34,65
FV8257,Utair,2025-10-26,13:02:49,252
DP2890,Utair,2025-08-01,13:09:51,50
U66390,Red Wings,2025-11-05,14:09:08,276
S75478,S7 Airlines,2025-06-06,20:31:56,281
SU6866,Pobeda,2024-08-07,20:18:04,246
U67943,Pobeda,2024-02-24,02:36:15,267
UT409,Rossiya,2024-05-24,21:30:40,112
DP542,Pobeda,2024-02-07,00:23:25,20
DP6854,Ural Airlines,2024-09-22,20:10:51,61
SU9481,Aeroflot,2024-04-28,12:29:22,270
SU3103,Ural Airlines,2025-02-18,13:28:07,96
FV4664,Rossiya,2025-12-16,17:19:16,158
U68467,Ural Airlines,2024-01-21,18:04:58,129
DP6790,S7 Airlines,2024-10-08,21:11:29,59
DP1249,Rossiya,2024-07-16,09:40:13,266
UT3573,Utair,2025-06-16,17:50:45,137
FV581,Red Wings,2025-04-01,15:05:02,293
FV6230,Rossiya,2024-12-15,13:04:48,151
N43942,Pobeda,2024-05-20,23:22:18,243
UT1852,Ural Airlines,2024-01-11,11:02:14,224
S75526,Pobeda,2024-10-24,18:12:37,189
U66427,Nordwind,2025-02-16,18:45:55,146
WZ1618,Utair,2025-01-13,15:34:28,248
S76629,Ural Airlines,2025-06-24,13:43:50,43
U62869,Rossiya,2025-11-09,13:04:47,222
SU4798,S7 Airlines,2024-11-27,02:54:06,248
UT2615,Utair,2024-06-19,05:55:36,291
UT4049,Rossiya,2025-06-21,14:46:16,121
SU2919,Red Wings,2025-09-26,14:54:40,76
SU7025,Nordwind,2024-10-04,06:56:27,93
DP2116,Rossiya,2025-07-13,10:36:29,182
SU8732,Red Wings,2025-03-27,10:17:20,20
DP1980,S7 Airlines,2025-06-15,19:30:44,204
FV188,Rossiya,2025-11-23,20:59:00,148
WZ4783,S7 Airlines,2024-01-10,16:41:14,177
U66603,Ural Airlines,2025-08-25,01:03:41,183
DP2715,Red Wings,2024-03-27,19:49:30,56
SU6555,Pobeda,2024-05-17,05:19:57,65
S72456,Red Wings,2024-07-02,01:04:52,74
DP6323,Rossiya,2025-03-04,01:57:22,10
FV9317,Nordwind,2025-02-01,17:50:34,229
S75540,Ural Airlines,2024-04-05,12:47:50,284
N45362,Utair,2024-07-25,11:39:54,190
U63825,S7 Airlines,2024-01-19,03:07:06,15
WZ1588,Nordwind,2024-10-21,23:42:57,162
WZ2855,Aeroflot,2025-07-05,06:27:49,290
WZ3798,Rossiya,2025-10-07,10:27:31,222
U6436,Utair,2025-03-20,08:57:07,245
S7942,Nordwind,2024-10-16,16:48:31,203
UT3592,Utair,2024-04-13,05:39:59,192
WZ1402,Utair,2025-06-03,22:57:51,198
SU7743,Nordwind,2024-08-02,04:23:42,232
SU2388,Nordwind,2024-05-04,05:15:25,75
UT4744,Nordwind,2024-12-12,12:21:13,81
UT7669,Utair,2024-05-17,19:21:41,160
DP1254,Pobeda,2025-02-01,15:46:54,96
N45658,Aeroflot,2025-07-13,13:25:11,270
DP9815,Utair,2024-03-13,13:27:23,219
N42873,Red Wings,2025-11-23,17:30:35,280
U6684,Red Wings,2024-07-03,20:45:39,80
U62265,Rossiya,2024-01-20,19:34:11,201
SU6000,Ural Airlines,2024-10-02,02:46:24,293
WZ2143,Rossiya,2025-09-23,08:54:40,213
WZ5807,S7 Airlines,2025-03-15,13:24:07,260
SU2516,S7 Airlines,2025-08-15,10:42:41,39
FV1944,Utair,2025-04-09,12:41:28,51
S78759,Pobeda,2024-08-09,15:08:31,212
U69726,Ural Airlines,2025-03-20,05:32:51,279
WZ7679,Utair,2025-06-13,22:16:45,49
S74764,Ural Airlines,2024-05-01,07:45:31,139
WZ5339,Ural Airlines,2025-06-10,07:00:22,58
N49386,Red Wings,2024-11-13,22:55:54,295
UT5910,Red Wings,2025-09-15,00:00:50,38
WZ7396,Utair,2024-03-16,00:01:55,111
DP8796,S7 Airlines,2025-12-13,11:55:05,172
WZ3293,Nordwind,2024-10-25,19:32:15,244
SU3033,Nordwind,2025-12-21,15:56:07,27
N49177,S7 Airlines,2025-09-06,01:49:14,237
UT8427,Aeroflot,2025-07-16,14:43:42,266
FV7345,S7 Airlines,2025-04-12,13:05:26,66
N45733,Red Wings,2025-10-21,17:06:25,34
U65519,Aeroflot,2024-02-10,22:02:01,261
N49871,Pobeda,2024-02-09,17:46:01,194
SU6070,Nordwind,2025-12-24,08:51:16,220
FV3342,Ural Airlines,2025-08-22,04:27:24,156
WZ107,Utair,2025-11-03,06:01:20,118
SU2012,Ural Airlines,2025-12-12,02:51:23,218
N45820,Nordwind,2024-11-21,15:30:30,209
SU5601,Nordwind,2025-03-25,14:33:48,67
U67488,S7 Airlines,2025-06-15,11:55:52,134
WZ4728,Ural Airlines,2025-01-12,08:39:56,153
WZ7616,S7 Airlines,2025-10-28,13:08:17,52
UT7474,Nordwind,2024-09-07,21:46:21,53
UT9645,S7 Airlines,2024-08-09,11:37:06,67
WZ7230,Pobeda,2024-12-22,04:53:47,232
U69603,Aeroflot,2024-10-07,06:51:00,11
UT6987,Pobeda,2024-10-24,01:10:06,46
WZ2115,S7 Airlines,2025-05-23,22:16:01,181
SU8811,Aeroflot,2024-11-13,12:01:48,174
UT340,Nordwind,2024-08-09,08:52:55,188
FV9214,Pobeda,2025-02-17,14:46:33,29
DP1236,Rossiya,2024-06-26,01:38:29,220
N42328,Red Wings,2024-05-09,11:26:54,195
N49061,Utair,2025-03-22,09:43:38,286
FV7858,Ural Airlines,2024-05-18,03:40:45,181
UT6958,Nordwind,2024-01-18,11:45:31,159
FV4397,S7 Airlines,2024-11-06,12:03:18,177
WZ4834,Red Wings,2024-09-11,06:58:34,224
SU9047,Nordwind,2024-01-27,13:43:00,86
S73467,Red Wings,2024-09-27,13:18:21,73
N41533,Ural Airlines,2024-05-27,21:02:00,136
S72042,Pobeda,2025-04-06,17:10:55,83
WZ2555,Red Wings,2024-11-25,16:01:29,95
UT2603,S7 Airlines,2024-02-27,03:30:08,162
UT4669,Utair,2024-04-21,23:24:58,49
WZ8749,Nordwind,2024-12-03,17:05:09,200
N44456,Aeroflot,2025-01-17,10:23:00,77
UT9208,Rossiya,2025-08-16,00:34:17,199
WZ7685,Aeroflot,2025-03-02,20:17:05,255
S75350,Aeroflot,2024-07-22,22:22:10,223
SU8410,Red Wings,2025-02-20,09:30:52,112
WZ5867,Pobeda,2024-07-20,15:43:44,212
U6606,Red Wings,2024-11-06,18:04:05,242
DP2421,Pobeda,2024-04-12,16:34:08,103
S73162,Red Wings,2025-08-09,05:54:32,28
S76506,Nordwind,2025-10-01,12:04:38,48
N45393,Pobeda,2025-06-10,16:05:45,30
DP102,Utair,2024-06-10,16:44:25,96
U69549,Nordwind,2024-11-03,03:16:25,213
DP7178,Aeroflot,2024-05-12,13:22:39,9
WZ4142,Pobeda,2025-12-07,11:55:46,12
WZ5854,Ural Airlines,2024-06-12,17:35:35,93
WZ5147,Rossiya,2024-10-19,15:07:11,200
SU6689,S7 Airlines,2025-03-11,14:07:24,112
S72047,Nordwind,2025-01-18,08:25:12,260
UT8776,Rossiya,2024-09-10,01:39:48,98
SU7746,Rossiya,2025-04-14,10:15:26,186
FV4644,Nordwind,2024-09-10,09:47:46,130
UT2332,Rossiya,2024-04-01,07:21:27,79
N41191,Rossiya,2025-04-11,10:25:18,150
WZ8290,Rossiya,2024-03-09,16:14:02,49
S74824,S7 Airlines,2024-06-12,11:41:19,97
UT4151,Ural Airlines,2025-12-02,11:47:54,288
FV9915,Pobeda,2025-05-10,05:45:04,45
UT7819,S7 Airlines,2024-06-15,03:17:05,167
DP5046,Utair,2025-02-13,03:45:55,297
S7544,Ural Airlines,2025-08-17,04:03:40,2
N47983,Utair,2025-07-06,11:45:32,273
WZ1414,Rossiya,2024-01-08,11:55:46,198
WZ2814,Aeroflot,2025-06-23,10:57:58,175
U61780,Ural Airlines,2024-01-19,23:40:42,183
N49481,Nordwind,2024-06-17,13:35:10,65
SU6891,Ural Airlines,2024-04-01,23:49:49,47
N43178,Rossiya,2025-07-24,11:03:50,118
N45690,Ural Airlines,2025-05-10,07:39:21,282
SU7574,Pobeda,2024-01-27,09:59:53,63
FV6465,S7 Airlines,2025-05-21,23:16:35,131
N49546,Red Wings,2025-02-16,15:57:35,31
SU1197,Rossiya,2024-12-25,06:42:22,60
U65070,Utair,2024-12-12,01:31:51,11
UT5551,Aeroflot,2024-05-14,10:50:37,187
N47967,S7 Airlines,2024-09-24,09:32:07,111
U64697,Pobeda,2025-03-01,01:45:52,78
DP734,Rossiya,2025-05-10,23:38:52,85
U63231,Aeroflot,2025-11-20,10:48:10,75
SU2858,S7 Airlines,2024-10-01,20:47:11,165
WZ9291,Nordwind,2024-12-08,09:16:20,65
U62572,Nordwind,2025-03-28,13:11:26,87
UT7413,Nordwind,2025-11-11,14:03:48,186
N43231,Red Wings,2025-06-06,22:15:22,172
WZ3037,Ural Airlines,2024-02-28,19:07:33,259
DP616,Rossiya,2024-06-07,05:40:16,249
UT3927,Ural Airlines,2025-07-03,16:32:39,85
U65131,Nordwind,2025-10-12,15:21:25,191
S72320,Pobeda,2024-04-24,09:28:51,136
FV7749,Red Wings,2025-04-23,12:03:48,95
SU2509,Aeroflot,2024-06-27,19:42:32,214
WZ3165,Pobeda,2025-01-03,13:27:23,258
UT4294,Utair,2024-11-04,07:02:25,187
SU7717,Nordwind,2025-01-19,00:17:11,94
UT1660,Red Wings,2024-10-12,22:24:33,79
DP3059,Nordwind,2024-02-17,06:12:56,223
DP1859,Nordwind,2024-06-10,06:31:32,206
WZ7036,Nordwind,2025-05-28,04:16:53,137
U6705,Aeroflot,2025-03-13,19:45:18,128
DP9071,S7 Airlines,2024-01-21,04:15:27,285
UT362,S7 Airlines,2025-01-26,14:08:02,244
SU4968,Pobeda,2024-12-09,12:05:29,59
SU140,Pobeda,2024-09-02,08:15:12,232
UT9295,Aeroflot,2024-05-06,11:19:29,178
WZ8607,Rossiya,2024-09-01,16:03:35,258
S79388,Red Wings,2024-03-08,11:48:18,187
DP8824,S7 Airlines,2025-04-12,13:24:29,150
U62632,Pobeda,2024-11-10,00:41:29,187
FV5377,Pobeda,2024-10-09,15:19:00,197
FV1596,Nordwind,2024-06-05,02:00:02,195
UT8847,S7 Airlines,2024-09-28,09:16:57,182
WZ4403,S7 Airlines,2025-04-01,02:39:11,253
SU6681,Utair,2024-03-04,16:48:46,202
DP8551,Aeroflot,2024-12-28,07:35:27,192
N45739,Rossiya,2025-09-23,04:05:40,107
N48717,Pobeda,2024-11-21,07:25:39,19
DP7258,Pobeda,2025-05-06,17:25:07,144
UT3798,Red Wings,2025-07-20,14:42:49,257
SU3008,Utair,2025-01-15,18:47:07,251
DP2774,Red Wings,2024-11-05,04:44:35,36
SU8868,Pobeda,2024-04-26,11:31:50,125
DP718,Nordwind,2024-06-21,09:10:26,49
FV7167,Ural Airlines,2025-09-06,23:09:21,44
UT8166,Red Wings,2025-09-25,02:05:45,131
SU9794,S7 Airlines,2025-01-13,19:33:15,108
UT9765,S7 Airlines,2025-06-27,05:06:21,1
N4307,Rossiya,2024-06-27,19:34:52,148
DP8831,Aeroflot,2024-06-14,18:40:51,283
S77480,S7 Airlines,2024-07-06,02:22:56,296
N43389,Ural Airlines,2024-04-10,02:34:18,278
U62283,Pobeda,2024-09-19,05:39:06,8
FV8119,S7 Airlines,2024-06-19,12:25:42,187
WZ6730,Red Wings,2025-08-11,03:16:47,80
S78994,Ural Airlines,2024-10-15,14:17:29,112
UT3105,Aeroflot,2025-05-17,12:32:33,163
WZ2738,Red Wings,2025-04-16,10:42:26,219
SU3221,Rossiya,2024-02-02,06:17:53,237
UT9338,S7 Airlines,2025-04-20,03:38:34,161
SU3215,Ural Airlines,2024-05-07,21:45:26,158
FV9654,Aeroflot,2025-09-01,12:12:04,56
UT256,Ural Airlines,2024-12-04,04:09:12,280
SU3374,Utair,2025-05-26,08:21:31,169
WZ7877,Aeroflot,2025-08-21,19:50:27,55
UT3360,Red Wings,2025-03-18,06:23:17,2
FV2274,Red Wings,2025-04-05,08:40:37,5
UT6831,Rossiya,2025-12-08,15:57:15,45
SU5124,Red Wings,2024-04-18,05:31:13,286
N41580,Rossiya,2024-07-18,23:00:07,224
S77646,Pobeda,2024-03-13,20:32:25,170
UT5924,Nordwind,2025-09-18,08:10:02,194
FV8798,Ural Airlines,2024-01-21,17:11:40,273
SU9962,Pobeda,2024-04-10,02:34:54,257
S77323,Rossiya,2025-11-03,11:44:24,231
FV4410,Red Wings,2025-07-05,13:42:20,235
SU4665,Utair,2024-07-21,11:42:48,250
N47425,S7 Airlines,2024-09-08,05:04:50,234
U65083,Utair,2024-10-27,13:35:59,233
S78317,Utair,2025-05-13,15:49:12,104
SU1250,Red Wings,2024-01-05,16:40:38,107
S71037,Ural Airlines,2025-08-25,09:00:28,108
U69704,Pobeda,2025-04-10,06:50:22,20
UT9539,S7 Airlines,2024-06-06,14:42:23,38
UT9608,Aeroflot,2024-07-22,18:54:10,2
WZ4136,Pobeda,2024-09-24,23:12:52,123
SU3919,Pobeda,2025-12-24,15:05:34,140
FV8347,Utair,2024-02-17,18:57:52,292
S76488,Rossiya,2024-08-10,02:46:58,149
U63025,Pobeda,2025-06-23,17:30:37,127
FV4052,Pobeda,2024-11-04,07:46:35,112
N42249,Pobeda,2025-12-04,00:22:18,52
U66166,Pobeda,2025-06-24,01:40:18,25
S77635,Ural Airlines,2025-12-03,05:56:49,60
DP8153,Utair,2025-04-03,03:45:47,147
S71949,Pobeda,2025-04-08,13:09:55,160
S72005,Red Wings,2025-02-17,02:36:43,5
FV358,Ural Airlines,2024-02-22,14:08:05,157
FV6347,Aeroflot,2024-08-15,23:15:52,163
WZ8827,Pobeda,2025-12-23,20:50:40,212
SU7837,Ural Airlines,2024-10-03,19:39:56,100
FV7188,Utair,2024-07-07,03:42:52,166
U64148,Pobeda,2025-08-11,21:36:03,267
S75327,Nordwind,2024-10-05,14:05:33,6
WZ8456,Red Wings,2025-11-23,23:03:12,66
S71491,S7 Airlines,2025-08-27,14:16:07,140
SU6069,Red Wings,2025-03-08,19:26:44,224
UT145,Aeroflot,2024-03-04,15:45:31,251
FV303,Pobeda,2025-06-11,03:28:14,255
WZ9083,Ural Airlines,2024-06-27,08:30:21,287
SU5173,S7 Airlines,2024-08-13,10:51:28,88
WZ6608,Aeroflot,2024-05-02,11:18:05,58
WZ3695,Pobeda,2025-08-13,04:12:20,70
WZ617,Rossiya,2025-03-23,14:51:01,208
DP3361,Aeroflot,2024-01-26,23:37:28,172
S71239,Utair,2024-07-11,13:09:47,175
UT9183,Nordwind,2025-11-19,19:37:15,17
UT8980,S7 Airlines,2024-09-18,05:08:36,76
DP8793,Pobeda,2025-12-10,06:47:04,55
N4196,Utair,2025-04-20,20:22:16,273
U67047,Rossiya,2025-02-05,02:40:28,69
UT2742,Rossiya,2025-12-04,06:29:38,211
UT7832,Utair,2025-02-12,07:37:31,77
S77330,Ural Airlines,2024-06-20,05:23:03,210
UT5974,Nordwind,2024-01-25,16:36:57,141
SU5528,S7 Airlines,2024-06-12,07:18:58,46
U61267,Red Wings,2025-01-27,08:17:29,0
N43604,S7 Airlines,2024-06-26,19:19:21,87
N47629,Pobeda,2025-05-01,23:36:02,38
FV6843,Utair,2025-05-10,06:29:00,145
N48001,Red Wings,2024-02-09,07:53:26,21
U62612,S7 Airlines,2025-10-02,22:31:15,222
UT3534,Pobeda,2025-05-03,03:11:16,299
U6514,Pobeda,2025-03-11,14:00:34,123
FV3364,Ural Airlines,2025-05-09,16:11:33,202
SU9278,Ural Airlines,2024-05-27,06:29:37,117
N42866,S7 Airlines,2024-11-07,05:12:12,101
N49978,Rossiya,2024-09-20,15:21:52,40
SU2190,S7 Airlines,2025-04-28,20:11:48,189
FV5892,Nordwind,2024-03-06,10:42:24,20
N41626,Utair,2024-07-10,20:53:57,35
WZ8723,S7 Airlines,2025-12-27,02:38:40,145
U62799,Ural Airlines,2025-09-27,03:20:09,288
WZ1872,Nordwind,2025-09-01,13:29:11,42
UT7043,S7 Airlines,2024-11-14,17:20:05,6
N46605,Rossiya,2024-12-09,22:44:30,212
S76166,Rossiya,2024-08-18,13:02:50,252
N44412,Aeroflot,2024-05-12,07:02:27,104
N47795,Pobeda,2025-08-10,16:20:13,252
N48458,Aeroflot,2025-03-21,21:07:13,75
DP2709,Utair,2024-06-01,05:02:33,300
S79211,Nordwind,2024-03-19,07:10:58,35
SU5135,S7 Airlines,2024-07-13,20:07:19,185
DP3436,Utair,2024-09-18,05:14:42,71
UT1165,Red Wings,2025-04-21,13:30:29,92
FV6877,Red Wings,2024-12-25,13:47:16,203
U66961,Rossiya,2024-10-12,18:05:59,231
S72352,Utair,2024-03-23,00:31:00,175
N44472,Red Wings,2025-01-24,09:34:42,187
SU8669,Aeroflot,2025-06-17,01:15:13,204
SU2538,Utair,2024-07-13,01:03:53,108
WZ5296,Pobeda,2025-03-25,17:39:53,29
UT6525,Red Wings,2024-08-05,21:57:41,268
DP5161,Aeroflot,2024-06-04,03:21:59,176
SU7725,S7 Airlines,2024-05-12,16:04:15,105
SU7448,Rossiya,2025-09-07,06:29:38,17
S75162,Red Wings,2025-03-23,19:54:50,288
FV8066,Pobeda,2024-05-17,21:32:11,292
N44230,Rossiya,2024-10-09,08:42:53,93
SU5784,Nordwind,2024-06-02,19:20:35,236
UT4776,Nordwind,2025-09-19,21:35:18,197
WZ7243,Ural Airlines,2024-08-03,03:07:44,29
N45655,Utair,2024-03-22,17:32:14,218
U61131,S7 Airlines,2025-07-11,01:53:54,234
SU4721,Aeroflot,2025-08-02,12:32:48,27
FV2984,Nordwind,2024-10-26,23:17:42,254
WZ4127,Ural Airlines,2024-08-11,20:03:24,183
S75121,S7 Airlines,2024-10-18,21:18:21,10
DP8077,S7 Airlines,2025-12-03,05:09:06,202
FV3725,Nordwind,2025-08-27,04:08:04,283
N49780,Ural Airlines,2025-04-10,03:01:51,228
SU3790,Ural Airlines,2024-03-19,16:28:11,287
UT2900,S7 Airlines,2024-11-04,20:30:52,246
SU525,Ural Airlines,2025-07-28,03:23:05,91
WZ9811,Rossiya,2025-08-26,01:39:41,111
SU3881,Nordwind,2025-12-07,02:21:20,115
UT7440,Utair,2025-05-15,21:16:11,55
S77457,Nordwind,2024-07-12,02:44:26,15
S7866,Rossiya,2025-09-20,15:37:52,142
WZ5618,Pobeda,2025-11-27,22:17:50,122
DP5313,Pobeda,2024-04-22,06:00:35,272
N41690,Ural Airlines,2024-05-02,14:10:40,88
N41725,Nordwind,2024-06-12,05:08:51,8
SU5878,S7 Airlines,2025-09-15,03:13:05,282
FV6195,Rossiya,2025-09-21,12:12:03,253
UT7169,Rossiya,2024-06-21,17:56:30,52
N47115,Ural Airlines,2025-11-15,07:34:53,74
DP5602,Pobeda,2024-04-15,01:09:40,93
S76535,Red Wings,2024-09-09,03:37:14,106
S76875,Ural Airlines,2025-05-28,19:10:27,72
DP637,Aeroflot,2025-08-24,04:30:43,188
S78001,Pobeda,2025-01-14,00:04:18,264
WZ923,Ural Airlines,2024-08-06,16:24:33,123
SU7677,Rossiya,2024-07-23,10:54:26,173
S78070,Ural Airlines,2025-11-18,15:46:10,100
U67774,Rossiya,2025-09-19,12:18:59,250
DP4552,Rossiya,2024-05-05,18:42:45,0
DP7086,Aeroflot,2025-03-27,13:21:17,278
DP3282,S7 Airlines,2025-11-27,18:32:21,208
WZ2628,S7 Airlines,2024-11-16,19:53:49,219
DP7417,Ural Airlines,2025-12-19,20:05:53,129
U6963,Nordwind,2025-07-01,05:02:08,233
SU1576,Aeroflot,2024-05-08,00:05:07,113
UT1537,Ural Airlines,2024-01-24,00:04:33,176
WZ3594,Pobeda,2025-01-06,20:21:16,82
U61068,Pobeda,2025-09-24,05:26:57,157
N41332,Aeroflot,2025-11-06,10:39:39,19
FV7887,Ural Airlines,2024-01-17,09:26:05,254
FV2588,Pobeda,2024-03-11,20:09:17,59
S77341,Pobeda,2024-04-17,22:58:52,136
SU9301,Utair,2025-05-22,14:36:02,1
N49766,Aeroflot,2025-02-03,00:41:42,83
U67011,Pobeda,2025-01-09,04:13:43,55
N41306,Ural Airlines,2025-08-19,06:32:55,33
SU177,Ural Airlines,2024-04-06,07:56:09,183
DP235,Red Wings,2025-12-03,17:12:32,88
FV1744,Ural Airlines,2024-08-18,02:32:16,179
U68939,Aeroflot,2024-05-08,15:35:24,15
DP2153,Ural Airlines,2024-02-15,04:12:46,157
SU1770,Nordwind,2024-01-17,09:09:17,150
DP6162,Red Wings,2025-05-13,15:47:52,204
U62969,Nordwind,2024-11-25,02:14:19,186
FV1077,Utair,2025-08-03,07:13:41,126
FV8323,Utair,2025-10-17,20:07:35,47
DP798,Ural Airlines,2025-06-15,02:48:47,60
U65607,Utair,2024-07-22,13:07:35,237
UT9043,Nordwind,2025-04-12,06:01:05,205
WZ4325,Utair,2025-05-10,05:30:25,66
FV2341,Red Wings,2025-02-15,12:05:45,274
U6955,Ural Airlines,2024-03-09,02:11:21,285
FV6160,Aeroflot,2024-12-26,09:01:04,25
WZ5811,Rossiya,2024-07-12,09:16:12,272
FV7379,S7 Airlines,2025-09-02,07:04:08,28
U65672,S7 Airlines,2024-11-08,02:05:53,241
U68752,Red Wings,2024-12-11,06:46:48,251
FV9253,Pobeda,2025-09-24,12:08:48,5
U6430,Nordwind,2024-10-04,16:54:08,224
SU2046,Ural Airlines,2025-04-14,17:02:23,100
DP8138,Aeroflot,2024-08-06,12:03:00,275
UT4150,Aeroflot,2024-03-18,13:15:22,268
U63318,Rossiya,2025-10-04,02:09:20,250
DP8553,S7 Airlines,2024-09-12,22:20:14,172
N42617,Red Wings,2024-10-02,11:16:43,296
DP2047,S7 Airlines,2024-11-14,04:13:25,2
UT8150,S7 Airlines,2025-12-22,15:30:22,142
N45110,S7 Airlines,2025-11-06,13:47:04,15
DP1287,Nordwind,2025-05-09,05:00:22,145
FV8360,S7 Airlines,2025-10-21,12:01:40,25
DP4295,Nordwind,2025-05-20,06:55:51,279
N43973,Utair,2024-06-25,18:52:00,269
UT5942,Rossiya,2025-11-06,03:44:35,24
FV7102,Aeroflot,2024-06-08,14:28:47,63
UT1604,Rossiya,2025-05-04,03:35:46,136
N44348,Aeroflot,2024-02-13,22:27:21,10
WZ529,Rossiya,2025-11-11,05:23:52,56
DP9338,Ural Airlines,2024-11-24,07:17:57,95
DP2593,Aeroflot,2025-02-03,06:05:11,294
U68482,Utair,2024-11-07,09:05:58,293
UT5887,Utair,2024-05-27,03:57:02,65
S7981,Rossiya,2024-07-22,09:59:24,271
N46430,Rossiya,2024-06-04,21:09:19,108
U62169,Pobeda,2025-07-06,12:43:35,38
DP5105,Aeroflot,2025-02-17,04:51:04,57
FV7860,Red Wings,2025-10-01,07:04:55,95
SU8634,Red Wings,2025-08-18,04:41:54,282
UT3055,Aeroflot,2025-11-18,02:35:31,6
UT982,Utair,2025-05-16,19:50:50,26
N48208,Ural Airlines,2024-08-04,04:24:19,89
DP1552,Ural Airlines,2024-06-28,09:34:18,258
SU2504,Aeroflot,2024-07-16,04:37:05,64
DP5309,Nordwind,2025-08-17,11:05:19,112
UT9522,Pobeda,2025-09-22,18:54:20,130
UT2174,Ural Airlines,2024-12-05,16:14:04,20
N43515,Aeroflot,2024-01-26,11:43:12,45
SU8664,Aeroflot,2025-07-16,10:47:46,1
U62270,Rossiya,2024-12-15,05:46:00,162
DP3893,Ural Airlines,2024-07-28,04:51:22,74
FV883,Ural Airlines,2025-10-22,10:02:38,176
FV1803,Ural Airlines,2024-01-01,21:09:26,152
WZ4430,Nordwind,2025-04-05,14:23:16,277
DP1980,Rossiya,2025-04-22,14:54:50,228
FV9941,Utair,2025-07-28,04:54:03,273
N45654,Aeroflot,2025-06-12,16:11:31,264
WZ8684,Pobeda,2025-11-26,05:01:19,68
S76982,Utair,2025-01-24,16:37:56,7
U63202,S7 Airlines,2025-01-25,15:40:07,265
UT9448,Pobeda,2024-10-15,07:26:11,117
WZ446,Ural Airlines,2025-11-06,16:13:57,254
U63859,Utair,2024-01-24,09:11:43,104
DP6224,Red Wings,2024-01-03,11:31:18,101
S78755,Rossiya,2025-11-09,02:13:27,59
N48349,Nordwind,2024-05-06,06:26:49,171
FV8449,S7 Airlines,2024-09-23,15:48:13,49
UT342,S7 Airlines,2024-09-13,15:20:09,36
FV2695,Aeroflot,2025-05-21,04:20:49,223
SU596,Red Wings,2025-08-15,16:39:12,156
WZ9529,Aeroflot,2024-06-28,13:22:03,1
FV1019,Aeroflot,2024-11-04,00:52:40,37
DP1544,Nordwind,2025-12-07,23:25:37,46
UT4584,Nordwind,2024-08-07,22:32:24,72
WZ6943,Pobeda,2025-01-12,16:25:55,160
UT7899,Ural Airlines,2025-12-23,20:17:21,224
DP7879,Aeroflot,2025-03-04,08:28:46,39
FV9529,Aeroflot,2024-04-24,11:39:31,234
N45309,Pobeda,2025-02-07,07:16:58,289
S74227,Red Wings,2024-08-09,19:10:12,230
S72853,Ural Airlines,2024-05-17,11:44:45,197
N47397,Rossiya,2025-08-24,23:11:40,116
WZ543,Red Wings,2025-07-12,22:50:30,291
DP988,Red Wings,2024-10-06,02:01:55,2
U65534,Nordwind,2024-06-15,10:48:22,295
S76049,Pobeda,2024-02-17,01:26:25,205
UT3312,Rossiya,2025-04-04,12:25:48,91
FV9775,Rossiya,2024-08-07,19:34:32,19
N43405,Pobeda,2024-01-19,05:39:48,287
WZ7144,Utair,2024-02-14,09:13:30,171
DP2034,Utair,2024-03-06,04:34:19,48
UT3980,Utair,2025-09-12,06:26:25,201
FV2235,Aeroflot,2024-12-01,02:55:17,112
S73400,Rossiya,2024-10-04,10:12:11,3
N45531,Aeroflot,2024-12-04,22:34:59,282
FV5358,Utair,2024-11-21,11:51:40,64
WZ5713,Nordwind,2025-12-12,22:38:45,97
UT3366,Utair,2024-11-11,14:28:27,63
N43675,Pobeda,2025-07-03,01:07:07,59
FV6523,Pobeda,2024-05-10,22:09:31,242
N48614,Red Wings,2025-08-07,05:35:54,237
WZ7246,Red Wings,2025-04-01,19:17:22,137
N48570,Nordwind,2025-04-01,18:32:28,204
UT7141,Pobeda,2024-05-02,08:55:13,27
UT2524,Rossiya,2025-07-16,06:35:16,29
U64982,Red Wings,2025-10-15,23:26:34,101
WZ6334,Red Wings,2024-07-14,16:31:39,47
WZ1638,Aeroflot,2024-09-21,18:19:24,120
UT6010,Pobeda,2024-04-01,11:31:01,29
S78671,Nordwind,2024-04-18,03:06:44,155
FV1227,Pobeda,2025-12-25,08:10:56,34
U65162,Ural Airlines,2024-12-27,20:36:00,51
UT7968,Pobeda,2024-09-01,18:50:07,261
WZ3957,Red Wings,2025-05-06,23:53:28,134
N46181,Aeroflot,2025-12-15,15:20:48,95
UT665,Nordwind,2024-07-27,21:13:39,45
WZ8893,Ural Airlines,2024-10-11,02:29:19,230
N41243,Aeroflot,2025-03-13,15:03:26,8
DP1978,S7 Airlines,2024-03-24,01:45:27,114
DP6990,S7 Airlines,2025-06-20,10:46:56,100
SU4833,Rossiya,2024-04-18,05:27:21,82
WZ4429,Nordwind,2024-02-23,06:51:09,5
SU4737,Utair,2024-05-11,02:42:08,273
U69950,S7 Airlines,2025-05-12,07:06:45,151
N49746,Nordwind,2024-01-07,02:05:08,69
SU8255,Nordwind,2025-07-17,20:23:48,107
S75721,Aeroflot,2024-04-08,19:13:12,199
WZ461,Aeroflot,2025-02-15,16:07:19,143
UT4225,Ural Airlines,2024-06-26,19:17:41,134
UT160,Aeroflot,2024-07-25,18:26:49,32
DP3419,Nordwind,2025-11-11,14:52:20,252
DP7387,Rossiya,2024-05-04,02:53:24,49
FV391,S7 Airlines,2024-07-07,00:55:32,66
U61632,Rossiya,2024-08-07,17:51:06,282
UT9923,Rossiya,2025-07-14,15:46:08,158
UT6218,Aeroflot,2024-03-04,04:49:19,229
S75288,Utair,2024-10-15,14:28:25,12
UT1408,Ural Airlines,2024-03-06,05:06:04,211
N45830,Red Wings,2025-12-23,20:28:51,72
WZ7584,Red Wings,2025-01-14,07:54:55,108
S72915,Ural Airlines,2024-04-22,19:06:38,271
UT8242,Pobeda,2025-07-19,04:28:48,169
UT2574,Ural Airlines,2024-01-06,21:32:17,195
N46027,Rossiya,2024-05-09,15:12:46,146
SU609,Pobeda,2025-07-24,18:03:03,213
UT8648,Rossiya,2025-11-20,08:43:24,10
N45230,Rossiya,2025-12-08,12:21:52,274
WZ279,Nordwind,2025-05-22,03:02:17,79
SU3603,Red Wings,2024-07-21,09:00:24,0
FV3126,S7 Airlines,2025-01-18,04:40:09,26
SU9171,Nordwind,2025-02-15,20:34:15,85
FV1530,Nordwind,2025-10-27,06:04:40,44
U65609,Rossiya,2024-11-06,00:08:55,117
UT1736,Nordwind,2025-06-18,19:50:25,288
UT4440,Utair,2025-04-15,06:33:00,67
WZ6913,S7 Airlines,2025-08-24,05:15:55,140
UT3805,Ural Airlines,2024-08-24,20:04:20,70
N46656,Utair,2024-11-05,14:42:39,157
DP3024,Utair,2024-07-05,02:40:19,16
DP2058,Aeroflot,2025-09-26,20:31:58,294
FV3663,S7 Airlines,2025-12-06,00:55:47,241
U69726,S7 Airlines,2025-07-06,20:19:55,237
FV1221,Rossiya,2024-06-06,01:35:31,256
S72629,Aeroflot,2024-05-26,20:30:37,249
DP4204,S7 Airlines,2025-10-12,22:48:11,207
UT1017,Rossiya,2024-05-17,10:54:05,216
FV5308,Nordwind,2024-03-19,00:57:42,286
FV3207,Red Wings,2025-02-13,08:19:57,4
N41661,Utair,2024-08-16,07:27:50,193
S78984,Aeroflot,2024-04-26,13:34:50,15
WZ3167,Rossiya,2024-10-14,04:19:02,263
WZ9869,Ural Airlines,2024-03-10,20:26:04,194
FV6095,S7 Airlines,2024-08-03,22:10:11,191
FV2127,Nordwind,2025-09-22,19:02:23,9
N45322,Aeroflot,2024-05-24,22:22:15,31
WZ3986,S7 Airlines,2024-07-10,23:35:46,185
S77734,Nordwind,2024-05-23,08:06:37,289
S73272,S7 Airlines,2024-02-16,06:48:59,59
SU5831,Ural Airlines,2025-11-25,21:58:24,290
N46761,Red Wings,2024-11-18,13:00:42,123
S74226,Utair,2024-08-10,13:21:41,276
WZ3586,Aeroflot,2025-01-13,09:17:42,56
UT4202,Pobeda,2024-08-13,11:32:19,14
S7371,Ural Airlines,2024-08-08,23:22:13,47
WZ7039,Utair,2024-06-16,21:28:41,294
U67756,Red Wings,2025-07-08,18:05:39,295
WZ6654,Ural Airlines,2025-12-08,07:01:36,57
UT2628,Nordwind,2024-01-13,19:25:30,33
SU301,Utair,2025-05-11,11:59:10,4
UT4325,Utair,2024-02-25,05:23:24,141
DP9907,Rossiya,2025-08-15,15:13:04,275
U61496,Pobeda,2024-02-21,19:10:21,289
SU7339,Pobeda,2025-01-02,07:06:07,53
U63707,Rossiya,2024-03-17,15:55:30,153
WZ9992,Rossiya,2024-06-03,09:12:30,228
UT2043,Rossiya,2025-12-02,18:09:04,43
WZ9557,Aeroflot,2025-10-12,00:51:49,73
WZ1662,Nordwind,2024-07-04,09:22:44,48
SU238,Red Wings,2025-01-25,14:10:35,123
N44831,Rossiya,2025-11-11,16:49:21,10
DP925,S7 Airlines,2024-03-04,12:47:47,110
FV8357,S7 Airlines,2025-05-09,13:55:29,186
WZ9462,Red Wings,2024-12-27,17:44:06,278
U67779,S7 Airlines,2025-04-16,17:54:57,5
SU5366,Utair,2025-09-18,21:46:15,11
U61656,Pobeda,2024-08-13,01:02:32,117
FV6120,S7 Airlines,2024-12-05,15:36:35,114
U6987,Pobeda,2025-11-04,08:34:25,94
U62430,Rossiya,2025-03-04,06:10:30,295
S7983,Rossiya,2024-07-28,21:11:47,9
UT3345,Rossiya,2024-02-14,11:13:52,30
SU3414,Pobeda,2024-02-07,17:26:12,122
UT8182,Red Wings,2025-02-22,13:28:55,92
WZ7660,Ural Airlines,2024-11-10,19:34:23,212
S77977,Rossiya,2024-11-17,18:55:40,283
DP8653,Red Wings,2024-11-22,05:26:43,285
FV3089,Rossiya,2024-08-28,21:28:43,241
DP3380,Aeroflot,2025-12-01,15:21:48,278
DP3717,Rossiya,2025-07-27,12:29:35,289
WZ392,Rossiya,2024-04-14,07:58:44,255
WZ2726,Nordwind,2025-07-14,11:48:44,270
UT1999,S7 Airlines,2024-01-12,11:35:41,229
WZ5961,Nordwind,2024-02-26,06:03:19,110
FV2512,Utair,2025-01-19,21:04:34,109
WZ3251,Red Wings,2025-12-01,18:08:33,196
S76594,Ural Airlines,2024-01-06,09:42:00,33
UT9701,Ural Airlines,2025-08-04,03:52:57,256
SU831,Rossiya,2025-08-23,22:48:24,113
WZ1993,S7 Airlines,2024-06-27,21:46:18,249
FV2475,Utair,2025-04-12,01:39:20,142
N46726,Rossiya,2025-12-15,04:07:34,195
S72580,Red Wings,2025-05-28,22:33:20,69
N49371,S7 Airlines,2024-01-12,15:33:45,218
SU5012,Ural Airlines,2025-05-13,11:56:44,155
S76658,Rossiya,2025-04-19,11:35:15,255
FV8140,Pobeda,2024-08-24,16:50:07,197
FV1783,Ural Airlines,2024-10-08,22:02:33,71
SU9687,Aeroflot,2025-03-09,01:41:21,94
S74348,Pobeda,2024-09-14,12:57:30,154
FV5219,Utair,2024-06-24,01:04:38,267
S76691,Aeroflot,2025-07-28,17:05:39,127
UT2139,Nordwind,2025-11-09,16:42:13,169
UT9829,Rossiya,2024-05-09,12:03:33,132
DP2088,Pobeda,2024-11-02,12:18:17,136
WZ491,Pobeda,2025-07-07,00:25:04,147
UT3600,Ural Airlines,2024-10-23,07:06:23,154
S71686,Aeroflot,2024-06-28,14:30:58,290
U62266,Nordwind,2024-02-24,11:53:18,187
S78383,Aeroflot,2025-08-12,16:47:50,245
U68572,Red Wings,2025-02-25,01:42:45,178
DP1489,Nordwind,2024-07-09,23:55:35,169
DP9765,Aeroflot,2025-11-24,08:22:05,108
SU7489,S7 Airlines,2024-12-09,18:13:59,189
UT8537,Pobeda,2025-11-21,07:30:01,180
SU3586,S7 Airlines,2025-06-20,10:48:30,238
S7337,Pobeda,2025-06-11,01:00:18,27
DP6133,Ural Airlines,2025-10-06,16:34:51,234
U63600,Pobeda,2025-10-09,11:10:10,127
U64797,Aeroflot,2024-08-11,05:41:03,114
SU1852,Red Wings,2024-06-23,20:20:54,230
SU5518,Pobeda,2025-04-05,21:26:36,74
UT6400,Utair,2025-07-09,22:01:10,66
S73927,Red Wings,2024-11-01,11:25:46,5
SU6203,Rossiya,2025-01-18,12:21:26,199
UT8324,Red Wings,2024-03-26,11:47:30,191
DP6763,Red Wings,2024-07-23,09:35:03,159
DP7811,Utair,2024-12-08,16:00:15,293
U62960,Utair,2025-12-13,07:21:09,56
WZ305,Pobeda,2025-08-04,08:17:04,32
S71861,Utair,2024-07-08,20:23:15,186
S74189,S7 Airlines,2025-07-02,12:23:52,227
UT6364,Ural Airlines,2024-09-04,22:27:44,65
WZ6061,Rossiya,2024-06-28,18:58:41,32
DP3267,Rossiya,2024-10-01,08:43:55,51
U65025,Nordwind,2024-04-27,02:41:53,274
WZ3585,Aeroflot,2025-01-16,01:34:09,45
N48431,S7 Airlines,2025-06-20,02:27:50,162
S76010,Ural Airlines,2024-11-03,11:26:35,13
U65869,S7 Airlines,2024-01-17,00:25:38,297
N43669,Nordwind,2025-08-13,16:23:29,171
SU6517,Utair,2025-09-07,01:46:34,154
FV4249,Nordwind,2025-10-04,00:42:38,208
UT6575,Ural Airlines,2025-05-10,11:26:13,260
N42652,Ural Airlines,2025-06-23,21:03:19,298
SU6172,Rossiya,2024-07-24,20:41:54,293
FV8614,Pobeda,2024-06-19,22:53:17,67
FV4320,Red Wings,2024-03-21,20:49:50,265
DP9807,Ural Airlines,2025-07-01,03:51:05,122
SU9648,Nordwind,2024-03-27,20:56:26,243
SU2542,Ural Airlines,2025-10-20,22:14:54,38
SU5686,Nordwind,2024-03-20,14:12:17,34
DP4553,Utair,2025-12-21,07:48:14,184
S77358,Ural Airlines,2025-05-20,15:19:08,125
S75188,Red Wings,2024-06-14,12:44:54,8
S73178,Utair,2025-06-21,10:03:23,112
SU8216,Utair,2024-09-18,14:08:53,55
WZ3893,Pobeda,2025-04-05,06:46:35,273
WZ832,Red Wings,2025-03-23,10:12:19,165
SU8585,Nordwind,2025-04-10,14:30:51,295
SU2238,Ural Airlines,2024-08-19,01:25:30,87
WZ2381,S7 Airlines,2024-06-21,22:54:39,194
U68420,Pobeda,2025-08-20,22:12:19,300
SU7502,Rossiya,2024-08-18,21:04:11,85
UT5036,S7 Airlines,2025-01-12,15:03:43,223
S7808,Ural Airlines,2025-10-06,03:08:58,257
FV3167,Pobeda,2025-10-15,05:30:02,168
SU6298,Pobeda,2024-01-01,12:47:31,124
UT4079,Nordwind,2024-02-10,00:29:31,269
U6985,Pobeda,2025-10-12,20:45:30,120
FV860,Nordwind,2025-11-14,01:26:28,137
DP2313,Red Wings,2025-10-03,01:25:15,135
WZ2923,Utair,2025-06-18,12:38:22,173
U69922,Red Wings,2025-02-07,06:36:10,271
UT2665,Utair,2024-07-15,22:57:45,2
U61058,Pobeda,2025-01-03,09:13:06,30
N45274,Ural Airlines,2025-12-22,06:04:53,245
S79970,Red Wings,2025-04-16,23:34:29,54
SU4906,Pobeda,2025-09-21,08:10:15,102
S77364,S7 Airlines,2024-04-22,04:53:29,5
N46028,Rossiya,2025-07-16,20:35:04,46
FV9272,Red Wings,2025-01-14,23:19:30,7
U63534,Nordwind,2024-06-23,01:09:26,156
N43429,Rossiya,2025-11-07,15:30:31,3
U65875,Rossiya,2025-08-23,18:47:19,156
U67457,Nordwind,2024-06-25,22:38:53,100
S71298,Pobeda,2024-10-02,10:43:58,241
FV8979,Rossiya,2024-04-10,03:35:05,39
DP2394,Ural Airlines,2024-11-01,01:07:05,151
FV3126,Rossiya,2024-12-09,07:44:02,218
U6240,S7 Airlines,2024-08-23,02:28:26,1
N47903,Rossiya,2024-11-17,09:45:42,130
S7536,Red Wings,2024-06-03,14:46:09,172
S77048,S7 Airlines,2024-03-18,12:54:35,222
FV1295,Red Wings,2024-04-12,11:56:33,275
U6633,Rossiya,2024-12-28,14:13:17,29
FV4735,Red Wings,2025-04-21,17:22:00,83
U66331,Aeroflot,2024-01-12,12:51:19,197
DP2707,Utair,2025-04-02,04:11:56,158
WZ8745,Rossiya,2025-02-20,09:36:57,265
DP276,Utair,2025-05-19,21:48:46,15
WZ1516,Ural Airlines,2024-07-28,23:59:59,204
N43657,Aeroflot,2025-08-02,21:42:14,222
N46498,Red Wings,2024-03-28,11:58:53,268
FV4945,Utair,2024-08-01,05:14:24,17
WZ3953,Red Wings,2025-07-26,01:12:26,295
FV7631,Pobeda,2024-07-21,14:01:20,87
N42733,Ural Airlines,2025-03-24,07:26:05,176
S76759,Aeroflot,2025-02-23,21:41:09,110
WZ2760,Utair,2025-01-11,06:37:34,221
U67599,S7 Airlines,2025-09-24,23:35:11,110
S78474,Pobeda,2024-09-23,23:04:07,206
FV2264,S7 Airlines,2025-03-22,10:37:01,76
SU5090,Rossiya,2024-02-12,11:32:25,72
U69285,Utair,2024-09-05,18:27:43,70
SU3090,Aeroflot,2025-06-26,05:41:34,56
SU1024,Utair,2024-04-18,07:21:00,54
SU5275,Nordwind,2025-09-05,01:51:54,258
UT1750,Aeroflot,2024-08-17,01:26:51,244
DP3150,S7 Airlines,2025-06-13,14:42:57,172
SU2073,Nordwind,2024-07-16,01:27:33,62
N4531,Red Wings,2024-07-25,11:28:27,97
N43605,S7 Airlines,2025-01-19,03:17:55,194
FV5980,Red Wings,2024-04-23,15:07:46,98
SU6961,Red Wings,2024-07-15,07:34:14,232
N44838,Rossiya,2024-11-27,22:05:59,55
FV1499,Pobeda,2024-06-23,20:53:39,10
SU9105,Rossiya,2024-04-17,04:47:06,283
S73436,Aeroflot,2025-10-22,02:22:21,260
UT583,Nordwind,2024-01-14,23:00:11,10
N49981,Utair,2024-11-01,08:30:16,116
N4434,Red Wings,2025-08-08,04:25:16,102
SU5972,Red Wings,2024-03-12,21:22:29,49
N47762,Ural Airlines,2024-12-01,01:12:13,51
SU8784,Ural Airlines,2024-03-23,07:03:12,163
SU1795,Rossiya,2025-08-07,02:56:12,122
WZ8024,Ural Airlines,2024-02-11,14:20:11,221
N49247,Aeroflot,2024-11-12,23:22:18,160
FV5453,Pobeda,2024-12-18,02:25:36,173
N42820,S7 Airlines,2025-07-05,13:21:22,235
WZ959,Pobeda,2024-12-13,16:53:54,45
N47837,Aeroflot,2025-02-18,01:06:21,210
U61549,S7 Airlines,2024-04-04,01:15:41,111
FV789,Nordwind,2025-09-27,18:25:46,3
S78403,Pobeda,2025-04-16,02:25:53,215
WZ8569,Nordwind,2025-02-12,18:07:20,282
WZ1014,Nordwind,2025-03-17,20:02:17,137
SU4075,S7 Airlines,2024-08-17,03:52:00,216
U65288,Nordwind,2025-11-09,12:37:49,202
U63189,S7 Airlines,2024-04-25,05:46:47,24
SU9010,S7 Airlines,2024-08-14,09:24:24,13
S73416,Rossiya,2025-11-25,07:21:51,255
S78662,Utair,2024-06-10,19:56:41,115
FV834,Aeroflot,2025-08-07,21:22:40,214
UT1449,Rossiya,2025-02-22,11:20:19,168
DP179,Ural Airlines,2024-08-07,11:53:41,178
WZ8233,Nordwind,2024-12-22,16:59:16,263
N41505,Aeroflot,2025-12-01,21:00:00,220
WZ690,Nordwind,2024-12-12,21:40:27,152
S7683,Utair,2024-08-24,07:29:11,21
UT1679,Pobeda,2024-04-24,03:17:48,6
SU6343,Ural Airlines,2024-06-28,17:01:26,185
SU7067,Rossiya,2025-12-27,12:49:23,253
S73296,Pobeda,2024-05-01,06:17:35,254
N49740,Red Wings,2024-03-06,19:44:13,13
WZ6979,Aeroflot,2025-10-01,10:01:24,280
UT6739,Utair,2025-08-15,03:20:46,280
DP2446,Pobeda,2024-03-14,06:31:19,279
SU5358,Utair,2025-08-25,15:02:28,16
FV2097,Utair,2025-02-12,18:25:27,112
FV6562,Pobeda,2025-08-13,00:45:21,114
SU3745,Nordwind,2024-06-07,23:42:57,117
FV3868,Utair,2025-08-02,15:33:16,260
UT7594,Nordwind,2025-04-07,14:42:20,288
N45694,Aeroflot,2025-09-27,03:27:31,273
WZ3754,Red Wings,2025-04-13,13:02:47,255
FV7858,Nordwind,2024-11-15,00:03:58,213
SU3318,Ural Airlines,2025-06-15,09:03:48,31
FV4033,Rossiya,2025-05-10,07:34:52,266
WZ2195,Pobeda,2025-01-24,20:52:40,139
S73501,Utair,2024-09-18,02:45:03,216
U61466,S7 Airlines,2025-04-14,09:59:06,57
N47458,Rossiya,2025-01-12,00:33:52,78
WZ3060,Aeroflot,2025-10-19,09:15:16,292
WZ1491,Nordwind,2024-05-03,04:42:29,127
UT1289,Aeroflot,2025-08-18,17:09:11,160
U63664,Nordwind,2025-04-21,08:20:45,142
DP2641,Ural Airlines,2025-09-09,19:10:23,156
WZ525,Red Wings,2025-10-06,09:20:47,34
UT7482,Rossiya,2024-05-17,19:02:54,167
WZ3776,Aeroflot,2024-12-07,18:16:57,146
N48422,Rossiya,2024-10-10,17:01:56,246
S79482,Red Wings,2025-04-24,03:40:11,171
S77424,Aeroflot,2025-12-10,20:48:37,31
UT5356,Pobeda,2024-10-10,01:50:13,247
N48194,Aeroflot,2024-09-15,03:38:24,262
N44949,Utair,2024-12-24,00:17:43,173
U68390,Aeroflot,2024-10-12,10:47:09,241
S77060,Utair,2024-08-10,02:57:16,193
DP2421,Nordwind,2024-05-02,20:16:00,188
FV7330,Nordwind,2024-01-03,17:47:54,263
N45029,Utair,2024-10-24,18:33:47,199
UT490,S7 Airlines,2024-03-22,13:08:13,194
WZ6372,Ural Airlines,2025-04-28,03:44:13,210
FV2115,S7 Airlines,2025-02-07,19:28:25,194
SU5789,Utair,2025-06-22,01:20:00,151
S7348,Rossiya,2025-04-03,17:26:30,229
S76501,Nordwind,2025-02-16,11:51:04,105
U61221,Aeroflot,2025-11-18,14:18:20,110
DP5693,Rossiya,2025-12-21,05:21:15,121
FV6531,Ural Airlines,2024-07-13,16:44:22,58
UT7223,Aeroflot,2025-03-02,04:06:40,90
N46164,S7 Airlines,2024-01-07,18:37:07,244
SU5955,Nordwind,2024-07-19,04:39:57,2
N41701,Utair,2024-10-28,20:02:09,24
U66258,Utair,2024-11-23,12:24:48,184
DP6027,S7 Airlines,2024-08-01,12:36:28,142
DP4398,Ural Airlines,2025-01-07,05:25:44,158
S73379,Pobeda,2025-10-20,12:06:15,288
S73675,Pobeda,2024-03-14,07:04:02,278
S73825,Aeroflot,2025-04-28,17:38:53,204
N44430,S7 Airlines,2025-05-12,06:46:25,49
S75796,Utair,2024-02-13,01:44:52,139
SU559,S7 Airlines,2024-02-15,03:17:08,185
N46584,Rossiya,2024-08-01,10:27:40,116
DP9278,Ural Airlines,2024-01-19,22:08:36,220
U65509,Pobeda,2025-04-23,13:52:25,257
UT2729,Aeroflot,2024-11-20,03:35:20,162
WZ8799,Red Wings,2024-12-10,14:04:54,189
FV4373,Rossiya,2024-10-06,11:16:40,238
N49939,Utair,2025-03-02,17:28:35,205
U6543,Pobeda,2024-11-25,09:29:36,239
SU3665,Aeroflot,2024-12-14,02:44:03,239
WZ843,S7 Airlines,2024-02-16,11:53:28,74
DP5686,Pobeda,2024-11-26,02:44:44,187
WZ4635,Nordwind,2024-09-23,22:10:39,44
N47408,Aeroflot,2025-08-19,06:53:16,74
N46453,Pobeda,2025-09-09,23:38:45,255
UT3595,Aeroflot,2024-05-13,06:55:46,119
FV846,Utair,2024-01-07,09:11:31,24
UT9954,Rossiya,2024-10-24,06:14:33,115
N49397,Pobeda,2025-03-02,18:12:45,85
U69286,Pobeda,2024-02-26,18:47:46,140
U67457,Red Wings,2025-05-13,19:17:21,280
S78094,Aeroflot,2024-05-07,11:49:14,204
UT6815,Ural Airlines,2024-07-03,10:45:29,291
U62213,S7 Airlines,2024-07-15,17:44:23,227
N4636,S7 Airlines,2024-06-28,18:37:52,181
UT2041,Ural Airlines,2024-10-18,05:24:18,236
S71609,S7 Airlines,2024-09-05,08:00:02,255
SU257,Nordwind,2024-10-09,00:33:00,97
UT7358,Nordwind,2025-09-04,06:14:59,234
N45026,Rossiya,2024-11-08,14:53:29,168
SU4300,Nordwind,2024-08-20,14:53:05,10
SU2639,Ural Airlines,2025-05-21,09:34:00,181
DP3221,S7 Airlines,2024-01-14,01:20:15,63
WZ1441,Pobeda,2024-12-25,00:28:43,189
U67874,Pobeda,2025-01-06,03:49:53,214
S75964,Nordwind,2025-07-23,15:09:46,88
UT9832,Ural Airlines,2024-08-28,18:08:30,5
WZ8426,Nordwind,2024-12-22,10:49:46,250
DP2976,Pobeda,2024-11-28,19:00:53,255
WZ3689,Rossiya,2025-09-08,08:05:37,200
U63044,S7 Airlines,2025-10-03,15:39:57,232
N46926,Aeroflot,2024-05-14,13:03:19,83
SU998,Utair,2024-04-22,00:04:35,182
U61720,Red Wings,2024-06-24,21:25:53,24
N45907,S7 Airlines,2024-12-27,08:04:08,125
WZ1195,Pobeda,2024-02-09,03:19:57,267
UT1712,Nordwind,2025-10-08,18:27:47,36
S75873,Pobeda,2025-08-27,22:10:54,228
FV9996,Red Wings,2024-04-13,16:23:10,172
S73363,S7 Airlines,2024-05-07,22:24:37,250
UT5609,Red Wings,2025-02-12,15:14:56,284
U61887,Red Wings,2025-01-07,02:27:41,282
DP2150,Pobeda,2025-03-12,00:04:30,10
FV7670,Red Wings,2024-03-14,01:12:40,131
SU743,Pobeda,2024-05-04,00:25:39,242
WZ1588,Ural Airlines,2025-12-21,00:24:39,115
SU5488,Aeroflot,2024-11-26,06:44:58,234
UT3513,Pobeda,2025-04-06,19:03:53,144
DP7840,Pobeda,2024-05-01,05:08:45,220
N44652,Rossiya,2024-03-13,09:08:31,37
N47165,Red Wings,2025-04-04,09:00:07,113
DP8609,Aeroflot,2024-04-01,04:45:04,41
FV5659,Red Wings,2024-03-13,02:23:18,142
S73211,S7 Airlines,2025-10-21,23:01:06,197
UT3932,Pobeda,2024-10-13,20:03:48,50
UT2427,Pobeda,2024-07-05,19:52:57,123
UT1879,Utair,2024-05-20,22:34:13,239
FV8235,Nordwind,2025-04-12,08:31:03,132
N44672,Pobeda,2024-04-08,04:08:50,228
WZ5535,Ural Airlines,2025-03-22,14:42:38,14
UT3853,Nordwind,2025-10-07,12:43:03,65
FV4035,Nordwind,2025-05-10,05:24:30,189
DP3901,Pobeda,2024-11-13,23:25:36,72
U66579,Aeroflot,2024-06-16,20:31:33,262
FV2980,S7 Airlines,2024-11-08,01:34:28,54
WZ1686,Ural Airlines,2025-06-10,13:01:58,18
UT1523,Rossiya,2025-03-28,04:39:23,170
S77687,Nordwind,2025-05-22,05:00:15,242
S7176,Aeroflot,2024-11-06,11:55:40,232
S71326,Red Wings,2025-04-25,01:50:25,70
N43871,S7 Airlines,2024-04-24,03:54:56,40
UT7472,Utair,2024-04-14,03:53:55,140
WZ4373,S7 Airlines,2024-03-16,00:02:52,102
S75122,Utair,2025-04-16,16:26:06,26
UT5942,Red Wings,2025-10-22,00:30:56,257
N4526,Aeroflot,2025-02-05,20:52:20,10
N42353,Utair,2025-01-08,21:13:56,221
WZ2314,Utair,2024-08-05,14:48:21,246
UT1908,Nordwind,2024-06-12,01:14:01,21
N47070,Aeroflot,2024-08-13,10:04:17,111
U68606,Aeroflot,2025-07-09,18:02:16,142
S73915,Nordwind,2025-06-03,13:32:45,115
U62052,Aeroflot,2025-02-10,03:57:05,270
SU2240,Aeroflot,2025-01-20,00:24:04,141
WZ8024,Red Wings,2025-01-12,18:50:53,118
S79215,Aeroflot,2024-10-07,17:29:23,171
WZ4370,Red Wings,2025-03-17,12:55:07,103
WZ6025,Pobeda,2025-09-18,17:39:01,212
DP5786,Rossiya,2025-04-07,06:34:07,75
UT2049,Utair,2024-10-27,14:50:26,125
N46964,Nordwind,2024-11-25,19:35:01,9
N4773,Pobeda,2024-09-17,10:25:43,102
UT5489,Rossiya,2025-02-07,20:26:58,17
U66462,Utair,2024-10-23,05:45:59,266
N43122,Nordwind,2024-11-27,10:47:03,250
N4542,Utair,2025-05-07,10:54:11,141
N46972,Rossiya,2024-07-19,02:54:33,164
UT6755,Aeroflot,2024-08-12,05:07:41,139
FV1161,Nordwind,2025-04-10,09:54:47,31
SU8403,S7 Airlines,2024-05-24,13:42:47,220
WZ9556,Ural Airlines,2024-04-18,13:49:53,222
FV7389,S7 Airlines,2024-11-07,00:40:34,296
U62460,Red Wings,2024-04-20,13:32:47,182
WZ2485,Pobeda,2024-10-13,12:57:24,44
FV6761,Nordwind,2025-02-05,12:39:55,22
SU5544,Ural Airlines,2024-12-25,16:18:58,35
DP5851,Nordwind,2024-06-02,17:21:03,245
DP6703,Pobeda,2024-07-07,08:05:31,213
SU5288,S7 Airlines,2024-11-03,19:16:32,133
FV6744,Aeroflot,2025-05-10,04:14:15,256
N46624,Aeroflot,2025-12-03,13:48:01,95
U67805,Rossiya,2024-12-04,22:04:48,116
N44208,Ural Airlines,2024-05-10,06:48:57,285
FV184,Utair,2025-10-23,16:16:48,278
U65005,Rossiya,2025-05-05,16:27:55,218
S76308,Pobeda,2024-08-02,13:58:06,64
N45450,Nordwind,2024-05-16,01:52:06,22
S78271,Red Wings,2025-05-05,22:42:19,284
N48644,Ural Airlines,2024-01-01,06:54:42,252
UT4572,Aeroflot,2024-01-18,02:03:25,284
UT4111,Ural Airlines,2024-01-04,20:26:32,23
U64767,Utair,2025-10-24,12:21:05,277
S77608,S7 Airlines,2024-01-07,20:32:40,94
U62604,Pobeda,2024-12-18,23:53:04,213
N48318,Pobeda,2024-08-12,04:59:22,181
N42514,Red Wings,2024-07-22,08:27:37,130
SU280,S7 Airlines,2025-09-18,22:46:55,54
WZ9581,S7 Airlines,2025-08-15,11:23:26,78
UT4049,Ural Airlines,2024-05-12,18:48:55,226
N41525,Nordwind,2024-09-28,05:12:49,299
FV2997,Rossiya,2025-08-25,12:45:31,197
WZ6111,Ural Airlines,2025-01-22,11:43:40,200
N42285,Ural Airlines,2025-11-19,12:32:14,69
DP4948,Aeroflot,2025-06-21,23:46:00,37
SU1533,Red Wings,2024-05-22,12:26:50,232
FV9510,Rossiya,2024-03-27,17:37:56,40
SU1644,Nordwind,2024-05-16,06:43:02,130
UT3215,Pobeda,2025-04-23,21:59:00,68
S72158,Aeroflot,2024-03-11,08:51:36,264
SU6829,Utair,2024-09-08,21:02:02,186
U64939,Utair,2025-02-16,06:27:43,131
UT6134,Utair,2025-01-01,04:08:36,230
UT6689,Aeroflot,2025-12-17,10:17:39,172
UT9398,Aeroflot,2025-01-01,16:00:00,233
FV8047,Red Wings,2025-01-10,10:03:44,62
WZ5525,Nordwind,2024-05-13,22:00:38,201
FV5344,S7 Airlines,2024-07-12,02:40:53,127
S7621,Red Wings,2025-05-10,05:47:17,153
DP6988,Utair,2025-11-28,20:32:59,123
DP8621,Ural Airlines,2024-02-23,19:22:36,204
N41937,Nordwind,2025-10-13,06:21:01,99
FV4089,Aeroflot,2024-09-10,15:29:05,180
FV6844,Nordwind,2024-05-16,20:50:32,2
S71946,Ural Airlines,2025-10-13,07:26:19,277
N49504,Pobeda,2024-03-11,01:20:35,187
S71338,Nordwind,2024-03-20,19:52:22,296
U65272,Pobeda,2025-12-06,12:29:19,210
S76409,Ural Airlines,2024-07-15,15:31:42,99
N43191,Ural Airlines,2025-02-12,06:49:44,123
WZ8121,Pobeda,2025-12-22,09:12:42,150
N48309,Aeroflot,2024-02-06,23:03:59,12
S78909,Aeroflot,2024-11-19,23:55:20,82
SU5931,S7 Airlines,2025-09-10,21:53:15,207
S78294,Aeroflot,2024-07-27,12:28:59,230
FV285,Utair,2024-09-08,10:13:31,235
S79207,S7 Airlines,2025-11-18,23:00:43,276
S77730,Ural Airlines,2024-01-09,09:46:53,194
S75605,Ural Airlines,2024-01-28,23:49:22,118
SU1840,Pobeda,2025-01-22,14:29:25,1
U62487,Ural Airlines,2025-01-15,07:18:51,16
SU7267,Utair,2024-05-11,12:18:17,69
S79087,Aeroflot,2024-09-09,09:47:06,44
DP5157,Aeroflot,2024-06-03,06:29:32,136
UT2334,Red Wings,2024-09-02,07:37:36,18
UT9610,Utair,2025-10-13,09:04:16,212
SU1939,Aeroflot,2025-10-02,17:38:19,80
S7976,Red Wings,2024-08-24,17:54:05,28
WZ6241,S7 Airlines,2024-11-07,05:44:22,74
FV1419,Ural Airlines,2024-05-22,08:29:16,237
S79174,Nordwind,2024-12-15,05:41:12,262
FV3506,Nordwind,2025-07-16,19:07:19,44
WZ5953,Rossiya,2024-12-18,08:32:23,21
N44437,Nordwind,2024-04-06,08:50:01,294
FV6002,Rossiya,2025-05-06,14:52:36,87
WZ1220,Nordwind,2025-08-08,11:52:25,154
WZ9653,Utair,2025-09-07,03:34:08,209
S75201,Rossiya,2025-06-20,09:22:12,52
UT7201,Utair,2024-09-19,19:38:50,202
WZ2964,Red Wings,2025-08-03,11:03:45,217
SU169,Red Wings,2024-01-16,01:17:58,148
U65859,Ural Airlines,2025-04-06,10:31:58,29
FV5983,Ural Airlines,2025-03-08,08:48:42,151
FV3541,Pobeda,2024-12-07,14:25:08,40
WZ6070,Nordwind,2024-04-12,04:37:18,114
SU386,Nordwind,2025-06-16,19:03:29,70
U62787,S7 Airlines,2025-08-25,12:05:54,170
U63004,Rossiya,2025-10-18,01:54:56,299
U64206,Red Wings,2024-07-04,05:48:01,61
U67799,Aeroflot,2025-08-15,05:06:57,216
S78338,Red Wings,2024-07-06,13:37:42,114
N48337,Ural Airlines,2025-02-02,19:13:52,80
N45270,Pobeda,2024-03-23,03:04:56,224
DP4705,Aeroflot,2025-08-17,14:19:14,208
S76849,Ural Airlines,2025-02-11,16:07:17,11
SU7479,Ural Airlines,2024-03-17,03:43:00,190
SU9629,Utair,2024-12-10,18:17:45,229
UT4220,Rossiya,2025-07-28,05:58:30,92
S71472,Aeroflot,2024-05-10,08:59:18,25
DP6627,S7 Airlines,2024-06-13,06:29:41,145
U62180,Red Wings,2024-05-19,12:07:36,144
S72493,Pobeda,2025-02-16,11:50:24,97
DP1587,Utair,2024-09-25,18:58:25,7
WZ5936,Utair,2025-08-14,07:40:43,134
UT8260,Aeroflot,2024-09-09,01:37:58,63
WZ4498,Aeroflot,2024-09-26,06:28:26,251
DP3108,Nordwind,2024-02-08,14:09:52,185
FV712,Utair,2024-05-03,14:35:41,57
S74067,Red Wings,2025-01-03,06:09:30,207
UT8372,Red Wings,2024-05-17,21:02:01,38
SU2665,S7 Airlines,2024-03-07,18:02:03,207
UT6127,Nordwind,2025-12-18,02:24:35,281
U62355,Utair,2025-03-11,00:11:24,191
DP3535,Aeroflot,2025-10-20,00:46:53,59
FV2956,Aeroflot,2024-04-14,12:57:53,82
S76273,Ural Airlines,2024-01-03,03:07:31,297
UT325,Pobeda,2024-04-21,18:45:16,249
UT375,Nordwind,2024-10-21,10:46:13,91
UT8753,S7 Airlines,2024-06-13,05:12:48,288
UT1126,Utair,2024-10-02,07:05:27,256
N45309,Nordwind,2025-06-03,17:51:34,67
UT6611,Nordwind,2024-10-22,04:36:16,126
WZ4061,Rossiya,2024-07-12,22:43:46,242
DP1547,Nordwind,2024-01-07,01:56:59,24
S75164,Aeroflot,2024-02-06,02:43:04,10
FV6511,Aeroflot,2025-12-01,19:22:40,8
N44921,Ural Airlines,2024-07-04,13:47:24,69
FV6113,Ural Airlines,2024-08-27,02:22:34,191
U62674,Pobeda,2025-11-19,07:47:03,204
S75568,Pobeda,2025-11-20,10:05:13,212
U69675,Utair,2024-12-21,04:42:07,56
S78353,Utair,2025-06-12,22:51:23,13
UT3281,Pobeda,2025-10-24,14:02:40,170
FV9845,Aeroflot,2024-03-20,03:58:54,40
WZ6186,Red Wings,2025-07-19,22:11:14,110
UT3333,Nordwind,2025-04-10,23:52:24,284
U6735,S7 Airlines,2024-03-03,19:10:18,151
FV2428,Utair,2024-01-16,11:40:45,148
DP3131,Rossiya,2025-04-10,08:06:06,64
FV8678,Rossiya,2024-02-15,12:45:46,1
DP2842,Ural Airlines,2025-06-17,06:55:12,83
DP3820,Ural Airlines,2024-01-26,06:00:37,175
UT8786,Aeroflot,2024-01-14,02:53:53,204
WZ2672,S7 Airlines,2025-04-15,18:41:16,120
S75525,S7 Airlines,2025-08-22,23:32:10,167
U68537,Aeroflot,2025-06-12,17:14:46,289
DP5844,Rossiya,2024-08-20,11:53:24,10
N4503,Nordwind,2025-12-19,06:10:34,68
N41280,Red Wings,2024-10-11,08:22:33,127
UT2776,Aeroflot,2024-08-03,07:00:38,9
N49391,Nordwind,2024-10-01,09:12:33,157
FV6168,Rossiya,2025-10-26,15:33:11,68
WZ8496,Rossiya,2025-07-08,01:38:06,219
UT6192,Utair,2025-11-04,17:31:24,217
S76385,Utair,2024-04-08,18:20:15,101
FV7035,Red Wings,2025-07-22,09:38:45,296
WZ2080,Red Wings,2024-02-21,14:20:43,70
SU7370,Rossiya,2024-03-28,05:21:11,16
DP3169,S7 Airlines,2024-03-16,14:19:43,99
N45353,Utair,2025-12-17,23:14:19,240
N46475,Nordwind,2025-12-19,07:59:19,95
WZ2041,Ural Airlines,2024-06-18,09:32:16,178
N42938,Rossiya,2025-03-20,19:06:26,140
UT6034,Pobeda,2024-07-07,10:19:33,202
DP2813,Utair,2024-06-16,05:29:27,191
U69348,Rossiya,2025-08-11,19:21:01,160
N46463,Utair,2024-05-09,16:54:17,245
S73524,Pobeda,2024-06-08,23:07:45,248
UT5326,Aeroflot,2024-12-13,07:18:37,91
S77747,Utair,2024-07-26,01:18:07,200
SU5199,Nordwind,2025-01-17,20:27:40,111
N46996,Ural Airlines,2024-07-16,09:42:45,93
SU4986,Aeroflot,2025-09-08,16:35:29,84
WZ5470,Utair,2025-02-06,12:57:52,169
UT7214,Red Wings,2025-06-22,05:29:18,214
N41731,Aeroflot,2024-10-07,15:07:52,125
WZ7667,Aeroflot,2025-01-20,10:33:22,160
DP4261,Nordwind,2024-12-04,22:26:09,27
WZ6919,Pobeda,2025-11-22,08:13:30,21
FV5845,Utair,2024-11-23,20:06:53,6
DP663,Red Wings,2025-10-19,16:16:44,251
FV5786,Nordwind,2024-08-25,20:00:02,41
U64885,Red Wings,2025-11-15,02:50:16,170
FV8659,Aeroflot,2025-05-13,05:11:33,179
UT7325,Nordwind,2024-09-11,13:01:28,260
N42110,Ural Airlines,2024-10-13,19:52:30,255
SU4976,Red Wings,2025-12-07,18:19:58,79
DP5512,Pobeda,2025-03-21,03:38:38,53
FV6776,Rossiya,2025-07-12,09:21:44,186
FV5075,Ural Airlines,2024-07-25,15:09:01,182
U67409,Aeroflot,2024-06-26,16:08:10,256
WZ4451,Aeroflot,2024-04-10,19:46:29,122
U65547,Ural Airlines,2025-07-26,20:15:12,94
WZ4580,Ural Airlines,2025-05-23,03:03:01,220
UT1681,Ural Airlines,2025-04-19,07:02:10,105
U62224,Red Wings,2024-08-20,11:42:41,208
UT6830,Pobeda,2024-09-23,22:17:16,138
FV482,Rossiya,2025-06-09,19:09:53,106
DP2620,Utair,2025-02-03,14:03:26,193
N48241,Nordwind,2025-11-09,16:37:48,148
WZ2214,Pobeda,2025-11-22,20:45:35,114
S77383,Red Wings,2025-10-27,06:11:05,261
S75176,Aeroflot,2024-06-12,13:19:15,40
DP9770,Pobeda,2025-07-03,11:28:19,282
S71709,Aeroflot,2025-03-23,10:57:23,211
S76322,Red Wings,2025-11-04,08:35:27,209
S78780,Utair,2024-09-25,07:42:50,24
U69709,Aeroflot,2024-01-28,11:15:27,167
DP1133,Rossiya,2024-08-24,11:59:50,35
S77229,S7 Airlines,2024-01-24,15:29:07,174
N43544,S7 Airlines,2024-04-01,19:36:51,125
U65885,Aeroflot,2024-12-12,14:55:59,87
WZ8921,Red Wings,2024-12-18,10:41:53,44
WZ7866,S7 Airlines,2024-05-01,20:31:26,50
SU5893,Aeroflot,2024-07-11,09:37:01,72
DP9851,Nordwind,2025-12-27,13:54:47,297
UT3762,S7 Airlines,2025-06-23,07:50:19,2
WZ8716,Aeroflot,2025-12-22,01:02:16,64
DP3748,S7 Airlines,2025-07-04,14:07:54,34
S75197,Aeroflot,2025-10-15,03:00:49,84
U61462,S7 Airlines,2024-11-01,07:56:21,16
WZ4474,Pobeda,2024-07-19,07:18:28,13
U62021,Red Wings,2025-02-27,09:54:36,77
N47924,Pobeda,2024-12-07,03:05:17,282
DP2988,Red Wings,2024-07-21,06:49:55,160
FV4882,Ural Airlines,2024-09-02,13:47:31,235
FV3204,Aeroflot,2024-02-21,11:48:49,282
UT5666,Aeroflot,2024-12-07,19:58:56,26
WZ1868,Red Wings,2025-05-24,19:13:16,218
SU1740,Utair,2025-06-09,10:14:33,291
SU2661,Aeroflot,2024-12-06,09:15:14,276
S77877,Aeroflot,2024-05-19,17:25:18,221
DP6796,Aeroflot,2024-09-22,05:12:57,227
U63311,Nordwind,2024-02-04,17:50:28,62
N4350,Rossiya,2025-05-11,08:44:31,41
N42114,Ural Airlines,2024-06-05,23:42:00,240
U65155,S7 Airlines,2025-12-24,19:31:39,286
N45992,Pobeda,2024-01-05,14:01:23,147
DP3958,Aeroflot,2024-05-06,23:09:39,56
DP3150,Pobeda,2024-06-21,04:00:22,173
U67000,S7 Airlines,2025-04-03,15:05:16,71
UT4031,S7 Airlines,2025-04-14,01:04:29,108
SU3806,Red Wings,2025-11-14,23:45:54,165
N48787,S7 Airlines,2025-08-11,15:27:31,250
N46940,Red Wings,2025-10-26,08:39:21,205
SU4598,Rossiya,2024-12-28,03:49:25,77
S76014,Ural Airlines,2024-01-22,03:01:17,3
U65585,Aeroflot,2025-10-04,09:38:27,278
SU9421,Pobeda,2024-05-28,14:49:06,263
N48129,Utair,2024-04-12,00:07:04,287
U62882,Utair,2025-06-21,21:55:34,258
S77600,Red Wings,2024-12-03,22:29:50,171
WZ8015,Aeroflot,2025-05-01,01:55:59,232
SU1837,Utair,2025-03-13,09:52:56,131
S79098,Ural Airlines,2024-03-24,18:27:31,226
SU8895,Ural Airlines,2025-06-15,06:02:32,40
U64544,Rossiya,2024-06-18,16:41:48,23
DP7910,Nordwind,2025-07-05,15:39:18,164
UT9867,Red Wings,2025-12-14,16:51:40,109
FV8158,Aeroflot,2025-12-18,22:26:23,65
UT3157,Nordwind,2025-10-15,14:23:03,247
UT9025,Nordwind,2024-01-18,11:41:10,63
FV8395,S7 Airlines,2024-01-16,06:19:49,105
WZ8583,Ural Airlines,2025-11-09,01:40:29,46
SU2930,Pobeda,2024-04-05,19:44:52,121
S76357,Aeroflot,2025-07-17,11:45:38,207
SU8941,Utair,2025-09-17,08:37:51,22
SU2409,Nordwind,2024-12-01,12:55:41,58
SU8192,S7 Airlines,2025-09-09,12:18:29,25
WZ7323,Rossiya,2025-07-19,18:37:13,137
FV4188,Red Wings,2024-03-27,16:26:49,161
U67507,Pobeda,2025-07-06,02:03:05,11
N47862,S7 Airlines,2025-12-19,07:03:37,295
SU9463,Nordwind,2024-09-01,21:21:16,109
DP5655,Red Wings,2025-09-24,04:35:18,142
FV6798,Red Wings,2024-04-24,03:33:07,293
U64605,Red Wings,2024-12-17,18:41:52,140
FV3694,Utair,2024-03-20,18:27:47,177
S76205,Aeroflot,2024-07-11,00:59:04,44
UT7141,Pobeda,2025-12-22,01:53:58,69
UT7891,Aeroflot,2025-11-17,03:56:05,201
DP5634,Aeroflot,2025-02-15,07:01:54,97
U63383,Aeroflot,2025-08-16,01:41:27,208
S71326,Aeroflot,2025-07-06,15:15:42,188
DP6045,S7 Airlines,2024-06-03,20:47:08,286
UT6757,Aeroflot,2024-08-11,10:11:33,116
SU8695,Red Wings,2025-01-18,16:51:07,268
FV6589,Aeroflot,2024-09-07,02:09:24,232
U61059,Ural Airlines,2024-02-05,17:48:03,25
S76370,Pobeda,2024-06-09,19:45:22,128
N42273,Nordwind,2024-05-24,04:42:18,239
U67368,S7 Airlines,2024-12-17,02:22:10,232
FV2601,S7 Airlines,2024-01-28,03:13:48,285
WZ6874,Red Wings,2025-05-28,14:23:03,285
SU7964,Ural Airlines,2025-05-20,18:37:19,37
S72189,Pobeda,2024-08-17,22:08:09,83
U62666,Nordwind,2025-04-23,02:24:18,136
DP6586,S7 Airlines,2024-09-02,09:20:15,187
FV9766,Pobeda,2025-05-10,10:29:06,176
S7627,S7 Airlines,2025-04-22,13:03:11,118
WZ2383,Nordwind,2024-12-06,22:59:36,224
WZ9484,S7 Airlines,2025-12-10,17:20:05,80
SU2740,Nordwind,2024-03-21,00:47:35,249
DP4990,Rossiya,2025-09-19,12:07:26,144
FV8269,Red Wings,2025-09-25,01:01:37,184
WZ920,Utair,2025-10-04,17:27:48,48
SU4856,Pobeda,2025-11-14,01:48:48,118
UT737,S7 Airlines,2024-09-10,03:30:09,131
N44045,Pobeda,2024-12-05,12:27:27,198
DP2452,Red Wings,2024-02-08,07:11:42,255
DP6408,Utair,2024-11-10,18:19:30,149
UT1319,Utair,2024-06-11,20:03:53,260
U68042,Nordwind,2024-05-02,19:41:33,165
DP204,Red Wings,2024-04-14,07:52:23,246
WZ6498,Rossiya,2024-09-02,07:33:22,214
SU8154,Red Wings,2025-10-26,20:41:29,227
WZ2787,Red Wings,2025-07-27,11:31:01,45
FV5414,Red Wings,2024-08-07,16:01:29,222
S72503,Pobeda,2024-06-23,06:38:27,77
N47835,Aeroflot,2024-05-28,20:07:05,63
WZ4336,S7 Airlines,2024-01-19,17:01:38,19
UT3023,Red Wings,2025-11-07,04:18:15,210
DP7612,Ural Airlines,2025-10-05,21:50:58,32
N42089,Ural Airlines,2024-04-17,11:15:48,189
SU2048,Aeroflot,2024-10-08,17:04:05,227
UT7661,Ural Airlines,2024-12-01,09:04:01,243
DP1372,Ural Airlines,2025-03-16,17:01:34,167
SU3967,Red Wings,2024-08-15,06:25:03,169
FV1584,Red Wings,2024-11-26,05:58:10,131
N43763,Pobeda,2025-01-16,18:57:01,256
UT9963,Utair,2024-12-02,14:40:35,40
S7184,Red Wings,2024-02-18,07:31:04,224
UT2295,Aeroflot,2024-03-14,04:56:41,116
N46885,S7 Airlines,2025-10-24,01:17:41,76
WZ9967,Utair,2024-09-11,15:38:54,230
UT5278,Aeroflot,2025-02-26,09:16:58,159
WZ1558,Utair,2024-06-28,07:52:37,73
WZ5903,Aeroflot,2024-03-15,10:30:35,95
N44239,Aeroflot,2025-03-22,00:14:15,14
SU8197,Red Wings,2025-09-19,10:31:20,276
DP1315,S7 Airlines,2025-07-09,00:27:05,17
FV279,Aeroflot,2025-04-11,15:50:25,227
FV3652,Ural Airlines,2024-03-13,00:03:23,154
U62000,Ural Airlines,2024-11-27,03:53:16,25
U63951,S7 Airlines,2024-05-07,06:11:33,41
UT9018,Nordwind,2025-10-19,11:26:17,123
U65568,Pobeda,2024-02-16,21:01:31,141
N46049,Ural Airlines,2025-02-18,10:02:43,145
UT7649,S7 Airlines,2024-09-22,11:26:38,10
DP1865,S7 Airlines,2024-01-03,06:03:59,83
N43680,Utair,2025-07-13,16:26:35,124
U64248,Nordwind,2025-03-27,23:08:59,277
WZ8903,S7 Airlines,2024-08-03,16:57:05,233
N45111,Rossiya,2024-05-01,10:31:55,112
U69259,Rossiya,2024-11-13,10:08:07,186
S75896,Aeroflot,2024-08-18,21:12:48,268
U62977,S7 Airlines,2025-11-12,01:38:44,179
DP9643,Rossiya,2025-09-13,02:44:39,293
N45823,Aeroflot,2024-09-27,10:03:50,259
DP7217,Nordwind,2025-04-03,14:06:04,63
UT3448,Nordwind,2024-09-04,13:31:14,19
S72247,Nordwind,2025-04-20,18:19:47,213
SU7439,Utair,2024-03-28,06:35:55,5
FV7054,Utair,2025-04-24,02:14:02,188
S73062,Red Wings,2024-08-13,13:24:55,190
SU4539,Rossiya,2025-01-05,10:42:30,39
SU5091,Ural Airlines,2024-07-11,05:53:20,180
N49280,S7 Airlines,2024-09-11,04:08:15,169
FV4712,Rossiya,2024-10-25,21:30:42,265
S73936,Aeroflot,2024-09-28,03:06:50,108
N48220,Rossiya,2025-07-15,07:47:14,263
UT4884,Nordwind,2025-11-11,12:00:52,95
FV1394,Pobeda,2024-11-15,09:05:08,259
FV3561,Nordwind,2024-04-22,20:42:59,256
UT4874,Red Wings,2025-12-27,14:52:46,225
N45401,Pobeda,2025-07-14,09:16:50,124
N49376,S7 Airlines,2024-03-07,06:58:18,51
N49501,Aeroflot,2025-04-20,22:08:25,284
S72860,S7 Airlines,2025-02-25,19:03:47,1
UT9454,Utair,2024-12-10,06:41:14,136
S75786,Nordwind,2024-04-05,13:13:50,99
N43566,Ural Airlines,2025-05-11,12:07:37,290
SU7466,S7 Airlines,2025-07-08,14:33:07,295
WZ2812,Ural Airlines,2024-12-01,07:52:30,5
SU3280,Red Wings,2025-03-11,08:33:24,9
UT6057,Pobeda,2025-03-12,08:26:53,226
S75716,Rossiya,2025-07-15,20:08:39,33
WZ5088,Aeroflot,2024-07-03,01:42:10,126
S71758,Red Wings,2025-01-22,22:00:49,17
DP8245,Red Wings,2025-10-21,00:04:15,273
U68612,Aeroflot,2024-05-07,12:40:41,136
FV7574,Pobeda,2024-04-24,00:29:08,56
FV1397,Utair,2025-11-04,06:14:11,213
FV6545,Red Wings,2024-01-26,23:45:09,285
N47583,S7 Airlines,2025-10-05,09:16:13,103
S73045,Ural Airlines,2024-04-21,14:02:16,69
UT1889,Nordwind,2024-10-24,16:09:25,26
WZ529,Nordwind,2024-02-07,21:31:50,95
SU7931,S7 Airlines,2024-07-12,18:25:04,250
N4720,Nordwind,2025-10-24,13:48:43,293
U61017,Aeroflot,2025-01-23,12:13:37,207
S73042,Utair,2025-08-09,13:26:21,130
FV3782,Red Wings,2024-05-15,18:39:31,281
N4949,Red Wings,2024-01-22,12:58:37,166
FV6348,Rossiya,2024-07-08,18:47:41,114
FV7748,Red Wings,2024-08-08,23:58:03,17
WZ6255,Ural Airlines,2024-09-11,13:51:10,60
S79978,Aeroflot,2025-06-02,06:59:58,45
FV9751,Aeroflot,2025-03-28,22:34:24,203
UT8024,Aeroflot,2025-12-20,06:40:18,146
WZ6061,Pobeda,2025-10-11,06:53:35,177
FV6056,S7 Airlines,2025-11-12,12:26:08,85
FV7530,S7 Airlines,2024-09-06,22:10:19,272
WZ7113,Ural Airlines,2024-09-07,06:57:30,253
UT966,S7 Airlines,2024-01-05,02:53:08,49
WZ507,Aeroflot,2025-08-22,06:28:58,5
N43305,Pobeda,2025-09-09,06:24:22,144
FV5854,Ural Airlines,2024-09-21,19:14:23,123
DP127,S7 Airlines,2025-11-18,23:22:42,244
S71299,S7 Airlines,2025-12-16,12:54:42,56
UT2229,Ural Airlines,2025-12-16,02:30:09,234
FV504,Nordwind,2025-11-06,17:05:44,244
WZ2038,Aeroflot,2025-04-13,18:57:51,32
DP7594,Rossiya,2025-10-11,13:06:45,260
UT2537,S7 Airlines,2024-01-22,12:45:06,98
N41473,Aeroflot,2024-03-25,08:02:01,127
WZ7049,Red Wings,2025-06-03,02:16:42,250
DP8410,Ural Airlines,2025-03-12,14:46:57,277
S79254,Red Wings,2024-11-05,06:16:30,244
SU6996,Ural Airlines,2024-07-22,13:34:58,169
UT9305,S7 Airlines,2024-08-28,09:22:44,62
FV5237,Red Wings,2025-08-09,03:19:23,17
SU8918,Pobeda,2024-05-01,17:52:40,15
S75543,Utair,2024-08-24,10:15:12,72
N47105,Rossiya,2025-10-03,15:13:03,61
N42152,Rossiya,2024-09-09,20:22:28,118
DP1063,Pobeda,2024-06-27,07:00:30,92
FV2410,S7 Airlines,2025-03-21,14:13:32,249
S78365,Nordwind,2025-12-10,12:30:10,296
U67455,Nordwind,2024-08-03,09:49:25,143
U69669,Aeroflot,2024-11-09,10:38:02,41
DP5229,Ural Airlines,2025-05-13,11:48:02,67
DP2188,Ural Airlines,2024-11-19,18:59:41,150
N42480,Rossiya,2025-11-10,18:56:27,37
FV9040,S7 Airlines,2024-11-02,22:07:18,272
S73261,S7 Airlines,2024-05-15,03:00:46,106
S74116,S7 Airlines,2024-02-03,19:21:13,143
DP1318,Utair,2025-11-09,17:29:11,159
UT294,Ural Airlines,2025-09-18,09:04:12,228
DP8026,Ural Airlines,2024-08-12,19:34:31,76
N46129,Rossiya,2024-07-09,14:36:54,76
SU3902,Rossiya,2025-09-18,16:29:27,69
UT1591,Red Wings,2025-08-08,23:49:41,132
U66548,Aeroflot,2025-11-10,22:04:43,58
S74792,Ural Airlines,2025-01-10,18:32:54,131
UT7073,Aeroflot,2024-04-06,10:08:31,57
WZ7355,Utair,2025-10-19,08:54:33,49
UT928,Aeroflot,2025-06-11,14:02:53,114
WZ9652,Aeroflot,2024-05-28,03:53:32,251
N47809,Ural Airlines,2024-10-25,14:44:41,211
N47237,Red Wings,2024-01-19,00:46:46,278
U69151,S7 Airlines,2025-10-02,15:20:49,157
U61955,Ural Airlines,2024-11-25,07:24:23,73
FV3261,Rossiya,2024-10-09,07:03:25,211
S77201,Utair,2025-11-24,01:08:40,34
WZ9023,Utair,2025-05-12,23:23:14,237
S77980,Pobeda,2024-01-01,12:01:03,9
N42462,Ural Airlines,2024-12-15,05:53:26,65
DP461,Aeroflot,2025-12-19,12:58:25,205
WZ3912,Red Wings,2024-09-15,13:30:50,152
DP199,Pobeda,2025-02-13,01:23:35,180
FV1067,S7 Airlines,2025-06-10,21:30:39,228
WZ3053,Aeroflot,2025-03-08,19:23:04,32
DP9901,S7 Airlines,2024-04-08,04:57:42,27
DP899,Nordwind,2024-06-02,10:14:38,277
SU353,S7 Airlines,2025-05-28,08:04:15,10
UT2274,Nordwind,2024-05-03,10:24:20,263
DP2625,S7 Airlines,2024-06-08,15:23:18,158
N44396,Pobeda,2025-10-13,00:42:34,12
UT8626,Red Wings,2024-07-14,07:49:44,143
N47546,Pobeda,2025-08-23,17:25:01,184
SU771,Pobeda,2025-08-03,17:39:43,94
FV7378,Utair,2025-08-03,16:18:20,171
U6869,Red Wings,2025-09-06,00:13:34,291
UT4982,Rossiya,2024-06-22,00:35:32,173
WZ9215,Rossiya,2024-08-20,01:22:23,189
N46965,Red Wings,2024-08-16,16:37:25,197
WZ9249,Pobeda,2024-08-16,00:51:43,199
FV2523,Red Wings,2025-03-05,22:51:49,49
FV443,Aeroflot,2025-11-16,14:51:27,200
WZ3819,Ural Airlines,2025-06-11,01:09:56,213
S71614,S7 Airlines,2025-10-14,03:02:34,117
DP3729,Utair,2024-01-20,13:50:14,45
SU5547,S7 Airlines,2024-05-27,10:15:31,162
U64229,Rossiya,2024-10-11,18:51:29,73
UT7727,Pobeda,2025-02-28,13:26:38,171
FV3030,Ural Airlines,2025-08-11,13:30:23,191
WZ4716,Rossiya,2025-10-09,01:29:55,251
FV2298,Pobeda,2025-01-01,12:00:31,260
DP3887,Pobeda,2025-12-07,18:18:06,263
FV4899,Aeroflot,2024-01-23,19:50:07,147
S77128,Red Wings,2024-07-14,13:51:56,86
N46826,Aeroflot,2025-11-04,20:46:54,90
U68134,Rossiya,2024-08-02,21:51:33,276
U65928,Aeroflot,2024-07-12,05:17:25,82
S72726,Red Wings,2025-05-17,01:57:33,282
UT9752,S7 Airlines,2025-11-24,08:08:23,184
N49941,Rossiya,2024-03-23,05:47:38,118
WZ9267,Ural Airlines,2024-09-26,05:36:03,225
WZ6121,Nordwind,2025-03-24,05:17:34,74
FV6969,Pobeda,2024-05-09,13:14:45,43
DP6523,Pobeda,2025-12-04,06:04:45,210
DP4964,Rossiya,2025-12-01,23:50:51,173
SU459,Pobeda,2025-01-27,11:53:40,83
U68777,Ural Airlines,2025-07-25,03:36:34,177
DP7491,S7 Airlines,2025-07-06,07:44:00,261
SU195,Rossiya,2024-10-09,08:59:37,299
DP6413,Rossiya,2024-02-14,05:06:10,292
DP9577,Rossiya,2025-03-03,01:01:44,103
UT5467,Aeroflot,2025-05-22,03:14:50,228
UT4480,Aeroflot,2024-12-14,04:04:24,263
S75225,Rossiya,2024-03-22,21:00:36,92
SU2168,Ural Airlines,2024-11-03,15:32:19,74
S72373,Nordwind,2025-09-14,09:32:22,37
FV1001,Nordwind,2024-12-05,20:09:26,128
UT3445,Aeroflot,2025-10-09,17:16:37,71
N49970,Ural Airlines,2024-03-04,20:12:15,55
FV7683,Aeroflot,2025-02-07,08:02:27,189
WZ7615,Aeroflot,2025-10-06,19:33:38,221
U65537,Nordwind,2024-07-01,11:11:10,5
SU8928,S7 Airlines,2024-04-20,18:53:21,37
U62564,Aeroflot,2025-10-16,01:18:42,73
SU9520,Rossiya,2024-12-04,13:16:30,38
DP1554,Red Wings,2024-12-07,01:18:13,19
N41510,S7 Airlines,2025-01-17,17:57:50,176
U61444,Pobeda,2024-09-05,12:38:00,226
WZ5349,Aeroflot,2025-04-17,02:21:29,40
S71228,Aeroflot,2024-06-17,15:51:39,118
SU8126,Nordwind,2024-06-27,07:19:09,137
N43628,Rossiya,2024-05-08,11:11:56,190
WZ3303,Nordwind,2024-11-17,04:48:40,191
DP3243,Nordwind,2024-04-24,04:03:26,87
FV1652,Pobeda,2024-11-27,07:31:53,7
DP3891,Pobeda,2024-12-17,19:51:42,14
SU4128,Aeroflot,2024-03-24,02:42:30,257
N42179,Red Wings,2024-03-07,12:11:46,141
U61132,Rossiya,2024-11-22,01:09:25,257
DP3760,S7 Airlines,2025-11-13,14:27:29,83
WZ807,Nordwind,2024-10-12,00:30:47,67
SU5785,S7 Airlines,2024-11-14,11:36:02,15
WZ4927,Pobeda,2024-04-05,16:37:21,209
SU7993,Pobeda,2025-01-02,03:07:18,269
WZ9255,Utair,2024-02-26,20:35:57,30
S77703,Aeroflot,2024-10-20,05:23:00,17
WZ2623,Aeroflot,2025-04-16,02:34:29,285
WZ2234,S7 Airlines,2025-06-12,04:09:23,67
SU3561,Rossiya,2025-02-06,19:55:08,103
WZ1303,Utair,2025-10-27,03:23:02,264
U61991,Pobeda,2025-11-18,22:23:27,81
SU9161,Red Wings,2024-08-18,04:18:17,124
U62752,Pobeda,2025-11-02,05:04:18,103
DP5691,Utair,2024-03-19,17:35:47,66
UT231,Aeroflot,2024-07-01,16:48:10,135
N46980,Nordwind,2025-09-12,00:15:15,252
DP8097,Utair,2024-12-09,09:00:37,72
UT4455,Pobeda,2024-12-10,11:16:19,119
FV2467,Red Wings,2024-03-07,11:14:22,15
WZ8088,S7 Airlines,2024-08-28,21:22:57,126
N43459,S7 Airlines,2025-03-28,23:47:52,209
WZ3182,Nordwind,2024-12-04,18:53:00,287
N42658,Aeroflot,2024-01-27,20:06:19,257
S76046,Utair,2024-08-08,08:42:37,148
U65806,Red Wings,2025-03-05,05:54:14,232
FV8093,Aeroflot,2024-01-05,10:14:00,233
N46461,Utair,2024-10-22,03:47:05,180
DP1843,Pobeda,2024-01-19,22:43:20,177
WZ2217,Pobeda,2024-12-02,11:04:09,233
U65038,Ural Airlines,2025-04-01,20:02:44,57
S78209,Rossiya,2025-12-04,00:55:26,69
FV6932,Utair,2025-09-15,14:28:14,46
N44590,Pobeda,2025-06-09,16:48:24,15
UT692,Nordwind,2024-10-10,09:57:10,263
DP9838,Utair,2025-03-20,15:04:27,82
FV3206,Utair,2025-12-03,20:50:14,62
U63428,Rossiya,2024-11-19,01:52:47,213
WZ8175,S7 Airlines,2025-06-10,08:59:12,196
FV318,Pobeda,2025-02-13,03:53:00,158
U62295,Pobeda,2024-04-21,07:46:54,39
UT3863,Red Wings,2024-12-24,09:17:00,116
FV7554,Pobeda,2025-12-13,02:36:33,13
WZ740,Aeroflot,2025-05-15,09:24:25,118
UT6508,Pobeda,2024-01-26,01:35:09,67
U69199,Utair,2024-06-20,18:35:53,223
UT9413,Nordwind,2024-04-20,23:47:12,71
DP2383,Nordwind,2025-11-22,07:36:42,71
DP9626,Ural Airlines,2024-01-02,20:04:34,39
FV1633,Utair,2024-04-26,16:40:53,255
N49344,Pobeda,2025-10-12,15:28:17,289
S73014,Red Wings,2025-12-25,15:17:41,154
U65101,Pobeda,2024-12-28,18:37:45,43
S76116,Utair,2025-11-14,11:47:25,273
SU8520,Rossiya,2025-01-25,06:54:01,215
FV9962,Ural Airlines,2025-07-27,00:07:16,164
WZ1899,Utair,2025-06-20,16:37:56,67
WZ8657,S7 Airlines,2025-06-16,00:08:52,100
FV9388,Pobeda,2024-11-01,10:43:28,115
U64153,S7 Airlines,2025-02-16,14:00:21,175
DP9779,S7 Airlines,2024-06-07,16:54:10,222
SU1376,Pobeda,2024-01-18,01:20:07,5
U61586,Rossiya,2025-10-21,13:00:00,198
WZ3680,Red Wings,2025-12-27,08:09:18,259
U61308,Pobeda,2024-07-07,13:51:19,274
WZ3446,Nordwind,2025-03-23,08:02:16,150
N48656,Utair,2024-02-24,00:59:17,162
FV8236,Pobeda,2024-11-07,17:24:31,293
FV2578,Nordwind,2024-06-27,07:53:54,289
DP5841,Aeroflot,2024-03-19,03:56:41,267
S75110,Ural Airlines,2025-07-08,14:35:48,199
S75001,Pobeda,2024-04-12,22:41:45,225
UT3042,Nordwind,2025-03-04,00:52:04,38
UT7021,Ural Airlines,2025-09-08,02:46:45,223
WZ8039,Aeroflot,2024-06-01,12:02:43,187
WZ2045,Utair,2024-10-13,12:35:31,96
DP2478,Aeroflot,2025-05-12,20:30:40,267
SU5388,Red Wings,2024-06-09,18:04:51,255
N41924,S7 Airlines,2025-06-09,14:53:38,83
DP5985,S7 Airlines,2025-09-11,06:09:49,227
DP8059,Red Wings,2025-02-11,21:49:06,115
FV6071,Pobeda,2025-08-25,08:08:33,133
SU234,S7 Airlines,2024-01-25,12:49:26,100
S77395,Red Wings,2025-07-02,16:09:24,68
SU1020,Aeroflot,2025-12-28,06:36:50,239
DP395,Utair,2025-03-19,12:48:21,153
UT9715,Rossiya,2025-11-26,09:30:25,272
SU598,Ural Airlines,2024-07-14,23:46:58,90
WZ4254,Nordwind,2025-02-01,17:54:22,15
WZ2905,Aeroflot,2025-08-23,16:09:26,68
S79082,Nordwind,2024-09-12,13:13:15,93
UT6430,Pobeda,2025-09-05,01:12:56,297
UT7491,S7 Airlines,2024-10-23,01:22:39,12
DP6176,Red Wings,2024-06-11,04:05:08,269
S79905,Aeroflot,2025-10-02,05:34:15,73
FV8069,Ural Airlines,2024-08-19,10:45:16,101
WZ2282,S7 Airlines,2024-10-13,10:41:56,37
U61165,Ural Airlines,2025-05-20,14:37:19,250
SU3424,Nordwind,2025-09-16,13:29:24,265
N46977,Aeroflot,2025-08-08,12:43:31,272
N42186,Aeroflot,2025-12-19,15:56:48,13
S75580,Utair,2025-01-14,05:56:05,117
N45481,Pobeda,2024-10-20,23:54:29,35
DP5143,Pobeda,2024-04-02,22:16:27,283
UT2821,Nordwind,2025-05-04,07:42:45,86
DP6300,Nordwind,2025-06-28,12:49:52,147
SU8396,Ural Airlines,2025-07-13,17:52:47,18
SU3677,Utair,2024-09-24,15:15:22,125
N4679,Pobeda,2024-12-11,14:38:39,85
SU5220,Rossiya,2024-01-04,02:45:43,184
N4173,Red Wings,2025-01-13,10:00:40,182
U64553,Utair,2024-04-04,02:57:16,257
DP7804,S7 Airlines,2024-01-23,11:34:43,58
SU5509,S7 Airlines,2024-03-05,20:27:35,210
WZ6552,Nordwind,2024-03-22,03:00:46,4
U68704,Ural Airlines,2025-09-06,23:53:39,54
WZ8116,Utair,2025-07-20,22:47:48,120
U67924,Pobeda,2024-05-28,20:17:20,181
DP4781,Rossiya,2025-11-11,06:26:09,158
SU9013,S7 Airlines,2025-01-13,16:30:39,73
WZ4839,S7 Airlines,2024-10-11,21:44:22,258
UT1884,Utair,2024-04-05,06:28:38,248
SU8260,S7 Airlines,2025-08-23,06:06:01,81
DP3401,Aeroflot,2025-02-02,16:07:56,69
N47388,Ural Airlines,2025-07-11,16:00:56,249
DP2548,Rossiya,2024-05-08,17:13:39,155
UT1921,Ural Airlines,2025-12-27,03:31:16,174
UT368,Red Wings,2025-09-05,09:11:20,212
UT9570,Ural Airlines,2025-07-17,01:08:29,28
FV4426,Rossiya,2024-10-24,03:58:30,121
FV8412,Ural Airlines,2024-12-23,14:59:14,56
FV4450,Red Wings,2025-11-16,11:07:11,270
S77209,Aeroflot,2025-09-10,10:15:55,280
UT2503,Rossiya,2025-03-28,15:37:18,55
S76084,Pobeda,2025-12-28,11:46:36,54
UT4256,Utair,2025-05-08,02:24:18,176
SU1168,Nordwind,2025-03-23,05:36:13,298
FV2749,Rossiya,2024-04-22,00:01:15,225
U63309,Rossiya,2024-08-15,11:11:32,0
U62504,Rossiya,2024-01-27,22:10:15,98
UT4218,Nordwind,2024-02-05,17:08:07,285
N46763,Rossiya,2025-09-06,13:48:31,222
FV4957,Utair,2024-10-14,20:39:46,114
U61412,S7 Airlines,2024-03-18,18:06:11,5
UT7951,Red Wings,2024-05-16,22:52:26,174
S75209,Aeroflot,2024-09-04,03:44:44,262
WZ2275,S7 Airlines,2024-07-06,14:52:18,160
FV4344,Ural Airlines,2024-08-19,15:58:58,143
UT8731,Pobeda,2024-06-10,17:20:53,148
U66259,Red Wings,2024-05-24,01:21:03,270
S72773,Utair,2024-04-14,06:18:31,48
DP3181,Ural Airlines,2025-06-01,03:09:23,195
SU7059,Aeroflot,2024-08-10,06:51:50,227
S72960,Pobeda,2024-09-25,01:50:17,40
WZ4335,Aeroflot,2025-07-26,10:15:52,42
SU309,Pobeda,2025-08-13,15:32:34,80
WZ9885,Ural Airlines,2025-11-26,11:26:32,180
S79918,Pobeda,2024-08-17,10:20:08,251
FV5289,S7 Airlines,2024-08-26,04:05:04,192
U61650,Ural Airlines,2024-01-12,23:12:04,67
S79871,Utair,2024-11-18,00:19:59,201
S79617,Nordwind,2025-08-18,12:24:22,191
SU6990,Utair,2024-09-23,22:32:59,196
WZ4817,S7 Airlines,2025-12-25,18:23:30,234
WZ3688,Utair,2025-08-01,05:26:44,176
UT1228,Nordwind,2025-01-07,07:17:07,89
DP423,Aeroflot,2025-10-14,19:18:38,54
U65251,S7 Airlines,2024-01-28,14:59:27,233
FV1124,Utair,2024-05-15,18:01:31,255
S71346,Pobeda,2024-05-15,14:53:40,64
U63062,Rossiya,2025-11-20,00:50:03,21
DP8982,Utair,2024-11-17,08:08:54,9
FV2153,Utair,2025-03-12,21:15:09,99
S78016,Utair,2025-01-04,22:25:08,139
S78488,Nordwind,2025-04-17,22:06:52,23
UT5644,Aeroflot,2024-04-20,16:08:16,282
U64588,Red Wings,2024-04-18,22:26:10,134
DP968,Utair,2024-08-18,15:30:44,67
SU6450,Nordwind,2025-01-15,06:59:50,20
S71924,Rossiya,2024-01-18,21:11:21,22
UT5902,Rossiya,2025-04-14,17:02:39,112
FV7221,Rossiya,2025-03-10,11:16:00,160
S73157,S7 Airlines,2024-04-27,12:51:34,103
FV1352,Rossiya,2025-07-19,17:18:34,81
U69895,Red Wings,2024-11-22,02:57:05,67
FV7524,Rossiya,2024-11-11,13:49:30,67
U63769,S7 Airlines,2024-05-13,16:04:53,171
DP1575,Red Wings,2024-12-10,17:26:12,81
DP2127,Utair,2024-03-09,09:23:03,93
UT2870,Red Wings,2025-02-25,11:58:05,65
UT5077,Ural Airlines,2025-03-06,15:40:30,74
DP631,Pobeda,2024-09-15,11:55:00,104
N41156,Red Wings,2025-05-09,08:39:58,87
S75756,S7 Airlines,2025-04-03,22:14:21,187
UT4191,Ural Airlines,2025-09-15,21:59:38,42
DP9219,S7 Airlines,2025-05-01,12:48:22,174
N47179,Ural Airlines,2024-09-22,10:12:03,249
N4771,Pobeda,2025-07-20,12:25:00,9
N49670,Aeroflot,2025-01-15,07:28:10,104
U62487,Pobeda,2024-10-12,09:02:11,185
N43667,Ural Airlines,2025-06-27,22:42:53,156
WZ600,Aeroflot,2025-09-11,17:14:22,170
SU3725,Aeroflot,2025-09-20,18:27:11,48
S77946,Red Wings,2025-08-02,12:39:30,109
N47169,S7 Airlines,2024-08-03,02:59:35,258
S72419,Rossiya,2024-08-03,11:00:44,223
UT8372,S7 Airlines,2025-10-11,01:50:06,116
UT6527,Rossiya,2025-03-18,03:24:52,124
FV1578,Red Wings,2025-12-24,21:30:22,167
U63352,S7 Airlines,2025-06-26,18:14:45,14
U67282,S7 Airlines,2025-01-27,03:31:52,205
SU5841,Red Wings,2025-02-19,03:05:43,20
U64818,Pobeda,2024-07-06,13:13:23,69
FV7219,Rossiya,2025-03-19,15:30:09,233
SU7942,Utair,2024-04-19,04:18:23,214
U61802,Nordwind,2024-10-08,10:05:58,190
N47439,Ural Airlines,2025-07-15,05:41:16,174
SU7859,S7 Airlines,2025-04-19,23:17:05,132
UT8919,Ural Airlines,2024-07-03,18:00:43,281
SU6345,Ural Airlines,2025-11-08,03:11:30,125
FV7942,Rossiya,2025-01-17,15:34:22,141
UT5464,Red Wings,2024-09-08,16:26:08,215
N49383,Ural Airlines,2025-04-01,12:25:51,22
U67682,Red Wings,2025-10-21,03:29:28,115
SU4729,Red Wings,2024-02-22,08:51:00,208
FV308,Ural Airlines,2025-08-12,10:25:05,53
SU709,S7 Airlines,2024-11-03,10:15:47,85
U6970,Aeroflot,2024-05-27,05:39:49,284
WZ1231,S7 Airlines,2024-11-07,21:10:37,275
N4153,Ural Airlines,2024-10-27,00:00:02,68
UT6080,Pobeda,2025-03-26,03:13:34,1
N43874,Aeroflot,2025-11-13,19:16:09,76
SU8568,Nordwind,2025-10-23,04:36:18,267
DP6937,Utair,2024-10-09,11:18:19,127
DP2342,Aeroflot,2025-09-25,12:47:43,223
DP658,Rossiya,2024-10-03,03:55:05,188
N43434,Aeroflot,2025-08-05,17:21:43,143
DP4388,S7 Airlines,2025-05-14,10:40:45,248
U67342,Pobeda,2025-06-24,19:12:50,128
DP6495,Aeroflot,2024-12-12,08:20:09,8
UT2584,Nordwind,2025-04-23,01:30:26,270
U67085,Aeroflot,2024-06-28,17:04:05,220
S72984,Rossiya,2025-05-12,12:38:22,168
FV9949,Red Wings,2025-07-11,20:29:13,260
FV4978,Ural Airlines,2024-01-13,02:24:23,142
SU8599,Utair,2024-09-18,18:35:39,1
U62856,Ural Airlines,2024-03-24,03:18:28,41
N4561,Red Wings,2025-12-10,19:46:41,148
N48310,Red Wings,2025-01-25,05:35:07,214
WZ2890,Nordwind,2025-08-20,03:39:05,172
UT9409,Nordwind,2024-01-23,00:35:17,106
U64930,S7 Airlines,2025-01-11,15:46:19,59
SU9215,Utair,2025-04-11,20:06:05,110
S72938,Nordwind,2025-10-02,08:34:28,200
UT2222,Utair,2024-06-18,15:39:16,270
WZ5947,Rossiya,2025-04-01,00:19:23,85
N42956,Rossiya,2025-02-21,22:07:57,47
FV9360,Red Wings,2025-06-19,05:42:20,99
S76859,Ural Airlines,2025-05-21,21:23:41,167
UT3055,S7 Airlines,2024-03-06,11:57:15,72
WZ5296,Ural Airlines,2024-08-05,20:42:34,38
N44411,Rossiya,2025-07-04,09:08:17,122
FV4579,Aeroflot,2025-01-03,06:40:32,156
U68585,Ural Airlines,2024-10-16,23:01:16,244
U64362,Aeroflot,2025-07-06,10:21:53,174
S7754,S7 Airlines,2024-07-01,23:10:13,238
UT4496,Aeroflot,2025-06-17,14:05:56,104
N4795,S7 Airlines,2025-04-15,17:09:59,164
WZ7183,Utair,2025-11-11,03:38:03,78
UT9806,Red Wings,2025-11-23,20:16:18,53
WZ3013,Aeroflot,2025-09-08,10:38:05,65
N4197,S7 Airlines,2025-05-26,07:57:13,48
SU3806,Pobeda,2024-03-01,04:22:38,71
WZ9289,Nordwind,2024-04-16,21:53:23,141
U69417,S7 Airlines,2024-11-25,11:03:34,161
UT4277,Red Wings,2024-01-12,01:26:37,154
S73113,Aeroflot,2025-12-28,02:37:59,92
S78064,Ural Airlines,2024-06-26,15:21:03,151
SU7483,S7 Airlines,2025-01-21,12:18:40,54
SU6456,Red Wings,2025-12-28,11:17:29,51
FV5724,Pobeda,2025-09-01,15:00:48,26
SU5341,Ural Airlines,2024-10-21,04:45:50,126
SU4858,Rossiya,2025-02-05,00:00:45,34
SU9890,Nordwind,2025-08-10,21:58:42,76
N45017,Aeroflot,2024-04-25,14:56:06,18
U67418,Rossiya,2025-11-25,06:48:59,204
WZ1943,Nordwind,2025-12-12,19:20:49,257
S77695,Nordwind,2024-10-04,06:36:31,92
WZ6871,S7 Airlines,2025-07-23,10:49:06,104
N45072,Rossiya,2024-08-15,08:21:08,91
DP363,S7 Airlines,2024-02-16,05:57:28,147
S72106,Aeroflot,2025-10-26,02:58:54,71
S76016,Pobeda,2025-05-24,14:14:42,246
FV8557,Pobeda,2025-11-08,03:33:58,83
UT1737,Red Wings,2024-11-28,13:17:37,161
S75624,Ural Airlines,2025-06-07,02:37:37,99
U68886,S7 Airlines,2025-09-06,19:13:53,61
WZ6232,Utair,2025-03-06,02:34:14,222
N49570,Nordwind,2024-04-22,07:05:22,192
U6602,Red Wings,2024-07-24,21:56:41,201
U61380,Pobeda,2024-05-16,16:14:18,173
SU9422,Rossiya,2025-08-19,13:22:02,128
WZ3619,Pobeda,2024-12-21,08:46:42,56
WZ8135,Rossiya,2024-10-14,08:51:11,177
N4859,Utair,2024-06-05,19:11:53,71
FV7078,Nordwind,2025-07-12,14:39:04,261
SU7421,Rossiya,2024-02-09,23:51:15,53
SU8719,S7 Airlines,2024-12-28,00:26:58,24
WZ9003,Ural Airlines,2024-07-06,06:47:17,238
UT2958,Ural Airlines,2024-06-23,12:24:07,169
N44220,Ural Airlines,2024-09-08,11:55:15,114
U64911,S7 Airlines,2025-06-04,03:52:33,123
N43370,Utair,2024-07-04,08:41:46,12
DP111,Utair,2024-04-14,15:45:54,201
S71022,Rossiya,2024-07-06,08:18:26,17
SU9349,Aeroflot,2025-05-17,10:52:03,150
SU6255,Aeroflot,2024-09-15,00:39:07,115
DP1971,Ural Airlines,2025-01-22,11:47:13,228
FV2599,Utair,2024-09-28,17:00:44,57
FV5060,Ural Airlines,2024-12-21,13:04:40,60
S79617,Aeroflot,2025-01-10,03:25:34,161
SU4240,Rossiya,2024-11-03,01:58:05,66
SU4236,Utair,2024-08-15,10:00:07,181
U65859,Ural Airlines,2024-08-04,03:01:26,124
FV1802,Utair,2024-02-28,05:25:47,159
N44355,S7 Airlines,2024-05-17,04:14:08,27
WZ4828,Ural Airlines,2024-06-16,08:49:05,118
SU7899,Red Wings,2024-07-14,01:03:17,266
S79935,Rossiya,2024-04-02,07:59:14,197
WZ810,Ural Airlines,2025-04-22,07:52:39,79
WZ4343,Utair,2025-03-22,03:28:14,121
UT1161,Pobeda,2025-06-14,16:25:32,157
SU1824,Utair,2025-01-19,12:25:18,167
N42311,Utair,2025-10-07,00:59:48,282
WZ7355,Red Wings,2024-03-10,14:02:06,107
FV7036,Rossiya,2025-10-04,15:49:26,36
DP9815,Aeroflot,2025-03-26,01:57:04,173
SU9065,Pobeda,2024-10-13,11:17:31,300
DP1506,Pobeda,2025-03-18,03:14:47,13
FV1062,Utair,2025-08-21,13:20:20,255
U62520,Red Wings,2024-09-21,02:05:23,75
U61265,Ural Airlines,2025-05-22,14:39:43,63
FV1847,Ural Airlines,2024-09-12,02:04:12,49
U66223,Pobeda,2024-08-01,09:53:45,216
WZ7650,S7 Airlines,2025-08-17,14:27:03,72
FV3405,Nordwind,2024-04-19,14:46:18,1
U66774,S7 Airlines,2024-06-14,11:00:47,262
S71237,Nordwind,2025-06-13,21:11:56,91
S72266,Ural Airlines,2025-09-18,12:44:12,122
U61176,Aeroflot,2024-11-16,04:52:29,172
S7276,Rossiya,2024-10-20,15:04:04,275
U62512,Aeroflot,2024-11-14,05:50:09,148
DP8576,S7 Airlines,2024-12-26,22:19:25,190
N43398,Rossiya,2025-02-04,20:28:30,127
DP3176,Rossiya,2024-06-01,05:40:22,271
FV6674,Rossiya,2024-11-24,17:09:42,134
SU5961,Rossiya,2025-09-04,20:49:41,66
UT6282,Ural Airlines,2024-04-17,01:26:47,124
FV6182,Utair,2025-05-27,10:11:37,45
DP5604,Red Wings,2025-03-05,00:54:49,211
WZ7626,Utair,2024-05-24,04:40:53,257
FV6840,Ural Airlines,2024-03-04,09:16:37,297
FV4435,Utair,2025-03-16,03:18:39,243
SU3289,Ural Airlines,2025-07-26,11:56:38,221
N43915,Nordwind,2024-02-12,21:08:39,35
WZ5031,Aeroflot,2025-02-14,17:09:51,176
WZ3672,Utair,2025-03-10,19:10:50,89
WZ7460,S7 Airlines,2024-10-17,12:12:35,94
U64567,Rossiya,2025-06-19,00:22:26,153
FV6696,Aeroflot,2024-09-06,16:43:20,294
SU8664,Aeroflot,2024-07-19,03:41:14,175
DP6332,Aeroflot,2025-08-08,07:24:18,62
SU501,Ural Airlines,2025-04-08,11:19:51,137
DP1629,Red Wings,2025-05-21,02:55:29,290
S74735,Aeroflot,2025-10-01,16:21:44,82
SU5467,S7 Airlines,2024-01-19,15:29:16,277
U61643,Red Wings,2024-07-06,11:38:27,48
S72439,S7 Airlines,2025-12-16,20:44:30,224
FV1150,Aeroflot,2025-07-13,08:27:15,111
DP3033,Red Wings,2025-04-24,16:14:05,253
N47784,Rossiya,2024-08-10,07:27:36,200
N48006,Utair,2025-10-27,17:52:16,139
SU4177,Pobeda,2025-04-09,18:25:48,23
N4794,Aeroflot,2024-07-25,06:18:10,1
S72487,Ural Airlines,2024-07-17,12:01:02,238
FV7888,Nordwind,2025-09-19,14:48:14,102
U61588,Nordwind,2025-03-06,23:12:57,78
SU9986,Rossiya,2024-01-03,05:36:12,240
WZ153,Pobeda,2024-08-14,13:28:27,297
FV2594,Rossiya,2024-10-01,15:25:03,248
SU5767,Ural Airlines,2025-09-06,11:33:50,18
WZ6094,Pobeda,2025-06-05,18:49:23,35
N48534,Nordwind,2025-11-13,08:50:33,114
UT1319,S7 Airlines,2025-11-26,03:25:05,281
WZ3709,Red Wings,2024-12-05,02:28:58,284
FV3363,Red Wings,2024-11-04,15:48:56,281
DP7606,Rossiya,2025-07-21,03:14:07,264
S72817,Pobeda,2024-08-25,07:19:27,28
UT4669,Nordwind,2025-11-09,06:07:07,226
SU5025,S7 Airlines,2025-05-24,06:59:52,43
DP9403,Red Wings,2025-09-20,14:28:28,24
N49559,Rossiya,2024-02-24,11:46:53,87
UT9153,Ural Airlines,2024-01-10,11:37:56,130
DP7034,S7 Airlines,2025-05-04,05:30:58,192
S76968,Ural Airlines,2025-12-20,01:00:42,0
U63979,Utair,2024-10-02,12:11:28,196
DP4031,S7 Airlines,2025-04-11,00:19:07,286
SU9266,Rossiya,2024-12-13,04:54:26,84
WZ9354,Nordwind,2025-05-12,12:49:52,21
U69948,Rossiya,2025-08-01,01:11:59,248
UT777,Pobeda,2025-11-28,05:25:37,140
DP2639,S7 Airlines,2024-09-21,09:41:19,230
U62874,Nordwind,2024-11-25,12:05:57,230
FV8485,Rossiya,2024-03-06,14:54:24,111
DP5736,Rossiya,2024-10-07,03:13:25,133
SU5485,Pobeda,2024-09-23,05:21:41,114
N45437,S7 Airlines,2024-12-24,11:53:59,197
N44973,Rossiya,2024-08-06,16:18:49,268
S72262,S7 Airlines,2024-05-22,11:09:16,55
WZ2672,Nordwind,2025-11-14,04:01:53,152
FV4595,Nordwind,2024-05-05,21:05:56,271
UT7774,Ural Airlines,2024-01-16,13:08:25,291
FV3113,Utair,2025-09-02,03:09:00,11
UT9874,Red Wings,2025-03-24,11:02:16,215
SU3362,Red Wings,2025-02-05,05:19:25,190
DP5472,Pobeda,2024-12-08,15:04:13,120
SU5985,Ural Airlines,2025-05-16,18:48:13,178
U68867,Rossiya,2024-10-16,20:31:50,5
WZ9998,Red Wings,2025-04-05,23:52:52,200
UT6862,Ural Airlines,2024-06-27,16:02:07,36
UT4084,Pobeda,2025-07-20,16:15:39,202
U68476,Red Wings,2024-03-12,09:55:09,30
UT8892,Aeroflot,2024-04-05,22:19:27,240
FV2989,Rossiya,2024-07-18,00:45:31,29
WZ1066,Red Wings,2024-01-21,06:40:16,142
FV6107,Rossiya,2025-04-11,13:10:44,254
S73407,Red Wings,2025-03-09,15:28:39,51
S71284,Rossiya,2024-01-08,03:37:03,17
WZ9411,Red Wings,2024-11-16,10:04:19,234
N43540,S7 Airlines,2025-11-20,17:07:40,71
DP1198,Aeroflot,2025-01-12,02:15:10,292
SU9792,Rossiya,2024-12-22,14:15:15,0
SU8245,S7 Airlines,2025-01-26,23:21:07,4
FV1775,Pobeda,2025-11-23,04:17:54,258
UT8406,S7 Airlines,2024-06-09,23:26:36,245
FV3258,Utair,2025-08-16,01:47:02,248
N43023,Rossiya,2024-12-04,21:02:08,141
S74379,S7 Airlines,2024-03-25,04:41:57,142
S79464,S7 Airlines,2025-05-03,17:53:06,250
WZ901,S7 Airlines,2024-01-20,02:13:13,274
U65022,Utair,2025-10-22,11:09:11,81
FV2921,Utair,2025-04-05,04:12:43,73
U67071,S7 Airlines,2025-02-15,17:19:00,26
U6544,Pobeda,2024-02-18,04:59:17,230
U69087,S7 Airlines,2024-03-25,14:29:08,134
S78747,S7 Airlines,2025-10-17,11:40:06,206
N41992,Rossiya,2025-11-17,01:44:16,300
WZ4406,Rossiya,2024-07-28,09:37:31,250
S74750,Pobeda,2024-11-22,18:57:15,242
N45068,S7 Airlines,2025-07-10,19:57:27,181
WZ1073,Ural Airlines,2024-03-11,19:22:10,108
WZ6119,Red Wings,2024-01-01,20:54:15,192
SU4910,Rossiya,2025-05-26,19:49:11,154
U6266,Aeroflot,2024-07-21,23:06:05,32
WZ3797,Nordwind,2025-01-23,15:26:07,95
N4981,Nordwind,2025-06-26,05:03:08,61
UT3917,Ural Airlines,2024-03-23,07:31:21,233
UT9862,Rossiya,2024-02-21,19:32:39,273
UT5228,Aeroflot,2025-02-25,10:02:03,105
U62810,Rossiya,2024-04-24,01:00:45,188
DP7445,Pobeda,2024-10-09,11:01:40,176
U61067,Red Wings,2024-05-09,09:43:11,106
SU8977,Aeroflot,2025-08-14,12:21:54,123
U67811,Utair,2024-04-10,21:53:24,40
DP2810,Utair,2024-06-19,08:42:14,143
U63426,Aeroflot,2024-07-17,12:20:35,162
SU6091,Red Wings,2025-06-24,17:37:58,133
SU1672,Nordwind,2024-08-16,09:36:21,154
WZ8701,S7 Airlines,2024-07-26,19:46:13,10
S72051,Ural Airlines,2025-07-25,16:42:10,154
SU2323,Nordwind,2024-06-11,00:01:25,257
WZ353,Rossiya,2025-03-05,19:38:11,138
UT7267,Red Wings,2025-12-22,20:01:56,281
N45914,Nordwind,2025-01-12,16:42:10,183
DP211,Pobeda,2024-09-13,10:50:55,239
N46688,Pobeda,2025-12-08,15:10:21,262
DP8009,Utair,2025-04-24,02:20:38,169
S71387,Red Wings,2024-04-26,15:55:05,79
N46162,Red Wings,2025-10-19,23:11:23,45
S78846,Utair,2025-01-06,15:41:20,62
U63915,Aeroflot,2025-02-13,13:49:40,67
UT4738,Nordwind,2024-09-15,15:50:35,218
S77610,Aeroflot,2025-09-17,01:36:53,296
S71791,Utair,2024-04-11,07:21:28,269
FV7195,Aeroflot,2024-02-26,04:53:45,233
U64285,S7 Airlines,2024-08-02,01:07:22,54
WZ6779,Ural Airlines,2024-03-28,18:05:39,67
WZ3353,Red Wings,2025-06-18,14:51:10,86
DP9351,Utair,2024-11-21,22:05:49,1
FV1218,Rossiya,2025-03-05,05:07:14,256
S71281,Red Wings,2024-09-17,12:07:46,273
WZ4932,S7 Airlines,2024-06-02,09:12:14,44
WZ6563,Aeroflot,2025-10-17,16:54:47,252
WZ1727,S7 Airlines,2025-12-18,02:41:48,244
N42990,Ural Airlines,2025-03-17,10:54:07,31
WZ9047,Rossiya,2024-05-26,14:27:13,266
WZ6669,S7 Airlines,2025-12-15,13:08:21,178
U65897,Pobeda,2024-03-25,08:10:04,225
N45849,S7 Airlines,2024-12-26,00:08:25,236
N49229,Nordwind,2025-12-26,15:45:00,26
UT8634,Rossiya,2025-07-14,19:25:35,62
DP4405,Rossiya,2024-02-15,20:08:51,130
DP9497,Ural Airlines,2024-02-08,10:20:56,29
DP8637,Red Wings,2025-06-18,08:21:15,160
SU2468,Utair,2025-06-03,04:00:34,230
SU9157,Rossiya,2025-08-21,20:52:30,254
FV3660,Nordwind,2024-10-17,01:41:23,254
UT5946,Nordwind,2024-11-09,16:27:52,78
SU9395,Pobeda,2025-09-16,17:10:20,24
UT9513,Utair,2024-05-21,11:00:08,58
N48744,Utair,2025-10-21,05:30:21,182
UT7188,S7 Airlines,2024-01-21,02:17:17,274
N48640,S7 Airlines,2025-01-10,13:14:59,166
N43661,Red Wings,2024-12-16,20:44:45,88
S72301,Ural Airlines,2025-08-12,22:44:04,261
SU5022,Rossiya,2025-03-13,14:41:31,123
DP9084,Red Wings,2024-07-26,21:44:00,227
UT1005,S7 Airlines,2024-08-04,17:03:06,171
DP3291,Rossiya,2025-11-05,01:03:43,264
WZ6497,Red Wings,2024-06-07,08:38:47,208
WZ9333,Nordwind,2025-07-28,15:38:43,210
FV1833,Aeroflot,2024-02-22,11:05:40,14
N43786,Pobeda,2025-03-12,09:20:21,226
DP8120,Red Wings,2025-01-17,10:53:53,68
N48632,S7 Airlines,2024-10-22,20:40:06,238
DP7071,Ural Airlines,2025-01-18,19:57:43,25
DP5877,Pobeda,2024-08-07,08:25:13,165
S7126,Nordwind,2024-04-19,07:05:38,159
S73322,Nordwind,2025-07-02,07:12:37,35
DP5699,Rossiya,2025-01-14,06:15:33,225
WZ7879,Utair,2025-05-24,02:14:31,37
S76232,S7 Airlines,2025-02-04,15:13:26,108
UT4305,Aeroflot,2025-11-01,11:40:50,222
U65447,S7 Airlines,2025-02-26,07:35:42,212
DP5113,Pobeda,2024-04-27,02:35:07,215
DP5032,S7 Airlines,2025-10-21,12:36:47,291
S78427,Rossiya,2025-08-21,23:44:13,280
S75944,Utair,2025-02-01,17:50:51,43
S79804,Rossiya,2024-07-20,14:49:52,285
UT2384,Utair,2024-02-06,03:35:07,58
N49909,S7 Airlines,2025-11-12,14:25:19,299
N44531,Nordwind,2025-11-07,23:34:47,282
SU4091,Aeroflot,2024-04-15,03:18:08,72
N43441,Utair,2025-09-01,06:57:06,110
FV6457,Red Wings,2024-05-14,12:36:06,265
UT4781,Ural Airlines,2024-11-08,19:21:25,26
WZ2743,Utair,2025-09-07,09:22:39,106
DP2131,Pobeda,2024-11-18,01:59:31,269
WZ7537,Rossiya,2024-07-26,07:49:44,83
UT3435,S7 Airlines,2024-03-08,23:58:53,109
U62306,Pobeda,2024-01-12,10:31:24,258
FV3194,Pobeda,2024-04-01,14:31:48,94
WZ5686,Rossiya,2024-10-16,08:38:51,162
UT3005,Pobeda,2024-06-26,03:02:58,194
N45180,Red Wings,2024-12-15,04:54:58,241
S72559,Rossiya,2025-07-08,04:17:27,34
N44647,Aeroflot,2024-03-08,14:53:20,81
FV2263,Ural Airlines,2024-12-07,06:13:10,89
U61749,Utair,2025-08-24,05:50:34,65
UT8748,Pobeda,2024-03-11,13:24:21,83
WZ9048,Nordwind,2025-12-07,05:32:49,238
SU211,S7 Airlines,2024-11-24,01:31:47,90
SU8034,S7 Airlines,2025-02-07,11:39:22,33
DP5668,Rossiya,2024-06-02,15:24:50,183
N49088,Ural Airlines,2024-04-14,06:16:25,197
N43914,Rossiya,2024-05-08,09:56:32,75
SU140,S7 Airlines,2025-09-06,09:18:34,54
WZ2072,Nordwind,2024-01-06,10:08:25,4
WZ5800,Pobeda,2025-05-18,03:59:01,84
U63662,Aeroflot,2024-07-17,12:33:48,255
FV5935,Pobeda,2024-12-22,22:38:40,106
FV5528,S7 Airlines,2024-03-15,22:05:44,147
N42902,Pobeda,2025-03-03,19:06:39,100
N47909,Utair,2025-03-23,10:39:43,63
U64097,Utair,2025-11-01,14:37:38,20
FV2589,Utair,2025-07-22,04:29:34,151
N48264,Nordwind,2024-11-05,21:32:47,56
FV5188,S7 Airlines,2024-07-02,02:21:24,37
FV4491,Utair,2024-11-13,05:26:03,289
U66928,Rossiya,2024-06-22,13:41:07,201
WZ170,Utair,2024-09-16,18:53:50,19
WZ7702,S7 Airlines,2024-05-05,16:32:42,53
S7272,Aeroflot,2024-12-25,19:34:27,282
FV3889,Red Wings,2024-11-06,08:40:16,255
FV3697,Pobeda,2024-08-16,05:03:37,187
WZ3842,Ural Airlines,2025-10-27,04:26:21,193
UT2899,Pobeda,2024-02-13,08:55:19,255
DP2579,Utair,2025-05-25,19:07:09,54
N48815,Ural Airlines,2024-12-20,01:45:26,70
SU4764,Utair,2024-10-01,18:42:03,144
S78100,S7 Airlines,2025-06-11,16:32:49,228
WZ1688,Utair,2024-07-07,00:36:48,182
U62496,Ural Airlines,2025-08-23,08:18:58,10
S71032,S7 Airlines,2025-04-07,03:47:13,66
N42549,Red Wings,2025-10-15,03:49:35,249
N43569,S7 Airlines,2025-06-22,12:43:37,253
UT2771,Utair,2024-08-15,20:58:04,269
DP1895,Rossiya,2024-04-28,11:25:10,9
SU3454,Red Wings,2024-07-08,00:57:58,157
WZ6882,Ural Airlines,2024-12-09,02:25:11,40
WZ2382,Utair,2024-11-12,07:25:25,203
WZ1748,Nordwind,2025-07-19,18:57:23,159
N43559,Utair,2025-05-13,05:43:23,130
FV1154,Nordwind,2025-03-04,10:48:38,27
FV2447,Ural Airlines,2025-09-24,01:48:57,243
SU6978,S7 Airlines,2025-10-17,21:23:41,299
U63292,Utair,2025-01-25,13:27:16,65
DP8134,Nordwind,2024-07-09,05:59:30,42
WZ3010,Ural Airlines,2025-06-26,04:15:50,115
DP2369,Aeroflot,2024-05-02,05:46:07,57
U65703,Nordwind,2025-06-17,09:08:00,24
SU7180,Nordwind,2024-11-21,01:56:47,43
UT3813,Ural Airlines,2025-04-20,18:13:32,64
DP639,Rossiya,2025-01-13,16:16:17,190
S73755,S7 Airlines,2025-08-26,07:14:19,245
U69816,S7 Airlines,2025-05-25,00:16:52,201
FV7020,Ural Airlines,2024-02-24,11:45:51,114
DP1513,Ural Airlines,2025-05-12,19:01:04,64
UT5075,S7 Airlines,2024-08-18,01:36:25,85
U67919,Aeroflot,2025-03-24,04:52:42,263
U64241,Pobeda,2024-07-22,17:43:33,82
N46430,S7 Airlines,2024-12-20,21:59:30,8
N45714,Ural Airlines,2024-11-12,14:22:10,57
FV2256,S7 Airlines,2025-10-05,10:19:20,55
S71439,S7 Airlines,2024-11-17,10:20:00,37
U63590,Pobeda,2024-07-11,00:01:51,142
FV3146,Aeroflot,2025-06-18,13:23:12,279
U63004,Nordwind,2024-11-28,14:32:16,266
UT1393,Utair,2025-11-25,13:47:04,66
N45595,S7 Airlines,2025-12-09,16:18:08,11
FV7400,Rossiya,2024-06-01,02:22:37,63
DP1229,Utair,2024-06-09,16:41:49,105
WZ5859,Rossiya,2024-09-17,10:49:06,130
S74296,Nordwind,2024-10-24,07:46:26,84
WZ131,Nordwind,2025-04-04,22:43:03,279
U68767,Pobeda,2025-04-18,05:39:48,90
N45736,Utair,2024-02-20,21:17:48,250
U68359,Pobeda,2024-04-22,13:23:02,185
N47963,Red Wings,2024-05-20,02:26:19,86
U67240,Ural Airlines,2024-05-04,13:42:23,286
UT3432,Utair,2024-03-04,13:27:58,13
N42042,Nordwind,2024-08-23,19:16:02,161
WZ8176,S7 Airlines,2025-09-06,16:21:00,241
U62375,Nordwind,2024-11-28,18:49:13,89
N45052,Utair,2024-11-16,07:45:39,210
DP1005,Aeroflot,2024-02-01,15:33:03,140
UT741,S7 Airlines,2024-02-04,16:43:41,70
FV5332,Utair,2025-06-26,04:38:48,105
UT1340,S7 Airlines,2024-07-06,17:16:51,167
UT2524,Ural Airlines,2025-08-01,18:06:12,272
N48082,Nordwind,2025-04-28,12:28:22,122
UT3354,Aeroflot,2024-05-12,04:09:39,31
S77982,Red Wings,2024-05-21,17:35:17,121
WZ6081,Aeroflot,2024-09-11,19:14:21,1
S73133,Nordwind,2024-07-17,06:40:38,10
N42556,Rossiya,2024-01-27,13:41:32,48
FV1817,Ural Airlines,2025-04-24,02:02:37,27
S72963,Nordwind,2024-01-12,10:09:07,291
UT2226,Ural Airlines,2025-09-26,02:49:11,39
DP8660,Ural Airlines,2025-05-14,21:29:32,154
S72689,Rossiya,2024-11-24,08:32:08,69
SU2494,S7 Airlines,2024-02-26,02:22:10,264
WZ6649,Nordwind,2024-07-10,23:51:30,162
U62034,Rossiya,2025-06-16,23:06:03,295
U64179,Aeroflot,2024-02-12,04:26:44,86
N43113,Utair,2024-12-22,15:42:04,205
SU7136,Rossiya,2025-09-22,23:36:55,286
N46855,Aeroflot,2025-02-04,16:05:42,134
FV2548,Nordwind,2025-02-11,09:12:30,68
WZ8853,Ural Airlines,2024-02-12,16:54:15,228
DP4831,Rossiya,2024-10-14,07:19:54,215
SU7283,Aeroflot,2024-01-07,22:09:04,226
N49291,Red Wings,2025-08-21,06:10:02,217
UT2474,Aeroflot,2025-01-01,01:12:24,32
DP254,Rossiya,2025-05-18,16:00:16,3
U69576,Red Wings,2025-10-13,19:10:35,184
UT614,Utair,2024-09-28,07:23:35,37
N48884,Utair,2024-06-14,07:26:07,132
DP283,Utair,2025-12-05,23:06:13,271
UT7818,Pobeda,2025-07-05,14:22:56,111
WZ2630,Utair,2025-06-08,05:42:22,140
U69758,Aeroflot,2024-04-03,05:09:31,148
N49410,Ural Airlines,2024-11-13,13:21:01,165
WZ5956,Nordwind,2025-07-10,04:18:56,283
WZ4590,S7 Airlines,2024-12-04,20:24:15,285
N46815,Aeroflot,2025-09-08,06:59:59,223
DP1371,Utair,2025-10-22,20:27:45,252
U61471,S7 Airlines,2024-07-08,23:28:53,247
FV2973,S7 Airlines,2024-03-28,04:11:19,84
U68143,Nordwind,2024-08-08,15:35:26,20
SU7136,Utair,2025-03-23,00:13:02,295
UT4268,Aeroflot,2024-03-26,05:00:48,17
FV7893,Rossiya,2024-11-24,16:59:40,229
SU129,Utair,2025-02-04,17:15:35,134
U69657,Aeroflot,2025-09-22,13:36:55,59
UT6488,S7 Airlines,2025-02-06,18:38:58,190
N49642,Aeroflot,2025-05-19,12:34:01,26
DP7395,S7 Airlines,2025-10-26,03:19:06,79
S77839,Rossiya,2024-04-24,04:59:18,3
UT1269,Nordwind,2025-05-04,08:19:53,204
N41318,Nordwind,2025-12-22,20:30:04,97
SU8938,Ural Airlines,2025-09-27,15:51:27,225
WZ4398,S7 Airlines,2024-11-23,16:25:05,21
WZ9271,Pobeda,2025-02-18,01:10:34,54
FV5167,Utair,2025-10-08,06:32:30,230
UT1015,Rossiya,2024-02-27,10:17:44,148
SU5746,Rossiya,2025-11-01,15:34:32,179
UT3844,Nordwind,2025-11-20,00:43:47,11
SU5576,Red Wings,2025-08-27,11:06:56,156
UT9598,Aeroflot,2025-06-02,15:49:18,109
N49614,Ural Airlines,2025-06-02,18:44:37,291
FV9186,Utair,2025-08-03,07:18:57,214
N41547,Utair,2024-04-07,12:03:47,260
S71600,S7 Airlines,2025-12-11,23:51:27,277
SU4956,Utair,2025-12-15,07:53:11,229
S75045,S7 Airlines,2025-03-04,22:12:00,35
WZ1546,Nordwind,2025-06-12,19:55:20,131
DP768,Utair,2025-12-04,18:27:44,229
DP738,Pobeda,2025-01-21,13:27:16,152
WZ5449,Pobeda,2025-11-06,09:06:09,250
WZ1783,Red Wings,2025-05-25,14:44:46,296
S75918,Aeroflot,2025-04-15,10:40:10,257
WZ8470,Aeroflot,2025-06-24,04:58:04,183
FV6253,Red Wings,2024-02-10,17:04:41,48
DP1102,Nordwind,2024-09-20,08:07:07,219
U68347,Red Wings,2025-11-16,08:00:32,132
WZ8485,Rossiya,2025-06-22,03:17:43,168
N41444,Rossiya,2025-12-17,16:04:03,180
U64199,S7 Airlines,2025-08-20,02:42:27,253
FV6781,Rossiya,2024-03-27,20:21:57,66
FV334,S7 Airlines,2025-05-28,01:31:07,133
U61651,Rossiya,2025-12-12,03:04:04,100
UT2558,Rossiya,2024-04-18,18:50:00,296
FV9337,Aeroflot,2024-08-01,06:22:09,92
S75333,S7 Airlines,2025-05-20,08:32:38,147
WZ8038,Pobeda,2024-12-09,19:36:55,71
DP896,S7 Airlines,2024-08-10,16:36:13,288
UT4482,Ural Airlines,2024-07-01,06:16:26,104
FV3517,Ural Airlines,2024-09-23,21:03:43,146
U61541,Aeroflot,2025-04-20,03:07:08,130
UT267,Nordwind,2024-12-11,09:50:52,294
WZ2308,Red Wings,2025-09-18,22:31:14,22
S7407,Aeroflot,2025-12-15,10:46:56,229
UT8198,S7 Airlines,2024-06-28,01:03:21,171
N42209,Rossiya,2025-04-17,15:05:08,176
U63143,Red Wings,2024-06-25,00:03:51,51
SU819,Nordwind,2024-10-26,06:41:00,222
FV4348,Aeroflot,2025-09-19,18:22:22,76
UT4485,S7 Airlines,2024-05-18,02:31:36,148
DP2055,Pobeda,2025-07-25,04:11:17,208
U63025,Red Wings,2024-02-08,14:02:11,114
U61316,S7 Airlines,2024-04-15,17:35:40,223
S79488,Rossiya,2024-03-11,16:19:08,92
U69986,Aeroflot,2024-05-08,18:07:34,249
FV9148,Red Wings,2024-06-04,19:16:59,101
N46118,Red Wings,2025-06-16,04:29:11,233
N46940,Pobeda,2025-12-10,16:49:18,166
DP7750,Red Wings,2024-08-27,05:23:58,160
WZ1721,Nordwind,2025-05-19,11:26:34,48
SU168,Pobeda,2024-03-18,18:21:22,94
WZ6526,Ural Airlines,2024-08-25,07:11:57,55
UT1164,Nordwind,2024-01-23,18:14:24,259
WZ7124,Aeroflot,2025-02-13,19:34:37,126
FV5003,Red Wings,2024-04-28,05:16:33,242
FV5648,Ural Airlines,2024-06-20,05:07:24,135
U63165,Aeroflot,2025-12-12,00:43:50,31
WZ3348,S7 Airlines,2025-07-28,03:42:00,104
WZ1474,Rossiya,2025-06-17,18:55:23,76
UT1368,Nordwind,2025-11-28,03:51:02,69
FV4713,Rossiya,2025-03-24,18:43:16,82
U6271,Utair,2025-09-25,13:24:07,135
N43307,Red Wings,2024-12-25,10:20:41,253
FV2048,S7 Airlines,2024-07-21,07:39:43,70
N44329,Aeroflot,2025-12-23,23:13:41,102
U6846,Nordwind,2025-09-09,08:08:37,238
DP8774,Red Wings,2025-03-09,18:45:39,195
S78451,Nordwind,2024-09-08,23:47:37,111
UT1403,Nordwind,2025-09-22,14:29:49,119
N4245,S7 Airlines,2025-09-02,19:56:35,249
FV6760,S7 Airlines,2025-07-11,03:04:13,266
FV3145,S7 Airlines,2025-06-11,14:16:07,176
FV3408,S7 Airlines,2025-01-19,11:13:32,235
UT9667,Ural Airlines,2024-08-20,23:37:28,296
WZ9997,Aeroflot,2025-04-17,09:50:52,267
WZ2523,Utair,2025-12-06,14:56:40,226
DP5565,Pobeda,2024-08-16,06:57:36,136
SU1358,Ural Airlines,2025-11-05,17:47:07,45
U63423,Rossiya,2024-02-21,20:20:52,279
FV7903,Rossiya,2025-06-10,11:22:43,185
FV9772,Rossiya,2024-06-25,08:47:11,254
SU4038,S7 Airlines,2025-02-07,22:44:12,244
N45976,Pobeda,2024-06-06,16:23:21,183
N45318,Nordwind,2025-08-08,06:53:52,109
UT978,Red Wings,2025-01-11,09:13:22,19
FV2329,Aeroflot,2024-04-05,04:55:46,46
N44136,Pobeda,2025-04-02,11:00:37,12
SU4107,Ural Airlines,2024-11-02,09:50:07,31
UT3342,Rossiya,2025-03-03,16:26:49,156
N41512,Red Wings,2024-12-05,07:14:40,111
DP7778,Aeroflot,2025-12-18,17:52:22,161
WZ219,Pobeda,2025-08-11,19:41:01,119
N49542,Aeroflot,2025-07-04,20:23:15,94
WZ2164,Nordwind,2024-10-24,22:52:49,52
S76045,Red Wings,2024-03-27,06:03:03,135
N4125,S7 Airlines,2024-07-10,02:44:39,61
FV735,Utair,2025-04-08,06:17:04,234
FV7316,S7 Airlines,2024-11-01,10:36:57,286
N48928,Red Wings,2025-04-22,21:08:36,44
U62223,S7 Airlines,2025-10-20,10:08:55,228
U61682,Rossiya,2025-08-14,12:12:30,215
N45229,Aeroflot,2025-03-10,15:27:50,81
S73063,S7 Airlines,2025-05-20,05:30:51,145
S79577,Aeroflot,2025-08-08,21:07:31,28
UT829,Red Wings,2024-08-05,07:15:14,18
FV3657,S7 Airlines,2025-06-21,09:41:23,151
SU1937,Rossiya,2025-05-05,05:09:05,28
S72007,Nordwind,2024-03-07,17:55:02,87
SU3204,Red Wings,2024-01-26,12:59:44,250
WZ5352,Red Wings,2025-11-02,19:19:55,268
U67553,Red Wings,2025-08-23,05:10:21,189
DP1363,Utair,2025-04-06,10:11:34,130
SU5116,Nordwind,2024-07-04,18:58:18,281
FV974,Rossiya,2024-06-02,13:33:57,76
SU6172,Ural Airlines,2025-10-19,15:03:33,195
SU4290,Ural Airlines,2024-02-05,01:33:09,179
SU4219,Utair,2025-08-06,05:27:50,168
SU7595,S7 Airlines,2024-08-08,19:27:57,105
FV3362,Rossiya,2024-03-09,03:05:51,183
U63092,Pobeda,2024-09-24,19:05:02,115
S79456,Nordwind,2025-11-15,19:00:14,258
U69210,Pobeda,2024-07-09,23:29:54,65
U65666,Nordwind,2025-11-11,10:14:56,24
N45415,Red Wings,2025-06-25,14:35:46,113
FV3345,Pobeda,2025-02-09,07:17:40,248
WZ5928,Nordwind,2025-09-25,02:06:19,177
S74787,S7 Airlines,2024-04-20,11:30:53,184
DP845,S7 Airlines,2024-08-01,13:34:50,197
U64021,S7 Airlines,2024-07-15,02:38:48,72
SU6454,Utair,2025-07-23,12:37:40,50
N45458,Pobeda,2024-03-12,10:05:33,164
WZ6614,Aeroflot,2024-04-23,01:55:55,284
DP7712,Aeroflot,2025-03-23,19:13:38,292
DP1649,S7 Airlines,2024-04-12,20:22:03,58
N43616,Ural Airlines,2025-02-21,21:45:33,215
U6961,S7 Airlines,2024-04-25,18:11:31,195
UT546,Utair,2024-12-04,20:53:15,10
SU5167,S7 Airlines,2025-10-07,19:19:45,265
U63589,Utair,2024-08-21,01:47:08,183
U65035,Ural Airlines,2025-02-07,10:42:53,47
SU3527,Rossiya,2024-08-21,16:01:54,178
S76606,Ural Airlines,2024-05-01,02:44:22,161
SU5887,Rossiya,2025-09-10,17:42:51,280
SU2585,Nordwind,2025-06-28,01:35:29,41
DP4089,Rossiya,2025-08-16,14:58:28,121
WZ8166,Ural Airlines,2024-03-25,02:36:30,86
SU6483,Rossiya,2025-11-08,14:07:51,247
DP8913,Nordwind,2025-03-16,02:40:45,260
WZ654,Utair,2024-12-09,18:07:46,41
N46557,Ural Airlines,2024-12-11,02:48:08,71
SU7337,Red Wings,2024-08-02,18:23:24,231
S76188,Pobeda,2024-08-26,18:55:58,49
WZ7433,Utair,2024-01-02,15:12:42,284
FV4834,S7 Airlines,2025-01-03,01:56:34,100
S71591,Ural Airlines,2025-01-23,00:26:09,81
SU9273,Nordwind,2024-12-26,05:11:34,191
N44611,Utair,2025-01-25,10:07:16,56
UT9441,Nordwind,2024-10-11,11:41:09,236
UT788,Red Wings,2025-08-26,00:26:26,27
N41262,Aeroflot,2025-03-13,21:40:59,209
FV3245,Red Wings,2025-11-24,12:29:01,6
SU747,Aeroflot,2025-09-27,16:06:35,287
SU9543,Pobeda,2024-09-02,17:35:35,77
FV7987,Nordwind,2024-11-27,13:37:27,263
S72566,S7 Airlines,2024-01-04,11:29:08,138
DP7985,Utair,2024-09-22,11:05:35,275
SU5741,Nordwind,2024-03-10,01:33:46,245
FV3533,Aeroflot,2024-01-14,03:45:06,27
WZ5137,Red Wings,2024-05-19,07:42:24,288
SU5037,Nordwind,2025-02-10,01:45:31,164
UT5027,Utair,2024-05-24,10:27:25,130
U67517,Pobeda,2024-09-09,16:56:57,0
UT1246,Pobeda,2024-05-24,15:37:58,15
S75701,S7 Airlines,2024-04-21,22:57:00,26
WZ5701,Utair,2025-06-02,16:07:23,180
DP9190,Red Wings,2024-08-15,18:33:14,262
S74352,Utair,2024-10-27,06:43:49,236
FV3502,Utair,2025-06-23,07:36:35,274
WZ7397,Rossiya,2024-02-10,06:43:58,140
U67583,Red Wings,2024-07-26,13:00:05,241
SU3754,Utair,2025-01-24,20:29:22,98
N47096,Ural Airlines,2025-12-17,12:26:26,83
SU6043,Pobeda,2025-04-14,08:16:57,175
S72185,S7 Airlines,2025-02-22,06:16:07,288
S79884,S7 Airlines,2025-04-24,06:53:17,172
U68617,Pobeda,2024-05-08,01:20:26,76
DP9744,Rossiya,2024-06-10,14:09:16,294
N44409,S7 Airlines,2025-04-04,23:10:09,250
UT5303,Red Wings,2025-08-01,08:08:32,69
FV2539,S7 Airlines,2024-04-21,08:34:24,292
WZ2712,Red Wings,2024-02-26,09:35:59,58
UT5199,Rossiya,2024-05-11,06:08:51,222
S71645,Nordwind,2025-10-09,12:48:41,10
FV5457,S7 Airlines,2025-04-20,05:34:37,30
U62791,Red Wings,2025-08-06,18:56:36,206
SU1540,Aeroflot,2025-01-14,02:32:32,146
U61903,Pobeda,2024-03-26,16:37:24,27
N49979,Utair,2024-09-01,11:47:16,35
U68444,Ural Airlines,2025-03-14,17:56:12,47
SU2515,Rossiya,2024-10-09,08:23:24,34
U65209,Pobeda,2024-09-17,15:56:53,145
UT4611,Red Wings,2024-06-21,10:18:36,254
U68130,Pobeda,2024-01-20,20:32:50,242
SU6906,Red Wings,2025-09-02,17:49:59,197
FV568,S7 Airlines,2024-07-23,21:36:46,10
DP9220,Aeroflot,2024-01-04,08:22:19,299
WZ8379,Ural Airlines,2024-02-23,02:10:54,18
U69836,Red Wings,2025-04-06,03:10:22,154
WZ9677,Red Wings,2024-01-07,01:21:13,148
DP2671,Utair,2024-06-06,11:45:27,149
WZ8927,Utair,2024-05-05,01:38:47,73
U69888,S7 Airlines,2024-11-11,16:02:53,143
S73748,Utair,2025-08-09,02:57:49,196
U66284,Nordwind,2024-12-28,22:09:26,46
SU2332,Ural Airlines,2025-06-11,23:36:39,62
FV7647,S7 Airlines,2024-02-07,22:47:42,300
S79930,Ural Airlines,2025-08-06,16:55:36,121
UT2388,Ural Airlines,2024-02-10,14:18:34,56
SU2964,Ural Airlines,2025-08-20,14:22:19,96
DP8898,Nordwind,2025-09-25,12:46:22,70
SU1908,Red Wings,2024-10-17,12:01:00,96
DP8395,Pobeda,2025-02-12,02:45:03,56
S79348,Red Wings,2024-11-12,23:40:19,52
SU589,Aeroflot,2025-04-28,22:24:04,95
FV3838,Nordwind,2025-01-19,05:41:00,238
UT1371,Aeroflot,2024-04-04,19:42:04,127
DP5084,Pobeda,2025-06-18,20:30:13,113
N41584,Nordwind,2024-01-03,10:42:29,274
SU7218,Red Wings,2024-01-09,01:08:24,100
WZ5421,Rossiya,2025-06-25,03:35:15,160
UT9000,Utair,2025-04-19,14:56:08,178
FV7154,Ural Airlines,2024-03-18,10:37:59,293
SU1703,Aeroflot,2024-12-22,05:06:16,231
WZ4127,Red Wings,2024-11-18,00:14:43,294
S76498,Rossiya,2025-10-16,11:35:29,273
FV9636,Pobeda,2025-12-01,20:03:16,213
SU1819,S7 Airlines,2024-02-27,03:44:39,83
FV7732,S7 Airlines,2024-02-02,23:07:16,192
S7351,Ural Airlines,2025-12-27,07:22:16,28
FV4586,Ural Airlines,2025-01-14,15:50:18,277
FV8465,Red Wings,2025-11-04,15:27:28,4
S71737,Utair,2025-11-06,14:47:24,254
U69444,S7 Airlines,2024-02-17,20:13:59,24
N43044,S7 Airlines,2024-12-28,01:47:10,88
FV4656,S7 Airlines,2024-02-26,01:56:10,36
DP2370,Pobeda,2024-04-06,08:55:38,17
S76379,S7 Airlines,2024-11-19,22:11:40,5
SU1532,Pobeda,2024-04-14,21:27:17,295
FV6424,Aeroflot,2025-10-25,00:02:07,280
U66986,Red Wings,2025-04-05,12:27:19,285
FV6381,Ural Airlines,2024-03-21,20:58:27,239
N43408,Pobeda,2025-08-23,06:06:08,131
S78194,Ural Airlines,2024-12-28,04:41:20,157
U69318,Utair,2025-11-28,21:08:25,189
DP1319,Ural Airlines,2025-09-14,01:46:59,117
N46863,Pobeda,2024-03-19,04:04:00,275
SU4409,Aeroflot,2025-10-25,06:10:52,54
DP5253,Nordwind,2024-06-26,20:54:10,178
WZ4464,Ural Airlines,2024-09-25,01:04:06,129
N42374,Ural Airlines,2024-01-18,20:20:52,166
WZ2515,S7 Airlines,2025-10-15,18:09:42,127
FV2403,Pobeda,2024-02-16,11:18:38,186
U66348,Aeroflot,2024-07-06,20:38:49,31
DP3042,Nordwind,2025-12-18,07:01:07,230
WZ2829,Red Wings,2025-11-23,10:49:44,255
U61206,Utair,2025-12-28,00:05:22,129
N41591,Ural Airlines,2025-09-23,07:43:07,279
WZ6775,S7 Airlines,2025-01-01,01:15:52,96
UT9351,Utair,2025-07-13,21:24:50,191
N48037,Pobeda,2025-01-19,18:34:41,101
U6505,S7 Airlines,2025-09-19,09:44:29,78
SU3211,Ural Airlines,2025-04-04,13:23:54,169
FV5732,Aeroflot,2025-12-13,23:06:05,288
UT6089,Red Wings,2024-05-14,22:46:15,299
FV3928,Utair,2024-04-17,20:48:02,132
FV3076,Nordwind,2025-01-23,18:17:03,265
U69813,S7 Airlines,2024-11-02,16:32:00,134
UT397,Nordwind,2024-07-21,02:24:51,175
DP2227,Rossiya,2024-11-23,19:58:21,286
FV7833,S7 Airlines,2024-09-23,09:26:04,95
U63186,Nordwind,2025-01-10,08:50:37,188
U65096,Pobeda,2025-07-12,18:00:46,37
WZ9439,Nordwind,2024-04-27,03:50:14,240
WZ1970,Ural Airlines,2024-06-23,04:54:31,244
WZ7351,Utair,2025-04-14,20:03:16,11
WZ1066,Rossiya,2024-09-15,03:08:57,261
WZ2136,Ural Airlines,2025-11-05,07:41:12,79
S72499,Red Wings,2025-09-11,16:39:26,140
WZ448,Rossiya,2024-08-17,18:40:29,111
FV9670,Rossiya,2024-05-13,03:44:20,188
SU4961,Utair,2024-08-06,13:55:46,130
U61641,Aeroflot,2024-03-17,18:15:20,53
N48162,Utair,2025-07-25,00:30:49,111
S79163,Red Wings,2024-03-11,05:58:06,292
S71343,Ural Airlines,2025-09-21,06:32:40,3
UT5999,Nordwind,2024-10-08,13:04:00,239
UT9297,Rossiya,2025-12-12,10:06:34,20
N46545,Pobeda,2024-11-19,06:43:46,296
U69179,Nordwind,2025-05-08,08:54:11,166
SU8872,Aeroflot,2025-08-08,06:16:07,37
DP6474,Red Wings,2025-08-02,15:55:52,65
UT6437,Utair,2025-08-15,17:31:45,153
DP5663,S7 Airlines,2024-12-08,23:11:11,12
N47796,Nordwind,2025-12-03,17:50:19,115
S76978,Rossiya,2024-03-19,07:27:59,251
FV9604,Nordwind,2025-07-12,16:26:58,226
WZ1817,Red Wings,2025-07-22,00:40:10,225
SU9180,Aeroflot,2025-12-02,19:14:03,194
SU1236,Rossiya,2025-07-26,20:11:19,78
S79126,Rossiya,2024-10-01,14:52:41,263
DP3467,Aeroflot,2024-10-20,00:52:29,227
DP1758,Nordwind,2025-05-01,23:42:13,169
UT1047,S7 Airlines,2024-02-17,20:26:35,153
FV978,Aeroflot,2025-07-15,00:06:30,156
U6100,Pobeda,2025-07-02,19:16:22,186
S71996,Aeroflot,2025-08-23,10:21:46,231
SU1246,Pobeda,2025-10-24,15:19:48,59
DP4939,Utair,2025-04-11,04:48:01,137
SU6806,S7 Airlines,2024-08-22,12:43:42,298
DP4808,Nordwind,2024-01-07,11:05:52,252
WZ358,Utair,2025-03-05,08:35:10,298
SU3388,S7 Airlines,2025-12-14,19:28:56,53
WZ2747,Nordwind,2024-02-20,23:31:42,162
S78050,Nordwind,2024-08-22,20:30:34,195
WZ4190,S7 Airlines,2025-11-11,11:37:27,215
U63939,Rossiya,2024-06-24,08:46:58,123
FV7148,Red Wings,2024-02-05,04:22:47,9
U66700,Nordwind,2025-07-12,22:09:50,251
U67773,Pobeda,2025-12-04,01:15:42,246
N4994,Pobeda,2024-01-10,05:07:54,118
N48700,Ural Airlines,2025-10-10,08:11:36,150
WZ3282,Aeroflot,2025-01-20,05:31:13,112
N4734,Utair,2025-12-10,06:36:26,105
U6746,S7 Airlines,2025-08-16,09:48:16,84
FV1457,Ural Airlines,2024-06-18,14:15:59,102
WZ373,Utair,2024-07-21,03:30:35,93
WZ8129,Pobeda,2025-09-05,04:24:34,158
U66969,Pobeda,2024-03-09,16:07:44,260
WZ9686,Pobeda,2024-07-21,14:17:55,131
FV3430,S7 Airlines,2024-12-15,21:25:36,106
S73541,S7 Airlines,2024-11-16,19:04:53,61
S71091,Aeroflot,2024-12-26,15:19:33,122
SU8581,Utair,2025-09-19,16:07:12,49
FV678,Utair,2025-12-27,06:09:21,148
N43023,Red Wings,2025-12-02,11:07:11,155
SU9506,Red Wings,2025-12-26,00:19:25,163
FV5084,Red Wings,2024-06-06,06:05:42,93
N46877,Ural Airlines,2025-05-08,18:19:39,57
S74392,Rossiya,2024-06-10,09:46:52,277
S79761,Aeroflot,2024-01-27,08:42:05,35
FV9404,Nordwind,2025-10-20,02:24:18,114
U62010,Nordwind,2025-10-05,14:52:11,0
S75188,Rossiya,2025-08-01,09:51:46,81
UT9649,Rossiya,2025-08-18,12:13:08,165
S78462,Utair,2025-12-16,16:11:52,187
S78293,Red Wings,2024-11-04,03:56:06,263
UT1379,Utair,2024-08-18,10:20:20,256
WZ585,Red Wings,2024-02-22,10:33:22,198
UT9367,Red Wings,2025-08-02,09:36:34,217
N42415,Utair,2024-04-26,07:31:35,288
U67458,Pobeda,2025-01-23,23:15:51,110
U65838,Red Wings,2025-08-02,04:04:49,281
SU9783,Ural Airlines,2024-04-10,09:58:04,163
SU5640,Ural Airlines,2025-05-12,01:10:19,102
UT3450,Aeroflot,2024-10-04,03:29:19,223
N42576,Utair,2025-03-26,07:23:08,182
WZ1805,Rossiya,2024-10-28,12:27:54,192
DP4636,Utair,2024-03-11,03:10:54,134
U68033,Rossiya,2024-06-22,06:31:20,107
U64166,Aeroflot,2025-06-17,19:04:03,227
SU9489,S7 Airlines,2024-03-16,11:13:03,36
S77523,Aeroflot,2025-05-28,05:43:29,129
N43690,Rossiya,2025-10-27,18:40:57,199
FV9694,S7 Airlines,2025-12-04,10:20:34,248
DP6573,Aeroflot,2024-06-01,01:23:39,24
U61160,Ural Airlines,2024-02-20,22:39:25,264
N47281,Red Wings,2025-07-25,08:18:59,69
WZ7114,Pobeda,2024-06-01,00:48:04,219
DP1204,Red Wings,2025-04-26,02:35:23,93
N44807,Utair,2024-09-10,11:08:50,89
S71032,Utair,2024-04-21,15:57:47,128
S71491,Aeroflot,2025-02-17,01:12:56,44
SU1903,Pobeda,2024-03-16,16:39:14,58
N41684,Ural Airlines,2025-04-03,00:59:55,100
FV5435,Ural Airlines,2025-02-22,12:36:16,48
S76907,Ural Airlines,2025-09-15,23:37:10,66
SU4060,Rossiya,2025-10-03,09:58:36,181
DP6042,Nordwind,2024-04-05,03:33:15,248
N42933,Nordwind,2024-03-12,15:37:57,117
DP7282,Aeroflot,2025-07-16,21:35:37,277
N49531,Ural Airlines,2024-01-26,02:39:36,214
DP7138,Aeroflot,2024-01-05,15:35:04,70
WZ8290,Utair,2024-11-27,23:47:26,241
FV560,S7 Airlines,2025-11-07,01:40:36,153
DP1465,Utair,2024-01-27,12:10:28,199
UT5552,Nordwind,2024-07-25,05:39:32,37
S77137,Ural Airlines,2025-02-17,07:33:20,159
SU7427,Pobeda,2024-03-07,19:12:28,34
N44383,Nordwind,2025-11-20,14:58:53,210
N46002,Aeroflot,2025-06-07,09:38:37,135
UT109,Ural Airlines,2025-06-14,23:17:26,12
DP9115,S7 Airlines,2024-12-03,09:19:05,188
S72999,Nordwind,2025-06-06,00:17:39,112
N45413,Pobeda,2024-02-15,15:18:00,61
U66084,Aeroflot,2025-02-23,10:03:10,33
S76512,Nordwind,2024-01-10,07:54:54,118
UT5006,Red Wings,2024-05-14,05:10:49,294
WZ407,Ural Airlines,2025-11-22,16:31:05,234
FV9227,Rossiya,2024-01-19,05:14:22,41
N49421,Ural Airlines,2025-04-03,20:07:59,24
UT7179,Red Wings,2025-12-17,13:21:34,273
FV5745,S7 Airlines,2024-07-09,05:40:23,62
SU7999,Pobeda,2024-02-05,13:25:21,49
U69976,Aeroflot,2024-09-06,07:56:48,81
FV2271,Rossiya,2025-05-01,00:39:28,182
SU831,Aeroflot,2025-12-01,23:44:52,33
WZ7330,Ural Airlines,2024-01-21,18:58:26,159
U65486,Utair,2024-12-03,04:58:01,73
UT2138,Ural Airlines,2025-12-25,08:31:48,45
DP6665,Pobeda,2025-03-28,20:38:38,86
FV7023,Aeroflot,2025-07-28,16:36:26,245
WZ9963,Nordwind,2024-05-03,15:26:09,190
N43123,Red Wings,2025-01-13,19:47:57,188
S73446,Aeroflot,2024-09-16,06:20:16,203
N4514,Aeroflot,2024-12-17,21:11:06,290
UT8928,Aeroflot,2024-02-21,14:36:49,49
UT1856,Rossiya,2025-01-23,22:32:30,119
SU5795,Rossiya,2025-10-03,15:36:46,42
FV3367,Rossiya,2024-01-13,23:59:54,38
FV7158,Ural Airlines,2025-12-11,01:02:22,49
DP1402,Red Wings,2025-07-09,05:26:32,54
U67773,Red Wings,2025-05-17,04:07:05,71
SU6932,Pobeda,2025-05-03,15:21:58,290
N4152,Pobeda,2025-01-04,17:38:45,140
FV4362,Ural Airlines,2024-03-27,04:48:32,9
WZ1677,Nordwind,2025-12-10,00:49:01,104
UT9631,Red Wings,2025-10-21,18:38:41,206
S77408,Rossiya,2024-11-21,07:56:17,136
U66029,Red Wings,2024-02-23,04:34:42,122
N45906,Aeroflot,2024-04-11,15:48:36,226
DP3066,Nordwind,2025-01-25,13:08:54,0
UT7809,Nordwind,2024-05-27,08:00:58,203
UT6103,Red Wings,2025-05-23,06:52:52,79
N4955,Rossiya,2025-08-18,15:51:03,275
UT6296,Ural Airlines,2025-10-15,03:44:03,163
N47071,Ural Airlines,2025-07-21,20:36:34,55
FV7738,Ural Airlines,2025-09-26,19:21:15,273
DP2130,Red Wings,2025-10-15,07:35:02,131
U69903,Red Wings,2025-11-03,04:08:56,21
U61884,Nordwind,2025-01-11,07:36:12,3
SU9539,Red Wings,2024-07-21,12:59:22,248
DP6141,Aeroflot,2025-09-17,09:05:48,117
S78526,Red Wings,2025-07-04,09:02:42,117
FV8618,Nordwind,2025-03-25,09:22:44,238
SU9908,Aeroflot,2024-09-23,00:45:35,240
UT9578,Utair,2025-02-20,12:19:26,55
FV3241,Pobeda,2025-05-09,22:22:54,169
U65806,Utair,2024-01-02,09:47:31,97
WZ7626,Pobeda,2025-02-23,07:46:11,263
S73547,Nordwind,2024-06-01,19:30:36,101
U61638,Aeroflot,2024-01-07,21:45:49,281
UT3215,S7 Airlines,2025-03-18,01:12:26,114
N46101,Nordwind,2025-04-09,08:44:19,98
UT5942,Ural Airlines,2025-12-20,02:39:03,78
UT5664,Pobeda,2025-09-24,08:48:56,172
UT9685,Rossiya,2025-01-04,10:14:43,258
SU4535,Rossiya,2024-04-16,16:50:44,209
UT2969,S7 Airlines,2025-10-02,07:49:38,142
S74946,Ural Airlines,2024-03-17,18:42:35,272
N48683,Red Wings,2024-04-05,03:20:25,221
DP4857,Ural Airlines,2024-12-22,01:58:35,219
UT4007,Ural Airlines,2025-04-25,11:42:50,129
N44836,Rossiya,2025-10-24,05:48:05,6
WZ1789,S7 Airlines,2024-01-09,11:29:27,208
N49758,S7 Airlines,2025-02-08,17:50:43,60
WZ8236,Aeroflot,2025-08-17,12:38:14,248
U68609,Red Wings,2025-04-25,14:25:26,172
SU7791,Aeroflot,2025-11-21,03:27:02,145
U62685,Aeroflot,2025-10-08,09:39:31,228
SU409,Pobeda,2024-10-05,11:31:36,229
DP6918,Aeroflot,2024-04-03,10:21:32,123
U6996,Aeroflot,2025-11-05,20:07:06,186
FV7897,Pobeda,2025-01-23,07:14:56,216
SU2081,Pobeda,2024-07-23,03:54:24,22
WZ2217,Aeroflot,2025-11-26,17:39:30,272
DP7601,Pobeda,2025-08-18,08:24:52,114
FV2175,Rossiya,2025-06-25,03:41:03,275
UT9345,S7 Airlines,2025-01-03,12:34:29,227
SU3908,Pobeda,2024-02-20,07:19:17,202
U61568,Pobeda,2025-11-17,07:54:21,243
FV8433,Nordwind,2024-11-20,18:54:39,286
N41497,S7 Airlines,2025-03-21,23:05:15,247
S79535,Aeroflot,2025-06-25,18:28:25,271
DP7177,Utair,2025-02-09,07:46:59,208
SU1863,Rossiya,2025-11-27,10:27:27,3
FV3725,Pobeda,2025-07-18,00:15:21,5
WZ7163,Pobeda,2025-11-06,20:19:48,265
DP8101,Aeroflot,2024-05-27,01:31:50,78
FV1316,Utair,2025-11-03,18:01:14,169
S7354,Red Wings,2025-06-08,11:45:22,74
UT3864,Ural Airlines,2024-03-05,15:31:49,257
WZ8351,Utair,2025-08-08,18:56:19,278
N45623,Aeroflot,2024-07-12,23:59:39,137
U64342,Nordwind,2024-05-13,11:58:49,30
FV9516,Aeroflot,2025-05-02,20:19:21,207
SU8186,S7 Airlines,2025-05-22,09:20:32,109
U68713,Aeroflot,2024-10-24,06:42:56,268
UT3755,Rossiya,2025-01-18,17:47:18,1
SU6780,Ural Airlines,2025-02-04,11:55:22,288
SU4176,Rossiya,2024-02-08,07:40:08,230
N41628,Nordwind,2025-04-13,23:18:09,50
WZ8517,Pobeda,2024-08-22,10:36:59,59
S77495,Ural Airlines,2024-08-08,05:41:24,147
UT3200,Nordwind,2025-04-19,17:28:33,164
WZ2669,Ural Airlines,2024-09-15,10:21:55,112
WZ740,Aeroflot,2024-12-01,13:44:30,27
N42132,S7 Airlines,2025-06-10,21:28:47,85
FV7015,S7 Airlines,2025-03-18,13:48:00,119
WZ9676,Rossiya,2025-05-12,19:41:35,265
WZ354,Pobeda,2025-03-21,16:44:28,51
SU7767,Aeroflot,2024-02-11,00:11:52,200
U62900,Nordwind,2025-06-21,12:10:13,203
DP1578,Rossiya,2024-04-21,22:21:07,260
FV9083,Nordwind,2024-10-10,21:40:28,95
WZ5165,Red Wings,2025-04-05,14:58:33,123
WZ4277,Aeroflot,2025-04-02,02:26:16,243
N48816,Aeroflot,2024-02-22,14:39:45,203
U61734,S7 Airlines,2024-07-09,13:32:57,242
U62947,Nordwind,2024-01-12,05:13:47,88
UT5817,Pobeda,2024-10-19,13:42:56,184
FV4112,Rossiya,2024-06-25,10:06:30,211
U62864,Rossiya,2025-12-01,08:04:53,60
UT8254,Rossiya,2024-04-13,15:11:35,145
N45289,Rossiya,2024-02-17,12:18:16,174
U66681,Utair,2025-08-07,22:00:52,42
N43668,Rossiya,2024-11-24,03:28:21,138
WZ5795,Nordwind,2025-05-24,17:33:08,283
SU5372,Aeroflot,2025-02-16,10:55:19,284
FV4664,Utair,2024-04-16,14:14:42,24
DP5522,Rossiya,2025-06-09,16:45:23,108
DP6361,Ural Airlines,2024-11-25,06:14:46,109
N4475,S7 Airlines,2025-12-07,17:38:34,24
UT7205,Utair,2025-03-06,03:35:13,159
S75729,Rossiya,2024-09-11,19:45:46,103
S76621,Ural Airlines,2024-12-24,11:04:27,253
FV5338,Red Wings,2025-10-12,12:51:22,186
N46600,Red Wings,2024-07-27,09:10:06,125
N42285,Ural Airlines,2024-09-16,02:42:18,109
FV2319,Nordwind,2024-03-03,02:34:24,223
SU1691,Utair,2025-12-23,09:32:19,8
WZ4319,Nordwind,2024-03-11,21:34:02,179
DP8209,Utair,2024-07-24,19:12:24,174
UT3630,Ural Airlines,2025-02-05,21:47:37,182
FV5064,Ural Airlines,2024-12-13,19:14:43,223
N43504,Ural Airlines,2025-12-06,00:01:38,37
U62403,Red Wings,2025-06-21,15:42:47,133
U68361,Red Wings,2024-10-03,21:02:16,3
SU9373,Red Wings,2024-02-27,02:03:55,67
N49920,Utair,2025-04-28,21:06:04,43
SU2945,S7 Airlines,2024-08-21,08:18:54,91
N48574,Aeroflot,2025-01-07,00:56:17,210
DP3680,Nordwind,2025-03-07,07:14:17,159
U66768,Aeroflot,2025-05-15,08:53:13,82
UT2472,Utair,2024-11-16,10:02:14,249
N4379,Pobeda,2025-10-14,13:14:52,259
S78347,Utair,2025-12-19,07:36:21,256
DP5754,Aeroflot,2024-01-15,12:56:59,287
SU9290,Utair,2024-05-23,11:00:20,249
U6711,Nordwind,2024-07-15,13:49:43,26
N46997,Rossiya,2025-12-19,04:19:34,270
DP3383,Red Wings,2024-11-22,19:46:51,62
U66165,Ural Airlines,2025-03-10,23:14:55,135
S74565,Aeroflot,2025-12-21,12:26:25,257
SU4115,Ural Airlines,2024-06-22,14:23:48,280
WZ630,Aeroflot,2024-11-09,01:02:26,65
UT1637,Ural Airlines,2025-01-09,03:55:17,266
SU4562,Aeroflot,2024-04-12,14:27:51,79
U64736,S7 Airlines,2024-06-26,23:05:36,97
FV2099,Nordwind,2024-10-28,22:58:35,52
U63072,Utair,2025-03-23,05:02:10,59
DP5440,Ural Airlines,2024-09-18,12:09:14,122
FV4175,Ural Airlines,2024-06-16,17:25:14,140
N44698,Pobeda,2024-12-24,13:27:12,285
DP1254,Pobeda,2025-06-25,02:08:34,248
DP6821,Rossiya,2025-08-14,08:15:01,105
N49686,S7 Airlines,2025-03-12,22:26:54,242
N49242,Rossiya,2024-12-21,01:06:36,251
FV6429,Nordwind,2025-07-24,20:49:19,38
U65030,Pobeda,2025-11-27,10:50:15,74
DP8840,S7 Airlines,2024-07-12,07:42:59,250
S7704,Ural Airlines,2025-06-06,23:54:09,175
FV6870,Pobeda,2025-02-07,16:57:08,290
UT5778,Red Wings,2025-06-06,01:21:51,153
DP2163,S7 Airlines,2024-02-24,20:23:09,243
U64425,Rossiya,2024-10-13,01:07:37,141
FV3026,S7 Airlines,2024-03-11,19:14:31,233
UT1574,Ural Airlines,2025-04-17,12:31:10,270
N41319,Rossiya,2024-09-07,07:28:45,232
FV6088,Pobeda,2024-05-26,02:10:12,250
FV8469,Pobeda,2025-12-04,02:55:28,226
DP2092,Nordwind,2025-12-24,04:17:28,11
UT6173,Nordwind,2024-11-23,02:49:13,30
UT2020,Nordwind,2024-02-12,18:35:10,178
N48202,Ural Airlines,2024-03-26,20:03:33,21
U62113,Pobeda,2024-05-13,20:33:31,75
S74284,Pobeda,2025-10-16,07:49:19,78
DP9068,Aeroflot,2025-08-03,21:40:11,163
FV1290,Aeroflot,2024-01-12,05:53:49,288
S74010,S7 Airlines,2024-01-13,23:39:40,216
UT5372,Pobeda,2025-05-26,16:50:30,300
WZ1673,Nordwind,2025-12-21,08:50:02,25
U61217,Rossiya,2025-07-26,12:12:15,270
N45395,Aeroflot,2024-04-27,21:05:56,47
DP6508,S7 Airlines,2024-03-02,19:10:18,26
SU6057,S7 Airlines,2025-01-12,22:56:34,218
WZ4104,Utair,2024-01-23,20:48:52,243
S7367,Pobeda,2024-12-25,12:11:26,216
U62090,Aeroflot,2024-10-03,08:33:41,113
FV5940,S7 Airlines,2024-03-18,14:25:12,43
UT8485,Nordwind,2024-08-13,01:46:31,162
UT1196,Rossiya,2024-01-19,06:04:28,50
SU6493,Utair,2025-08-13,16:05:27,259
DP6081,Rossiya,2024-02-11,09:47:58,97
WZ2722,S7 Airlines,2025-12-26,04:45:56,85
U66536,S7 Airlines,2025-12-24,09:54:44,190
S73867,Nordwind,2025-03-12,03:08:54,284
N42116,Ural Airlines,2024-06-02,05:22:44,179
SU9412,Nordwind,2024-05-22,09:02:10,124
UT8266,Rossiya,2024-09-12,01:07:42,215
FV1715,Rossiya,2025-05-19,20:25:37,66
UT2250,S7 Airlines,2025-02-18,18:51:19,159
S72455,Utair,2024-12-06,10:07:42,210
FV3239,Rossiya,2025-04-24,17:21:27,288
N48118,Pobeda,2025-04-13,09:23:52,207
SU7888,Ural Airlines,2025-04-24,16:03:21,163
DP4166,Pobeda,2024-08-17,04:49:16,87
DP5255,Ural Airlines,2025-06-11,18:55:43,166
S76847,Aeroflot,2024-11-17,20:57:32,260
N42141,Rossiya,2024-03-08,19:23:11,37
S78395,S7 Airlines,2024-06-05,16:39:26,161
SU3031,Nordwind,2024-10-04,04:23:15,86
FV1049,Pobeda,2024-10-04,08:16:05,42
N41831,Red Wings,2025-05-12,12:32:21,155
U6712,S7 Airlines,2024-01-12,09:22:20,86
N43718,Aeroflot,2024-08-08,00:27:48,44
S72199,Utair,2025-10-21,02:35:15,217
UT9130,Utair,2024-12-19,09:59:11,281
UT193,Red Wings,2024-11-09,06:24:40,58
UT8509,Ural Airlines,2024-08-16,16:00:40,288
U61749,Ural Airlines,2025-03-19,06:19:03,58
U65738,Pobeda,2025-11-08,22:54:08,223
U67980,Pobeda,2024-05-15,09:03:54,222
S77870,Aeroflot,2024-12-05,18:01:15,53
WZ177,Rossiya,2025-11-11,22:12:56,218
N45287,Ural Airlines,2024-02-15,06:27:26,277
WZ4304,Utair,2025-08-05,01:49:03,197
N42775,S7 Airlines,2024-10-27,19:37:22,150
DP248,Pobeda,2025-05-10,04:35:17,283
N48898,Ural Airlines,2024-03-21,06:07:59,58
N46087,Utair,2025-08-26,18:57:06,171
FV2069,Aeroflot,2024-09-17,04:55:21,143
SU9510,Red Wings,2024-03-02,11:09:52,50
N41099,Red Wings,2024-06-01,16:49:49,248
FV4722,Pobeda,2024-09-22,03:58:39,291
FV496,Pobeda,2024-10-21,02:35:25,224
WZ6679,S7 Airlines,2025-12-08,16:46:14,72
WZ285,Aeroflot,2025-11-17,12:42:31,95
U65899,Pobeda,2025-04-06,10:33:16,231
WZ9504,Utair,2024-12-19,03:43:58,82
DP8728,Ural Airlines,2024-04-07,15:48:57,281
UT5104,Pobeda,2024-11-08,19:27:24,233
DP6116,Ural Airlines,2025-03-27,12:10:46,52
S74386,Utair,2024-05-04,14:19:33,95
U62253,S7 Airlines,2025-07-03,06:53:52,19
WZ5559,Utair,2025-05-11,08:50:10,39
WZ3096,Red Wings,2024-11-01,16:49:44,216
WZ4303,Ural Airlines,2024-05-21,23:30:58,267
FV8384,Utair,2024-05-21,15:04:16,298
UT6429,Aeroflot,2025-09-21,00:21:00,292
N4475,Pobeda,2024-10-23,11:34:01,145
DP6048,S7 Airlines,2025-01-28,01:34:06,165
SU1249,Aeroflot,2025-06-03,10:45:58,98
S78993,Pobeda,2024-01-19,14:43:30,233
UT8714,S7 Airlines,2024-05-20,01:25:44,161
FV148,Red Wings,2024-06-10,00:56:13,80
S71129,Ural Airlines,2024-10-13,00:59:48,127
N47395,Utair,2025-05-05,18:20:09,0
SU6014,S7 Airlines,2025-09-16,00:37:07,245
FV3539,Rossiya,2024-08-19,05:42:38,282
UT1585,Nordwind,2024-04-24,17:57:31,89
N46894,Nordwind,2025-03-15,23:28:49,62
SU9628,Aeroflot,2024-01-11,13:24:01,4
U61849,Red Wings,2025-02-05,17:01:21,182
S73792,Pobeda,2025-08-22,04:05:01,196
DP2084,Pobeda,2025-03-12,04:59:39,286
WZ5446,Rossiya,2025-08-28,02:04:04,162
WZ176,Utair,2025-05-10,09:44:17,198
UT3256,Nordwind,2024-09-25,20:32:54,78
FV920,Rossiya,2025-03-08,11:01:37,12
FV457,Aeroflot,2024-04-06,04:13:07,71
FV4206,Utair,2024-12-18,14:24:03,286
N44056,Pobeda,2024-03-10,01:44:41,280
DP8036,Red Wings,2024-11-28,13:40:41,140
S71286,S7 Airlines,2024-11-27,20:43:13,166
DP8267,Ural Airlines,2025-04-10,03:43:32,77
N4949,Ural Airlines,2024-07-01,04:01:26,27
UT3827,S7 Airlines,2025-04-04,01:00:14,101
S71901,S7 Airlines,2024-07-27,03:58:19,291
UT1074,Pobeda,2025-06-06,02:51:58,41
U64305,Pobeda,2025-02-13,20:29:09,286
WZ533,Utair,2024-07-13,04:00:39,170
S74150,Ural Airlines,2025-05-20,17:43:09,58
DP1577,S7 Airlines,2025-02-10,10:15:45,150
UT7266,Aeroflot,2025-05-25,12:09:35,6
UT1192,Ural Airlines,2025-09-02,17:29:30,222
U67702,Ural Airlines,2025-10-06,21:01:44,135
U69667,Aeroflot,2025-05-09,08:40:34,94
SU1222,Nordwind,2024-11-06,12:44:58,185
S79892,Rossiya,2024-07-13,22:35:06,94
UT5508,Pobeda,2025-03-19,06:22:07,134
S75286,Ural Airlines,2024-04-17,22:37:17,214
WZ3512,Ural Airlines,2024-11-22,01:02:06,214
S74309,Red Wings,2025-02-06,20:26:03,210
FV4306,Aeroflot,2025-06-04,00:51:04,1
FV7138,S7 Airlines,2024-09-10,22:58:58,104
SU5928,Ural Airlines,2025-08-28,18:45:14,23
FV3241,Aeroflot,2024-04-14,20:03:15,237
DP6787,Utair,2024-11-02,07:27:20,241
N43778,Aeroflot,2024-05-17,17:03:58,204
DP6912,Ural Airlines,2025-11-17,03:18:53,39
SU6258,S7 Airlines,2024-11-05,07:42:52,1
DP4436,Pobeda,2024-09-15,21:16:38,17
U69404,Utair,2024-03-15,04:15:08,297
WZ162,Nordwind,2024-08-20,09:36:33,62
U6875,Ural Airlines,2024-10-10,08:49:47,148
N46450,Pobeda,2025-05-04,14:28:26,283
FV2063,Ural Airlines,2024-09-27,01:32:21,258
SU1263,Utair,2025-09-02,10:04:29,259
S7459,Rossiya,2024-04-25,22:27:43,105
U66910,Pobeda,2025-11-20,05:49:33,134
SU7547,S7 Airlines,2024-11-28,21:24:00,264
SU4700,Rossiya,2024-06-26,18:27:04,171
WZ5901,Rossiya,2024-04-05,00:48:21,211
SU7738,Rossiya,2025-10-19,22:11:55,182
DP4964,Nordwind,2024-12-14,13:03:28,33
WZ9792,Ural Airlines,2024-08-19,10:04:19,16
WZ9688,Ural Airlines,2024-02-25,11:55:21,193
SU4399,Rossiya,2024-11-05,11:49:06,118
UT7531,Pobeda,2024-12-02,15:40:54,2
DP5606,S7 Airlines,2024-12-10,00:29:36,225
FV1435,Aeroflot,2024-06-02,15:41:05,154
N47334,Utair,2025-01-12,02:29:12,138
DP674,Rossiya,2024-07-15,09:19:05,78
DP4304,S7 Airlines,2024-11-01,04:59:13,7
S79798,Nordwind,2025-10-09,19:31:50,205
WZ7656,Nordwind,2025-09-22,22:35:31,71
DP1256,Rossiya,2025-02-03,14:48:37,49
FV1687,Utair,2025-10-12,11:31:22,18
S73553,S7 Airlines,2024-07-05,12:34:22,257
S76560,Ural Airlines,2025-10-01,08:52:20,224
U62236,Ural Airlines,2025-06-20,22:52:45,268
FV4024,Utair,2025-12-21,03:35:23,112
SU9131,Nordwind,2025-02-20,15:54:13,212
SU2282,Aeroflot,2025-05-28,04:26:23,124
UT845,Rossiya,2025-04-17,10:29:04,47
UT1748,S7 Airlines,2024-09-17,16:13:15,44
WZ5357,Pobeda,2025-05-07,04:54:36,134
S77438,Rossiya,2025-04-05,10:18:09,263
UT7106,Ural Airlines,2024-05-04,20:07:10,76
UT2962,Utair,2024-05-14,01:26:08,18
S76932,Ural Airlines,2024-10-09,21:21:25,294
U67530,Pobeda,2025-11-11,17:28:05,50
FV8997,Utair,2024-02-13,15:27:24,244
S71890,Ural Airlines,2024-03-16,21:57:03,0
SU3264,Nordwind,2025-06-22,08:16:12,9
N46162,Utair,2024-02-09,13:58:27,137
U61910,Red Wings,2024-12-13,05:10:39,6
SU1624,Aeroflot,2024-08-21,14:01:45,219
SU3193,Aeroflot,2025-06-13,23:39:20,228
N44641,Pobeda,2024-12-15,10:16:53,84
DP5529,Nordwind,2025-12-08,07:48:07,62
SU5623,Nordwind,2025-08-17,17:50:41,129
UT6226,Utair,2024-11-11,07:55:31,246
S7817,Utair,2024-03-20,00:57:30,253
N44486,Red Wings,2024-06-22,20:42:26,28
FV7845,Aeroflot,2024-07-08,23:26:17,12
SU5592,Red Wings,2025-03-17,17:01:22,278
DP3252,Utair,2025-10-17,18:01:54,32
S79951,Red Wings,2025-10-03,01:19:00,20
U65045,S7 Airlines,2024-10-09,23:35:30,85
FV637,Nordwind,2024-10-28,09:33:46,282
UT438,Nordwind,2024-04-16,03:48:33,38
WZ3384,Aeroflot,2024-02-16,06:00:29,120
DP9353,Nordwind,2025-07-03,19:26:59,32
UT957,Aeroflot,2025-01-18,15:53:38,105
WZ4153,Nordwind,2024-02-15,12:42:51,136
UT8077,Nordwind,2024-12-04,18:27:46,130
WZ2742,Ural Airlines,2024-02-16,15:26:00,3
WZ9842,Pobeda,2025-10-24,01:10:46,257
SU8149,Nordwind,2024-10-17,13:40:55,124
FV6343,Pobeda,2024-11-16,05:52:32,238
WZ3760,Ural Airlines,2024-02-03,14:44:07,1
UT2757,Utair,2024-01-19,00:03:12,62
DP8783,Utair,2024-09-06,09:06:45,215
UT8052,Nordwind,2024-05-14,14:23:41,216
S72076,Red Wings,2025-01-08,20:57:36,47
S77508,Aeroflot,2025-11-01,03:56:16,132
S72986,Nordwind,2025-05-24,14:19:27,64
UT2730,Red Wings,2025-11-03,13:01:38,228
WZ9331,Rossiya,2025-03-07,03:50:56,87
SU8838,Utair,2024-03-25,06:30:19,165
FV5244,Pobeda,2024-01-02,09:08:56,53
SU9578,Red Wings,2024-10-14,20:57:35,89
S71994,Nordwind,2025-02-26,12:15:48,148
S76297,Rossiya,2024-02-13,05:17:05,143
U67095,Red Wings,2025-08-26,12:40:03,212
UT3991,Utair,2025-12-02,09:36:16,203
U6779,Rossiya,2024-08-21,04:03:31,242
WZ2451,Aeroflot,2024-02-05,15:52:08,72
N43264,Red Wings,2025-03-25,12:05:12,74
DP2914,Ural Airlines,2025-03-27,10:02:01,100
N45801,S7 Airlines,2025-06-04,19:36:07,182
U63491,Red Wings,2025-01-19,01:37:55,58
DP4342,Pobeda,2024-05-25,00:20:37,194
S75304,Ural Airlines,2024-04-28,19:49:40,157
U67432,Aeroflot,2025-10-24,12:59:44,129
S77988,Pobeda,2025-06-27,18:20:40,185
N45439,Pobeda,2024-09-15,18:24:36,191
SU5213,Aeroflot,2024-06-19,11:45:13,196
DP3568,Aeroflot,2025-05-10,02:20:05,193
UT4771,Aeroflot,2025-10-23,08:58:37,279
UT993,Nordwind,2024-04-18,19:54:21,100
SU3177,Aeroflot,2024-03-05,08:08:35,229
U62458,Ural Airlines,2024-11-19,20:04:35,201
U66820,Utair,2025-08-14,04:04:58,71
SU5988,Red Wings,2025-06-02,21:23:30,182
N44092,Aeroflot,2024-12-05,02:34:53,239
WZ4941,Nordwind,2025-11-18,10:55:00,137
S74955,Utair,2025-05-12,17:21:29,93
N44073,Ural Airlines,2025-12-19,07:27:50,75
FV8594,Pobeda,2025-08-19,16:42:29,272
U67512,Red Wings,2024-10-27,16:06:01,65
UT242,Nordwind,2024-07-11,00:25:57,130
S74897,S7 Airlines,2025-04-19,19:24:29,251
SU6236,Pobeda,2025-04-15,18:12:29,88
WZ1529,Ural Airlines,2024-10-17,16:13:52,77
N4983,Ural Airlines,2024-01-05,04:55:34,233
U67155,Pobeda,2025-11-19,04:21:12,196
FV8773,Rossiya,2024-08-12,21:40:38,298
SU7669,Nordwind,2025-09-21,17:24:29,270
SU951,Aeroflot,2025-02-12,02:13:40,113
SU2309,Pobeda,2025-10-24,10:01:55,279
UT1155,Red Wings,2024-01-28,23:00:55,19
UT3880,Rossiya,2024-02-19,09:30:11,30
WZ4527,Red Wings,2025-08-17,00:50:03,62
DP6543,Nordwind,2025-06-12,18:25:11,170
WZ230,Rossiya,2024-01-20,02:21:45,102
DP7728,Ural Airlines,2025-11-18,20:58:32,261
WZ2397,S7 Airlines,2024-05-24,18:06:14,139
U61483,Nordwind,2024-09-19,00:48:10,120
SU6863,Aeroflot,2024-05-19,19:23:47,10
U69552,Rossiya,2025-09-09,15:46:35,243
FV1152,Utair,2024-05-02,00:24:45,202
WZ4421,Aeroflot,2024-02-01,07:32:39,200
S79179,Nordwind,2025-04-24,15:45:23,68
FV8996,S7 Airlines,2024-12-19,09:27:42,258
FV6951,Pobeda,2025-08-06,06:31:31,54
S76931,S7 Airlines,2025-04-16,21:31:26,229
U64120,Red Wings,2025-08-24,13:11:35,61
FV5380,Red Wings,2024-05-09,00:24:44,248
SU8692,Pobeda,2024-04-27,21:09:15,3
WZ6562,Nordwind,2024-02-08,15:46:39,38
U6138,S7 Airlines,2024-07-19,08:50:57,259
UT4406,S7 Airlines,2025-10-17,14:53:06,219
DP3788,Nordwind,2025-12-07,21:34:47,37
UT4350,Ural Airlines,2025-10-23,21:21:05,81
DP3792,Pobeda,2025-06-13,20:06:27,257
DP3879,Pobeda,2024-08-16,01:04:41,145
DP8895,Ural Airlines,2025-12-14,11:13:27,234
FV3045,S7 Airlines,2024-01-12,19:57:56,97
UT4080,S7 Airlines,2025-12-10,10:15:42,91
FV5798,Red Wings,2024-11-22,10:20:37,80
WZ2242,Nordwind,2025-06-08,14:32:32,218
U65449,Nordwind,2024-07-23,18:42:40,47
SU6047,Rossiya,2024-10-04,20:58:52,196
WZ5620,Rossiya,2024-03-10,02:56:16,287
FV2593,Ural Airlines,2024-02-06,19:56:41,159
WZ8415,Aeroflot,2024-03-27,15:40:22,263
WZ1172,Nordwind,2025-03-23,06:40:02,146
N42103,Utair,2025-09-24,04:52:17,276
FV746,Utair,2024-05-17,17:35:35,150
DP5342,Aeroflot,2024-08-04,02:52:21,96
SU4618,S7 Airlines,2025-08-21,01:19:20,32
WZ1670,Ural Airlines,2024-12-27,07:25:46,157
SU4313,Aeroflot,2024-07-21,03:04:18,243
S79907,Ural Airlines,2024-01-22,17:59:56,275
WZ5885,Utair,2024-03-07,02:02:32,170
SU5560,Pobeda,2024-10-19,07:25:59,32
N46861,S7 Airlines,2024-09-05,18:39:05,20
U64012,S7 Airlines,2024-03-28,07:58:30,14
UT2288,Pobeda,2024-02-05,18:16:29,0
N42160,Ural Airlines,2025-11-21,13:15:29,34
DP5442,Aeroflot,2025-12-01,18:42:52,149
DP7610,Red Wings,2025-12-01,15:56:07,230
WZ9862,S7 Airlines,2024-06-28,22:07:05,11
N48595,Red Wings,2024-09-01,23:04:44,79
S79625,Ural Airlines,2025-08-19,10:40:50,277
DP6437,Aeroflot,2025-08-22,01:06:30,268
DP6619,Utair,2025-12-23,08:57:01,285
WZ8431,S7 Airlines,2025-02-07,09:28:25,21
FV1664,Aeroflot,2024-10-07,15:18:10,262
WZ4541,Nordwind,2025-07-15,02:57:42,12
N4820,Nordwind,2025-02-17,05:10:43,60
DP4429,Pobeda,2025-01-05,18:41:42,58
SU6926,Utair,2025-10-26,07:52:07,194
WZ3437,Rossiya,2024-07-02,22:44:47,30
U67314,Ural Airlines,2024-09-14,20:03:46,267
SU7402,Rossiya,2025-11-28,06:33:15,94
WZ9948,S7 Airlines,2025-05-20,03:47:42,38
N4594,Aeroflot,2025-11-04,06:26:24,16
SU9486,Ural Airlines,2024-10-28,11:04:21,83
UT9068,Pobeda,2025-06-15,10:49:31,17
FV7095,S7 Airlines,2025-01-09,13:18:42,225
S72280,Aeroflot,2025-09-02,05:57:41,131
FV9179,Pobeda,2025-01-26,15:06:55,100
WZ1897,Rossiya,2024-12-23,13:23:19,27
S74692,Pobeda,2024-02-03,10:24:42,235
U67952,Nordwind,2025-01-25,23:27:29,37
SU208,Rossiya,2024-11-24,11:35:13,81
SU9098,Pobeda,2024-07-17,13:06:46,119
DP9055,Rossiya,2024-11-25,12:30:28,273
UT1729,Utair,2024-10-02,01:27:56,196
FV4431,Pobeda,2024-03-25,13:43:48,71
SU3640,Red Wings,2025-11-14,22:18:49,226
DP400,Utair,2025-06-19,11:48:27,104
N4891,Nordwind,2025-05-23,04:20:24,52
U66805,Nordwind,2025-04-11,00:28:10,264
DP8454,Pobeda,2025-02-11,01:26:56,93
S71477,Nordwind,2025-06-19,17:58:13,238
FV6157,Utair,2024-01-14,01:48:41,161
FV6667,S7 Airlines,2024-07-12,16:48:34,285
DP1754,Nordwind,2024-09-18,21:20:54,123
UT4336,Rossiya,2025-07-22,02:58:22,255
S71333,Pobeda,2025-04-09,01:04:49,275
UT2954,Red Wings,2024-09-09,03:22:27,97
FV5940,Aeroflot,2024-08-28,18:37:36,116
FV5821,S7 Airlines,2025-06-10,20:30:25,147
N49644,Red Wings,2025-08-08,15:15:40,216
WZ2276,Pobeda,2024-11-21,19:09:22,54
U6923,Rossiya,2024-08-21,14:51:45,201
U62703,Pobeda,2024-02-06,01:21:00,112
SU4737,Rossiya,2024-10-27,14:55:11,89
S75200,Red Wings,2025-07-08,02:14:42,197
SU795,Aeroflot,2024-11-18,21:09:41,295
WZ2755,S7 Airlines,2024-10-10,01:55:22,26
WZ6618,Utair,2024-05-03,13:31:44,5
UT6888,Pobeda,2024-03-01,02:36:33,298
FV9458,Ural Airlines,2024-10-18,12:27:06,153
FV269,Utair,2024-03-01,00:13:32,81
S72098,S7 Airlines,2024-02-07,04:57:36,226
WZ3677,Pobeda,2025-11-13,18:37:51,71
S74762,Aeroflot,2024-08-15,21:37:27,23
N41268,Pobeda,2025-02-11,08:23:32,259
U65832,S7 Airlines,2025-07-24,16:26:03,205
U6982,Ural Airlines,2024-05-05,09:51:05,4
N44472,Red Wings,2025-01-17,03:17:21,247
FV9652,Aeroflot,2025-01-14,17:48:50,17
U61632,S7 Airlines,2025-10-01,21:00:41,50
FV7786,Red Wings,2024-05-14,02:04:56,130
WZ6692,Rossiya,2025-09-10,12:11:01,49
FV9471,Rossiya,2024-05-25,23:47:33,80
S78108,S7 Airlines,2025-10-07,12:31:21,62
FV5880,Aeroflot,2025-05-23,03:56:05,106
S78629,Ural Airlines,2024-01-23,05:45:08,106
SU7207,Nordwind,2025-09-03,14:38:55,230
DP7254,Nordwind,2025-06-12,05:27:58,269
SU6372,Utair,2024-01-13,06:56:58,54
S72880,Rossiya,2025-07-18,08:32:35,298
UT9402,Nordwind,2025-03-16,04:34:19,295
N48910,Utair,2024-02-10,14:57:59,199
UT675,S7 Airlines,2025-03-02,22:51:17,11
U67200,Pobeda,2025-10-16,18:23:28,187
U68323,Ural Airlines,2024-07-23,08:12:38,224
S71716,Red Wings,2025-10-22,17:13:57,221
UT9376,Red Wings,2025-12-19,14:44:45,257
FV8824,Pobeda,2024-09-24,01:09:49,126
WZ3518,Ural Airlines,2024-11-15,19:42:41,15
UT7291,Ural Airlines,2025-11-13,01:35:41,78
U68579,S7 Airlines,2025-11-23,19:44:09,184
UT1931,Rossiya,2025-04-24,12:17:07,161
WZ4701,Rossiya,2025-09-08,01:23:21,266
N44423,Red Wings,2024-06-23,06:30:50,260
DP7709,S7 Airlines,2024-06-05,06:24:50,189
U69674,Nordwind,2025-05-21,04:03:39,57
N44702,Nordwind,2024-05-20,18:18:04,237
U69463,Utair,2024-10-25,04:24:37,79
FV8809,Aeroflot,2024-07-15,05:55:51,257
N4694,Ural Airlines,2025-03-06,07:01:46,68
U69087,Ural Airlines,2024-05-23,17:03:35,43
WZ323,Nordwind,2025-03-12,04:47:23,286
WZ3189,S7 Airlines,2025-02-03,11:53:10,128
S77562,S7 Airlines,2024-09-07,01:43:37,48
UT4513,S7 Airlines,2025-09-25,18:09:01,291
U67505,Utair,2024-01-19,19:03:06,153
SU2629,S7 Airlines,2024-07-17,01:01:57,270
N42111,Rossiya,2025-06-16,06:07:36,23
S74923,Aeroflot,2025-11-04,00:52:12,65
FV7924,Utair,2024-09-13,06:39:58,27
FV9521,Red Wings,2024-02-08,08:07:10,195
DP3183,Aeroflot,2024-03-03,02:36:13,58
S7822,Aeroflot,2024-04-16,21:05:17,252
WZ3748,Red Wings,2024-03-22,04:47:26,211
U65431,Rossiya,2025-11-19,19:54:24,264
SU9437,Aeroflot,2025-10-02,05:48:41,161
WZ8728,Ural Airlines,2025-07-24,01:58:14,192
S71208,Pobeda,2025-12-21,14:31:23,68
FV2851,Pobeda,2025-02-17,14:38:38,210
WZ2474,Red Wings,2024-09-10,21:02:20,21
S71514,Rossiya,2025-06-01,10:14:22,31
S79465,Nordwind,2024-04-01,06:11:06,98
DP1340,Utair,2024-07-24,00:35:02,10
S71579,Ural Airlines,2025-09-20,01:23:38,282
N43539,Utair,2025-05-24,20:11:30,111
UT1625,Red Wings,2024-03-25,12:55:19,110
UT5915,Rossiya,2024-11-21,17:43:21,228
N4516,Pobeda,2025-01-02,15:15:29,8
WZ6028,Utair,2024-06-23,14:33:19,93
S76672,Utair,2024-03-22,12:17:55,50
SU7467,Red Wings,2025-07-27,15:29:18,34
S74013,Utair,2024-01-05,01:01:08,231
DP3387,Red Wings,2024-08-26,15:45:43,175
WZ5617,Ural Airlines,2025-08-20,06:03:26,155
WZ5847,Ural Airlines,2025-03-22,17:55:56,159
N43173,Nordwind,2025-02-17,03:16:26,58
UT6544,Pobeda,2025-04-03,19:42:06,257
U66703,Pobeda,2025-03-15,21:13:36,212
SU2301,Nordwind,2024-01-08,12:14:10,111
WZ6310,Rossiya,2025-08-12,01:09:52,138
FV8649,Nordwind,2024-10-23,10:50:19,168
S72356,Rossiya,2025-10-18,14:58:39,61
UT7686,Rossiya,2024-09-07,05:40:57,190
DP2658,S7 Airlines,2025-09-14,19:12:32,10
U67583,S7 Airlines,2025-07-03,23:43:03,15
FV4291,Nordwind,2025-06-18,21:05:08,243
N46978,S7 Airlines,2024-06-12,02:22:23,150
FV5171,Pobeda,2024-10-21,16:17:59,83
DP5595,Red Wings,2025-10-23,12:45:42,32
DP331,Red Wings,2024-10-27,12:24:56,165
N43529,S7 Airlines,2024-03-25,09:35:21,58
DP8305,Red Wings,2025-04-11,14:36:20,140
WZ9485,Rossiya,2025-10-17,08:45:30,234
N47869,Aeroflot,2025-02-19,21:31:52,38
SU4146,S7 Airlines,2024-09-15,16:22:52,142
UT7296,Utair,2024-07-13,16:57:00,36
WZ2264,Ural Airlines,2024-11-02,16:57:47,76
S71373,Pobeda,2024-05-23,12:19:06,43
N4634,Red Wings,2025-10-25,23:40:04,67
U69972,Rossiya,2024-02-16,07:28:31,57
S79930,S7 Airlines,2024-02-08,04:33:56,157
U61827,Rossiya,2025-06-09,18:46:22,94
U68414,Rossiya,2025-10-27,05:56:25,259
WZ7986,S7 Airlines,2025-11-12,20:50:06,66
S76783,Red Wings,2025-07-22,06:00:58,189
FV9194,Aeroflot,2024-11-10,08:31:51,152
SU5112,Utair,2025-08-21,10:35:46,219
FV1320,Nordwind,2024-02-27,15:16:51,75
DP8267,Nordwind,2025-12-15,13:30:17,190
WZ6424,Rossiya,2024-03-22,20:51:23,76
U61498,Rossiya,2024-12-15,22:19:32,62
S76703,S7 Airlines,2025-11-07,05:33:17,24
S71021,Utair,2024-01-24,12:46:19,37
S71436,Nordwind,2024-01-15,15:25:41,166
WZ7203,Pobeda,2025-04-06,17:08:23,237
FV4341,Aeroflot,2025-10-25,20:47:41,134
SU1219,Rossiya,2025-05-06,09:07:04,215
WZ2333,Ural Airlines,2024-08-20,04:43:05,224
SU976,Ural Airlines,2024-03-26,14:19:30,227
UT9790,S7 Airlines,2024-01-14,13:02:36,100
WZ7050,Nordwind,2025-12-01,16:56:05,103
UT1065,Red Wings,2024-09-21,19:37:12,217
N48076,S7 Airlines,2025-11-08,01:27:20,56
WZ2867,Rossiya,2025-05-03,18:51:48,37
DP1475,S7 Airlines,2025-01-09,06:05:55,9
N49059,Red Wings,2025-11-16,16:30:53,103
N48133,Rossiya,2025-09-01,05:52:01,85
S72267,Ural Airlines,2025-03-28,16:41:13,275
U68718,Nordwind,2024-01-22,08:57:56,41
U67569,Ural Airlines,2025-03-17,07:34:41,68
N43201,Ural Airlines,2025-08-06,09:01:11,122
N49857,Pobeda,2025-07-26,10:46:44,27
UT6885,Rossiya,2025-11-25,05:38:47,67
WZ2989,S7 Airlines,2024-09-05,12:59:38,268
N47933,Pobeda,2024-04-24,05:29:36,88
FV7966,S7 Airlines,2025-12-07,05:33:15,147
WZ7207,Utair,2025-05-14,04:28:51,283
FV3648,Rossiya,2024-04-09,06:17:33,84
WZ1114,Rossiya,2025-10-28,21:29:30,229
WZ2786,Ural Airlines,2024-12-13,20:33:59,286
DP2660,Rossiya,2024-05-19,01:07:51,81
DP6561,Aeroflot,2025-03-12,16:14:40,91
N42523,S7 Airlines,2024-12-25,05:21:29,2
DP9685,Pobeda,2024-09-10,13:32:17,58
FV1141,Aeroflot,2025-07-27,20:04:06,137
DP5887,Rossiya,2025-05-22,04:12:08,291
FV7744,Rossiya,2025-07-04,12:06:13,52
DP778,Ural Airlines,2024-12-11,16:20:29,299
WZ2812,Pobeda,2025-04-14,01:07:03,6
N41615,Pobeda,2025-02-02,16:20:36,133
DP6244,Ural Airlines,2024-10-04,19:43:14,79
N44351,Rossiya,2024-09-11,18:12:02,281
N41917,Utair,2024-08-14,05:19:48,230
FV7511,Red Wings,2024-02-02,09:04:15,122
N47073,Rossiya,2025-08-13,19:06:08,100
UT6065,Nordwind,2025-03-13,01:35:51,177
SU6055,Ural Airlines,2025-12-12,08:15:24,295
UT9121,Pobeda,2024-03-11,10:26:23,228
FV6192,Rossiya,2025-07-18,11:29:24,131
DP9870,Ural Airlines,2024-11-02,09:55:29,204
UT492,Nordwind,2025-02-23,03:47:17,140
UT8900,S7 Airlines,2025-02-10,04:47:11,274
U61573,Ural Airlines,2024-12-21,23:04:10,269
FV9771,Utair,2024-02-18,17:15:16,159
U65340,Pobeda,2024-02-03,09:11:08,205
U67312,Red Wings,2024-12-08,13:36:00,274
S77628,Aeroflot,2024-01-20,07:26:59,33
SU357,Red Wings,2024-06-06,06:16:43,157
WZ2479,Pobeda,2024-08-24,13:01:05,157
FV4090,Red Wings,2024-09-03,06:53:15,65
S76827,Aeroflot,2025-10-03,20:10:58,112
U68266,Ural Airlines,2025-03-27,08:00:44,116
DP6936,Aeroflot,2025-12-13,20:05:52,63
UT4711,Rossiya,2024-10-27,17:27:03,228
SU9985,Nordwind,2024-09-11,13:06:10,220
DP4569,Pobeda,2024-06-09,06:03:58,179
U63744,Pobeda,2025-03-12,06:00:09,110
DP8308,S7 Airlines,2024-04-19,14:29:33,279
WZ6248,Red Wings,2024-10-26,10:58:42,114
S7902,S7 Airlines,2024-06-22,20:23:14,110
UT6429,Red Wings,2025-09-18,10:37:15,146
N46439,Nordwind,2025-08-13,10:41:41,32
DP4510,Aeroflot,2025-05-04,05:24:08,144
N48997,Aeroflot,2025-01-05,01:03:49,56
UT1457,Rossiya,2024-02-11,03:04:56,241
SU3771,Nordwind,2025-11-25,16:38:10,213
S73195,Red Wings,2024-01-05,14:32:59,37
FV3770,S7 Airlines,2024-08-15,19:05:08,227
FV1189,Rossiya,2025-12-16,17:24:19,7
WZ8125,Pobeda,2024-09-15,00:51:17,202
SU318,Ural Airlines,2025-09-03,09:36:03,166
N48185,Aeroflot,2025-05-12,16:02:15,248
N48426,Pobeda,2024-06-16,03:04:09,111
N49197,Utair,2025-09-22,06:17:55,203
UT1490,Red Wings,2025-11-03,04:24:27,202
N42392,Aeroflot,2024-06-20,03:14:19,81
U6523,Rossiya,2025-04-10,09:44:27,59
N44382,Rossiya,2025-08-09,09:18:43,178
SU3238,Nordwind,2025-10-19,04:07:05,145
S7576,Ural Airlines,2025-11-16,22:25:15,76
SU8338,Utair,2025-03-24,05:03:35,38
S74120,Utair,2024-06-26,14:46:38,298
SU3435,S7 Airlines,2024-04-16,04:13:17,177
N44528,Pobeda,2025-04-09,14:34:29,67
DP7464,Nordwind,2024-11-11,03:35:48,232
FV8262,Rossiya,2024-01-03,05:30:13,69
SU4564,Utair,2024-08-24,07:50:08,224
FV6406,Rossiya,2025-12-22,06:42:47,243
FV1315,Utair,2024-02-20,12:58:54,11
WZ597,Red Wings,2024-02-19,02:50:58,252
N44926,Rossiya,2025-08-07,06:20:47,80
DP2750,Red Wings,2025-12-25,17:43:08,181
FV2991,Utair,2024-04-07,11:53:33,258
U69358,Utair,2024-08-21,08:52:31,171
UT5122,S7 Airlines,2025-06-28,02:56:56,180
SU428,Aeroflot,2024-06-22,21:05:03,158
U65702,Nordwind,2024-11-27,18:49:41,17
U67436,Red Wings,2025-01-02,02:47:54,50
SU4774,Aeroflot,2024-08-16,18:26:12,103
FV7516,Rossiya,2024-03-06,11:36:15,173
FV5138,S7 Airlines,2025-10-06,09:24:43,283
WZ4648,S7 Airlines,2025-04-24,16:27:11,138
DP3514,Red Wings,2025-07-12,02:04:21,79
S71217,S7 Airlines,2025-05-03,20:11:20,91
N46071,Aeroflot,2025-06-24,14:30:43,174
S74913,Nordwind,2025-06-09,00:26:48,294
DP5400,Rossiya,2024-09-19,23:16:11,241
SU6312,Red Wings,2024-03-04,15:02:43,36
U61160,Utair,2024-05-11,23:25:06,260
SU6554,Ural Airlines,2025-02-19,15:02:28,6
SU2839,Rossiya,2024-04-15,12:00:25,211
DP4287,Rossiya,2024-08-20,13:51:07,287
WZ1053,Aeroflot,2024-12-09,18:02:26,248
FV8819,Nordwind,2024-04-03,00:25:22,265
FV4440,Ural Airlines,2025-09-20,12:29:12,287
U66238,Nordwind,2024-07-10,14:40:29,29
UT1988,Pobeda,2025-04-23,02:13:42,45
S78458,Nordwind,2024-03-21,06:10:45,82
SU8891,Rossiya,2024-06-02,11:44:04,175
N42444,Utair,2025-03-26,04:51:34,114
UT5220,Ural Airlines,2025-05-14,11:41:12,174
N47240,Aeroflot,2024-10-03,17:38:08,58
SU2795,S7 Airlines,2024-12-12,21:31:40,113
WZ9935,Ural Airlines,2025-12-01,14:45:42,73
U66154,Pobeda,2024-03-15,02:14:30,263
WZ2177,Nordwind,2025-01-02,03:00:41,72
SU1000,Pobeda,2024-03-04,05:14:59,161
FV1479,S7 Airlines,2025-10-22,06:06:06,74
WZ6355,Pobeda,2024-04-21,17:00:07,177
SU3752,Aeroflot,2024-12-05,07:18:26,237
S75230,Pobeda,2024-02-21,06:30:41,164
WZ3755,Rossiya,2024-01-27,15:44:01,71
UT6640,S7 Airlines,2025-11-07,12:45:55,176
FV1173,Red Wings,2025-12-06,00:37:34,12
UT4716,Red Wings,2024-04-18,21:03:03,48
FV6124,Aeroflot,2024-10-25,11:38:36,200
N47948,Ural Airlines,2024-09-19,07:19:49,256
U69117,Ural Airlines,2025-09-05,16:53:02,107
UT3993,Ural Airlines,2025-06-06,15:54:12,3
WZ9827,Pobeda,2025-01-16,14:06:31,17
S77080,Pobeda,2025-08-11,05:13:40,246
WZ2736,Ural Airlines,2025-10-14,04:56:02,94
N46529,Pobeda,2025-06-04,12:27:26,235
WZ9046,Rossiya,2025-08-23,01:44:36,21
WZ7497,S7 Airlines,2025-03-12,01:50:09,27
N4133,Aeroflot,2024-01-27,07:23:31,81
S75833,Rossiya,2025-09-24,12:35:50,264
SU9945,Nordwind,2025-04-22,14:49:01,283
U66482,Red Wings,2024-01-21,13:26:40,259
UT9185,Aeroflot,2025-10-25,15:19:08,64
SU8098,S7 Airlines,2024-01-24,09:31:40,16
N49491,Aeroflot,2024-04-13,21:09:55,222
N49232,Aeroflot,2025-06-22,16:07:57,284
FV3151,Red Wings,2025-12-04,12:40:17,120
UT3350,Utair,2025-01-02,23:44:17,244
N46152,Aeroflot,2025-12-12,05:52:53,68
SU4143,S7 Airlines,2024-03-09,09:50:42,107
SU4114,Utair,2025-11-14,01:21:38,24
U67826,Nordwind,2025-09-22,07:18:27,294
S76091,Utair,2024-12-26,10:36:50,67
WZ4873,Nordwind,2025-09-23,12:53:09,9
N43964,Aeroflot,2024-05-10,18:52:22,100
SU9614,Rossiya,2024-03-09,05:18:48,40
WZ8400,Red Wings,2024-07-17,04:01:07,131
N42676,Utair,2025-02-02,10:11:11,288
N48342,Nordwind,2024-03-07,13:09:24,272
S78807,Red Wings,2025-06-07,10:08:50,32
N44276,Rossiya,2025-11-14,18:24:55,141
WZ4770,Rossiya,2024-12-16,18:46:51,295
N45024,Red Wings,2024-01-05,14:28:54,98
S71157,Pobeda,2025-06-20,18:12:27,117
U63217,Red Wings,2025-12-20,19:50:56,92
DP1726,S7 Airlines,2024-08-17,15:34:10,283
DP9593,Rossiya,2024-04-07,10:33:33,207
UT2140,Aeroflot,2024-11-23,22:43:17,131
N42531,Red Wings,2025-03-12,01:41:47,95
S72785,Red Wings,2024-05-12,05:25:18,204
WZ6503,Red Wings,2024-06-22,06:31:17,184
DP205,Utair,2025-01-11,14:31:47,257
N47151,Ural Airlines,2024-02-07,00:31:05,209
UT698,Utair,2024-06-20,05:55:22,6
FV5069,Nordwind,2025-05-26,16:58:36,207
U65475,Red Wings,2025-10-18,19:26:00,250
SU8118,Utair,2024-03-26,15:23:58,140
S76689,S7 Airlines,2025-09-04,01:13:27,147
WZ9216,Red Wings,2025-03-14,04:02:12,270
U66948,Rossiya,2024-01-02,09:38:38,148
S73666,Ural Airlines,2025-08-08,09:01:57,251
N41268,Red Wings,2024-03-27,08:59:34,124
FV8743,Ural Airlines,2024-12-08,12:18:02,285
N47552,Ural Airlines,2024-05-14,23:36:53,23
N46037,S7 Airlines,2025-02-09,07:27:23,135
WZ3777,Ural Airlines,2024-09-06,00:19:31,110
S75994,Nordwind,2024-04-06,15:30:16,282
SU3434,Ural Airlines,2024-01-16,22:55:15,229
UT2011,Utair,2025-05-07,11:39:39,96
FV7776,Red Wings,2025-01-28,23:09:39,66
S79759,Red Wings,2025-10-17,10:25:15,73
S75333,Red Wings,2025-09-10,01:53:46,151
FV4503,Nordwind,2025-08-11,03:32:21,77
S74862,Nordwind,2024-05-22,11:26:09,251
UT1659,Ural Airlines,2025-06-08,23:13:44,198
SU4020,Red Wings,2024-06-04,04:11:18,155
WZ8666,Utair,2024-02-20,20:00:03,221
WZ9584,Nordwind,2024-04-20,18:11:06,291
DP5748,Utair,2024-05-15,11:19:01,294
SU2936,Ural Airlines,2025-10-28,18:33:27,58
S72706,Aeroflot,2024-04-15,09:53:29,220
FV8925,S7 Airlines,2024-03-24,06:37:58,85
N49386,Rossiya,2024-06-11,12:56:55,73
WZ4711,Rossiya,2024-06-24,16:28:35,29
N41988,Aeroflot,2025-09-18,02:33:51,4
SU3144,Pobeda,2024-10-03,10:01:23,166
DP7198,Ural Airlines,2024-02-18,03:03:35,76
DP3070,Pobeda,2024-06-18,00:53:15,72
U6511,Ural Airlines,2025-06-15,17:30:43,0
N42578,Pobeda,2024-03-27,08:19:57,178
FV1137,Pobeda,2024-03-15,18:45:05,119
U62303,Red Wings,2024-06-04,21:44:49,127
S78483,Red Wings,2025-01-22,18:25:26,49
UT8315,Rossiya,2024-10-13,21:29:23,226
SU5159,Aeroflot,2025-12-18,00:52:43,72
WZ7846,Aeroflot,2025-01-10,09:31:26,64
S75244,Nordwind,2025-03-04,16:40:14,59
DP8188,Nordwind,2024-10-09,15:03:43,170
FV6870,Ural Airlines,2024-03-23,15:29:14,89
DP3927,S7 Airlines,2025-11-13,17:53:31,74
U6867,S7 Airlines,2024-11-23,20:52:50,294
FV140,Ural Airlines,2024-02-15,05:29:33,177
DP7648,Pobeda,2024-09-09,08:47:48,188
UT3821,Pobeda,2025-08-26,15:19:04,147
FV8297,Aeroflot,2025-05-21,15:50:21,60
WZ5392,Red Wings,2024-09-27,19:32:58,159
U65156,Nordwind,2024-10-23,02:33:47,152
S75443,Pobeda,2025-10-27,12:14:28,270
N41733,Aeroflot,2024-08-27,03:38:40,137
U68524,Rossiya,2024-04-14,20:17:43,158
FV1815,Aeroflot,2024-02-01,01:07:53,151
U67888,S7 Airlines,2025-03-01,22:16:54,94
S71934,Ural Airlines,2024-02-08,16:15:45,270
N47152,Ural Airlines,2024-06-23,11:31:36,133
N48981,Aeroflot,2024-09-23,08:11:58,137
N43059,Red Wings,2024-09-27,14:37:27,191
N46077,Rossiya,2025-05-20,05:55:17,255
DP789,S7 Airlines,2024-12-12,05:08:49,222
U65391,Nordwind,2025-08-21,06:23:30,272
FV8749,S7 Airlines,2025-08-08,06:25:17,172
UT6607,Rossiya,2025-09-06,23:45:48,152
WZ7410,Aeroflot,2025-11-06,15:23:47,91
WZ8111,Rossiya,2024-04-04,05:09:08,263
DP8605,Red Wings,2024-07-05,12:51:25,262
UT901,Utair,2025-12-01,19:45:50,90
U65641,Pobeda,2024-11-10,04:25:45,255
U67517,Aeroflot,2024-01-14,01:50:45,249
N43033,S7 Airlines,2025-07-26,07:19:31,69
SU206,Rossiya,2025-08-01,14:04:47,11
SU4636,Aeroflot,2024-04-12,00:32:24,179
S76416,Rossiya,2024-06-03,20:17:58,56
SU2670,Utair,2025-05-05,03:18:03,268
U69582,Aeroflot,2025-02-19,10:18:23,178
DP9106,Nordwind,2024-01-23,05:11:47,169
U65319,Rossiya,2025-03-26,09:48:39,10
DP7719,Utair,2025-12-06,02:29:15,18
WZ1042,S7 Airlines,2025-07-28,11:13:24,106
U64201,Rossiya,2024-05-09,21:59:07,20
WZ7233,Utair,2024-10-02,16:41:42,209
UT7088,Red Wings,2024-03-24,22:16:21,5
N4138,Red Wings,2025-07-26,21:27:18,205
S74173,S7 Airlines,2024-08-22,15:22:04,36
N41476,Aeroflot,2025-08-16,21:31:19,63
FV566,Red Wings,2025-04-13,12:24:11,29
UT9954,Pobeda,2025-04-26,14:29:03,0
SU5429,Pobeda,2024-02-13,03:47:09,236
N48405,S7 Airlines,2025-02-09,04:20:14,69
DP1520,Red Wings,2025-02-05,21:33:08,235
S79067,Aeroflot,2025-01-25,01:09:30,176
UT2208,Red Wings,2024-02-02,12:04:48,50
SU5761,Aeroflot,2024-02-04,20:03:55,183
N42797,Red Wings,2025-06-19,12:13:20,235
UT906,Aeroflot,2025-01-25,06:41:53,153
SU1974,Aeroflot,2025-09-26,17:07:42,133
DP1346,Rossiya,2025-07-19,10:17:13,253
FV8053,Aeroflot,2025-07-27,20:52:36,163
FV3336,Pobeda,2025-01-21,12:01:35,135
DP646,Rossiya,2025-02-07,12:58:38,2
S73328,Utair,2025-04-22,01:22:28,250
DP2626,Aeroflot,2024-07-10,23:21:33,162
WZ4341,Red Wings,2024-08-09,16:12:44,71
SU6324,Aeroflot,2024-06-22,14:07:09,65
N42002,Nordwind,2024-05-13,17:15:26,96
WZ2116,S7 Airlines,2025-03-23,00:15:08,296
UT7578,Nordwind,2025-05-15,04:12:20,204
WZ3371,Pobeda,2024-05-25,01:57:26,293
UT7820,Ural Airlines,2024-05-09,13:33:25,22
DP4282,Red Wings,2024-05-21,18:36:23,258
UT9968,Aeroflot,2024-08-02,11:37:37,256
UT3440,Utair,2024-07-01,12:18:02,284
SU7945,Red Wings,2025-04-20,07:02:28,267
DP5288,Nordwind,2025-05-03,11:38:31,186
FV5768,Red Wings,2025-06-15,08:54:41,242
N44694,Ural Airlines,2025-06-26,06:03:04,166
U61626,Ural Airlines,2025-01-28,02:26:42,183
FV8460,Red Wings,2025-11-05,10:31:04,16
FV667,Nordwind,2024-06-23,22:02:14,181
N42880,Red Wings,2024-02-18,14:40:13,190
S79892,S7 Airlines,2025-07-02,20:14:58,258
N49939,Pobeda,2025-07-21,12:23:28,11
DP221,Ural Airlines,2025-06-17,20:52:46,203
S75454,Ural Airlines,2024-07-26,17:29:14,197
N48609,Red Wings,2025-02-17,21:30:32,38
U64603,S7 Airlines,2025-03-08,19:51:16,23
N4215,Pobeda,2025-09-17,19:57:32,52
U68625,Aeroflot,2024-09-13,17:43:43,113
FV6676,Pobeda,2025-04-19,06:35:12,227
WZ6073,Utair,2024-07-03,23:40:01,272
DP6856,Rossiya,2024-12-22,09:13:53,153
FV2835,S7 Airlines,2024-11-22,05:33:06,26
N48356,Rossiya,2025-08-23,10:45:31,186
UT7375,Utair,2024-04-10,23:45:22,174
UT3561,Nordwind,2025-02-03,02:57:37,30
S78151,Aeroflot,2024-06-08,21:56:51,112
N4725,Pobeda,2024-09-09,13:28:43,280
DP8828,Utair,2025-08-25,09:12:46,190
N48566,Pobeda,2025-03-01,14:34:26,214
SU3067,Nordwind,2024-01-13,02:39:16,78
U63916,Pobeda,2024-10-07,05:53:09,288
UT8654,Nordwind,2025-11-17,09:23:35,277
N41764,Aeroflot,2024-12-12,21:36:50,100
WZ2998,S7 Airlines,2025-03-17,00:28:02,72
S71342,Aeroflot,2025-06-11,19:02:55,283
WZ7407,Pobeda,2024-09-17,12:39:55,14
SU115,Utair,2025-06-21,13:25:57,77
DP7095,Red Wings,2024-07-13,07:30:41,260
SU943,S7 Airlines,2025-05-04,16:08:29,47
U62020,Pobeda,2024-09-25,12:26:11,106
UT3669,Pobeda,2025-10-09,06:39:09,152
U62359,Red Wings,2024-09-11,12:04:27,5
SU3282,Red Wings,2025-10-15,19:57:37,265
UT9496,Pobeda,2024-04-13,17:46:01,50
S78579,Red Wings,2025-03-09,17:29:07,237
FV6039,Rossiya,2025-05-26,02:52:47,211
DP7295,Utair,2025-12-07,06:53:05,38
S7607,Utair,2024-12-03,10:44:13,50
FV5617,Nordwind,2024-07-05,18:47:56,210
N45874,Ural Airlines,2025-07-13,19:01:06,182
WZ8322,Rossiya,2024-09-18,18:49:32,241
WZ1939,Red Wings,2025-10-19,01:30:11,221
U66773,Nordwind,2025-09-13,21:02:52,210
SU3928,Red Wings,2024-01-21,02:01:12,211
SU6715,Ural Airlines,2024-07-26,15:16:57,220
UT1052,Pobeda,2024-11-07,23:54:12,51
N43117,S7 Airlines,2024-09-26,21:57:41,296
DP4499,Red Wings,2024-11-28,19:42:55,8
SU4493,Ural Airlines,2025-04-18,16:01:50,295
UT9006,Rossiya,2025-03-27,18:07:25,57
S73874,Ural Airlines,2025-06-05,04:47:07,61
U67201,Nordwind,2024-08-01,05:21:06,46
UT9354,Nordwind,2025-09-28,02:32:42,148
DP6440,Nordwind,2024-08-20,11:37:54,120
UT5710,Pobeda,2025-10-09,05:08:56,137
UT1596,Rossiya,2025-01-03,18:43:50,76
U63828,Utair,2025-02-10,13:23:36,162
FV2498,Pobeda,2025-03-18,00:15:06,156
S73350,Ural Airlines,2024-09-14,11:45:53,275
N48751,Utair,2025-01-20,20:24:55,253
S79488,S7 Airlines,2025-10-26,14:04:22,80
S76175,Aeroflot,2025-06-16,03:55:37,152
DP6564,Ural Airlines,2024-01-09,01:58:46,69
U68009,Utair,2025-12-21,03:27:36,199
U67037,Nordwind,2025-07-13,16:49:03,138
DP8917,Aeroflot,2024-07-19,03:42:16,2
FV5302,Rossiya,2024-09-13,07:42:03,123
DP6358,Aeroflot,2025-09-09,02:09:22,262
SU7337,Ural Airlines,2025-07-23,17:34:51,282
WZ763,S7 Airlines,2025-12-01,05:34:44,23
DP9782,Utair,2025-04-20,03:56:15,140
S76908,Rossiya,2024-09-27,10:24:10,274
UT8755,Aeroflot,2024-07-14,02:03:40,300
SU2820,Rossiya,2024-02-23,04:25:06,108
WZ6817,Pobeda,2024-02-14,21:08:22,218
FV2573,Nordwind,2025-08-04,17:12:58,127
FV4002,Rossiya,2024-01-02,01:42:08,61
DP7186,Ural Airlines,2025-12-28,14:36:02,57
SU8224,Pobeda,2025-08-17,06:27:24,72
UT3131,Nordwind,2025-12-11,16:30:25,162
SU9817,Pobeda,2024-01-20,13:59:02,169
SU927,Utair,2025-02-27,07:05:06,287
U69617,Aeroflot,2024-07-12,19:48:13,112
SU7802,Aeroflot,2024-11-18,06:42:17,8
SU3689,S7 Airlines,2024-10-05,01:44:47,212
N41600,Utair,2024-10-08,00:35:00,111
WZ865,Aeroflot,2024-04-11,19:34:53,84
WZ4051,Red Wings,2024-10-10,07:36:16,280
S73015,Rossiya,2025-10-23,15:01:30,4
FV1621,S7 Airlines,2025-12-28,10:43:54,246
WZ8386,Red Wings,2025-07-05,19:53:58,19
UT5691,Ural Airlines,2025-08-25,10:11:32,75
U63848,Nordwind,2025-11-13,07:24:19,186
DP177,Red Wings,2025-11-10,21:40:58,152
SU6102,Ural Airlines,2024-10-17,16:59:09,253
S72372,Pobeda,2025-11-04,09:39:09,101
SU3163,Aeroflot,2025-03-27,14:38:23,169
S78422,Nordwind,2025-02-27,08:31:53,137
S75807,Aeroflot,2024-03-28,05:22:03,48
UT3744,Rossiya,2025-06-18,06:05:34,55
SU8866,Rossiya,2025-07-01,12:56:32,116
SU4046,Pobeda,2024-03-23,03:05:47,265
WZ9838,Aeroflot,2025-05-18,11:44:36,235
FV2391,Red Wings,2024-06-28,18:19:13,94
N44516,Utair,2024-09-09,01:22:57,235
SU908,Utair,2025-05-22,00:09:33,7
UT262,Utair,2024-06-09,00:43:43,218
S73791,Aeroflot,2024-10-09,23:18:51,194
UT8097,Nordwind,2024-06-07,20:52:09,139
SU4834,Rossiya,2025-06-01,04:38:40,299
SU5428,S7 Airlines,2025-03-03,06:40:16,169
SU1126,Rossiya,2024-12-27,08:03:30,94
U67929,Pobeda,2025-12-19,02:01:29,46
WZ8339,Rossiya,2025-08-19,07:49:19,254
WZ9284,Ural Airlines,2024-09-05,23:44:38,114
S78084,S7 Airlines,2025-10-25,00:32:57,260
S7958,Ural Airlines,2025-11-20,22:04:58,209
UT9585,Nordwind,2024-12-19,10:29:21,288
FV9152,Nordwind,2025-07-19,14:14:50,54
N43581,Pobeda,2025-06-13,21:53:57,43
S72894,Rossiya,2024-06-20,04:02:44,117
UT3597,Utair,2025-06-01,00:21:08,9
UT7757,Ural Airlines,2024-06-01,14:05:22,263
N44019,S7 Airlines,2024-04-19,06:37:29,175
FV7434,Aeroflot,2025-01-16,15:28:54,183
S75547,Red Wings,2025-12-01,00:12:05,89
UT4320,Nordwind,2025-01-27,07:31:56,73
N43608,Rossiya,2025-12-13,20:15:46,63
DP3149,Utair,2025-02-10,14:44:41,174
FV2008,Aeroflot,2024-02-09,23:37:35,274
U62492,Ural Airlines,2024-07-05,11:45:59,124
FV8880,Red Wings,2024-02-08,00:32:41,287
S74964,Ural Airlines,2024-01-08,09:51:49,296
DP1293,Aeroflot,2024-02-22,01:24:25,44
N47309,Aeroflot,2025-08-05,19:11:37,154
N48006,S7 Airlines,2024-09-15,04:28:38,93
UT2487,Nordwind,2024-12-03,18:20:15,12
SU8050,Utair,2025-12-26,09:49:52,35
N49728,Rossiya,2024-01-12,01:52:46,18
DP1051,Rossiya,2024-10-28,01:22:46,178
WZ6615,Rossiya,2024-01-05,02:57:26,252
UT4963,Rossiya,2024-10-06,09:13:46,242
DP7445,Red Wings,2024-07-12,16:12:44,196
S76093,S7 Airlines,2025-12-03,10:13:42,211
N49364,Pobeda,2024-03-24,11:32:08,97
WZ5851,Utair,2024-10-17,13:13:14,97
UT9403,S7 Airlines,2025-06-20,09:14:55,180
FV6625,Utair,2025-11-23,01:03:29,218
FV9968,Utair,2024-12-06,05:43:26,156
FV5535,Nordwind,2024-05-04,15:51:44,196
S78220,S7 Airlines,2024-05-06,05:34:53,257
SU9859,Ural Airlines,2025-09-04,20:28:03,47
DP8582,Aeroflot,2025-09-11,19:04:11,263
FV7245,Red Wings,2024-03-13,13:53:32,6
U65135,Utair,2025-02-20,23:51:35,274
UT4483,Utair,2024-05-16,10:47:40,168
WZ4437,Red Wings,2024-03-23,09:02:35,133
DP900,Nordwind,2025-07-14,17:57:47,10
N41145,Ural Airlines,2025-01-24,02:07:09,75
FV6929,Pobeda,2025-06-19,16:00:09,75
UT4599,Red Wings,2025-07-17,09:55:09,85
U68177,Nordwind,2025-12-13,09:44:02,44
UT9270,Ural Airlines,2024-06-20,20:48:04,85
FV2333,Pobeda,2024-06-14,01:01:28,111
U62390,Nordwind,2024-11-03,21:38:47,251
U68766,Aeroflot,2024-02-07,09:10:22,230
SU8233,Red Wings,2024-04-10,13:56:02,16
U66638,Red Wings,2024-07-19,23:04:18,154
DP8372,Utair,2024-11-22,08:57:03,124
WZ3265,Nordwind,2024-09-24,14:57:12,276
FV1502,Aeroflot,2025-06-11,05:58:51,242
SU1281,Nordwind,2024-06-03,23:40:19,4
UT6512,Utair,2025-12-04,05:54:55,193
SU9500,Pobeda,2025-08-10,06:57:47,2
SU2277,Rossiya,2024-11-16,18:41:53,63
S79914,Pobeda,2024-12-22,03:11:09,271
FV7542,Ural Airlines,2024-08-01,06:14:16,78
FV9707,Aeroflot,2024-04-18,01:13:45,298
FV5750,Rossiya,2024-10-04,06:14:41,279
WZ9336,Aeroflot,2024-05-18,12:56:14,220
U65309,Rossiya,2025-11-27,15:02:45,248
FV7592,Ural Airlines,2024-11-03,05:27:13,74
N43707,Rossiya,2025-11-13,16:22:21,149
SU2796,Aeroflot,2024-06-14,06:37:58,278
WZ8044,Ural Airlines,2024-01-08,05:21:20,135
S76401,S7 Airlines,2025-02-06,05:56:24,2
N46927,Utair,2025-03-25,15:18:28,83
FV4241,Nordwind,2024-06-28,02:11:09,265
S77714,Rossiya,2025-09-11,07:27:36,90
UT4266,Nordwind,2025-03-03,00:34:04,115
WZ116,Nordwind,2024-02-26,06:27:34,36
UT9260,Nordwind,2025-08-04,05:10:42,229
SU5171,Pobeda,2024-06-15,14:35:10,28
WZ4288,Pobeda,2024-12-25,13:30:34,140
SU4296,S7 Airlines,2024-11-09,01:05:07,109
U6516,Red Wings,2024-07-02,12:06:56,248
FV7353,Red Wings,2024-07-23,21:21:58,185
FV6148,Aeroflot,2024-09-14,09:20:05,212
FV6254,Ural Airlines,2024-02-26,05:26:47,72
SU3614,Utair,2025-03-27,04:37:31,274
UT5605,Red Wings,2025-06-23,16:06:48,139
DP3916,Rossiya,2025-07-09,14:50:11,87
S7746,Nordwind,2024-10-13,08:25:24,227
UT9380,Red Wings,2025-11-01,20:14:04,225
WZ5071,Nordwind,2025-02-26,21:57:07,176
WZ5445,Utair,2024-11-13,05:38:47,84
SU2263,S7 Airlines,2025-07-19,13:03:27,133
FV8826,Aeroflot,2025-03-10,01:57:56,166
UT9985,Rossiya,2024-07-01,00:56:49,200
SU9155,Rossiya,2025-03-23,07:19:30,281
FV8979,Ural Airlines,2025-08-03,14:46:54,104
UT2240,Pobeda,2024-09-08,00:23:31,260
WZ9806,Ural Airlines,2024-06-22,18:38:21,160
DP7780,Red Wings,2024-08-23,17:07:46,241
FV3447,Nordwind,2025-05-01,04:12:22,116
S7888,Pobeda,2024-03-10,07:56:16,26
U68529,Nordwind,2025-10-02,04:09:30,109
S71464,Nordwind,2025-02-06,12:37:31,194
WZ9864,Red Wings,2024-08-23,13:51:57,45
S76590,S7 Airlines,2025-08-28,02:46:48,113
DP199,Aeroflot,2025-11-22,19:58:51,209
WZ9117,S7 Airlines,2025-09-06,14:24:17,294
N49937,Red Wings,2024-05-10,21:51:37,106
N41670,Utair,2025-09-04,01:36:19,243
U61099,Utair,2024-05-25,23:48:49,184
WZ355,Utair,2025-02-17,17:28:43,228
FV4571,Red Wings,2024-08-24,04:17:54,134
WZ2627,Rossiya,2024-09-08,07:56:30,94
S74074,Nordwind,2024-01-21,17:46:54,112
FV5106,Red Wings,2025-10-05,04:35:40,81
SU7625,Utair,2024-11-22,11:59:45,99
S75016,Ural Airlines,2024-02-08,01:56:50,123
SU2914,Pobeda,2025-04-08,14:33:31,145
WZ8455,Ural Airlines,2025-01-15,14:42:55,290
N44515,Red Wings,2024-12-25,07:22:04,258
S73157,Pobeda,2024-06-27,09:12:40,148
U65489,S7 Airlines,2025-09-28,05:24:59,199
UT1000,Aeroflot,2024-04-26,01:10:45,147
WZ5078,S7 Airlines,2024-01-01,10:23:35,285
SU4861,Nordwind,2025-02-13,00:27:33,291
UT2566,Nordwind,2024-11-21,16:28:42,134
S78611,Pobeda,2024-03-25,21:27:54,88
WZ5887,Pobeda,2024-05-15,19:00:16,291
SU269,Red Wings,2025-02-19,20:49:13,153
N45174,S7 Airlines,2025-01-19,10:52:08,267
S73333,S7 Airlines,2025-01-18,16:39:50,228
U65957,Aeroflot,2024-10-07,21:49:30,79
SU5487,Nordwind,2024-07-27,04:59:20,140
FV1059,Nordwind,2025-01-07,03:29:34,173
UT7193,Nordwind,2024-11-03,19:26:07,83
SU591,S7 Airlines,2025-11-08,15:22:32,275
N42412,Red Wings,2024-05-10,12:16:56,290
S78624,Nordwind,2025-06-23,23:44:44,197
DP9632,Utair,2025-09-24,12:30:10,262
WZ8187,Pobeda,2025-12-27,16:54:21,161
S7689,Ural Airlines,2024-08-26,19:28:28,91
DP3160,S7 Airlines,2024-09-19,09:42:44,179
DP9701,Rossiya,2024-10-02,15:23:50,238
FV5185,Red Wings,2024-02-14,20:55:50,200
SU2007,S7 Airlines,2024-10-24,10:07:23,279
S78582,Nordwind,2025-03-08,06:32:13,31
WZ8963,Nordwind,2025-04-24,12:58:08,151
SU2600,Aeroflot,2025-03-23,02:50:50,153
FV8630,Nordwind,2025-08-16,09:56:54,155
FV4915,Utair,2025-02-17,06:17:49,108
DP7930,S7 Airlines,2024-10-26,12:00:34,214
DP5507,S7 Airlines,2024-10-11,20:05:59,145
WZ8767,Utair,2025-09-01,23:34:36,236
SU3585,Ural Airlines,2024-02-15,02:29:35,279
FV3436,Nordwind,2024-09-20,20:56:09,193
DP8211,Red Wings,2024-08-27,11:39:30,135
WZ1799,Nordwind,2024-03-17,13:40:45,113
UT2875,Nordwind,2025-11-07,03:34:38,77
S75574,Nordwind,2025-02-13,01:25:12,258
SU959,Pobeda,2025-05-12,13:54:01,261
DP3050,Nordwind,2024-06-05,21:52:10,220
UT6928,Red Wings,2024-09-12,22:13:17,24
S72035,Nordwind,2025-12-14,06:00:54,215
DP7437,Nordwind,2025-11-07,05:38:19,65
S77607,Nordwind,2025-05-01,12:49:54,267
WZ1660,Rossiya,2024-11-15,02:29:10,245
DP6532,Nordwind,2025-09-17,06:20:50,69
DP724,Pobeda,2025-01-03,04:13:07,15
U69622,Rossiya,2024-05-07,12:27:35,4
SU2655,Red Wings,2025-12-06,13:16:58,97
N4150,Pobeda,2024-10-23,05:41:59,138
S73397,Rossiya,2025-11-23,14:47:41,146
S77180,Rossiya,2024-11-23,05:22:11,202
DP4636,Nordwind,2025-03-08,21:41:36,145
FV3847,Pobeda,2024-06-02,17:33:16,251
SU2420,Rossiya,2025-03-20,08:59:08,27
WZ8910,Aeroflot,2025-02-15,01:31:12,103
U65043,Ural Airlines,2024-01-23,03:26:54,152
SU8020,Utair,2025-07-23,22:02:58,223
U69802,Nordwind,2025-07-08,13:50:11,98
UT4160,Aeroflot,2024-05-03,07:24:05,134
N47874,Red Wings,2025-02-23,01:44:01,210
WZ4683,Pobeda,2024-05-17,08:42:43,273
S78330,Nordwind,2024-08-12,19:53:21,21
WZ7675,S7 Airlines,2024-11-01,02:45:38,251
UT9223,Nordwind,2024-09-21,11:23:16,58
UT8690,Red Wings,2024-06-09,20:41:32,65
N43072,Nordwind,2025-08-05,07:36:02,144
U65132,Rossiya,2024-01-21,11:54:11,4
SU6208,Nordwind,2024-05-17,19:59:13,92
FV8739,Pobeda,2025-12-14,09:47:05,201
N46396,Pobeda,2024-06-03,01:22:00,163
DP7532,Rossiya,2025-12-28,14:16:34,268
SU9498,Ural Airlines,2025-02-02,03:32:22,89
SU764,Utair,2025-11-06,06:50:49,110
UT5551,Ural Airlines,2025-11-04,01:34:28,18
U68358,Rossiya,2024-04-17,03:38:09,273
UT1322,Red Wings,2025-03-07,21:00:45,114
S76547,Red Wings,2024-09-23,21:17:18,38
DP7359,S7 Airlines,2024-12-08,10:45:59,290
FV9970,Pobeda,2025-07-17,14:07:05,291
DP6682,Nordwind,2024-10-03,10:04:33,18
U67839,Aeroflot,2025-06-24,17:24:59,69
WZ681,Ural Airlines,2025-11-06,18:39:25,215
U65020,S7 Airlines,2024-04-02,07:52:37,289
DP8711,Nordwind,2025-10-21,10:58:44,233
UT4442,Utair,2025-09-03,12:48:00,74
UT6643,Pobeda,2025-02-28,10:31:00,164
UT2238,S7 Airlines,2024-09-16,23:22:43,124
DP6192,Aeroflot,2024-10-08,20:15:05,288
N43476,Utair,2024-02-18,02:37:31,297
FV6621,Pobeda,2025-09-01,13:25:00,254
UT2730,Red Wings,2024-10-19,11:17:44,145
FV9903,Ural Airlines,2025-10-19,12:10:57,240
SU5996,Nordwind,2024-07-13,04:19:44,165
DP6056,Ural Airlines,2025-10-22,16:26:20,172
S76640,Aeroflot,2025-01-13,22:39:34,235
U61085,Rossiya,2024-10-10,21:04:39,133
N47081,Nordwind,2025-08-08,19:23:48,233
DP1686,Red Wings,2024-05-27,12:08:26,273
UT5938,Utair,2025-06-18,14:39:15,285
FV249,Aeroflot,2024-09-03,03:08:43,51
WZ8500,Aeroflot,2024-01-18,00:39:36,68
U68445,Red Wings,2024-05-24,15:48:08,251
FV6331,Ural Airlines,2025-05-03,17:24:11,148
U61959,Rossiya,2025-07-03,09:36:23,268
SU1842,Ural Airlines,2024-09-09,22:44:29,54
S7725,Nordwind,2025-09-09,08:24:09,264
UT7696,Red Wings,2024-05-04,02:11:30,182
S71318,Ural Airlines,2024-02-07,08:50:29,213
FV4210,Ural Airlines,2024-05-28,21:12:44,262
WZ1434,S7 Airlines,2024-07-18,18:27:08,292
WZ7601,Pobeda,2024-04-07,12:33:20,185
S79097,Red Wings,2024-02-17,18:37:11,276
UT780,Rossiya,2025-12-16,02:02:15,299
WZ5665,Ural Airlines,2025-03-17,17:47:36,79
WZ5045,Ural Airlines,2025-03-14,19:06:53,67
WZ2586,Nordwind,2024-08-19,02:33:23,40
DP807,Pobeda,2025-08-08,04:32:10,69
WZ4856,Utair,2024-07-13,09:17:21,178
DP1676,Nordwind,2025-05-24,18:31:38,48
SU9963,Aeroflot,2025-02-17,08:50:42,50
FV2612,Ural Airlines,2024-03-09,09:31:58,34
SU5211,Aeroflot,2024-03-05,19:39:48,64
SU4312,Utair,2024-05-04,20:56:20,110
FV574,Nordwind,2025-11-01,12:15:50,49
SU5102,Red Wings,2024-05-15,23:57:39,254
UT9609,Aeroflot,2024-11-13,02:44:58,205
UT3328,Utair,2025-01-19,01:19:52,261
WZ3127,Red Wings,2025-10-06,03:02:00,138
FV6544,Rossiya,2024-07-13,19:56:26,218
S71731,Aeroflot,2025-04-25,15:06:02,76
N43449,S7 Airlines,2024-09-01,05:33:53,25
UT1338,Utair,2024-02-18,17:30:47,63
DP7607,Nordwind,2024-06-02,16:09:04,140
UT585,Ural Airlines,2025-09-13,17:09:41,203
U63089,S7 Airlines,2025-11-12,03:43:21,272
S71761,S7 Airlines,2025-05-28,05:17:06,3
SU2715,S7 Airlines,2024-09-28,12:11:25,210
S72385,Pobeda,2024-07-25,11:18:34,162
S78468,Nordwind,2024-08-23,12:50:14,129
UT6634,S7 Airlines,2025-06-18,20:40:59,155
N42151,Pobeda,2025-02-05,17:48:13,28
U6987,Rossiya,2024-08-06,05:43:03,110
N42018,Utair,2025-01-28,22:10:43,289
SU5410,Pobeda,2025-11-16,19:28:53,255
SU9166,Rossiya,2025-10-04,09:45:47,181
N41688,Aeroflot,2024-05-15,14:45:53,117
SU2706,S7 Airlines,2025-01-10,10:54:43,151
DP5367,Red Wings,2025-06-21,22:36:34,91
WZ9072,Red Wings,2025-12-13,21:19:53,102
N41819,Nordwind,2025-07-05,13:55:11,173
S71401,Pobeda,2024-07-24,20:56:04,12
S75378,Aeroflot,2024-01-08,18:24:51,226
DP6168,Utair,2025-07-08,15:33:16,284
U66245,Pobeda,2025-01-17,04:14:36,33
WZ8889,Nordwind,2024-09-07,11:48:04,278
U69042,Ural Airlines,2024-01-13,01:47:56,129
S79779,Red Wings,2025-09-21,14:42:57,138
S77745,S7 Airlines,2024-02-01,12:55:12,150
N45450,Aeroflot,2025-07-21,18:28:48,138
FV6984,Red Wings,2025-09-02,12:26:45,98
UT5344,Pobeda,2025-07-02,11:11:42,209
UT3804,Ural Airlines,2025-01-15,14:12:13,163
S75992,Rossiya,2024-07-17,14:06:42,268
WZ9703,Rossiya,2025-07-07,03:10:27,269
FV3425,S7 Airlines,2024-03-27,04:30:05,254
DP9359,Rossiya,2025-03-18,13:51:22,180
UT2370,Utair,2024-11-21,04:33:47,61
FV6705,Ural Airlines,2025-10-23,21:50:52,15
WZ2676,Nordwind,2025-05-21,08:27:34,146
SU2706,Nordwind,2024-11-16,23:08:40,253
UT2767,Aeroflot,2025-03-28,03:17:28,279
UT3061,Utair,2025-12-24,03:57:09,205
SU5228,Pobeda,2025-12-15,15:33:27,126
U66971,S7 Airlines,2025-01-10,10:22:49,200
FV3992,Aeroflot,2024-05-22,02:26:29,90
U65499,S7 Airlines,2024-01-09,10:02:59,138
U6469,Ural Airlines,2024-10-02,05:45:01,205
SU4478,Nordwind,2024-12-02,03:25:25,184
N48102,Nordwind,2024-08-15,08:14:06,120
S73528,Pobeda,2024-04-28,12:33:43,239
WZ7169,Rossiya,2025-11-27,12:01:01,104
FV5770,Aeroflot,2025-12-11,02:13:39,275
SU7296,Pobeda,2025-09-12,18:36:56,46
WZ9434,Ural Airlines,2024-04-10,15:04:52,85
DP2757,Nordwind,2024-07-24,08:31:45,236
WZ7686,Rossiya,2024-01-18,07:01:29,240
SU4791,Utair,2025-11-04,18:39:19,126
SU435,S7 Airlines,2024-12-04,18:36:42,166
SU2174,Rossiya,2025-12-04,16:21:23,123
S76183,Aeroflot,2024-06-06,03:52:03,293
FV5799,Utair,2024-09-16,00:41:08,73
SU5757,Nordwind,2025-06-24,15:13:27,241
FV3517,Rossiya,2024-06-09,05:54:39,291
N44522,Rossiya,2024-10-20,01:22:16,136
S78537,Red Wings,2024-09-09,23:48:40,10
FV7977,S7 Airlines,2024-05-04,17:59:37,165
WZ4051,Pobeda,2024-11-03,20:18:28,283
DP5003,Red Wings,2025-02-17,12:24:00,33
N46532,Ural Airlines,2025-08-20,04:02:13,289
WZ6750,Utair,2024-06-03,08:39:14,292
FV9209,Rossiya,2025-05-11,05:43:44,100
U67655,S7 Airlines,2024-01-08,23:45:13,253
WZ805,S7 Airlines,2024-05-21,12:32:38,164
S77693,S7 Airlines,2024-07-25,00:04:14,257
SU4158,S7 Airlines,2024-08-03,05:19:56,7
N44325,Rossiya,2024-11-18,12:35:57,127
DP3855,Ural Airlines,2024-11-02,11:44:42,225
U61729,S7 Airlines,2025-03-23,06:03:30,258
N48291,Red Wings,2025-01-20,19:49:59,64
WZ9432,Rossiya,2025-08-09,17:27:01,64
DP2088,Utair,2024-10-13,23:59:44,165
SU1719,Red Wings,2024-04-21,02:07:23,128
U69661,Nordwind,2025-06-19,10:56:53,3
FV5087,Pobeda,2024-11-19,21:56:32,25
FV1041,Utair,2025-11-27,02:16:41,151
S7897,Ural Airlines,2025-07-06,00:35:58,3
S75586,Pobeda,2025-12-09,10:38:05,89
N49049,Nordwind,2025-02-09,00:18:11,89
WZ8294,Pobeda,2025-03-11,18:41:08,189
UT2907,Pobeda,2024-02-17,10:03:15,150
UT5753,Rossiya,2024-07-07,00:17:11,281
S78890,Utair,2025-04-04,21:28:58,187
WZ7484,Red Wings,2025-04-18,14:12:49,297
UT5606,Nordwind,2024-04-06,10:10:41,117
DP284,Nordwind,2025-05-10,19:05:26,275
U69005,Aeroflot,2025-06-04,10:59:31,17
U64749,Utair,2024-02-03,17:44:35,268
UT7248,S7 Airlines,2024-11-06,02:05:56,209
UT9126,Aeroflot,2024-12-20,03:17:50,254
DP5174,Ural Airlines,2025-02-12,18:42:44,205
U67492,Ural Airlines,2025-08-04,21:15:27,287
N42071,Rossiya,2025-12-19,23:10:55,19
N41056,Aeroflot,2025-06-07,01:34:45,115
SU3993,Rossiya,2024-10-19,16:40:26,255
DP9120,Nordwind,2024-02-11,02:49:49,150
S76081,Aeroflot,2025-06-17,11:41:39,153
N48850,Nordwind,2025-08-03,04:33:10,73
UT6811,Utair,2025-04-14,09:07:53,21
FV2363,Ural Airlines,2025-04-12,17:45:42,157
SU6798,Ural Airlines,2024-05-16,12:28:24,152
SU4787,S7 Airlines,2025-09-02,12:22:45,220
N4479,Pobeda,2024-08-22,07:05:11,221
DP6825,S7 Airlines,2025-05-18,01:40:52,81
S78980,S7 Airlines,2024-01-10,21:29:15,288
DP5201,Nordwind,2025-09-23,14:15:43,269
S74142,Utair,2025-08-17,20:53:34,242
UT3575,Red Wings,2024-05-13,18:21:19,45
FV9712,Utair,2025-06-19,03:34:51,280
FV2261,Red Wings,2024-01-26,21:45:30,122
S7948,Pobeda,2024-08-24,07:17:17,214
WZ8303,Red Wings,2024-07-22,18:15:55,85
U63005,Ural Airlines,2025-12-26,14:33:24,127
U68043,Utair,2024-09-28,19:53:17,285
S76453,Utair,2024-04-09,14:53:43,136
WZ2692,Pobeda,2024-08-20,08:33:11,295
FV7734,Nordwind,2024-09-01,03:10:25,217
FV724,Pobeda,2024-08-12,15:05:49,262
SU6978,Nordwind,2024-12-04,14:24:11,300
FV5389,Rossiya,2024-08-11,05:57:34,173
N47022,Pobeda,2024-01-08,07:50:26,22
SU9857,Ural Airlines,2025-08-18,17:38:27,19
S73335,S7 Airlines,2025-07-23,14:38:30,133
SU8011,S7 Airlines,2025-10-01,00:44:06,72
UT7515,Pobeda,2025-10-01,22:41:22,291
UT2732,Ural Airlines,2025-12-10,06:38:56,93
WZ3524,S7 Airlines,2024-04-08,20:22:35,136
N41291,Red Wings,2025-12-22,07:06:11,71
N42229,Ural Airlines,2025-03-16,04:42:54,239
SU5423,S7 Airlines,2024-10-10,12:52:11,107
N42840,Rossiya,2024-12-25,08:00:13,300
U6524,Utair,2025-07-15,22:16:50,177
UT7230,Utair,2024-12-22,12:54:50,102
U63563,S7 Airlines,2025-07-12,16:11:31,292
SU1062,Ural Airlines,2025-05-09,06:26:22,171
WZ7009,Nordwind,2025-10-18,07:09:35,96
SU249,Red Wings,2025-04-04,11:27:18,280
UT1379,Red Wings,2025-07-15,09:58:12,153
WZ5140,Ural Airlines,2024-05-01,10:30:15,56
DP5256,Pobeda,2024-02-07,10:25:40,199
N41370,Ural Airlines,2024-07-07,07:01:09,94
SU358,Rossiya,2025-09-14,10:56:04,83
FV1125,Pobeda,2025-02-03,15:00:04,139
WZ3514,Rossiya,2025-07-10,23:21:33,47
S75925,Red Wings,2025-10-28,19:52:46,32
N43570,Utair,2024-05-20,01:11:15,110
UT7082,Nordwind,2024-11-18,18:22:28,9
N48974,Red Wings,2024-08-14,17:40:07,161
UT395,Aeroflot,2025-06-18,12:27:43,291
FV7608,Nordwind,2024-06-21,17:32:06,39
SU9856,Nordwind,2024-08-06,07:28:12,230
WZ9321,Rossiya,2024-07-08,19:36:09,131
S76498,Rossiya,2025-01-20,06:12:02,93
WZ1940,Red Wings,2024-11-25,11:27:47,35
UT6661,Aeroflot,2024-05-26,20:23:54,153
DP8772,S7 Airlines,2024-10-22,09:08:38,60
UT4190,Utair,2025-06-10,05:20:42,21
N44231,Ural Airlines,2024-10-07,23:55:23,279
S76302,Ural Airlines,2025-06-02,18:04:40,2
N47999,Pobeda,2024-06-28,01:10:00,263
FV7685,Red Wings,2025-09-04,13:21:29,39
FV9471,Aeroflot,2025-04-07,11:49:57,181
S72391,Aeroflot,2025-01-17,00:29:49,9
S76448,Ural Airlines,2025-04-25,17:51:19,264
FV5968,Utair,2024-11-03,20:23:03,36
UT644,Red Wings,2024-12-07,00:02:06,66
DP2320,Pobeda,2025-01-26,06:46:29,75
U66994,Red Wings,2024-03-08,23:31:42,1
S77999,Rossiya,2025-02-15,03:49:53,104
DP1486,Utair,2025-05-12,01:48:26,116
S7593,Ural Airlines,2025-08-26,09:10:59,150
WZ2401,Nordwind,2024-05-01,09:24:41,168
UT5719,Ural Airlines,2025-08-07,19:24:45,284
SU9609,Utair,2024-03-06,05:07:42,216
S77445,Aeroflot,2025-03-12,15:51:56,249
WZ5609,Utair,2025-04-03,13:54:56,195
DP6152,Nordwind,2025-02-02,23:37:18,153
DP5231,Pobeda,2024-09-28,03:27:25,230
SU5856,Utair,2024-03-23,15:07:13,162
U61071,Nordwind,2024-10-25,23:21:01,15
SU4819,Pobeda,2025-10-23,06:31:40,254
FV461,Utair,2025-03-09,17:33:19,155
U62310,Nordwind,2024-03-02,04:22:06,113
FV1753,Aeroflot,2025-05-05,20:53:59,24
FV3726,Pobeda,2024-09-04,06:40:24,4
S71138,Utair,2024-01-27,23:18:41,67
